#Data tag : 24v2 , Norm tag: composite
+-------------+-------------------+------+------+----------------+---------------+
| run:fill    | time              | nls  | ncms | delivered(/pb) | recorded(/pb) |
+-------------+-------------------+------+------+----------------+---------------+
| 359569:8210 | 09/29/22 14:40:17 | 83   | 83   | 1.334993678    | 1.313403640   |
| 359571:8210 | 09/29/22 15:29:19 | 153  | 153  | 2.405806036    | 2.348456278   |
| 359575:8210 | 09/29/22 16:41:25 | 83   | 83   | 1.285421873    | 1.265173580   |
| 359595:8211 | 09/30/22 00:53:50 | 273  | 273  | 6.373334856    | 6.247711339   |
| 359597:8211 | 09/30/22 02:45:13 | 94   | 94   | 2.159208029    | 2.132121301   |
| 359602:8212 | 09/30/22 05:24:24 | 74   | 74   | 5.897419097    | 5.432577971   |
| 359609:8212 | 09/30/22 08:00:32 | 25   | 25   | 2.045944988    | 1.672407393   |
| 359612:8212 | 09/30/22 08:31:57 | 12   | 12   | 0.947834935    | 0.759440005   |
| 359661:8214 | 09/30/22 14:54:53 | 81   | 81   | 9.547366847    | 9.069424646   |
| 359685:8216 | 09/30/22 22:05:59 | 132  | 132  | 21.002926292   | 20.796878070  |
| 359686:8216 | 09/30/22 23:11:45 | 933  | 933  | 114.426906148  | 113.557034933 |
| 359691:8220 | 10/01/22 10:46:50 | 121  | 121  | 38.273860133   | 36.556873021  |
| 359693:8220 | 10/01/22 12:12:09 | 604  | 604  | 168.139335898  | 162.173072178 |
| 359694:8220 | 10/01/22 16:13:37 | 1080 | 1080 | 220.390093270  | 215.346916789 |
| 359699:8221 | 10/02/22 02:39:50 | 1856 | 1856 | 421.583249536  | 408.576166257 |
| 359718:8222 | 10/02/22 20:52:32 | 366  | 366  | 125.625023083  | 120.624956781 |
| 359750:8223 | 10/03/22 11:38:36 | 135  | 135  | 49.693604695   | 47.973843597  |
| 359751:8223 | 10/03/22 13:00:20 | 992  | 992  | 317.195893475  | 303.847446333 |
| 359762:8225 | 10/03/22 23:15:14 | 223  | 223  | 83.234417161   | 79.604110806  |
| 359763:8225 | 10/04/22 00:48:18 | 458  | 458  | 156.282388884  | 150.338602549 |
| 359764:8225 | 10/04/22 04:05:26 | 1084 | 1084 | 263.611535167  | 254.408218368 |
| 359776:8226 | 10/04/22 13:35:49 | 329  | 329  | 0.211091964    | 0.210229127   |
| 359806:8228 | 10/04/22 22:42:28 | 369  | 369  | 149.807460527  | 143.007536067 |
| 359808:8228 | 10/05/22 01:14:08 | 46   | 46   | 17.719072502   | 16.455101452  |
| 359809:8228 | 10/05/22 01:32:58 | 41   | 41   | 15.437843527   | 14.590044725  |
| 359810:8228 | 10/05/22 01:51:08 | 183  | 183  | 65.291612782   | 61.839284747  |
| 359812:8228 | 10/05/22 03:09:00 | 227  | 227  | 73.786928715   | 70.240582116  |
| 359814:8228 | 10/05/22 04:49:10 | 365  | 365  | 104.174445346  | 100.424722543 |
| 359870:8230 | 10/05/22 19:06:37 | 6    | 6    | 2.414264475    | 2.218061036   |
| 359871:8230 | 10/05/22 19:13:55 | 227  | 227  | 103.547409709  | 97.615976785  |
| 359887:8232 | 10/06/22 05:08:20 | 473  | 473  | 0.313669849    | 0.312441807   |
| 359899:8233 | 10/06/22 10:25:21 | 287  | 287  | 8.334340964    | 7.732093473   |
| 359903:8233 | 10/06/22 12:28:03 | 12   | 12   | 0.315917957    | 0.301667530   |
| 359998:8236 | 10/07/22 16:18:08 | 1891 | 1891 | 597.538944332  | 576.079275505 |
| 360017:8238 | 10/08/22 11:21:48 | 40   | 40   | 12.133141213   | 11.509433397  |
| 360019:8238 | 10/08/22 11:53:37 | 1487 | 1487 | 482.045379157  | 465.418071509 |
| 360075:8245 | 10/09/22 20:41:33 | 758  | 758  | 308.716209627  | 295.413693429 |
| 360090:8245 | 10/10/22 04:20:43 | 794  | 794  | 205.692883114  | 199.082406433 |
| 360116:8247 | 10/10/22 14:09:38 | 356  | 356  | 144.223274846  | 137.741416231 |
| 360125:8247 | 10/10/22 17:43:37 | 188  | 188  | 71.486492105   | 67.838040671  |
| 360126:8247 | 10/10/22 19:01:15 | 370  | 370  | 125.102853650  | 119.669561346 |
| 360127:8247 | 10/10/22 21:26:55 | 201  | 201  | 59.941609646   | 57.739014247  |
| 360128:8247 | 10/10/22 22:46:22 | 163  | 163  | 45.383640468   | 43.967728035  |
| 360130:8247 | 10/11/22 00:51:09 | 5    | 5    | 1.279160176    | 0.861481349   |
| 360131:8247 | 10/11/22 00:56:13 | 377  | 377  | 89.870475622   | 87.303928423  |
| 360141:8248 | 10/11/22 05:31:36 | 750  | 750  | 303.857705385  | 289.749446392 |
| 360224:8253 | 10/12/22 01:08:53 | 217  | 217  | 83.711960204   | 77.493950922  |
| 360225:8253 | 10/12/22 02:42:17 | 356  | 356  | 148.112835676  | 138.027631552 |
| 360295:8260 | 10/13/22 02:45:03 | 1439 | 1439 | 540.039633634  | 516.225455462 |
| 360296:8260 | 10/13/22 12:07:36 | 519  | 519  | 136.027219053  | 131.649125020 |
| 360327:8263 | 10/14/22 00:26:23 | 351  | 351  | 137.844592619  | 131.620403238 |
| 360390:8267 | 10/14/22 20:29:39 | 71   | 71   | 27.213612659   | 26.124683010  |
| 360391:8267 | 10/14/22 21:01:37 | 4    | 4    | 1.716141893    | 1.518743619   |
| 360392:8267 | 10/14/22 21:10:16 | 61   | 61   | 25.356813352   | 23.957241661  |
| 360393:8267 | 10/14/22 21:36:29 | 123  | 123  | 51.921055543   | 48.735391718  |
| 360400:8269 | 10/15/22 02:47:39 | 79   | 79   | 24.828348172   | 23.714825530  |
| 360413:8272 | 10/15/22 09:30:38 | 90   | 90   | 37.295904955   | 35.547348187  |
| 360428:8273 | 10/15/22 13:03:02 | 74   | 74   | 29.381282207   | 27.455929284  |
| 360432:8273 | 10/15/22 13:53:32 | 28   | 28   | 11.865408725   | 11.139026832  |
| 360435:8273 | 10/15/22 14:15:34 | 48   | 48   | 19.968837572   | 18.668999977  |
| 360437:8273 | 10/15/22 14:45:40 | 40   | 40   | 16.873562709   | 16.219057416  |
| 360438:8273 | 10/15/22 15:05:14 | 6    | 6    | 2.509526317    | 2.350540961   |
| 360458:8274 | 10/15/22 20:24:36 | 184  | 184  | 68.130151580   | 64.280677047  |
| 360459:8274 | 10/15/22 21:47:03 | 1339 | 1339 | 476.598842381  | 455.253096094 |
| 360460:8274 | 10/16/22 06:28:58 | 1077 | 1077 | 239.835273840  | 232.248838432 |
| 360486:8276 | 10/16/22 17:01:39 | 278  | 278  | 114.044111256  | 107.828934651 |
| 360490:8276 | 10/16/22 19:58:50 | 1177 | 1177 | 381.801624520  | 364.986921943 |
| 360491:8276 | 10/17/22 03:43:11 | 178  | 178  | 41.566949810   | 39.988163725  |
| 360737:8289 | 10/19/22 10:35:46 | 18   | 18   | 0.864103254    | 0.848257037   |
| 360761:8293 | 10/19/22 15:02:58 | 156  | 156  | 9.208474657    | 9.033219105   |
| 360794:8295 | 10/19/22 23:57:32 | 682  | 682  | 280.832266811  | 265.807247117 |
| 360795:8295 | 10/20/22 04:25:12 | 395  | 395  | 148.347163469  | 142.314078705 |
| 360797:8295 | 10/20/22 10:44:41 | 5    | 5    | 1.364345863    | 1.331782053   |
| 360820:8297 | 10/20/22 13:48:59 | 885  | 885  | 363.540030708  | 345.197319454 |
| 360825:8297 | 10/20/22 20:18:00 | 358  | 358  | 118.869492096  | 113.198387969 |
| 360826:8297 | 10/20/22 22:40:05 | 118  | 118  | 35.489775705   | 33.545050757  |
| 360856:8299 | 10/21/22 11:12:55 | 56   | 56   | 3.141093586    | 3.046684366   |
| 360874:8301 | 10/21/22 16:54:00 | 52   | 52   | 3.118038479    | 3.015739496   |
| 360876:8301 | 10/21/22 17:32:24 | 341  | 341  | 21.504259627   | 20.961668363  |
| 360887:8302 | 10/21/22 22:37:33 | 123  | 123  | 46.018635538   | 42.669328961  |
| 360888:8302 | 10/21/22 23:28:39 | 289  | 289  | 127.508243116  | 121.034559002 |
| 360889:8302 | 10/22/22 01:26:51 | 36   | 36   | 15.806568949   | 8.549120730   |
| 360890:8302 | 10/22/22 01:43:25 | 504  | 504  | 196.489578648  | 188.094872118 |
| 360892:8302 | 10/22/22 05:12:51 | 296  | 296  | 95.857832665   | 92.324484247  |
| 360895:8302 | 10/22/22 07:34:19 | 699  | 699  | 180.284184304  | 175.064016746 |
| 360919:8304 | 10/22/22 16:02:11 | 798  | 798  | 337.998630150  | 320.455647857 |
| 360920:8304 | 10/22/22 21:13:18 | 4    | 4    | 1.597802674    | 1.361330714   |
| 360921:8304 | 10/22/22 21:17:35 | 216  | 216  | 81.492057298   | 77.908087322  |
| 360927:8305 | 10/23/22 01:07:11 | 1893 | 1893 | 685.762382560  | 653.985379457 |
| 360941:8306 | 10/23/22 15:40:28 | 72   | 72   | 26.202596525   | 24.774095560  |
| 360942:8306 | 10/23/22 16:14:08 | 344  | 344  | 148.741878366  | 140.452648296 |
| 360945:8306 | 10/23/22 18:45:57 | 91   | 91   | 39.214998311   | 37.027296785  |
| 360946:8306 | 10/23/22 19:27:46 | 364  | 364  | 147.489584028  | 140.509218219 |
| 360948:8306 | 10/23/22 22:02:16 | 119  | 119  | 42.838873116   | 41.029673773  |
| 360950:8306 | 10/23/22 22:53:44 | 717  | 717  | 217.448486141  | 208.865846573 |
| 360951:8306 | 10/24/22 03:37:03 | 190  | 190  | 45.961027685   | 44.294341486  |
| 360991:8307 | 10/24/22 10:26:00 | 230  | 230  | 27.536143474   | 26.559006355  |
| 360992:8307 | 10/24/22 11:58:16 | 99   | 99   | 10.985449253   | 10.715993399  |
| 361020:8309 | 10/24/22 17:05:24 | 399  | 399  | 26.874136272   | 25.566229308  |
| 361044:8311 | 10/25/22 00:03:59 | 125  | 125  | 48.625967088   | 45.717847656  |
| 361045:8311 | 10/25/22 00:55:10 | 945  | 945  | 393.792985875  | 374.202713090 |
| 361050:8311 | 10/25/22 07:24:54 | 10   | 10   | 3.490902581    | 3.135027841   |
| 361052:8311 | 10/25/22 07:34:36 | 65   | 65   | 21.734933315   | 20.606208965  |
| 361054:8311 | 10/25/22 08:06:43 | 461  | 461  | 136.341685240  | 130.587943049 |
| 361083:8312 | 10/25/22 14:24:52 | 54   | 54   | 7.544231561    | 7.088489971   |
| 361091:8313 | 10/25/22 16:40:42 | 381  | 381  | 50.899230358   | 49.382578979  |
| 361105:8314 | 10/25/22 23:35:51 | 408  | 408  | 147.798786884  | 140.271038200 |
| 361106:8314 | 10/26/22 02:21:10 | 31   | 31   | 11.296438073   | 10.513598917  |
| 361107:8314 | 10/26/22 02:35:30 | 156  | 156  | 57.795900619   | 54.759989069  |
| 361108:8314 | 10/26/22 03:38:10 | 7    | 7    | 2.652651359    | 2.061991960   |
| 361110:8314 | 10/26/22 03:43:42 | 197  | 197  | 68.884368096   | 64.906896085  |
| 361188:8315 | 10/26/22 18:31:47 | 141  | 141  | 60.622642547   | 54.129123947  |
| 361193:8315 | 10/26/22 19:27:43 | 29   | 29   | 12.391055235   | 10.965603148  |
| 361195:8315 | 10/26/22 19:41:33 | 20   | 20   | 8.696332457    | 7.869449788   |
| 361197:8315 | 10/26/22 19:58:35 | 2147 | 2147 | 733.479008971  | 677.599669948 |
| 361223:8316 | 10/27/22 13:21:52 | 695  | 695  | 294.711132074  | 270.603821277 |
| 361239:8317 | 10/27/22 20:30:03 | 1056 | 1056 | 442.140784904  | 420.581331260 |
| 361240:8317 | 10/28/22 03:22:51 | 1015 | 1015 | 300.482565585  | 289.529036329 |
| 361272:8319 | 10/28/22 12:59:35 | 125  | 125  | 52.070028500   | 49.691618188  |
| 361280:8319 | 10/28/22 13:56:59 | 267  | 267  | 115.310631588  | 109.395166086 |
| 361283:8319 | 10/28/22 15:46:07 | 26   | 26   | 11.233001943   | 10.569162797  |
| 361284:8319 | 10/28/22 16:01:19 | 36   | 36   | 15.342109762   | 14.654333325  |
| 361297:8320 | 10/28/22 20:09:25 | 933  | 933  | 396.245979444  | 376.030136770 |
| 361303:8321 | 10/29/22 06:03:41 | 2240 | 2240 | 801.434426102  | 763.467955799 |
| 361318:8322 | 10/29/22 23:24:17 | 457  | 457  | 195.973233323  | 186.720225867 |
| 361319:8322 | 10/30/22 02:23:53 | 162  | 162  | 70.810026840   | 68.127834793  |
| 361320:8322 | 10/30/22 03:42:46 | 382  | 382  | 153.933602761  | 147.433842545 |
| 361333:8324 | 10/30/22 10:06:23 | 302  | 302  | 125.371336250  | 119.553876357 |
| 361361:8327 | 10/31/22 02:35:35 | 46   | 46   | 18.411751558   | 14.922627703  |
| 361362:8327 | 10/31/22 02:56:28 | 31   | 31   | 7.749770253    | 6.330990030   |
| 361363:8327 | 10/31/22 03:10:21 | 27   | 27   | 11.086289850   | 7.933129931   |
| 361365:8327 | 10/31/22 04:28:09 | 489  | 489  | 212.917652280  | 191.586282336 |
| 361366:8327 | 10/31/22 07:40:31 | 201  | 201  | 77.946932855   | 73.492104523  |
| 361400:8330 | 10/31/22 17:20:30 | 456  | 456  | 192.093753316  | 182.377034473 |
| 361417:8331 | 11/01/22 04:24:44 | 1622 | 1622 | 636.157086764  | 608.633064382 |
| 361443:8333 | 11/01/22 18:11:32 | 2274 | 2274 | 803.395127134  | 771.169125037 |
| 361468:8334 | 11/02/22 11:35:09 | 1881 | 1881 | 735.200712492  | 696.631568766 |
| 361475:8335 | 11/03/22 02:17:52 | 1231 | 1231 | 503.624973836  | 480.825669297 |
| 361512:8342 | 11/03/22 20:42:36 | 1537 | 1537 | 600.887504160  | 575.840390887 |
| 361569:8345 | 11/04/22 21:57:59 | 564  | 564  | 237.080691304  | 226.224267927 |
| 361573:8345 | 11/05/22 01:48:33 | 305  | 305  | 127.506069447  | 121.532868840 |
| 361579:8347 | 11/05/22 08:31:22 | 863  | 863  | 361.010029956  | 342.180649077 |
| 361580:8347 | 11/05/22 14:13:00 | 422  | 422  | 146.208965932  | 140.259309220 |
| 361957:8385 | 11/12/22 07:34:53 | 1163 | 1163 | 333.436502973  | 323.771435629 |
| 361971:8387 | 11/12/22 17:51:37 | 2344 | 2344 | 838.504293135  | 804.218591545 |
| 361989:8389 | 11/13/22 14:16:41 | 114  | 114  | 43.820340275   | 41.308701489  |
| 361990:8389 | 11/13/22 15:03:08 | 204  | 204  | 88.003175433   | 84.157252232  |
| 361994:8389 | 11/13/22 16:39:23 | 116  | 116  | 50.341982257   | 47.399398828  |
| 362058:8395 | 11/14/22 16:00:57 | 171  | 171  | 67.178222314   | 61.779812538  |
| 362059:8395 | 11/14/22 17:09:39 | 63   | 63   | 27.062699456   | 25.326722917  |
| 362060:8395 | 11/14/22 17:39:17 | 84   | 84   | 36.658439045   | 35.048335653  |
| 362061:8395 | 11/14/22 18:16:14 | 314  | 314  | 135.800193875  | 127.733369918 |
| 362062:8395 | 11/14/22 20:20:50 | 207  | 207  | 88.545937318   | 83.450957598  |
| 362063:8395 | 11/14/22 21:46:25 | 86   | 86   | 34.246017921   | 32.763130716  |
| 362064:8395 | 11/14/22 23:15:16 | 974  | 974  | 288.387757665  | 278.337820885 |
| 362087:8398 | 11/15/22 12:07:32 | 145  | 145  | 63.964822791   | 60.412713566  |
| 362091:8398 | 11/15/22 13:07:33 | 1418 | 1418 | 520.131210730  | 496.209918317 |
| 362104:8399 | 11/16/22 01:17:50 | 115  | 115  | 43.028023507   | 41.085541656  |
| 362105:8399 | 11/16/22 02:07:18 | 179  | 179  | 76.773989512   | 73.123214338  |
| 362106:8399 | 11/16/22 03:21:10 | 78   | 78   | 33.380821260   | 32.288450590  |
| 362107:8399 | 11/16/22 03:54:57 | 785  | 785  | 329.592029684  | 313.860981976 |
| 362148:8401 | 11/16/22 13:18:54 | 720  | 720  | 303.143002838  | 288.720985059 |
| 362153:8401 | 11/16/22 18:05:40 | 140  | 140  | 60.888530467   | 56.974818595  |
| 362154:8401 | 11/16/22 19:04:32 | 784  | 784  | 276.255421071  | 264.980178781 |
| 362159:8402 | 11/17/22 02:22:26 | 7    | 7    | 1.915148941    | 1.662831834   |
| 362161:8402 | 11/17/22 02:36:51 | 120  | 120  | 51.050558650   | 48.928734690  |
| 362163:8402 | 11/17/22 03:27:43 | 65   | 65   | 27.997266146   | 26.361136833  |
| 362166:8402 | 11/17/22 03:55:09 | 331  | 331  | 142.959132442  | 137.306172785 |
| 362167:8402 | 11/17/22 06:08:33 | 646  | 646  | 266.380907932  | 255.683412606 |
+-------------+-------------------+------+------+----------------+---------------+
#Summary: 
+-------+------+-------+-------+-------------------+------------------+
| nfill | nrun | nls   | ncms  | totdelivered(/pb) | totrecorded(/pb) |
+-------+------+-------+-------+-------------------+------------------+
| 70    | 169  | 73290 | 73290 | 24746.943931852   | 23588.931887825  |
+-------+------+-------+-------+-------------------+------------------+

Warning: problems found in merging -i and --normtag selections:
  in run 359661 [[40, 232]] is not a superset of [[42, 233]]
#Check JSON:
#(run,ls) in json but not in results: [(362617, 2), (362617, 3), (362617, 4), (362617, 5), (362617, 6), (362617, 7), (362617, 8), (362617, 9), (362617, 10), (362617, 11), (362617, 12), (362617, 13), (362617, 14), (362617, 15), (362617, 16), (362617, 17), (362617, 18), (362617, 19), (362617, 20), (362617, 21), (362617, 22), (362617, 23), (362617, 24), (362617, 25), (362617, 26), (362617, 27), (362617, 28), (362617, 29), (362617, 30), (362617, 31), (362617, 32), (362617, 33), (362617, 34), (362617, 35), (362617, 36), (362617, 37), (362617, 38), (362617, 39), (362617, 40), (362617, 41), (362617, 42), (362617, 43), (362617, 44), (362617, 45), (362617, 46), (362617, 47), (362617, 48), (362617, 49), (362617, 50), (362617, 51), (362617, 52), (362617, 53), (362617, 54), (362617, 55), (362617, 56), (362617, 57), (362617, 58), (362617, 59), (362617, 60), (362617, 61), (362617, 62), (362617, 63), (362617, 64), (362617, 65), (362617, 66), (362617, 67), (362617, 68), (362617, 69), (362617, 70), (362617, 71), (362617, 72), (362617, 73), (362617, 74), (362617, 75), (362617, 76), (362617, 77), (362617, 78), (362617, 79), (362617, 80), (362617, 81), (362617, 82), (362617, 83), (362617, 84), (362617, 85), (362617, 86), (362617, 87), (362617, 88), (362617, 89), (362617, 90), (362617, 91), (362617, 92), (362617, 93), (362617, 94), (362617, 95), (362617, 96), (362617, 97), (362617, 98), (362617, 99), (362617, 100), (362617, 101), (362617, 102), (362617, 103), (362617, 104), (362617, 105), (362617, 106), (362617, 107), (362617, 108), (362617, 109), (362617, 110), (362617, 111), (362617, 112), (362617, 113), (362617, 114), (362617, 115), (362617, 116), (362617, 117), (362617, 118), (362617, 119), (362617, 120), (362617, 121), (362617, 122), (362617, 123), (362617, 124), (362617, 125), (362617, 126), (362617, 127), (362617, 128), (362617, 129), (362617, 130), (362617, 131), (362617, 132), (362617, 133), (362617, 134), (362617, 135), (362617, 136), (362617, 137), (362617, 138), (362617, 139), (362617, 140), (362617, 141), (362617, 142), (362617, 143), (362617, 144), (362617, 145), (362617, 146), (362617, 147), (362617, 148), (362617, 149), (362617, 150), (362617, 151), (362617, 152), (362617, 153), (362617, 154), (362617, 155), (362617, 156), (362617, 157), (362617, 158), (362617, 159), (362617, 160), (362617, 161), (362617, 162), (362617, 163), (362617, 164), (362617, 165), (362617, 166), (362617, 167), (362617, 168), (362617, 169), (362617, 170), (362617, 171), (362617, 172), (362617, 173), (362617, 174), (362617, 175), (362617, 176), (362617, 177), (362617, 178), (362617, 179), (362617, 180), (362617, 181), (362617, 182), (362617, 183), (362617, 184), (362617, 185), (362617, 186), (362617, 187), (362617, 188), (362617, 189), (362617, 190), (362617, 191), (362617, 192), (362617, 193), (362617, 194), (362617, 195), (362617, 196), (362617, 197), (362617, 198), (362617, 199), (362617, 200), (362617, 201), (362617, 202), (362617, 203), (362617, 204), (362617, 205), (362617, 206), (362617, 207), (362617, 208), (362617, 209), (362617, 210), (362617, 211), (362617, 212), (362617, 213), (362617, 214), (362617, 215), (362617, 216), (362617, 217), (362617, 218), (362617, 219), (362617, 220), (362617, 221), (362617, 222), (362617, 223), (362617, 224), (362617, 225), (362617, 226), (362617, 227), (362617, 228), (362617, 229), (362617, 230), (362617, 231), (362617, 232), (362617, 233), (362617, 234), (362617, 235), (362617, 236), (362617, 237), (362617, 238), (362617, 239), (362617, 240), (362617, 241), (362617, 242), (362617, 243), (362617, 244), (362618, 1), (362618, 2), (362618, 3), (362618, 4), (362618, 5), (362618, 6), (362618, 7), (362618, 8), (362618, 9), (362618, 10), (362618, 11), (362618, 12), (362618, 13), (362618, 14), (362618, 15), (362618, 16), (362618, 17), (362618, 18), (362618, 19), (362618, 20), (362618, 21), (362618, 22), (362618, 23), (362618, 24), (362618, 25), (362618, 26), (362618, 27), (362618, 28), (362618, 29), (362618, 30), (362618, 31), (362618, 32), (362618, 33), (362618, 34), (362618, 35), (362618, 36), (362618, 37), (362618, 38), (362618, 39), (362618, 40), (362618, 41), (362618, 42), (362618, 43), (362618, 44), (362618, 45), (362618, 46), (362618, 47), (362618, 48), (362618, 49), (362618, 50), (362618, 51), (362618, 52), (362618, 53), (362618, 54), (362618, 55), (362618, 56), (362618, 57), (362618, 58), (362618, 59), (362618, 60), (362618, 61), (362618, 62), (362618, 63), (362618, 64), (362618, 65), (362618, 66), (362618, 67), (362618, 68), (362618, 69), (362618, 70), (362618, 71), (362618, 72), (362618, 73), (362618, 74), (362618, 75), (362618, 76), (362618, 77), (362618, 78), (362618, 79), (362618, 80), (362618, 81), (362618, 82), (362618, 83), (362618, 84), (362618, 85), (362618, 86), (362618, 87), (362618, 88), (362618, 89), (362618, 90), (362618, 91), (362618, 92), (362618, 93), (362618, 94), (362618, 95), (362618, 96), (362618, 97), (362618, 98), (362618, 99), (362618, 100), (362618, 101), (362618, 102), (362618, 103), (362618, 104), (362618, 105), (362618, 106), (362618, 107), (362618, 108), (362618, 109), (362618, 110), (362618, 111), (362618, 112), (362618, 113), (362618, 114), (362618, 115), (362618, 116), (362618, 117), (362618, 118), (362618, 119), (362618, 120), (362618, 121), (362618, 122), (362618, 123), (362618, 124), (362618, 125), (362618, 126), (362618, 127), (362618, 128), (362618, 129), (362618, 130), (362618, 131), (362618, 132), (362618, 133), (362618, 134), (362618, 135), (362618, 136), (362618, 137), (362618, 138), (362618, 139), (362618, 140), (362618, 141), (362618, 142), (362618, 143), (362618, 144), (362618, 145), (362618, 146), (362618, 147), (362618, 148), (362618, 149), (362618, 150), (362618, 151), (362618, 152), (362618, 153), (362618, 154), (362618, 155), (362618, 156), (362618, 157), (362618, 158), (362618, 159), (362618, 160), (362618, 161), (362618, 162), (362618, 163), (362618, 164), (362618, 165), (362618, 166), (362618, 167), (362618, 168), (362618, 169), (362618, 170), (362618, 171), (362618, 172), (362618, 173), (362618, 174), (362618, 175), (362618, 176), (362618, 177), (362618, 178), (362618, 179), (362618, 180), (362618, 181), (362618, 182), (362618, 183), (362618, 184), (362618, 185), (362618, 186), (362618, 187), (362618, 188), (362618, 189), (362618, 190), (362618, 191), (362618, 192), (362618, 193), (362618, 194), (362618, 195), (362618, 196), (362618, 197), (362618, 198), (362618, 199), (362618, 200), (362618, 201), (362618, 202), (362618, 203), (362618, 204), (362618, 205), (362618, 206), (362618, 207), (362618, 208), (362618, 209), (362618, 210), (362618, 211), (362618, 212), (362618, 213), (362618, 214), (362618, 215), (362618, 216), (362618, 217), (362618, 218), (362618, 219), (362618, 220), (362618, 221), (362618, 222), (362618, 223), (362618, 224), (362618, 225), (362618, 226), (362618, 227), (362618, 228), (362618, 229), (362618, 230), (362618, 231), (362618, 232), (362618, 233), (362618, 234), (362618, 235), (362618, 236), (362618, 237), (362618, 238), (362618, 239), (362618, 240), (362618, 241), (362618, 242), (362618, 243), (362618, 244), (362618, 245), (362618, 246), (362618, 247), (362618, 248), (362618, 249), (362618, 250), (362618, 251), (362618, 252), (362618, 253), (362618, 254), (362618, 255), (362618, 256), (362618, 257), (362618, 258), (362618, 259), (362618, 260), (362618, 261), (362618, 262), (362618, 263), (362618, 264), (362618, 265), (362618, 266), (362618, 267), (362618, 268), (362618, 269), (362618, 270), (362618, 271), (362618, 272), (362618, 273), (362618, 274), (362653, 40), (362653, 41), (362653, 42), (362653, 43), (362653, 44), (362653, 45), (362653, 46), (362653, 47), (362653, 48), (362653, 49), (362653, 50), (362653, 51), (362653, 52), (362653, 53), (362653, 54), (362653, 55), (362653, 56), (362653, 57), (362653, 58), (362653, 59), (362653, 60), (362653, 61), (362653, 62), (362653, 63), (362653, 64), (362653, 65), (362653, 66), (362653, 67), (362653, 68), (362653, 69), (362653, 70), (362653, 71), (362653, 72), (362653, 73), (362653, 74), (362653, 75), (362653, 76), (362653, 77), (362653, 78), (362653, 79), (362653, 80), (362653, 81), (362653, 82), (362653, 83), (362653, 84), (362653, 85), (362653, 86), (362653, 87), (362653, 88), (362653, 89), (362653, 90), (362653, 91), (362653, 92), (362653, 93), (362653, 94), (362653, 95), (362653, 96), (362653, 97), (362653, 98), (362653, 99), (362653, 100), (362653, 101), (362653, 102), (362653, 103), (362653, 104), (362653, 105), (362653, 106), (362653, 107), (362653, 108), (362653, 109), (362653, 110), (362653, 111), (362653, 112), (362653, 113), (362653, 114), (362653, 115), (362653, 116), (362653, 117), (362653, 118), (362653, 119), (362653, 120), (362653, 121), (362653, 122), (362653, 123), (362653, 124), (362653, 125), (362653, 126), (362653, 127), (362653, 128), (362653, 129), (362653, 130), (362653, 131), (362653, 132), (362653, 133), (362653, 134), (362653, 135), (362653, 136), (362653, 137), (362653, 138), (362653, 139), (362653, 140), (362653, 141), (362653, 142), (362653, 143), (362653, 144), (362653, 145), (362653, 146), (362653, 147), (362653, 148), (362653, 149), (362653, 150), (362653, 151), (362653, 152), (362653, 153), (362653, 154), (362653, 155), (362653, 156), (362653, 157), (362653, 158), (362653, 159), (362653, 160), (362653, 161), (362653, 162), (362653, 163), (362653, 164), (362653, 165), (362653, 166), (362653, 167), (362653, 168), (362653, 169), (362653, 170), (362653, 171), (362653, 172), (362653, 173), (362653, 174), (362653, 175), (362653, 176), (362653, 177), (362653, 178), (362653, 179), (362653, 180), (362653, 181), (362653, 182), (362653, 183), (362653, 184), (362653, 185), (362653, 186), (362653, 187), (362653, 188), (362653, 189), (362653, 190), (362653, 191), (362653, 192), (362653, 193), (362653, 194), (362653, 195), (362653, 196), (362653, 197), (362653, 198), (362653, 199), (362653, 200), (362653, 201), (362653, 202), (362653, 203), (362653, 204), (362653, 205), (362653, 206), (362653, 207), (362653, 208), (362653, 209), (362653, 210), (362653, 211), (362653, 212), (362653, 213), (362653, 214), (362653, 215), (362653, 216), (362653, 217), (362653, 218), (362653, 219), (362653, 220), (362653, 221), (362653, 222), (362653, 223), (362653, 224), (362653, 225), (362653, 226), (362653, 227), (362653, 228), (362653, 229), (362653, 230), (362653, 231), (362653, 232), (362653, 233), (362653, 234), (362653, 235), (362653, 236), (362653, 237), (362653, 238), (362653, 239), (362653, 240), (362653, 241), (362653, 242), (362653, 243), (362653, 244), (362653, 245), (362653, 246), (362653, 247), (362653, 248), (362653, 249), (362653, 250), (362653, 251), (362653, 252), (362653, 253), (362653, 254), (362653, 255), (362653, 256), (362653, 257), (362653, 258), (362653, 259), (362653, 260), (362653, 261), (362653, 262), (362653, 263), (362653, 264), (362653, 265), (362653, 266), (362653, 267), (362653, 268), (362653, 269), (362653, 270), (362653, 271), (362653, 272), (362653, 273), (362653, 274), (362653, 275), (362653, 276), (362653, 277), (362653, 278), (362653, 279), (362653, 280), (362653, 281), (362653, 282), (362653, 283), (362653, 284), (362653, 285), (362653, 286), (362653, 287), (362653, 288), (362653, 289), (362653, 290), (362653, 291), (362653, 292), (362653, 293), (362653, 294), (362653, 295), (362653, 296), (362653, 297), (362653, 298), (362653, 299), (362653, 300), (362653, 301), (362653, 302), (362653, 303), (362653, 304), (362653, 305), (362654, 1), (362654, 2), (362654, 3), (362654, 4), (362654, 5), (362654, 6), (362654, 7), (362654, 8), (362654, 9), (362654, 10), (362654, 11), (362654, 12), (362654, 13), (362654, 14), (362654, 15), (362654, 16), (362654, 17), (362654, 18), (362654, 19), (362654, 20), (362654, 21), (362654, 22), (362654, 23), (362654, 24), (362654, 25), (362654, 26), (362655, 1), (362655, 2), (362655, 3), (362655, 4), (362655, 5), (362655, 6), (362655, 7), (362655, 8), (362655, 9), (362655, 10), (362655, 11), (362655, 12), (362655, 13), (362655, 14), (362655, 15), (362655, 16), (362655, 17), (362655, 18), (362655, 19), (362655, 20), (362655, 21), (362655, 22), (362655, 23), (362655, 24), (362655, 25), (362655, 26), (362655, 27), (362655, 28), (362655, 29), (362655, 30), (362655, 31), (362655, 32), (362655, 33), (362655, 34), (362655, 35), (362655, 36), (362655, 37), (362655, 38), (362655, 39), (362655, 40), (362655, 41), (362655, 42), (362655, 43), (362655, 44), (362655, 45), (362655, 46), (362655, 47), (362655, 48), (362655, 49), (362655, 50), (362655, 51), (362655, 52), (362655, 53), (362655, 54), (362655, 55), (362655, 56), (362655, 57), (362655, 58), (362655, 59), (362655, 60), (362655, 61), (362655, 62), (362655, 63), (362655, 64), (362655, 65), (362655, 66), (362655, 67), (362655, 68), (362655, 69), (362655, 70), (362655, 71), (362655, 72), (362655, 73), (362655, 74), (362655, 75), (362655, 76), (362655, 77), (362655, 78), (362655, 79), (362655, 80), (362655, 81), (362655, 82), (362655, 83), (362655, 84), (362655, 85), (362655, 86), (362655, 87), (362655, 88), (362655, 89), (362655, 90), (362655, 91), (362655, 92), (362655, 93), (362655, 94), (362655, 95), (362655, 96), (362655, 97), (362655, 98), (362655, 99), (362655, 100), (362655, 101), (362655, 102), (362655, 103), (362655, 104), (362655, 105), (362655, 106), (362655, 107), (362655, 108), (362655, 109), (362655, 110), (362655, 111), (362655, 112), (362655, 113), (362655, 114), (362655, 115), (362655, 116), (362655, 117), (362655, 118), (362655, 119), (362655, 120), (362655, 121), (362655, 122), (362655, 123), (362655, 124), (362655, 125), (362655, 126), (362655, 127), (362655, 128), (362655, 129), (362655, 130), (362655, 131), (362655, 132), (362655, 133), (362655, 134), (362655, 135), (362655, 136), (362655, 137), (362655, 138), (362655, 139), (362655, 140), (362655, 143), (362655, 144), (362655, 148), (362655, 149), (362655, 150), (362655, 151), (362655, 152), (362655, 153), (362655, 154), (362655, 155), (362655, 156), (362655, 157), (362655, 158), (362655, 159), (362655, 160), (362655, 161), (362655, 162), (362655, 163), (362655, 164), (362655, 165), (362655, 166), (362655, 167), (362655, 168), (362655, 169), (362655, 170), (362655, 171), (362655, 172), (362655, 173), (362655, 174), (362655, 175), (362655, 176), (362655, 177), (362655, 178), (362655, 179), (362655, 180), (362655, 181), (362655, 182), (362655, 183), (362655, 184), (362655, 185), (362655, 186), (362655, 187), (362655, 188), (362655, 189), (362655, 190), (362655, 191), (362655, 192), (362655, 193), (362655, 194), (362655, 195), (362655, 196), (362655, 197), (362655, 198), (362655, 199), (362655, 200), (362655, 201), (362655, 202), (362655, 203), (362655, 204), (362655, 205), (362655, 206), (362655, 207), (362655, 208), (362655, 209), (362655, 210), (362655, 211), (362655, 212), (362655, 213), (362655, 214), (362655, 215), (362655, 216), (362655, 217), (362655, 218), (362655, 219), (362655, 220), (362655, 221), (362655, 222), (362655, 223), (362655, 224), (362655, 225), (362655, 226), (362655, 227), (362655, 228), (362655, 229), (362655, 230), (362655, 231), (362655, 232), (362655, 233), (362655, 234), (362655, 235), (362655, 236), (362655, 237), (362655, 238), (362655, 239), (362655, 240), (362655, 241), (362655, 242), (362655, 243), (362655, 244), (362655, 245), (362655, 246), (362655, 247), (362655, 248), (362655, 249), (362655, 250), (362655, 251), (362655, 252), (362655, 253), (362655, 254), (362655, 255), (362655, 256), (362655, 257), (362655, 258), (362655, 259), (362655, 260), (362655, 261), (362655, 262), (362655, 263), (362655, 264), (362655, 265), (362655, 266), (362655, 267), (362655, 268), (362655, 269), (362655, 270), (362655, 271), (362655, 272), (362655, 273), (362655, 274), (362655, 275), (362655, 276), (362655, 277), (362655, 278), (362655, 279), (362655, 280), (362655, 281), (362655, 282), (362655, 283), (362655, 284), (362655, 285), (362655, 286), (362655, 287), (362655, 288), (362655, 289), (362655, 290), (362655, 291), (362655, 292), (362655, 293), (362655, 294), (362655, 295), (362655, 296), (362655, 297), (362655, 298), (362655, 299), (362655, 300), (362655, 301), (362655, 302), (362655, 303), (362655, 304), (362655, 305), (362655, 306), (362655, 307), (362655, 308), (362655, 309), (362655, 310), (362655, 311), (362655, 312), (362655, 313), (362655, 314), (362655, 315), (362655, 316), (362655, 317), (362655, 318), (362655, 319), (362655, 320), (362655, 321), (362655, 322), (362655, 323), (362655, 324), (362655, 325), (362655, 326), (362655, 327), (362655, 328), (362655, 329), (362655, 330), (362655, 331), (362655, 332), (362655, 333), (362655, 334), (362655, 335), (362655, 336), (362655, 337), (362655, 338), (362657, 1), (362657, 2), (362657, 3), (362657, 4), (362657, 5), (362657, 6), (362657, 7), (362657, 8), (362657, 9), (362657, 10), (362657, 11), (362657, 12), (362657, 13), (362657, 14), (362657, 15), (362657, 16), (362657, 17), (362657, 18), (362657, 19), (362657, 20), (362657, 21), (362657, 22), (362657, 23), (362657, 24), (362657, 25), (362657, 26), (362657, 27), (362657, 28), (362657, 29), (362657, 30), (362657, 31), (362657, 32), (362657, 33), (362657, 34), (362657, 35), (362657, 36), (362657, 37), (362657, 38), (362657, 39), (362657, 40), (362657, 41), (362657, 42), (362657, 43), (362657, 44), (362657, 45), (362657, 46), (362657, 47), (362657, 48), (362657, 49), (362657, 50), (362657, 51), (362657, 52), (362657, 53), (362657, 54), (362657, 55), (362657, 56), (362657, 57), (362657, 58), (362657, 59), (362657, 60), (362657, 61), (362657, 62), (362657, 63), (362657, 64), (362657, 65), (362657, 66), (362657, 67), (362657, 68), (362657, 69), (362657, 70), (362657, 71), (362657, 72), (362657, 73), (362657, 74), (362657, 75), (362657, 76), (362657, 77), (362657, 78), (362657, 79), (362657, 80), (362657, 81), (362657, 82), (362657, 83), (362657, 84), (362657, 85), (362657, 86), (362657, 87), (362657, 88), (362657, 89), (362657, 90), (362657, 91), (362657, 92), (362657, 93), (362657, 94), (362657, 95), (362657, 96), (362657, 97), (362657, 98), (362657, 99), (362657, 100), (362657, 101), (362657, 102), (362657, 103), (362657, 104), (362657, 105), (362657, 106), (362657, 107), (362657, 108), (362657, 109), (362657, 110), (362657, 111), (362657, 112), (362657, 113), (362657, 114), (362657, 115), (362657, 116), (362657, 117), (362657, 118), (362657, 119), (362657, 120), (362657, 121), (362657, 122), (362657, 123), (362657, 124), (362657, 125), (362657, 126), (362657, 127), (362657, 128), (362657, 129), (362657, 130), (362657, 131), (362657, 132), (362657, 133), (362657, 134), (362657, 135), (362657, 136), (362657, 137), (362657, 138), (362657, 139), (362657, 140), (362657, 141), (362657, 142), (362657, 143), (362657, 144), (362657, 145), (362657, 146), (362657, 147), (362657, 148), (362657, 149), (362657, 150), (362657, 151), (362657, 152), (362657, 153), (362657, 154), (362657, 155), (362657, 156), (362657, 157), (362657, 158), (362657, 159), (362657, 160), (362657, 161), (362657, 162), (362657, 163), (362657, 164), (362657, 165), (362657, 166), (362657, 167), (362657, 168), (362657, 169), (362657, 170), (362657, 171), (362657, 172), (362657, 173), (362657, 174), (362657, 175), (362657, 176), (362657, 177), (362657, 178), (362657, 179), (362657, 180), (362657, 181), (362657, 182), (362657, 183), (362657, 184), (362657, 185), (362657, 186), (362657, 187), (362657, 188), (362657, 189), (362657, 190), (362657, 191), (362657, 192), (362657, 193), (362657, 194), (362657, 195), (362657, 196), (362657, 197), (362657, 198), (362695, 39), (362695, 40), (362695, 41), (362695, 42), (362695, 43), (362695, 44), (362695, 45), (362695, 46), (362695, 47), (362695, 48), (362695, 49), (362695, 50), (362695, 51), (362695, 52), (362695, 53), (362695, 54), (362695, 55), (362695, 56), (362695, 57), (362695, 58), (362695, 59), (362695, 60), (362695, 61), (362695, 62), (362695, 63), (362695, 64), (362695, 65), (362695, 66), (362695, 67), (362695, 68), (362695, 69), (362695, 70), (362695, 71), (362695, 72), (362695, 73), (362695, 74), (362695, 75), (362695, 76), (362695, 77), (362695, 78), (362695, 79), (362695, 80), (362695, 81), (362695, 82), (362695, 83), (362695, 84), (362695, 85), (362695, 86), (362695, 87), (362695, 88), (362695, 89), (362695, 90), (362695, 91), (362695, 92), (362695, 93), (362695, 94), (362695, 95), (362695, 96), (362695, 97), (362695, 98), (362695, 99), (362695, 100), (362695, 101), (362695, 102), (362695, 103), (362695, 104), (362695, 105), (362695, 106), (362695, 107), (362695, 108), (362695, 109), (362695, 110), (362695, 111), (362695, 112), (362695, 113), (362695, 114), (362695, 115), (362695, 116), (362695, 117), (362695, 118), (362695, 119), (362695, 120), (362695, 121), (362695, 122), (362695, 123), (362695, 124), (362695, 125), (362695, 126), (362695, 127), (362695, 128), (362695, 129), (362695, 130), (362695, 131), (362695, 132), (362695, 133), (362695, 134), (362695, 135), (362695, 136), (362695, 137), (362695, 138), (362695, 139), (362695, 140), (362695, 141), (362695, 142), (362695, 143), (362695, 144), (362695, 145), (362695, 146), (362695, 147), (362695, 148), (362695, 149), (362695, 150), (362695, 151), (362695, 152), (362695, 153), (362695, 154), (362695, 155), (362695, 156), (362695, 157), (362695, 158), (362695, 159), (362695, 160), (362695, 161), (362695, 162), (362695, 163), (362695, 164), (362695, 165), (362695, 166), (362695, 167), (362695, 168), (362695, 169), (362695, 170), (362695, 171), (362695, 172), (362695, 173), (362695, 174), (362695, 175), (362695, 176), (362695, 177), (362695, 178), (362695, 179), (362695, 180), (362695, 181), (362695, 182), (362695, 183), (362695, 184), (362695, 185), (362695, 186), (362695, 187), (362695, 188), (362695, 189), (362695, 190), (362695, 191), (362695, 192), (362695, 193), (362695, 194), (362695, 195), (362695, 196), (362695, 197), (362695, 198), (362695, 199), (362695, 200), (362695, 201), (362695, 202), (362695, 203), (362695, 204), (362695, 205), (362695, 206), (362695, 207), (362695, 208), (362695, 209), (362695, 210), (362695, 211), (362695, 212), (362695, 213), (362695, 214), (362695, 215), (362695, 216), (362695, 217), (362695, 218), (362695, 219), (362695, 220), (362695, 221), (362695, 222), (362695, 223), (362695, 224), (362695, 225), (362695, 226), (362695, 227), (362695, 228), (362695, 229), (362695, 230), (362695, 231), (362695, 232), (362695, 233), (362695, 234), (362695, 235), (362695, 236), (362695, 237), (362695, 238), (362695, 239), (362695, 240), (362695, 241), (362695, 242), (362695, 243), (362695, 244), (362695, 245), (362695, 246), (362695, 247), (362695, 248), (362695, 249), (362695, 250), (362695, 251), (362695, 252), (362695, 253), (362695, 254), (362695, 255), (362695, 256), (362695, 257), (362695, 258), (362695, 259), (362695, 260), (362695, 261), (362695, 262), (362695, 263), (362695, 264), (362695, 265), (362695, 266), (362695, 267), (362695, 268), (362695, 269), (362695, 270), (362695, 271), (362695, 272), (362695, 273), (362695, 274), (362695, 275), (362695, 276), (362695, 277), (362695, 278), (362695, 279), (362695, 280), (362695, 281), (362695, 282), (362695, 283), (362695, 284), (362695, 285), (362695, 286), (362695, 287), (362695, 288), (362695, 289), (362695, 290), (362695, 291), (362695, 292), (362695, 293), (362695, 294), (362695, 295), (362695, 296), (362695, 297), (362695, 298), (362695, 299), (362695, 300), (362695, 301), (362695, 302), (362695, 303), (362695, 304), (362695, 305), (362695, 306), (362695, 307), (362695, 308), (362695, 309), (362695, 310), (362695, 311), (362695, 312), (362695, 313), (362695, 314), (362695, 315), (362695, 316), (362695, 317), (362695, 318), (362695, 319), (362695, 320), (362695, 321), (362695, 322), (362695, 323), (362695, 324), (362695, 325), (362695, 326), (362695, 327), (362695, 328), (362695, 329), (362695, 330), (362695, 331), (362695, 332), (362695, 333), (362695, 334), (362695, 335), (362695, 336), (362695, 337), (362695, 338), (362695, 339), (362695, 340), (362695, 341), (362695, 342), (362695, 343), (362695, 344), (362695, 345), (362695, 346), (362695, 347), (362695, 348), (362695, 349), (362695, 350), (362695, 351), (362695, 352), (362695, 353), (362695, 354), (362695, 355), (362695, 356), (362695, 357), (362695, 358), (362695, 359), (362695, 360), (362695, 361), (362695, 362), (362695, 363), (362695, 364), (362695, 365), (362695, 366), (362695, 367), (362695, 368), (362695, 369), (362695, 370), (362695, 371), (362695, 372), (362696, 1), (362696, 2), (362696, 3), (362696, 4), (362696, 5), (362696, 6), (362696, 7), (362696, 8), (362696, 9), (362696, 10), (362696, 11), (362696, 12), (362696, 13), (362696, 14), (362696, 15), (362696, 16), (362696, 17), (362696, 18), (362696, 19), (362696, 20), (362696, 21), (362696, 22), (362696, 23), (362696, 24), (362696, 25), (362696, 26), (362696, 27), (362696, 28), (362696, 29), (362696, 30), (362696, 31), (362696, 32), (362696, 33), (362696, 34), (362696, 35), (362696, 36), (362696, 37), (362696, 38), (362696, 39), (362696, 40), (362696, 41), (362696, 42), (362696, 43), (362696, 44), (362696, 45), (362696, 46), (362696, 47), (362696, 48), (362696, 49), (362696, 50), (362696, 51), (362696, 52), (362696, 53), (362696, 54), (362696, 55), (362696, 56), (362696, 57), (362696, 58), (362696, 59), (362696, 60), (362696, 61), (362696, 62), (362696, 63), (362696, 64), (362696, 65), (362696, 66), (362696, 67), (362696, 68), (362696, 69), (362696, 70), (362696, 71), (362696, 72), (362696, 73), (362696, 74), (362696, 75), (362696, 76), (362696, 77), (362696, 78), (362696, 79), (362696, 80), (362696, 81), (362696, 82), (362696, 83), (362696, 84), (362696, 85), (362696, 86), (362696, 87), (362696, 88), (362696, 89), (362696, 90), (362696, 91), (362696, 92), (362696, 93), (362696, 94), (362696, 95), (362696, 96), (362696, 97), (362696, 98), (362696, 99), (362696, 100), (362696, 101), (362696, 102), (362696, 103), (362696, 104), (362696, 105), (362696, 106), (362696, 107), (362696, 108), (362696, 109), (362696, 110), (362696, 111), (362696, 112), (362696, 113), (362696, 114), (362696, 115), (362696, 116), (362696, 117), (362696, 118), (362696, 119), (362696, 120), (362696, 121), (362696, 122), (362696, 123), (362696, 124), (362696, 125), (362696, 126), (362696, 127), (362696, 128), (362696, 129), (362696, 130), (362696, 131), (362696, 132), (362696, 133), (362696, 134), (362696, 135), (362696, 136), (362696, 137), (362696, 138), (362696, 139), (362696, 140), (362696, 141), (362696, 142), (362696, 143), (362696, 144), (362696, 145), (362696, 146), (362696, 147), (362696, 148), (362696, 149), (362696, 150), (362696, 151), (362696, 152), (362696, 153), (362696, 154), (362696, 155), (362696, 156), (362696, 157), (362696, 158), (362696, 159), (362696, 160), (362696, 161), (362696, 162), (362696, 163), (362696, 164), (362696, 165), (362696, 166), (362696, 167), (362696, 168), (362696, 169), (362696, 170), (362696, 171), (362696, 172), (362696, 173), (362696, 174), (362696, 175), (362696, 176), (362696, 177), (362696, 178), (362696, 179), (362696, 180), (362696, 181), (362696, 182), (362696, 183), (362696, 184), (362696, 185), (362696, 186), (362696, 187), (362696, 188), (362696, 189), (362696, 190), (362696, 191), (362696, 192), (362696, 193), (362696, 194), (362696, 195), (362696, 196), (362696, 197), (362696, 198), (362696, 199), (362696, 200), (362696, 201), (362696, 202), (362696, 203), (362696, 204), (362696, 205), (362696, 206), (362696, 207), (362696, 208), (362696, 209), (362696, 210), (362696, 211), (362696, 212), (362696, 213), (362696, 214), (362696, 215), (362696, 216), (362696, 217), (362696, 218), (362696, 219), (362696, 220), (362696, 221), (362696, 222), (362696, 223), (362696, 224), (362696, 225), (362696, 226), (362696, 227), (362696, 228), (362696, 229), (362696, 230), (362696, 231), (362696, 232), (362696, 233), (362696, 234), (362696, 235), (362696, 236), (362696, 237), (362696, 238), (362696, 239), (362696, 240), (362696, 241), (362696, 242), (362696, 243), (362696, 244), (362696, 245), (362696, 246), (362696, 247), (362696, 248), (362696, 249), (362696, 250), (362696, 251), (362696, 252), (362696, 253), (362696, 254), (362696, 255), (362696, 256), (362696, 257), (362696, 258), (362696, 259), (362696, 260), (362696, 261), (362696, 262), (362696, 263), (362696, 264), (362696, 265), (362696, 266), (362696, 267), (362696, 268), (362696, 269), (362696, 270), (362696, 271), (362696, 272), (362696, 273), (362696, 274), (362696, 275), (362696, 276), (362696, 277), (362696, 278), (362696, 279), (362696, 280), (362696, 281), (362696, 282), (362696, 283), (362696, 284), (362696, 285), (362696, 286), (362696, 287), (362696, 288), (362696, 289), (362696, 290), (362696, 291), (362696, 292), (362696, 293), (362696, 294), (362696, 295), (362696, 296), (362696, 297), (362696, 298), (362696, 299), (362696, 300), (362696, 301), (362696, 302), (362696, 303), (362696, 304), (362696, 305), (362696, 306), (362696, 307), (362696, 308), (362696, 309), (362696, 310), (362696, 311), (362696, 312), (362696, 313), (362696, 314), (362696, 315), (362696, 316), (362696, 317), (362696, 318), (362696, 319), (362696, 320), (362696, 321), (362696, 322), (362696, 323), (362696, 324), (362696, 325), (362696, 326), (362696, 327), (362696, 328), (362696, 329), (362696, 330), (362696, 331), (362696, 332), (362696, 333), (362696, 334), (362696, 335), (362696, 336), (362696, 337), (362696, 338), (362696, 339), (362696, 340), (362696, 341), (362696, 342), (362696, 343), (362696, 344), (362696, 345), (362696, 346), (362696, 347), (362696, 348), (362696, 349), (362696, 350), (362696, 351), (362696, 352), (362696, 353), (362696, 354), (362696, 355), (362696, 356), (362696, 357), (362696, 358), (362696, 359), (362696, 360), (362696, 361), (362696, 362), (362696, 363), (362696, 364), (362696, 365), (362696, 366), (362696, 367), (362696, 368), (362696, 369), (362696, 370), (362696, 371), (362696, 372), (362696, 373), (362696, 374), (362696, 375), (362696, 376), (362696, 377), (362696, 378), (362696, 379), (362696, 380), (362696, 381), (362696, 382), (362696, 383), (362696, 384), (362696, 385), (362696, 386), (362696, 387), (362696, 388), (362696, 389), (362696, 390), (362696, 391), (362696, 392), (362696, 393), (362696, 394), (362696, 395), (362696, 396), (362696, 397), (362696, 398), (362696, 399), (362696, 400), (362696, 401), (362696, 402), (362696, 403), (362696, 404), (362696, 405), (362696, 406), (362696, 407), (362696, 408), (362696, 409), (362696, 410), (362696, 411), (362696, 412), (362696, 413), (362696, 414), (362696, 415), (362696, 416), (362696, 417), (362696, 418), (362696, 419), (362696, 420), (362696, 421), (362696, 422), (362696, 423), (362696, 424), (362696, 425), (362696, 426), (362696, 427), (362696, 428), (362696, 429), (362696, 430), (362696, 431), (362696, 432), (362696, 433), (362696, 434), (362696, 435), (362696, 436), (362696, 437), (362696, 438), (362696, 439), (362696, 440), (362696, 441), (362696, 442), (362696, 443), (362696, 444), (362696, 445), (362696, 446), (362696, 447), (362696, 448), (362696, 449), (362696, 450), (362696, 451), (362696, 452), (362696, 453), (362696, 454), (362696, 455), (362696, 456), (362696, 457), (362696, 458), (362696, 459), (362696, 460), (362696, 461), (362696, 462), (362696, 463), (362696, 464), (362696, 465), (362696, 466), (362696, 467), (362696, 468), (362696, 469), (362696, 470), (362696, 471), (362696, 472), (362696, 473), (362696, 474), (362696, 475), (362696, 476), (362696, 477), (362696, 478), (362696, 479), (362696, 480), (362696, 481), (362696, 482), (362696, 483), (362696, 484), (362696, 485), (362696, 486), (362696, 487), (362696, 488), (362696, 489), (362696, 490), (362696, 491), (362696, 492), (362696, 493), (362696, 494), (362696, 495), (362696, 496), (362696, 497), (362696, 498), (362696, 499), (362696, 500), (362696, 501), (362696, 502), (362696, 503), (362696, 504), (362696, 505), (362696, 506), (362696, 507), (362696, 508), (362696, 509), (362696, 510), (362696, 511), (362696, 512), (362696, 513), (362696, 514), (362696, 515), (362696, 516), (362696, 517), (362696, 518), (362696, 519), (362696, 520), (362696, 521), (362696, 522), (362696, 523), (362696, 524), (362696, 525), (362696, 526), (362696, 527), (362696, 528), (362696, 529), (362696, 530), (362696, 531), (362696, 532), (362696, 533), (362696, 534), (362696, 535), (362696, 536), (362696, 537), (362696, 538), (362696, 539), (362696, 540), (362696, 541), (362696, 542), (362696, 543), (362696, 544), (362696, 545), (362696, 546), (362696, 547), (362696, 548), (362696, 549), (362696, 550), (362696, 551), (362696, 552), (362696, 553), (362696, 554), (362696, 555), (362696, 556), (362696, 557), (362696, 558), (362696, 559), (362696, 560), (362696, 561), (362696, 562), (362696, 563), (362696, 564), (362696, 565), (362696, 566), (362696, 567), (362696, 568), (362696, 569), (362696, 570), (362696, 571), (362696, 572), (362696, 573), (362696, 574), (362696, 575), (362696, 576), (362696, 577), (362696, 578), (362696, 579), (362696, 580), (362696, 581), (362696, 582), (362696, 583), (362696, 584), (362696, 585), (362696, 586), (362696, 587), (362696, 588), (362696, 589), (362696, 590), (362696, 591), (362696, 592), (362696, 593), (362696, 594), (362696, 595), (362696, 596), (362696, 597), (362696, 598), (362696, 599), (362696, 600), (362696, 601), (362696, 602), (362696, 603), (362696, 604), (362696, 605), (362696, 606), (362696, 607), (362696, 608), (362696, 609), (362696, 610), (362696, 611), (362696, 612), (362696, 613), (362696, 614), (362696, 615), (362696, 616), (362696, 617), (362696, 618), (362696, 619), (362696, 620), (362696, 621), (362696, 622), (362696, 623), (362696, 624), (362696, 625), (362696, 626), (362696, 627), (362696, 628), (362696, 629), (362696, 630), (362696, 631), (362696, 632), (362696, 633), (362696, 634), (362696, 635), (362696, 636), (362696, 637), (362696, 638), (362696, 639), (362696, 640), (362696, 641), (362696, 642), (362696, 643), (362696, 644), (362696, 645), (362696, 646), (362696, 647), (362696, 648), (362696, 649), (362696, 650), (362696, 651), (362696, 652), (362696, 653), (362696, 654), (362696, 655), (362696, 656), (362696, 657), (362696, 658), (362696, 659), (362696, 660), (362696, 661), (362696, 662), (362696, 663), (362696, 664), (362696, 665), (362696, 666), (362696, 667), (362696, 668), (362696, 669), (362696, 670), (362696, 671), (362696, 672), (362696, 673), (362696, 674), (362696, 675), (362696, 676), (362696, 677), (362696, 678), (362696, 679), (362696, 680), (362696, 681), (362696, 682), (362696, 683), (362696, 684), (362696, 685), (362696, 686), (362696, 687), (362696, 688), (362696, 689), (362696, 690), (362696, 691), (362696, 692), (362696, 693), (362696, 694), (362696, 695), (362696, 696), (362696, 697), (362696, 698), (362696, 699), (362696, 700), (362696, 701), (362696, 702), (362696, 703), (362696, 704), (362696, 705), (362696, 706), (362696, 707), (362696, 708), (362696, 709), (362696, 710), (362696, 711), (362696, 712), (362696, 713), (362696, 714), (362696, 715), (362696, 716), (362696, 717), (362696, 718), (362696, 719), (362696, 720), (362696, 721), (362696, 722), (362696, 723), (362696, 724), (362696, 725), (362696, 726), (362696, 727), (362696, 728), (362696, 729), (362696, 730), (362696, 731), (362696, 732), (362696, 733), (362696, 734), (362696, 735), (362696, 736), (362696, 737), (362696, 738), (362696, 739), (362696, 740), (362696, 741), (362696, 742), (362696, 743), (362696, 744), (362696, 745), (362696, 746), (362696, 747), (362696, 748), (362696, 749), (362696, 750), (362696, 751), (362696, 752), (362696, 753), (362696, 754), (362696, 755), (362696, 756), (362696, 757), (362696, 758), (362696, 759), (362696, 760), (362696, 761), (362696, 762), (362696, 763), (362696, 764), (362696, 765), (362696, 766), (362696, 767), (362696, 768), (362696, 769), (362696, 770), (362696, 771), (362696, 772), (362696, 773), (362696, 774), (362696, 775), (362696, 776), (362696, 777), (362696, 778), (362696, 779), (362696, 780), (362696, 781), (362696, 782), (362696, 783), (362696, 784), (362696, 785), (362696, 786), (362696, 787), (362696, 788), (362696, 789), (362696, 790), (362696, 791), (362696, 792), (362696, 793), (362696, 794), (362696, 795), (362696, 796), (362696, 797), (362696, 798), (362696, 799), (362696, 800), (362696, 801), (362696, 802), (362696, 803), (362696, 804), (362696, 805), (362696, 806), (362696, 807), (362696, 808), (362696, 809), (362696, 810), (362696, 811), (362696, 812), (362696, 813), (362696, 814), (362696, 815), (362696, 816), (362696, 817), (362696, 818), (362696, 819), (362696, 820), (362696, 821), (362696, 822), (362696, 823), (362696, 824), (362696, 825), (362696, 826), (362696, 827), (362696, 828), (362696, 829), (362696, 830), (362696, 831), (362696, 832), (362696, 833), (362696, 834), (362696, 835), (362696, 836), (362696, 837), (362696, 838), (362696, 839), (362696, 840), (362696, 841), (362696, 842), (362696, 843), (362696, 844), (362696, 845), (362696, 846), (362696, 847), (362696, 848), (362696, 849), (362696, 850), (362696, 851), (362696, 852), (362696, 853), (362696, 854), (362696, 855), (362696, 856), (362696, 857), (362696, 858), (362696, 859), (362696, 860), (362696, 861), (362696, 862), (362696, 863), (362696, 864), (362696, 865), (362696, 866), (362696, 867), (362696, 868), (362696, 869), (362696, 870), (362696, 871), (362696, 872), (362696, 873), (362696, 874), (362696, 875), (362696, 876), (362696, 877), (362696, 878), (362696, 879), (362696, 880), (362696, 881), (362696, 882), (362696, 883), (362696, 884), (362696, 885), (362696, 886), (362696, 887), (362696, 888), (362696, 889), (362696, 890), (362696, 891), (362696, 892), (362696, 893), (362696, 894), (362696, 895), (362696, 896), (362696, 897), (362696, 898), (362696, 899), (362696, 900), (362696, 901), (362696, 902), (362696, 903), (362696, 904), (362696, 905), (362696, 906), (362696, 907), (362696, 908), (362696, 909), (362696, 910), (362696, 911), (362696, 912), (362696, 913), (362696, 914), (362696, 915), (362696, 916), (362696, 917), (362696, 918), (362696, 919), (362696, 920), (362696, 921), (362696, 922), (362696, 923), (362696, 924), (362696, 925), (362696, 926), (362696, 927), (362696, 928), (362696, 929), (362696, 930), (362696, 931), (362696, 932), (362696, 933), (362696, 934), (362696, 935), (362696, 936), (362696, 937), (362696, 938), (362696, 939), (362696, 940), (362696, 941), (362696, 942), (362696, 943), (362696, 944), (362696, 945), (362696, 946), (362696, 947), (362696, 948), (362696, 949), (362696, 950), (362696, 951), (362696, 952), (362696, 953), (362696, 954), (362696, 955), (362696, 956), (362696, 957), (362696, 958), (362696, 959), (362696, 960), (362696, 961), (362696, 962), (362696, 963), (362696, 964), (362696, 965), (362696, 966), (362696, 967), (362696, 968), (362696, 969), (362696, 970), (362696, 971), (362696, 972), (362696, 973), (362696, 974), (362696, 975), (362696, 976), (362696, 977), (362696, 978), (362696, 979), (362696, 980), (362696, 981), (362696, 982), (362696, 983), (362696, 984), (362696, 985), (362696, 986), (362696, 987), (362696, 988), (362696, 989), (362696, 990), (362696, 991), (362696, 992), (362696, 993), (362696, 994), (362696, 995), (362696, 996), (362696, 997), (362696, 998), (362696, 999), (362696, 1000), (362696, 1001), (362696, 1002), (362696, 1003), (362696, 1004), (362696, 1005), (362696, 1006), (362696, 1007), (362696, 1008), (362696, 1009), (362696, 1010), (362696, 1011), (362696, 1012), (362696, 1013), (362696, 1014), (362696, 1015), (362696, 1016), (362696, 1017), (362696, 1018), (362696, 1019), (362696, 1020), (362696, 1021), (362696, 1022), (362696, 1023), (362696, 1024), (362696, 1025), (362696, 1026), (362696, 1027), (362696, 1028), (362696, 1029), (362696, 1030), (362696, 1031), (362696, 1032), (362696, 1033), (362696, 1034), (362696, 1035), (362696, 1036), (362696, 1037), (362696, 1038), (362696, 1039), (362696, 1040), (362696, 1041), (362696, 1042), (362696, 1043), (362696, 1044), (362696, 1045), (362696, 1046), (362696, 1047), (362696, 1048), (362696, 1049), (362696, 1050), (362696, 1051), (362696, 1052), (362696, 1053), (362696, 1054), (362696, 1055), (362696, 1056), (362696, 1057), (362696, 1058), (362696, 1059), (362696, 1060), (362696, 1061), (362696, 1062), (362696, 1063), (362696, 1064), (362696, 1065), (362696, 1066), (362696, 1067), (362696, 1068), (362696, 1069), (362696, 1070), (362696, 1071), (362696, 1072), (362696, 1073), (362696, 1074), (362696, 1075), (362696, 1076), (362696, 1077), (362696, 1078), (362696, 1079), (362696, 1080), (362696, 1081), (362696, 1082), (362696, 1083), (362696, 1084), (362696, 1085), (362696, 1086), (362696, 1087), (362696, 1088), (362696, 1089), (362696, 1090), (362696, 1091), (362696, 1092), (362696, 1093), (362696, 1094), (362696, 1095), (362696, 1096), (362696, 1097), (362696, 1098), (362696, 1099), (362696, 1100), (362696, 1101), (362696, 1102), (362696, 1103), (362696, 1104), (362696, 1105), (362696, 1106), (362696, 1107), (362696, 1108), (362696, 1109), (362696, 1110), (362696, 1111), (362696, 1112), (362696, 1114), (362696, 1115), (362696, 1116), (362696, 1117), (362696, 1118), (362696, 1119), (362696, 1120), (362696, 1122), (362696, 1123), (362696, 1124), (362696, 1126), (362696, 1127), (362696, 1128), (362696, 1130), (362696, 1131), (362696, 1132), (362696, 1134), (362696, 1135), (362696, 1136), (362696, 1137), (362696, 1138), (362696, 1139), (362696, 1140), (362696, 1142), (362696, 1143), (362696, 1144), (362696, 1146), (362696, 1147), (362696, 1148), (362696, 1150), (362696, 1151), (362696, 1152), (362696, 1154), (362696, 1155), (362696, 1156), (362696, 1157), (362696, 1158), (362696, 1159), (362696, 1160), (362696, 1161), (362696, 1162), (362696, 1163), (362696, 1164), (362696, 1165), (362696, 1166), (362696, 1167), (362696, 1168), (362696, 1169), (362696, 1170), (362696, 1171), (362696, 1172), (362696, 1173), (362696, 1174), (362696, 1175), (362696, 1176), (362696, 1177), (362696, 1178), (362696, 1179), (362696, 1180), (362696, 1181), (362696, 1182), (362696, 1183), (362696, 1184), (362696, 1185), (362696, 1186), (362696, 1187), (362696, 1188), (362696, 1189), (362696, 1190), (362696, 1191), (362696, 1192), (362696, 1193), (362696, 1194), (362696, 1195), (362696, 1196), (362696, 1197), (362696, 1198), (362696, 1199), (362696, 1200), (362696, 1201), (362696, 1202), (362696, 1203), (362696, 1204), (362696, 1205), (362696, 1206), (362696, 1207), (362696, 1208), (362696, 1209), (362696, 1210), (362696, 1211), (362696, 1212), (362696, 1213), (362696, 1214), (362696, 1215), (362696, 1216), (362696, 1217), (362696, 1218), (362696, 1219), (362696, 1220), (362696, 1221), (362696, 1222), (362696, 1223), (362696, 1224), (362696, 1225), (362696, 1226), (362696, 1227), (362696, 1228), (362696, 1229), (362696, 1230), (362696, 1231), (362696, 1232), (362696, 1233), (362696, 1234), (362696, 1235), (362696, 1236), (362696, 1237), (362696, 1238), (362696, 1239), (362696, 1240), (362696, 1241), (362696, 1242), (362696, 1243), (362696, 1244), (362696, 1245), (362696, 1246), (362696, 1247), (362696, 1248), (362696, 1249), (362696, 1250), (362696, 1251), (362696, 1252), (362696, 1253), (362696, 1254), (362696, 1255), (362696, 1256), (362696, 1257), (362696, 1258), (362696, 1259), (362696, 1260), (362696, 1261), (362696, 1262), (362696, 1263), (362696, 1264), (362696, 1265), (362696, 1266), (362696, 1267), (362696, 1268), (362696, 1269), (362696, 1270), (362696, 1271), (362696, 1272), (362696, 1273), (362696, 1274), (362696, 1275), (362696, 1276), (362696, 1277), (362696, 1278), (362696, 1279), (362696, 1280), (362696, 1281), (362696, 1282), (362696, 1283), (362696, 1284), (362696, 1285), (362696, 1286), (362696, 1287), (362696, 1288), (362696, 1289), (362696, 1290), (362696, 1291), (362696, 1292), (362696, 1293), (362696, 1294), (362696, 1295), (362696, 1296), (362696, 1297), (362696, 1298), (362696, 1299), (362696, 1300), (362696, 1301), (362696, 1302), (362696, 1303), (362696, 1304), (362696, 1305), (362696, 1306), (362696, 1307), (362696, 1308), (362696, 1309), (362696, 1310), (362696, 1311), (362696, 1312), (362696, 1313), (362696, 1314), (362696, 1315), (362696, 1316), (362696, 1317), (362696, 1318), (362696, 1319), (362696, 1320), (362696, 1321), (362696, 1322), (362696, 1323), (362696, 1324), (362696, 1325), (362696, 1326), (362696, 1327), (362696, 1328), (362696, 1329), (362696, 1330), (362696, 1331), (362696, 1332), (362696, 1333), (362696, 1334), (362696, 1335), (362696, 1336), (362696, 1337), (362696, 1338), (362696, 1339), (362696, 1340), (362696, 1341), (362696, 1342), (362696, 1343), (362696, 1344), (362696, 1345), (362696, 1346), (362696, 1347), (362696, 1348), (362696, 1349), (362696, 1350), (362696, 1351), (362696, 1352), (362696, 1353), (362696, 1354), (362696, 1355), (362696, 1356), (362696, 1357), (362696, 1358), (362696, 1359), (362696, 1360), (362696, 1361), (362696, 1362), (362696, 1363), (362696, 1364), (362696, 1365), (362696, 1366), (362696, 1367), (362696, 1368), (362696, 1369), (362696, 1370), (362696, 1371), (362696, 1372), (362696, 1373), (362696, 1374), (362696, 1375), (362696, 1376), (362696, 1377), (362696, 1378), (362696, 1379), (362696, 1380), (362696, 1381), (362696, 1382), (362696, 1383), (362696, 1384), (362696, 1385), (362696, 1386), (362696, 1387), (362696, 1388), (362696, 1389), (362696, 1390), (362696, 1391), (362696, 1392), (362696, 1393), (362696, 1394), (362696, 1395), (362696, 1396), (362696, 1397), (362696, 1398), (362696, 1399), (362696, 1400), (362696, 1401), (362696, 1402), (362696, 1403), (362696, 1404), (362696, 1405), (362696, 1406), (362696, 1407), (362696, 1408), (362696, 1409), (362696, 1410), (362696, 1411), (362696, 1412), (362696, 1413), (362696, 1414), (362696, 1415), (362696, 1416), (362696, 1417), (362696, 1418), (362696, 1419), (362696, 1420), (362696, 1421), (362696, 1422), (362696, 1423), (362696, 1424), (362696, 1425), (362696, 1426), (362696, 1427), (362696, 1428), (362696, 1429), (362696, 1430), (362696, 1431), (362696, 1432), (362696, 1433), (362696, 1434), (362696, 1435), (362696, 1436), (362696, 1437), (362696, 1438), (362696, 1439), (362696, 1440), (362696, 1441), (362696, 1442), (362696, 1443), (362696, 1444), (362696, 1445), (362696, 1446), (362696, 1447), (362696, 1448), (362696, 1449), (362696, 1450), (362696, 1451), (362696, 1452), (362696, 1453), (362696, 1454), (362696, 1455), (362696, 1456), (362696, 1457), (362696, 1458), (362696, 1459), (362696, 1460), (362696, 1461), (362696, 1462), (362696, 1463), (362696, 1464), (362696, 1465), (362696, 1466), (362696, 1467), (362696, 1468), (362696, 1469), (362696, 1470), (362696, 1471), (362696, 1472), (362696, 1473), (362696, 1474), (362696, 1475), (362696, 1476), (362696, 1477), (362696, 1478), (362696, 1479), (362696, 1480), (362696, 1481), (362696, 1482), (362696, 1483), (362696, 1484), (362696, 1485), (362696, 1486), (362696, 1487), (362696, 1488), (362696, 1489), (362696, 1490), (362696, 1491), (362696, 1492), (362696, 1493), (362696, 1494), (362696, 1495), (362696, 1496), (362696, 1497), (362696, 1498), (362696, 1499), (362696, 1500), (362696, 1501), (362696, 1502), (362696, 1503), (362696, 1504), (362696, 1505), (362696, 1506), (362696, 1507), (362696, 1508), (362696, 1509), (362696, 1510), (362696, 1511), (362696, 1512), (362696, 1513), (362696, 1514), (362696, 1515), (362696, 1516), (362696, 1517), (362696, 1518), (362696, 1519), (362696, 1520), (362696, 1521), (362696, 1522), (362696, 1523), (362696, 1524), (362696, 1525), (362696, 1526), (362696, 1527), (362696, 1528), (362696, 1529), (362696, 1530), (362696, 1531), (362696, 1532), (362696, 1533), (362696, 1534), (362696, 1535), (362696, 1536), (362696, 1537), (362696, 1538), (362696, 1539), (362696, 1540), (362696, 1541), (362696, 1542), (362696, 1543), (362696, 1544), (362696, 1545), (362696, 1546), (362696, 1547), (362696, 1548), (362696, 1549), (362696, 1550), (362696, 1551), (362696, 1552), (362696, 1553), (362696, 1554), (362696, 1555), (362696, 1556), (362696, 1557), (362696, 1558), (362696, 1559), (362696, 1560), (362696, 1561), (362696, 1562), (362696, 1563), (362696, 1564), (362696, 1565), (362696, 1566), (362696, 1567), (362696, 1568), (362696, 1569), (362696, 1570), (362696, 1571), (362696, 1572), (362696, 1573), (362696, 1574), (362696, 1575), (362696, 1576), (362696, 1577), (362696, 1578), (362696, 1579), (362696, 1580), (362696, 1581), (362696, 1582), (362696, 1583), (362696, 1584), (362696, 1585), (362696, 1586), (362696, 1587), (362696, 1588), (362696, 1589), (362696, 1590), (362696, 1591), (362696, 1592), (362696, 1593), (362696, 1594), (362696, 1595), (362696, 1596), (362696, 1597), (362696, 1598), (362696, 1599), (362696, 1600), (362696, 1601), (362696, 1602), (362696, 1603), (362696, 1604), (362696, 1605), (362696, 1606), (362696, 1607), (362696, 1608), (362696, 1609), (362696, 1610), (362696, 1611), (362696, 1612), (362696, 1613), (362696, 1614), (362696, 1615), (362696, 1616), (362696, 1617), (362696, 1618), (362696, 1619), (362696, 1620), (362696, 1621), (362696, 1622), (362696, 1623), (362696, 1624), (362696, 1625), (362696, 1626), (362696, 1627), (362696, 1628), (362696, 1629), (362696, 1630), (362696, 1631), (362696, 1632), (362696, 1633), (362696, 1634), (362696, 1635), (362696, 1636), (362696, 1637), (362696, 1638), (362696, 1639), (362696, 1640), (362696, 1641), (362696, 1642), (362696, 1643), (362696, 1644), (362696, 1645), (362696, 1646), (362696, 1647), (362696, 1648), (362696, 1649), (362696, 1650), (362696, 1651), (362696, 1652), (362696, 1653), (362696, 1654), (362696, 1655), (362696, 1656), (362696, 1657), (362696, 1658), (362696, 1659), (362696, 1660), (362696, 1661), (362696, 1662), (362696, 1663), (362696, 1664), (362696, 1665), (362696, 1666), (362696, 1667), (362696, 1668), (362696, 1669), (362696, 1670), (362696, 1671), (362696, 1672), (362696, 1673), (362696, 1674), (362696, 1675), (362696, 1676), (362696, 1677), (362696, 1678), (362696, 1679), (362696, 1680), (362696, 1681), (362696, 1682), (362696, 1683), (362696, 1684), (362696, 1685), (362696, 1686), (362696, 1687), (362696, 1688), (362696, 1689), (362696, 1690), (362696, 1691), (362696, 1692), (362696, 1693), (362696, 1694), (362696, 1695), (362696, 1696), (362696, 1697), (362696, 1698), (362696, 1699), (362696, 1700), (362696, 1701), (362696, 1702), (362696, 1703), (362696, 1704), (362696, 1705), (362696, 1706), (362696, 1707), (362696, 1708), (362696, 1709), (362696, 1710), (362696, 1711), (362696, 1712), (362696, 1713), (362696, 1714), (362696, 1715), (362696, 1716), (362696, 1717), (362696, 1718), (362696, 1719), (362696, 1720), (362698, 1), (362698, 2), (362698, 3), (362698, 4), (362698, 5), (362698, 6), (362698, 7), (362698, 8), (362698, 9), (362698, 10), (362698, 11), (362698, 12), (362698, 13), (362698, 14), (362698, 15), (362698, 16), (362698, 17), (362698, 18), (362698, 19), (362698, 20), (362698, 21), (362698, 22), (362698, 23), (362698, 24), (362698, 25), (362698, 26), (362698, 27), (362698, 28), (362698, 29), (362698, 30), (362698, 31), (362698, 32), (362698, 33), (362698, 34), (362698, 35), (362698, 36), (362698, 37), (362698, 38), (362698, 39), (362698, 40), (362698, 41), (362698, 42), (362698, 43), (362698, 44), (362698, 45), (362698, 46), (362698, 47), (362698, 48), (362698, 49), (362698, 50), (362698, 51), (362698, 52), (362698, 53), (362698, 54), (362698, 55), (362698, 56), (362698, 57), (362698, 58), (362698, 59), (362698, 60), (362698, 61), (362698, 62), (362698, 63), (362698, 64), (362698, 65), (362698, 66), (362698, 67), (362698, 68), (362698, 69), (362698, 70), (362698, 71), (362698, 72), (362698, 73), (362698, 74), (362698, 75), (362698, 76), (362698, 77), (362698, 78), (362698, 79), (362698, 80), (362698, 81), (362698, 82), (362698, 83), (362698, 84), (362698, 85), (362698, 86), (362698, 87), (362698, 88), (362698, 89), (362698, 90), (362698, 91), (362698, 92), (362698, 93), (362698, 94), (362698, 95), (362698, 96), (362698, 97), (362698, 98), (362698, 99), (362698, 100), (362698, 101), (362698, 102), (362698, 103), (362698, 104), (362698, 105), (362698, 106), (362698, 107), (362698, 108), (362698, 109), (362698, 110), (362698, 111), (362698, 112), (362698, 113), (362698, 114), (362698, 115), (362698, 116), (362698, 117), (362698, 118), (362698, 119), (362698, 120), (362698, 121), (362698, 122), (362698, 123), (362698, 124), (362698, 125), (362698, 126), (362698, 127), (362698, 128), (362698, 129), (362698, 130), (362698, 131), (362698, 132), (362698, 133), (362698, 134), (362698, 135), (362698, 136), (362698, 137), (362698, 138), (362698, 139), (362698, 140), (362698, 141), (362698, 142), (362698, 143), (362698, 144), (362698, 145), (362698, 146), (362698, 147), (362698, 148), (362698, 149), (362698, 150), (362698, 151), (362698, 152), (362698, 153), (362698, 154), (362698, 155), (362698, 156), (362698, 157), (362698, 158), (362698, 159), (362698, 160), (362698, 161), (362698, 162), (362698, 163), (362698, 164), (362698, 165), (362698, 166), (362698, 167), (362698, 168), (362698, 169), (362698, 170), (362698, 171), (362698, 172), (362698, 173), (362698, 174), (362698, 175), (362698, 176), (362698, 177), (362698, 178), (362698, 179), (362698, 180), (362698, 181), (362698, 182), (362698, 183), (362698, 184), (362698, 185), (362698, 186), (362698, 187), (362698, 188), (362698, 189), (362698, 190), (362698, 191), (362698, 192), (362698, 193), (362698, 194), (362698, 195), (362698, 196), (362698, 197), (362698, 198), (362698, 199), (362698, 200), (362698, 201), (362698, 202), (362698, 203), (362698, 204), (362698, 205), (362698, 206), (362698, 207), (362698, 208), (362698, 209), (362698, 210), (362698, 211), (362698, 212), (362698, 213), (362698, 214), (362698, 215), (362698, 216), (362698, 217), (362698, 218), (362698, 219), (362698, 220), (362698, 221), (362698, 222), (362698, 223), (362698, 224), (362698, 225), (362698, 226), (362698, 227), (362698, 228), (362698, 229), (362698, 230), (362698, 231), (362698, 232), (362698, 233), (362698, 234), (362698, 235), (362698, 236), (362698, 237), (362698, 238), (362698, 239), (362698, 240), (362698, 241), (362698, 242), (362698, 243), (362698, 244), (362698, 245), (362698, 246), (362698, 247), (362698, 248), (362698, 249), (362698, 250), (362698, 251), (362698, 252), (362698, 253), (362698, 254), (362698, 255), (362698, 256), (362698, 257), (362698, 258), (362698, 259), (362698, 260), (362698, 261), (362698, 262), (362698, 263), (362698, 264), (362698, 265), (362698, 266), (362698, 267), (362698, 268), (362698, 269), (362698, 270), (362698, 271), (362698, 272), (362698, 273), (362698, 274), (362698, 275), (362698, 276), (362698, 277), (362698, 278), (362698, 279), (362698, 280), (362698, 281), (362698, 282), (362698, 283), (362698, 284), (362698, 285), (362698, 286), (362698, 287), (362698, 288), (362698, 289), (362698, 290), (362698, 291), (362698, 292), (362698, 293), (362698, 294), (362698, 295), (362698, 296), (362698, 297), (362698, 298), (362698, 299), (362698, 300), (362698, 301), (362698, 302), (362698, 303), (362698, 304), (362698, 305), (362698, 306), (362698, 307), (362698, 308), (362698, 309), (362698, 310), (362698, 311), (362698, 312), (362698, 313), (362698, 314), (362698, 315), (362698, 316), (362698, 317), (362698, 318), (362698, 319), (362698, 320), (362698, 321), (362698, 322), (362698, 323), (362698, 324), (362698, 325), (362698, 326), (362698, 327), (362698, 328), (362698, 329), (362698, 330), (362698, 331), (362698, 332), (362698, 333), (362698, 334), (362698, 335), (362698, 336), (362698, 337), (362698, 338), (362698, 339), (362698, 340), (362698, 341), (362698, 342), (362698, 343), (362698, 344), (362698, 345), (362698, 346), (362698, 347), (362698, 348), (362698, 349), (362698, 350), (362698, 351), (362698, 352), (362698, 353), (362698, 354), (362698, 355), (362698, 356), (362698, 357), (362698, 358), (362698, 359), (362698, 360), (362698, 361), (362698, 362), (362698, 363), (362698, 364), (362698, 365), (362698, 366), (362698, 367), (362698, 368), (362698, 369), (362698, 370), (362698, 371), (362698, 372), (362698, 373), (362698, 374), (362720, 52), (362720, 53), (362720, 54), (362720, 55), (362720, 56), (362720, 57), (362720, 58), (362720, 59), (362720, 60), (362720, 61), (362720, 62), (362720, 63), (362720, 64), (362720, 65), (362720, 66), (362720, 67), (362720, 68), (362720, 69), (362720, 70), (362720, 71), (362720, 72), (362720, 73), (362720, 74), (362720, 75), (362720, 76), (362720, 77), (362720, 78), (362720, 79), (362720, 80), (362720, 81), (362720, 82), (362720, 83), (362720, 84), (362720, 85), (362720, 86), (362720, 87), (362720, 88), (362720, 89), (362720, 90), (362720, 91), (362720, 92), (362720, 93), (362720, 94), (362720, 95), (362720, 96), (362720, 97), (362720, 98), (362720, 99), (362720, 100), (362720, 101), (362720, 102), (362720, 103), (362720, 104), (362720, 105), (362720, 106), (362720, 107), (362720, 108), (362720, 109), (362720, 110), (362720, 111), (362720, 112), (362720, 113), (362720, 114), (362720, 115), (362720, 116), (362720, 117), (362720, 118), (362720, 119), (362720, 120), (362720, 121), (362720, 122), (362720, 123), (362720, 124), (362720, 125), (362720, 126), (362720, 127), (362720, 128), (362720, 129), (362720, 130), (362720, 131), (362720, 132), (362720, 133), (362720, 134), (362720, 135), (362720, 136), (362720, 137), (362720, 138), (362720, 139), (362720, 140), (362720, 141), (362720, 142), (362720, 143), (362720, 144), (362720, 145), (362720, 146), (362720, 147), (362720, 148), (362720, 149), (362720, 150), (362720, 151), (362720, 152), (362720, 153), (362720, 154), (362720, 155), (362720, 156), (362720, 157), (362720, 158), (362720, 159), (362720, 160), (362720, 161), (362720, 162), (362720, 163), (362720, 164), (362720, 165), (362720, 166), (362720, 167), (362720, 168), (362720, 169), (362720, 170), (362720, 171), (362720, 172), (362720, 173), (362720, 174), (362720, 175), (362720, 176), (362720, 177), (362720, 178), (362720, 179), (362720, 180), (362720, 181), (362720, 182), (362720, 183), (362720, 184), (362720, 185), (362720, 186), (362720, 187), (362720, 188), (362720, 189), (362720, 190), (362720, 191), (362720, 192), (362720, 193), (362720, 194), (362720, 195), (362720, 196), (362720, 197), (362720, 198), (362720, 199), (362720, 200), (362720, 201), (362720, 202), (362720, 203), (362720, 204), (362720, 205), (362720, 206), (362720, 207), (362720, 208), (362720, 209), (362720, 210), (362720, 211), (362720, 212), (362720, 213), (362720, 214), (362720, 215), (362720, 216), (362720, 217), (362720, 218), (362720, 219), (362720, 220), (362720, 221), (362720, 222), (362720, 223), (362720, 224), (362720, 225), (362720, 226), (362720, 227), (362720, 228), (362720, 229), (362720, 230), (362720, 231), (362720, 232), (362720, 233), (362720, 234), (362720, 235), (362720, 236), (362720, 237), (362720, 238), (362720, 239), (362720, 240), (362720, 241), (362720, 242), (362720, 243), (362720, 244), (362720, 245), (362720, 246), (362720, 247), (362720, 248), (362720, 249), (362720, 250), (362720, 251), (362720, 252), (362720, 253), (362720, 254), (362720, 255), (362720, 256), (362720, 257), (362720, 258), (362720, 259), (362720, 260), (362720, 261), (362720, 262), (362720, 263), (362720, 264), (362720, 265), (362720, 266), (362720, 267), (362720, 268), (362720, 269), (362720, 270), (362720, 271), (362720, 272), (362720, 273), (362720, 274), (362720, 275), (362720, 276), (362720, 277), (362720, 278), (362720, 279), (362720, 280), (362720, 281), (362720, 282), (362720, 283), (362720, 284), (362720, 285), (362720, 286), (362720, 287), (362720, 288), (362720, 289), (362720, 290), (362720, 291), (362720, 292), (362720, 293), (362720, 294), (362720, 295), (362720, 296), (362720, 297), (362720, 298), (362720, 299), (362720, 300), (362720, 301), (362720, 302), (362720, 303), (362720, 304), (362720, 305), (362720, 306), (362720, 307), (362720, 308), (362720, 309), (362720, 310), (362720, 311), (362720, 312), (362720, 313), (362720, 314), (362720, 315), (362720, 316), (362720, 317), (362720, 318), (362720, 319), (362720, 320), (362720, 321), (362720, 322), (362720, 323), (362720, 324), (362720, 325), (362720, 326), (362720, 327), (362720, 328), (362720, 329), (362720, 330), (362720, 331), (362720, 332), (362720, 333), (362720, 334), (362720, 335), (362720, 336), (362720, 337), (362720, 338), (362720, 339), (362720, 340), (362720, 341), (362720, 342), (362720, 343), (362720, 344), (362720, 345), (362720, 346), (362720, 347), (362720, 348), (362720, 349), (362720, 350), (362720, 351), (362720, 352), (362720, 353), (362720, 354), (362720, 355), (362720, 356), (362720, 357), (362720, 358), (362720, 359), (362720, 360), (362720, 361), (362720, 362), (362720, 363), (362720, 364), (362720, 365), (362720, 366), (362720, 367), (362720, 368), (362720, 369), (362720, 370), (362720, 371), (362720, 372), (362720, 373), (362720, 374), (362720, 375), (362720, 376), (362720, 377), (362720, 378), (362720, 379), (362720, 380), (362720, 381), (362720, 382), (362720, 383), (362720, 384), (362720, 385), (362720, 386), (362720, 387), (362720, 388), (362720, 389), (362720, 390), (362720, 391), (362720, 392), (362720, 393), (362720, 394), (362720, 395), (362720, 396), (362720, 397), (362720, 398), (362720, 399), (362720, 400), (362720, 401), (362720, 402), (362720, 403), (362720, 404), (362720, 405), (362720, 406), (362720, 407), (362720, 408), (362720, 409), (362720, 410), (362720, 411), (362720, 412), (362720, 413), (362720, 414), (362720, 415), (362720, 416), (362720, 417), (362720, 418), (362720, 419), (362720, 420), (362720, 421), (362720, 422), (362720, 423), (362720, 424), (362720, 425), (362720, 426), (362720, 427), (362720, 428), (362720, 429), (362720, 430), (362720, 431), (362720, 432), (362720, 433), (362720, 434), (362720, 435), (362720, 436), (362720, 437), (362720, 438), (362720, 439), (362720, 440), (362720, 441), (362720, 442), (362720, 443), (362720, 444), (362720, 445), (362720, 446), (362720, 447), (362720, 448), (362720, 449), (362720, 450), (362720, 451), (362720, 452), (362720, 453), (362720, 454), (362720, 455), (362720, 456), (362720, 457), (362720, 458), (362720, 459), (362720, 460), (362720, 461), (362720, 462), (362720, 463), (362720, 464), (362720, 465), (362720, 466), (362720, 467), (362720, 468), (362720, 469), (362720, 470), (362720, 471), (362720, 472), (362720, 473), (362720, 474), (362720, 475), (362720, 476), (362720, 477), (362720, 478), (362720, 479), (362720, 480), (362720, 481), (362720, 482), (362720, 483), (362720, 484), (362720, 485), (362720, 486), (362720, 487), (362720, 488), (362720, 489), (362720, 490), (362720, 491), (362720, 492), (362720, 493), (362720, 494), (362720, 495), (362720, 496), (362720, 497), (362720, 498), (362720, 499), (362720, 500), (362720, 501), (362720, 502), (362720, 503), (362720, 504), (362720, 505), (362720, 506), (362720, 507), (362720, 508), (362720, 509), (362720, 510), (362720, 511), (362720, 512), (362720, 513), (362720, 514), (362720, 515), (362720, 516), (362720, 517), (362720, 518), (362720, 519), (362720, 520), (362720, 521), (362720, 522), (362720, 523), (362720, 524), (362720, 525), (362720, 526), (362720, 527), (362720, 528), (362720, 529), (362720, 530), (362720, 531), (362720, 532), (362720, 533), (362720, 534), (362720, 535), (362720, 536), (362720, 537), (362720, 538), (362720, 539), (362720, 540), (362720, 541), (362720, 542), (362720, 543), (362720, 544), (362720, 545), (362720, 546), (362720, 547), (362720, 548), (362720, 549), (362720, 550), (362720, 551), (362720, 552), (362720, 553), (362720, 554), (362720, 555), (362720, 556), (362720, 557), (362720, 558), (362720, 559), (362720, 560), (362720, 561), (362720, 562), (362720, 563), (362720, 564), (362720, 565), (362720, 566), (362720, 567), (362720, 568), (362720, 569), (362720, 570), (362720, 571), (362720, 572), (362720, 573), (362720, 574), (362720, 575), (362720, 576), (362720, 577), (362720, 578), (362720, 579), (362720, 580), (362720, 581), (362720, 582), (362720, 583), (362720, 584), (362720, 585), (362720, 586), (362720, 587), (362720, 588), (362720, 589), (362720, 590), (362720, 591), (362720, 592), (362720, 593), (362720, 594), (362720, 595), (362720, 596), (362720, 597), (362720, 598), (362720, 599), (362720, 600), (362720, 601), (362720, 602), (362720, 603), (362720, 604), (362720, 605), (362720, 606), (362720, 607), (362720, 608), (362720, 609), (362720, 610), (362720, 611), (362720, 612), (362720, 613), (362720, 614), (362720, 615), (362720, 616), (362720, 617), (362720, 618), (362720, 619), (362720, 620), (362720, 621), (362720, 622), (362720, 623), (362720, 624), (362720, 625), (362720, 626), (362720, 627), (362720, 628), (362720, 629), (362720, 630), (362720, 631), (362720, 632), (362720, 633), (362720, 634), (362720, 635), (362720, 636), (362720, 637), (362720, 638), (362720, 639), (362720, 640), (362720, 641), (362720, 642), (362720, 643), (362720, 644), (362720, 645), (362720, 646), (362720, 647), (362720, 648), (362720, 649), (362720, 650), (362720, 651), (362720, 652), (362720, 653), (362720, 654), (362720, 655), (362720, 656), (362720, 657), (362720, 658), (362720, 659), (362720, 660), (362720, 661), (362720, 662), (362720, 663), (362720, 664), (362720, 665), (362720, 666), (362720, 667), (362720, 668), (362720, 669), (362720, 670), (362720, 671), (362720, 672), (362720, 673), (362720, 674), (362720, 675), (362720, 676), (362720, 677), (362720, 678), (362720, 679), (362720, 680), (362720, 681), (362720, 682), (362720, 683), (362720, 684), (362720, 685), (362720, 686), (362720, 687), (362720, 688), (362720, 689), (362720, 690), (362720, 691), (362720, 692), (362720, 693), (362720, 694), (362720, 695), (362720, 696), (362720, 697), (362720, 698), (362720, 699), (362720, 700), (362720, 701), (362720, 702), (362720, 703), (362720, 704), (362720, 705), (362720, 706), (362720, 707), (362720, 708), (362720, 709), (362720, 710), (362720, 711), (362720, 712), (362720, 713), (362720, 714), (362720, 715), (362720, 716), (362720, 717), (362720, 718), (362720, 719), (362720, 720), (362720, 721), (362720, 722), (362720, 723), (362720, 724), (362720, 725), (362720, 726), (362720, 727), (362720, 728), (362720, 729), (362720, 730), (362720, 731), (362720, 732), (362720, 733), (362720, 734), (362720, 735), (362720, 736), (362720, 737), (362720, 738), (362720, 739), (362720, 740), (362720, 741), (362720, 742), (362720, 743), (362720, 744), (362720, 745), (362720, 746), (362720, 747), (362720, 748), (362720, 749), (362720, 750), (362720, 751), (362720, 752), (362720, 753), (362720, 754), (362720, 755), (362720, 756), (362720, 757), (362720, 758), (362720, 759), (362720, 760), (362720, 761), (362720, 762), (362720, 763), (362720, 764), (362720, 765), (362720, 766), (362720, 767), (362720, 768), (362720, 769), (362720, 770), (362720, 771), (362720, 772), (362720, 773), (362720, 774), (362720, 775), (362720, 776), (362720, 777), (362720, 778), (362720, 779), (362720, 780), (362720, 781), (362720, 782), (362720, 783), (362720, 784), (362720, 785), (362720, 786), (362720, 787), (362720, 788), (362720, 789), (362720, 790), (362720, 791), (362720, 792), (362720, 793), (362720, 794), (362720, 795), (362720, 796), (362720, 797), (362720, 798), (362720, 799), (362720, 800), (362720, 801), (362720, 802), (362720, 803), (362720, 804), (362720, 805), (362720, 806), (362720, 807), (362720, 808), (362720, 809), (362720, 810), (362720, 811), (362720, 812), (362720, 813), (362720, 814), (362720, 815), (362720, 816), (362720, 817), (362720, 818), (362720, 819), (362720, 820), (362720, 821), (362720, 822), (362720, 823), (362720, 824), (362720, 825), (362720, 826), (362720, 827), (362720, 828), (362720, 829), (362720, 830), (362720, 831), (362720, 832), (362720, 833), (362720, 834), (362720, 835), (362720, 836), (362720, 837), (362720, 838), (362720, 839), (362720, 840), (362720, 841), (362720, 842), (362720, 843), (362720, 844), (362720, 845), (362720, 846), (362720, 847), (362720, 848), (362720, 849), (362720, 850), (362720, 851), (362720, 852), (362720, 853), (362720, 854), (362720, 855), (362720, 856), (362720, 857), (362720, 858), (362720, 859), (362720, 860), (362720, 861), (362720, 862), (362720, 863), (362720, 864), (362720, 865), (362720, 866), (362720, 867), (362720, 868), (362720, 869), (362720, 870), (362720, 871), (362720, 872), (362720, 873), (362720, 874), (362720, 875), (362720, 876), (362720, 877), (362720, 878), (362720, 879), (362720, 880), (362720, 881), (362720, 882), (362720, 883), (362720, 884), (362720, 885), (362720, 886), (362720, 887), (362720, 888), (362720, 889), (362720, 890), (362720, 891), (362720, 892), (362720, 893), (362720, 894), (362720, 895), (362720, 896), (362720, 897), (362720, 898), (362720, 899), (362720, 900), (362720, 901), (362720, 902), (362720, 903), (362720, 904), (362720, 905), (362720, 906), (362720, 907), (362720, 908), (362720, 909), (362720, 910), (362720, 911), (362720, 912), (362720, 913), (362720, 914), (362720, 915), (362720, 916), (362720, 917), (362720, 918), (362720, 919), (362720, 920), (362720, 921), (362720, 922), (362720, 923), (362720, 924), (362720, 925), (362720, 926), (362720, 927), (362720, 928), (362720, 929), (362720, 930), (362720, 931), (362720, 932), (362720, 933), (362720, 934), (362720, 935), (362720, 936), (362720, 937), (362720, 938), (362720, 939), (362720, 940), (362720, 941), (362720, 942), (362720, 943), (362720, 944), (362720, 945), (362720, 946), (362720, 947), (362720, 948), (362720, 949), (362727, 4), (362727, 5), (362727, 6), (362727, 7), (362728, 1), (362728, 2), (362728, 3), (362728, 4), (362728, 5), (362728, 6), (362728, 7), (362728, 8), (362728, 9), (362728, 10), (362728, 11), (362728, 12), (362728, 13), (362728, 14), (362728, 15), (362728, 16), (362728, 17), (362728, 18), (362728, 19), (362728, 20), (362728, 21), (362728, 22), (362728, 23), (362728, 24), (362728, 25), (362728, 26), (362728, 27), (362728, 28), (362728, 29), (362728, 30), (362728, 31), (362728, 32), (362728, 33), (362728, 34), (362728, 35), (362728, 36), (362728, 37), (362728, 38), (362728, 39), (362728, 40), (362728, 41), (362728, 42), (362728, 43), (362728, 44), (362728, 45), (362728, 46), (362728, 47), (362728, 48), (362728, 49), (362728, 50), (362728, 51), (362728, 52), (362728, 53), (362728, 54), (362728, 55), (362728, 56), (362728, 57), (362728, 58), (362728, 59), (362728, 60), (362728, 61), (362728, 62), (362728, 63), (362728, 64), (362728, 65), (362728, 66), (362728, 67), (362728, 68), (362728, 69), (362728, 70), (362728, 71), (362728, 72), (362728, 73), (362728, 74), (362728, 75), (362728, 76), (362728, 77), (362728, 78), (362728, 79), (362728, 80), (362728, 81), (362728, 82), (362728, 83), (362728, 84), (362728, 85), (362728, 86), (362728, 87), (362728, 88), (362728, 89), (362728, 90), (362728, 91), (362728, 92), (362728, 93), (362728, 94), (362728, 95), (362728, 96), (362728, 97), (362728, 98), (362728, 99), (362728, 100), (362728, 101), (362728, 102), (362728, 103), (362728, 104), (362728, 105), (362728, 106), (362728, 107), (362728, 108), (362728, 109), (362728, 110), (362728, 111), (362728, 112), (362728, 113), (362728, 114), (362728, 115), (362728, 116), (362728, 117), (362728, 118), (362728, 119), (362728, 120), (362728, 121), (362728, 122), (362728, 123), (362728, 124), (362728, 125), (362728, 126), (362728, 127), (362728, 128), (362728, 129), (362728, 130), (362728, 131), (362728, 132), (362728, 133), (362728, 134), (362728, 135), (362728, 136), (362728, 137), (362728, 138), (362728, 139), (362728, 140), (362728, 141), (362728, 142), (362728, 143), (362728, 144), (362728, 145), (362728, 146), (362728, 147), (362728, 148), (362728, 149), (362728, 150), (362728, 151), (362728, 152), (362728, 153), (362728, 154), (362728, 155), (362728, 156), (362728, 157), (362728, 158), (362728, 159), (362728, 160), (362728, 161), (362728, 162), (362728, 163), (362728, 164), (362728, 165), (362728, 166), (362728, 167), (362728, 168), (362728, 169), (362728, 170), (362728, 171), (362728, 172), (362728, 173), (362728, 174), (362728, 175), (362728, 176), (362728, 177), (362728, 178), (362728, 179), (362728, 180), (362728, 181), (362728, 182), (362728, 183), (362728, 184), (362728, 185), (362728, 186), (362728, 187), (362728, 188), (362728, 189), (362728, 190), (362728, 191), (362728, 192), (362728, 193), (362728, 194), (362728, 195), (362728, 196), (362728, 197), (362728, 198), (362728, 199), (362728, 200), (362728, 201), (362728, 202), (362728, 203), (362728, 204), (362728, 205), (362728, 206), (362728, 207), (362728, 208), (362728, 209), (362728, 210), (362728, 211), (362728, 212), (362728, 213), (362728, 214), (362728, 215), (362728, 216), (362728, 217), (362728, 218), (362728, 219), (362728, 220), (362728, 221), (362728, 222), (362728, 223), (362728, 224), (362728, 225), (362728, 226), (362728, 227), (362728, 228), (362728, 229), (362728, 230), (362728, 231), (362728, 232), (362728, 233), (362728, 234), (362728, 235), (362728, 236), (362728, 237), (362728, 238), (362728, 239), (362728, 240), (362728, 241), (362728, 242), (362728, 243), (362728, 244), (362728, 245), (362728, 246), (362728, 247), (362728, 248), (362728, 249), (362728, 250), (362728, 251), (362728, 252), (362728, 253), (362728, 254), (362728, 255), (362728, 256), (362728, 257), (362728, 258), (362728, 259), (362728, 260), (362728, 261), (362728, 262), (362728, 263), (362728, 264), (362728, 265), (362728, 266), (362728, 267), (362728, 268), (362728, 269), (362728, 270), (362728, 271), (362728, 272), (362728, 273), (362728, 274), (362728, 275), (362728, 276), (362728, 277), (362728, 278), (362728, 279), (362728, 280), (362728, 281), (362728, 282), (362728, 283), (362728, 284), (362728, 285), (362728, 286), (362728, 287), (362728, 288), (362728, 289), (362728, 290), (362728, 291), (362728, 292), (362728, 293), (362728, 294), (362728, 295), (362728, 296), (362728, 297), (362728, 298), (362728, 299), (362728, 300), (362728, 301), (362728, 302), (362728, 303), (362728, 304), (362728, 305), (362728, 306), (362728, 307), (362728, 308), (362728, 309), (362728, 310), (362728, 311), (362728, 312), (362728, 313), (362728, 314), (362728, 315), (362728, 316), (362728, 317), (362728, 318), (362728, 319), (362728, 320), (362728, 321), (362728, 322), (362728, 323), (362728, 324), (362728, 325), (362728, 326), (362728, 327), (362728, 328), (362728, 329), (362728, 330), (362728, 331), (362728, 332), (362728, 333), (362728, 334), (362728, 335), (362728, 336), (362728, 337), (362728, 338), (362728, 339), (362728, 340), (362728, 341), (362728, 342), (362728, 343), (362728, 344), (362728, 345), (362728, 346), (362728, 347), (362728, 348), (362728, 349), (362728, 350), (362728, 351), (362728, 352), (362728, 353), (362728, 354), (362728, 355), (362728, 356), (362728, 357), (362728, 358), (362728, 359), (362728, 360), (362728, 361), (362728, 362), (362728, 363), (362728, 364), (362728, 365), (362728, 366), (362728, 367), (362728, 368), (362728, 369), (362728, 370), (362728, 371), (362728, 372), (362728, 373), (362728, 374), (362728, 375), (362728, 376), (362728, 377), (362728, 378), (362728, 379), (362728, 380), (362728, 381), (362728, 382), (362728, 383), (362728, 384), (362728, 385), (362728, 386), (362728, 387), (362728, 388), (362757, 32), (362757, 33), (362757, 34), (362757, 35), (362757, 36), (362757, 37), (362757, 38), (362757, 39), (362757, 40), (362757, 41), (362757, 42), (362757, 43), (362757, 44), (362757, 45), (362757, 46), (362757, 47), (362757, 48), (362757, 49), (362757, 50), (362757, 51), (362757, 52), (362757, 53), (362757, 54), (362757, 55), (362757, 56), (362757, 57), (362757, 58), (362757, 59), (362757, 60), (362757, 61), (362757, 62), (362757, 63), (362757, 64), (362757, 65), (362757, 66), (362757, 67), (362757, 68), (362757, 69), (362757, 70), (362757, 71), (362757, 72), (362757, 73), (362757, 74), (362757, 75), (362757, 76), (362757, 77), (362757, 78), (362757, 79), (362757, 80), (362757, 81), (362757, 82), (362757, 83), (362757, 84), (362757, 85), (362757, 86), (362757, 87), (362757, 88), (362757, 89), (362757, 90), (362757, 91), (362757, 92), (362757, 93), (362758, 1), (362758, 2), (362758, 3), (362758, 4), (362758, 5), (362758, 6), (362758, 7), (362758, 8), (362758, 9), (362758, 10), (362758, 11), (362758, 12), (362758, 13), (362758, 14), (362758, 15), (362758, 16), (362758, 17), (362758, 18), (362758, 19), (362758, 20), (362758, 21), (362758, 22), (362758, 23), (362758, 24), (362758, 25), (362758, 26), (362758, 27), (362758, 28), (362758, 29), (362758, 30), (362758, 31), (362758, 32), (362758, 33), (362758, 34), (362758, 35), (362758, 36), (362758, 37), (362758, 38), (362758, 39), (362758, 40), (362758, 41), (362758, 42), (362758, 43), (362758, 44), (362758, 45), (362758, 46), (362758, 47), (362758, 48), (362758, 49), (362758, 50), (362758, 51), (362758, 52), (362758, 53), (362758, 54), (362758, 55), (362758, 56), (362758, 57), (362758, 58), (362758, 59), (362758, 60), (362758, 61), (362758, 62), (362758, 63), (362758, 64), (362758, 65), (362758, 66), (362758, 67), (362758, 68), (362758, 69), (362758, 70), (362758, 71), (362758, 72), (362758, 73), (362758, 74), (362758, 75), (362758, 76), (362758, 77), (362758, 78), (362758, 79), (362758, 80), (362758, 81), (362758, 82), (362758, 83), (362758, 84), (362758, 85), (362758, 86), (362758, 87), (362758, 88), (362758, 89), (362758, 90), (362758, 91), (362758, 92), (362758, 93), (362758, 94), (362758, 95), (362758, 96), (362758, 97), (362758, 98), (362758, 99), (362758, 100), (362758, 101), (362758, 102), (362758, 103), (362758, 104), (362758, 105), (362758, 106), (362758, 107), (362758, 108), (362758, 109), (362758, 110), (362758, 111), (362758, 112), (362758, 113), (362758, 114), (362758, 115), (362758, 116), (362758, 117), (362758, 118), (362758, 119), (362758, 120), (362758, 121), (362758, 122), (362758, 123), (362758, 124), (362758, 125), (362758, 126), (362758, 127), (362758, 128), (362758, 129), (362758, 130), (362758, 131), (362758, 132), (362758, 133), (362758, 134), (362758, 135), (362758, 136), (362758, 137), (362758, 138), (362758, 139), (362758, 140), (362758, 141), (362758, 142), (362758, 143), (362758, 144), (362758, 145), (362758, 146), (362758, 147), (362758, 148), (362758, 149), (362758, 150), (362758, 151), (362758, 152), (362758, 153), (362758, 154), (362758, 155), (362758, 156), (362758, 157), (362758, 158), (362758, 159), (362758, 160), (362758, 161), (362758, 162), (362758, 163), (362758, 164), (362758, 165), (362758, 166), (362758, 167), (362758, 168), (362758, 169), (362758, 170), (362758, 171), (362758, 172), (362758, 173), (362758, 174), (362758, 175), (362758, 176), (362758, 177), (362758, 178), (362758, 179), (362758, 180), (362758, 181), (362758, 182), (362758, 183), (362758, 184), (362758, 185), (362758, 186), (362758, 187), (362758, 188), (362758, 189), (362758, 190), (362758, 191), (362758, 192), (362758, 193), (362758, 194), (362758, 195), (362758, 196), (362758, 197), (362758, 198), (362758, 199), (362758, 200), (362758, 201), (362758, 202), (362758, 203), (362758, 204), (362758, 205), (362760, 1), (362760, 2), (362760, 3), (362760, 4), (362760, 5), (362760, 6), (362760, 7), (362760, 8), (362760, 9), (362760, 10), (362760, 11), (362760, 12), (362760, 13), (362760, 14), (362760, 15), (362760, 16), (362760, 17), (362760, 18), (362760, 19), (362760, 20), (362760, 21), (362760, 22), (362760, 23), (362760, 24), (362760, 25), (362760, 26), (362760, 27), (362760, 28), (362760, 29), (362760, 30), (362760, 31), (362760, 32), (362760, 33), (362760, 34), (362760, 35), (362760, 36), (362760, 37), (362760, 38), (362760, 39), (362760, 40), (362760, 41), (362760, 42), (362760, 43), (362760, 44), (362760, 45), (362760, 46), (362760, 47), (362760, 48), (362760, 49), (362760, 50), (362760, 51), (362760, 52), (362760, 53), (362760, 54), (362760, 55), (362760, 56), (362760, 57), (362760, 58), (362760, 59), (362760, 60), (362760, 61), (362760, 62), (362760, 63), (362760, 64), (362760, 65), (362760, 66), (362760, 67), (362760, 68), (362760, 69), (362760, 70), (362760, 71), (362760, 72), (362760, 73), (362760, 74), (362760, 75), (362760, 76), (362760, 77), (362760, 78), (362760, 79), (362760, 80), (362760, 81), (362760, 82), (362760, 83), (362760, 84), (362760, 85), (362760, 86), (362760, 87), (362760, 88), (362760, 89), (362760, 90), (362760, 91), (362760, 92), (362760, 93), (362760, 94), (362760, 95), (362760, 96), (362760, 97), (362760, 98), (362760, 99), (362760, 100), (362760, 101), (362760, 102), (362760, 103), (362760, 104), (362760, 105), (362760, 106), (362760, 107), (362760, 108), (362760, 109), (362760, 110), (362760, 111), (362760, 112), (362760, 113), (362760, 114), (362760, 115), (362760, 116), (362760, 117), (362760, 118), (362760, 119), (362760, 120), (362760, 121), (362760, 122), (362760, 123), (362760, 124), (362760, 125), (362760, 126), (362760, 127), (362760, 128), (362760, 129), (362760, 130), (362760, 131), (362760, 132), (362760, 133), (362760, 134), (362760, 135), (362760, 136), (362760, 137), (362760, 138), (362760, 139), (362760, 140), (362760, 141), (362760, 142), (362760, 143), (362760, 144), (362760, 145), (362760, 146), (362760, 147), (362760, 148), (362760, 149), (362760, 150), (362760, 151), (362760, 152), (362760, 153), (362760, 154), (362760, 155), (362760, 156), (362760, 157), (362760, 158), (362760, 159), (362760, 160), (362760, 161), (362760, 162), (362760, 163), (362760, 164), (362760, 165), (362760, 166), (362760, 167), (362760, 168), (362760, 169), (362760, 170), (362760, 171), (362760, 172), (362760, 173), (362760, 174), (362760, 175), (362760, 176), (362760, 177), (362760, 178), (362760, 179), (362760, 180), (362760, 181), (362760, 182), (362760, 183), (362760, 184), (362760, 185), (362760, 186), (362760, 187), (362760, 188), (362760, 189), (362760, 190), (362760, 191), (362760, 192), (362760, 193), (362760, 194), (362760, 195), (362760, 196), (362760, 197), (362760, 198), (362760, 199), (362760, 200), (362760, 201), (362760, 202), (362760, 203), (362760, 204), (362760, 205), (362760, 206), (362760, 207), (362760, 208), (362760, 209), (362760, 210), (362760, 211), (362760, 212), (362760, 213), (362760, 214), (362760, 215), (362760, 216), (362760, 217), (362760, 218), (362760, 219), (362760, 220), (362760, 221), (362760, 222), (362760, 223), (362760, 224), (362760, 225), (362760, 226), (362760, 227), (362760, 228), (362760, 229), (362760, 230), (362760, 231), (362760, 232), (362760, 233), (362760, 234), (362760, 235), (362760, 236), (362760, 237), (362760, 238), (362760, 239), (362760, 240), (362760, 241), (362760, 242), (362760, 243), (362760, 244), (362760, 245), (362760, 246), (362760, 247), (362760, 248), (362760, 249), (362760, 250), (362760, 251), (362760, 252), (362760, 253), (362760, 254), (362760, 255), (362760, 256), (362760, 257), (362760, 258), (362760, 259), (362760, 260), (362760, 261), (362760, 262), (362760, 263), (362760, 264), (362760, 265), (362760, 266), (362760, 267), (362760, 268), (362760, 269), (362760, 270), (362760, 271), (362760, 272), (362760, 273), (362760, 274), (362760, 275), (362760, 276), (362760, 277), (362760, 278), (362760, 279), (362760, 280), (362760, 281), (362760, 282), (362760, 283), (362760, 284), (362760, 285), (362760, 286), (362760, 287), (362760, 288), (362760, 289), (362760, 290), (362760, 291), (362760, 292), (362760, 293), (362760, 294), (362760, 295), (362760, 296), (362760, 297), (362760, 298), (362760, 299), (362760, 300), (362760, 301), (362760, 302), (362760, 303), (362760, 304), (362760, 305), (362760, 306), (362760, 307), (362760, 308), (362760, 309), (362760, 310), (362760, 311), (362760, 312), (362760, 313), (362760, 314), (362760, 315), (362760, 316), (362760, 317), (362760, 318), (362760, 319), (362760, 320), (362760, 321), (362760, 322), (362760, 323), (362760, 324), (362760, 325), (362760, 326), (362760, 327), (362760, 328), (362760, 329), (362760, 330), (362760, 331), (362760, 332), (362760, 333), (362760, 334), (362760, 335), (362760, 336), (362760, 337), (362760, 338), (362760, 339), (362760, 340), (362760, 341), (362760, 342), (362760, 343), (362760, 344), (362760, 345), (362760, 346), (362760, 347), (362760, 348), (362760, 349), (362760, 350), (362760, 351), (362760, 352), (362760, 353), (362760, 354), (362760, 355), (362760, 356), (362760, 357), (362760, 358), (362760, 359), (362760, 360), (362760, 361), (362760, 362), (362760, 363), (362760, 364), (362760, 365), (362760, 366), (362760, 367), (362760, 368), (362760, 369), (362760, 370), (362760, 371), (362760, 372), (362760, 373), (362760, 374), (362760, 375), (362760, 376), (362760, 377), (362760, 378), (362760, 379), (362760, 380), (362760, 381), (362760, 382), (362760, 383), (362760, 384), (362760, 385), (362760, 386), (362760, 387), (362760, 388), (362760, 389), (362760, 390), (362760, 391), (362760, 392), (362760, 393), (362760, 394), (362760, 395), (362760, 396), (362760, 397), (362760, 398), (362760, 399), (362760, 400), (362760, 401), (362760, 402), (362760, 403), (362760, 404), (362760, 405), (362760, 406), (362760, 407), (362760, 408), (362760, 409), (362760, 410), (362760, 411), (362760, 412), (362760, 413), (362760, 414), (362760, 415), (362760, 416), (362760, 417), (362760, 418), (362760, 419), (362760, 420), (362760, 421), (362760, 422), (362760, 423), (362760, 424), (362760, 425), (362760, 426), (362760, 427), (362760, 428), (362760, 429), (362760, 430), (362760, 431), (362760, 432), (362760, 433), (362760, 434), (362760, 435), (362760, 436), (362760, 437), (362760, 438), (362760, 439), (362760, 440), (362760, 441), (362760, 442), (362760, 443), (362760, 444), (362760, 445), (362760, 446), (362760, 447), (362760, 448), (362760, 449), (362760, 450), (362760, 451), (362760, 452), (362760, 453), (362760, 454), (362760, 455), (362760, 456), (362760, 457), (362760, 458), (362760, 459), (362760, 460), (362760, 461), (362760, 462), (362760, 463), (362760, 464), (362760, 465), (362760, 466), (362760, 467), (362760, 468), (362760, 469), (362760, 470), (362760, 471), (362760, 472), (362760, 473), (362760, 474), (362760, 475), (362760, 476), (362760, 477), (362760, 478), (362760, 479), (362760, 480), (362760, 481), (362760, 482), (362760, 483), (362760, 484), (362760, 485), (362760, 486), (362760, 487), (362760, 488), (362760, 489), (362760, 490), (362760, 491), (362760, 492), (362760, 493), (362760, 494), (362760, 495), (362760, 496), (362760, 497), (362760, 498), (362760, 499), (362760, 500), (362760, 501), (362760, 502), (362760, 503), (362760, 504), (362760, 505), (362760, 506), (362760, 507), (362760, 508), (362760, 509), (362760, 510), (362760, 511), (362760, 512), (362760, 513), (362760, 514), (362760, 515), (362760, 516), (362760, 517), (362760, 518), (362760, 519), (362760, 520), (362760, 521), (362760, 522), (362760, 523), (362760, 524), (362760, 525), (362760, 526), (362760, 527), (362760, 528), (362760, 529), (362760, 530), (362760, 531), (362760, 532), (362760, 533), (362760, 534), (362760, 535), (362760, 536), (362760, 537), (362760, 538), (362760, 539), (362760, 540), (362760, 541), (362760, 542), (362760, 543), (362760, 544), (362760, 545), (362760, 546), (362760, 547), (362760, 548), (362760, 549), (362760, 550), (362760, 551), (362760, 552), (362760, 553), (362760, 554), (362760, 555), (362760, 556), (362760, 557), (362760, 558), (362760, 559), (362760, 560), (362760, 561), (362760, 562), (362760, 563), (362760, 564), (362760, 565), (362760, 566), (362760, 567), (362760, 568), (362760, 569), (362760, 570), (362760, 571), (362760, 572), (362760, 573), (362760, 574), (362760, 575), (362760, 576), (362760, 577), (362760, 578), (362760, 579), (362760, 580), (362760, 581), (362760, 582), (362760, 583), (362760, 584), (362760, 585), (362760, 586), (362760, 587), (362760, 588), (362760, 589), (362760, 590), (362760, 591), (362760, 592), (362760, 593), (362760, 594), (362760, 595), (362760, 596), (362760, 597), (362760, 598), (362760, 599), (362760, 600), (362760, 601), (362760, 602), (362760, 603), (362760, 604), (362760, 605), (362760, 606), (362760, 607), (362760, 608), (362760, 609), (362760, 610), (362760, 611), (362760, 612), (362760, 613), (362760, 614), (362760, 615), (362760, 616), (362760, 617), (362760, 618), (362760, 619), (362760, 620), (362760, 621), (362760, 622), (362760, 623), (362760, 624), (362760, 625), (362760, 626), (362760, 627), (362760, 628), (362760, 629), (362760, 630), (362760, 631), (362760, 632), (362760, 633), (362760, 634), (362760, 635), (362760, 636), (362760, 637), (362760, 638), (362760, 639), (362760, 640), (362760, 641), (362760, 642), (362760, 643), (362760, 644), (362760, 645), (362760, 646), (362760, 647), (362760, 648), (362760, 649), (362760, 650), (362760, 651), (362760, 652), (362760, 653), (362760, 654), (362760, 655), (362760, 656), (362760, 657), (362760, 658), (362760, 659), (362760, 660), (362760, 661), (362760, 662), (362760, 663), (362760, 664), (362760, 665), (362760, 666), (362760, 667), (362760, 668), (362760, 669), (362760, 670), (362760, 671), (362760, 672), (362760, 673), (362760, 674), (362760, 675), (362760, 676), (362760, 677), (362760, 678), (362760, 679), (362760, 680), (362760, 681), (362760, 682), (362760, 683), (362760, 684), (362760, 685), (362760, 686), (362760, 687), (362760, 688), (362760, 689), (362760, 690), (362760, 691), (362760, 692), (362760, 693), (362760, 694), (362760, 695), (362760, 696), (362760, 697), (362760, 698), (362760, 699), (362760, 700), (362760, 701), (362760, 702), (362760, 703), (362760, 704), (362760, 705), (362760, 706), (362760, 707), (362760, 708), (362760, 709), (362760, 710), (362760, 711), (362760, 712), (362760, 713), (362760, 714), (362760, 715), (362760, 716), (362760, 717), (362760, 718), (362760, 719), (362760, 720), (362760, 721), (362760, 722), (362760, 723), (362760, 724), (362760, 725), (362760, 726), (362760, 727), (362760, 728)]
