#Data tag : 24v2 , Norm tag: composite
+-------------+-------------------+------+------+----------------+---------------+
| run:fill    | time              | nls  | ncms | delivered(/pb) | recorded(/pb) |
+-------------+-------------------+------+------+----------------+---------------+
| 369927:9016 | 07/01/23 12:26:50 | 340  | 340  | 3.269543091    | 3.221414222   |
| 369943:9017 | 07/01/23 19:31:57 | 384  | 384  | 30.001757413   | 29.335067702  |
| 369956:9019 | 07/02/23 03:24:03 | 1040 | 1040 | 90.407079271   | 88.190012115  |
| 369978:9022 | 07/02/23 16:21:51 | 782  | 782  | 173.255778269  | 166.788109311 |
| 369998:9023 | 07/03/23 00:31:01 | 179  | 179  | 59.800183716   | 55.217949794  |
| 369999:9023 | 07/03/23 01:42:38 | 41   | 41   | 16.304278227   | 14.803330960  |
| 370093:9029 | 07/03/23 23:52:21 | 450  | 450  | 159.620851784  | 152.450114553 |
| 370097:9029 | 07/04/23 05:14:28 | 356  | 356  | 136.677959624  | 129.227887817 |
| 370102:9029 | 07/04/23 07:48:17 | 762  | 762  | 212.587140932  | 205.006851006 |
| 370129:9031 | 07/04/23 16:57:20 | 510  | 510  | 215.042495540  | 205.785124461 |
| 370144:9031 | 07/04/23 21:36:05 | 1328 | 1328 | 406.429161340  | 391.834686491 |
| 370169:9035 | 07/05/23 11:04:40 | 1294 | 1294 | 527.435451208  | 494.995185776 |
| 370172:9035 | 07/05/23 21:07:28 | 300  | 300  | 80.313009094   | 75.691765406  |
| 370175:9036 | 07/06/23 01:38:22 | 1690 | 1690 | 717.992657446  | 684.128026530 |
| 370293:9043 | 07/07/23 11:09:51 | 1580 | 1580 | 683.748823733  | 651.227916827 |
| 370294:9043 | 07/07/23 21:26:42 | 668  | 668  | 182.662594037  | 176.074950333 |
| 370300:9044 | 07/08/23 04:08:22 | 962  | 962  | 444.691353949  | 423.261188939 |
| 370304:9044 | 07/08/23 10:50:38 | 327  | 327  | 126.850789170  | 120.790984890 |
| 370307:9044 | 07/08/23 13:04:05 | 708  | 708  | 211.223913617  | 203.834408156 |
| 370321:9045 | 07/08/23 19:41:08 | 14   | 14   | 1.884129035    | 1.703717161   |
| 370332:9045 | 07/08/23 20:20:38 | 1966 | 1966 | 753.888358742  | 717.563154124 |
| 370340:9046 | 07/09/23 10:57:13 | 756  | 756  | 352.769857373  | 334.021262488 |
| 370354:9049 | 07/09/23 19:08:47 | 278  | 278  | 118.085439943  | 113.435716395 |
| 370357:9049 | 07/09/23 22:29:47 | 801  | 801  | 336.665164996  | 323.184998279 |
| 370406:9050 | 07/10/23 12:29:29 | 825  | 825  | 372.652097073  | 354.597935634 |
| 370436:9050 | 07/10/23 17:55:30 | 31   | 31   | 11.444544351   | 10.621807666  |
| 370460:9055 | 07/11/23 03:20:19 | 116  | 116  | 34.561000009   | 33.210161278  |
| 370472:9056 | 07/11/23 07:22:18 | 42   | 42   | 9.908432855    | 9.771441646   |
| 370497:9057 | 07/11/23 09:38:34 | 1429 | 1429 | 607.734226488  | 578.802382031 |
| 370522:9059 | 07/11/23 23:55:53 | 322  | 322  | 140.253049654  | 133.665493899 |
| 370560:9062 | 07/12/23 12:37:34 | 348  | 348  | 153.174142327  | 146.562416899 |
| 370579:9063 | 07/12/23 17:39:39 | 85   | 85   | 25.707279320   | 24.655761792  |
| 370580:9063 | 07/12/23 18:17:16 | 2875 | 2875 | 966.659310293  | 920.510303027 |
| 370667:9066 | 07/14/23 08:10:37 | 101  | 101  | 40.469781588   | 37.785902591  |
| 370717:9067 | 07/15/23 01:10:34 | 119  | 119  | 38.234666515   | 36.525275762  |
| 370725:9068 | 07/15/23 05:13:53 | 407  | 407  | 181.296098676  | 171.396103777 |
| 370749:9070 | 07/15/23 17:21:13 | 1484 | 1484 | 658.664011973  | 627.330375797 |
| 370753:9070 | 07/16/23 03:18:43 | 249  | 249  | 77.767344830   | 75.000827747  |
| 370772:9072 | 07/16/23 07:59:39 | 1219 | 1219 | 572.692406768  | 544.246337975 |
| 370774:9072 | 07/16/23 16:07:34 | 159  | 159  | 61.213218839   | 56.310573212  |
| 370775:9072 | 07/16/23 17:11:41 | 168  | 168  | 58.824514240   | 54.542550730  |
| 370776:9072 | 07/16/23 18:19:32 | 326  | 326  | 100.211497774  | 96.389143956  |
| 370790:9073 | 07/16/23 22:51:10 | 23   | 23   | 3.441681680    | 3.039346565   |
+-------------+-------------------+------+------+----------------+---------------+
#Summary: 
+-------+------+-------+-------+-------------------+------------------+
| nfill | nrun | nls   | ncms  | totdelivered(/pb) | totrecorded(/pb) |
+-------+------+-------+-------+-------------------+------------------+
| 27    | 43   | 27844 | 27844 | 10156.517076802   | 9676.737965721   |
+-------+------+-------+-------+-------------------+------------------+
#Check JSON:
#(run,ls) in json but not in results: [(368765, 1), (368765, 2), (368765, 3), (368765, 4), (368765, 5), (368765, 6), (368765, 7), (368765, 8), (368765, 9), (368765, 10), (368765, 11), (368765, 12), (368765, 13), (368765, 14), (368765, 15), (368765, 16), (368765, 17), (368765, 18), (368765, 19), (368765, 20), (368765, 21), (368765, 22), (368765, 23), (368765, 24), (368765, 25), (368765, 26), (368765, 27), (368765, 28), (368765, 29), (368765, 30), (368765, 31), (368765, 32), (368765, 33), (368765, 34), (368765, 35), (368765, 36), (368765, 37), (368765, 38), (368765, 39), (368765, 40), (368765, 41), (368765, 42), (368765, 43), (368765, 44), (368765, 45), (368765, 46), (368765, 47), (368765, 48), (368765, 49), (368765, 50), (368765, 51), (368765, 52), (368765, 53), (368765, 54), (368765, 55), (368765, 56), (368765, 57), (368765, 58), (368765, 59), (368765, 60), (368765, 61), (368765, 62), (368765, 63), (368765, 64), (368765, 65), (368765, 66), (368765, 67), (368765, 68), (368765, 69), (368765, 70), (368765, 71), (368765, 72), (368765, 73), (368765, 74), (368765, 75), (368765, 76), (368765, 77), (368765, 78), (368765, 79), (368765, 80), (368765, 81), (368765, 82), (368765, 83), (368765, 84), (368765, 85), (368765, 86), (368765, 87), (368765, 88), (368765, 89), (368765, 90), (368765, 91), (368765, 92), (368765, 93), (368765, 94), (368765, 95), (368765, 96), (368765, 97), (368765, 98), (368765, 99), (368765, 100), (368765, 101), (368765, 102), (368765, 103), (368765, 104), (368765, 105), (368765, 106), (368765, 107), (368765, 108), (368765, 109), (368765, 110), (368765, 111), (368765, 112), (368765, 113), (368765, 114), (368765, 115), (368765, 116), (368765, 117), (368765, 118), (368765, 119), (368765, 120), (368765, 121), (368765, 122), (368765, 123), (368765, 124), (368765, 125), (368765, 126), (368765, 127), (368765, 128), (368765, 129), (368765, 130), (368765, 131), (368765, 132), (368765, 133), (368765, 134), (368765, 135), (368765, 136), (368765, 137), (368765, 138), (368765, 139), (368765, 140), (368765, 141), (368765, 142), (368765, 143), (368765, 144), (368765, 145), (368765, 146), (368765, 147), (368765, 148), (368765, 149), (368765, 150), (368765, 151), (368765, 152), (368765, 153), (368765, 154), (368765, 155), (368765, 156), (368765, 157), (368765, 158), (368765, 159), (368765, 160), (368765, 161), (368765, 162), (368765, 163), (368765, 164), (368765, 165), (368765, 166), (368765, 167), (368765, 168), (368765, 169), (368765, 170), (368765, 171), (368765, 172), (368765, 173), (368765, 174), (368765, 175), (368765, 176), (368765, 177), (368765, 178), (368765, 179), (368765, 180), (368765, 181), (368765, 182), (368765, 183), (368765, 184), (368765, 185), (368765, 186), (368765, 187), (368765, 188), (368765, 189), (368765, 190), (368765, 191), (368765, 192), (368765, 193), (368765, 194), (368765, 195), (368765, 196), (368765, 197), (368765, 198), (368765, 199), (368765, 200), (368765, 201), (368765, 202), (368765, 203), (368765, 204), (368765, 205), (368765, 206), (368765, 207), (368765, 208), (368765, 209), (368765, 210), (368765, 211), (368765, 212), (368765, 213), (368765, 214), (368765, 215), (368765, 216), (368765, 217), (368765, 218), (368765, 219), (368765, 220), (368765, 221), (368765, 222), (368765, 223), (368765, 224), (368765, 225), (368765, 226), (368765, 227), (368765, 228), (368765, 229), (368765, 230), (368765, 231), (368765, 232), (368765, 233), (368765, 234), (368765, 235), (368765, 236), (368765, 237), (368765, 238), (368765, 239), (368765, 240), (368765, 241), (368765, 242), (368765, 243), (368765, 244), (368765, 245), (368765, 246), (368765, 247), (368765, 248), (368765, 249), (368765, 250), (368765, 251), (368765, 252), (368765, 253), (368765, 254), (368765, 255), (368765, 256), (368765, 257), (368765, 258), (368765, 259), (368765, 260), (368765, 261), (368765, 262), (368765, 263), (368765, 264), (368765, 265), (368765, 266), (368765, 267), (368765, 268), (368765, 269), (368765, 270), (368765, 271), (368765, 272), (368765, 273), (368765, 274), (368765, 275), (368765, 276), (368765, 277), (368765, 278), (368765, 279), (368765, 280), (368765, 281), (368765, 282), (368765, 283), (368765, 284), (368765, 285), (368765, 286), (368765, 287), (368765, 288), (368765, 289), (368765, 290), (368765, 291), (368765, 292), (368765, 293), (368765, 294), (368765, 295), (368765, 296), (368765, 297), (368765, 298), (368765, 299), (368765, 300), (368765, 301), (368765, 302), (368765, 303), (368765, 304), (368765, 305), (368765, 306), (368765, 307), (368765, 308), (368765, 309), (368765, 310), (368765, 311), (368765, 312), (368765, 313), (368765, 314), (368765, 315), (368765, 316), (368765, 317), (368765, 318), (368765, 319), (368765, 320), (368765, 321), (368765, 322), (368765, 323), (368765, 324), (368765, 325), (368765, 326), (368765, 327), (368765, 328), (368765, 329), (368765, 330), (368765, 331), (368765, 332), (368765, 333), (368765, 334), (368765, 335), (368765, 336), (368765, 337), (368765, 338), (368765, 339), (368765, 340), (368765, 341), (368765, 342), (368765, 343), (368765, 344), (368765, 345), (368765, 346), (368765, 347), (368765, 348), (368765, 349), (368765, 350), (368765, 351), (368765, 352), (368765, 353), (368765, 354), (368765, 355), (368765, 356), (368765, 357), (368765, 358), (368765, 359), (368765, 360), (368765, 361), (368765, 362), (368765, 363), (368765, 364), (368765, 365), (368765, 366), (368765, 367), (368765, 368), (368765, 369), (368765, 370), (368765, 371), (368765, 372), (368765, 373), (368765, 374), (368765, 375), (368765, 376), (368765, 377), (368765, 378), (368765, 379), (368765, 380), (368765, 381), (368765, 382), (368765, 383), (368765, 384), (368765, 385), (368765, 386), (368765, 387), (368765, 388), (368765, 389), (368765, 390), (368765, 391), (368765, 392), (368765, 393), (368765, 394), (368765, 395), (368765, 396), (368765, 397), (368765, 398), (368765, 399), (368765, 400), (368765, 401), (368765, 402), (368765, 403), (368765, 404), (368765, 405), (368765, 406), (368765, 407), (368765, 408), (368765, 409), (368765, 410), (368765, 411), (368765, 412), (368765, 413), (368765, 414), (368765, 415), (368765, 416), (368765, 417), (368765, 418), (368765, 419), (368765, 420), (368765, 421), (368765, 422), (368765, 423), (368765, 424), (368765, 425), (368765, 426), (368765, 427), (368765, 428), (368765, 429), (368765, 430), (368765, 431), (368765, 432), (368765, 433), (368765, 434), (368765, 435), (368765, 436), (368765, 437), (368765, 438), (368765, 439), (368765, 440), (368765, 441), (368765, 442), (368765, 443), (368765, 444), (368765, 445), (368765, 446), (368765, 447), (368765, 448), (368765, 449), (368765, 450), (368765, 451), (368765, 452), (368765, 453), (368765, 454), (368765, 455), (368765, 456), (368765, 457), (368765, 458), (368765, 459), (368765, 460), (368765, 461), (368765, 462), (368765, 463), (368765, 464), (368765, 465), (368765, 466), (368765, 467), (368765, 468), (368765, 469), (368765, 470), (368765, 471), (368765, 472), (368765, 473), (368765, 474), (368765, 475), (368765, 476), (368765, 477), (368765, 478), (368765, 479), (368765, 480), (368765, 481), (368765, 482), (368765, 483), (368765, 484), (368765, 485), (368765, 486), (368765, 487), (368765, 488), (368765, 489), (368765, 490), (368765, 491), (368765, 492), (368765, 493), (368765, 494), (368765, 495), (368765, 496), (368765, 497), (368765, 498), (368765, 499), (368765, 500), (368765, 501), (368765, 502), (368765, 503), (368765, 504), (368765, 505), (368765, 506), (368765, 507), (368765, 508), (368765, 509), (368765, 510), (368765, 511), (368765, 512), (368765, 513), (368765, 514), (368765, 515), (368765, 516), (368765, 517), (368765, 518), (368765, 519), (368765, 520), (368765, 521), (368765, 522), (368765, 523), (368765, 524), (368765, 525), (368765, 526), (368765, 527), (368765, 528), (368765, 529), (368765, 530), (368765, 531), (368765, 532), (368765, 533), (368765, 534), (368765, 535), (368765, 536), (368765, 537), (368765, 538), (368765, 539), (368765, 540), (368765, 541), (368765, 542), (368765, 543), (368765, 544), (368765, 545), (368765, 546), (368765, 547), (368765, 548), (368765, 549), (368765, 550), (368765, 551), (368765, 552), (368765, 553), (368765, 554), (368765, 555), (368765, 556), (368765, 557), (368765, 558), (368765, 559), (368765, 560), (368765, 561), (368765, 562), (368765, 563), (368765, 564), (368765, 565), (368765, 566), (368765, 567), (368765, 568), (368765, 569), (368765, 570), (368765, 571), (368765, 572), (368765, 573), (368765, 574), (368765, 575), (368765, 576), (368765, 577), (368765, 578), (368765, 579), (368765, 580), (368765, 581), (368765, 582), (368765, 583), (368765, 584), (368765, 585), (368765, 586), (368765, 587), (368765, 588), (368765, 589), (368765, 590), (368765, 591), (368765, 592), (368765, 593), (368765, 594), (368765, 595), (368765, 596), (368765, 597), (368765, 598), (368765, 599), (368765, 600), (368765, 601), (368765, 602), (368765, 603), (368765, 604), (368765, 605), (368765, 606), (368765, 607), (368765, 608), (368765, 609), (368765, 610), (368765, 611), (368765, 612), (368765, 613), (368765, 614), (368765, 615), (368765, 616), (368765, 617), (368765, 618), (368765, 619), (368765, 620), (368765, 621), (368765, 622), (368765, 623), (368765, 624), (368765, 625), (368765, 626), (368765, 627), (368765, 628), (368765, 629), (368765, 630), (368765, 631), (368765, 632), (368765, 633), (368765, 634), (368765, 635), (368765, 636), (368765, 637), (368765, 638), (368765, 639), (368765, 640), (368765, 641), (368765, 642), (368765, 643), (368765, 644), (368765, 645), (368765, 646), (368765, 647), (368765, 648), (368765, 649), (368765, 650), (368765, 651), (368765, 652), (368765, 653), (368765, 654), (368765, 655), (368765, 656), (368765, 657), (368765, 658), (368765, 659), (368765, 660), (368765, 661), (368765, 662), (368765, 663), (368765, 664), (368765, 665), (368765, 666), (368765, 667), (368765, 668), (368765, 669), (368765, 670), (368765, 671), (368765, 672), (368765, 673), (368765, 674), (368765, 675), (368765, 676), (368765, 677), (368765, 678), (368765, 679), (368765, 680), (368765, 681), (368765, 682), (368765, 683), (368765, 684), (368765, 685), (368765, 686), (368765, 687), (368765, 688), (368765, 689), (368765, 690), (368765, 691), (368765, 692), (368765, 693), (368765, 694), (368765, 695), (368765, 696), (368765, 697), (368765, 698), (368765, 699), (368765, 700), (368765, 701), (368765, 702), (368765, 703), (368765, 704), (368765, 705), (368765, 706), (368765, 707), (368765, 708), (368765, 709), (368765, 710), (368765, 711), (368765, 712), (368765, 713), (368765, 714), (368765, 715), (368765, 716), (368765, 717), (368765, 718), (368765, 719), (368765, 720), (368765, 721), (368765, 722), (368765, 723), (368765, 724), (368765, 725), (368765, 726), (368765, 727), (368765, 728), (368765, 729), (368765, 730), (368765, 731), (368765, 732), (368765, 733), (368765, 734), (368765, 735), (368765, 736), (368765, 737), (368765, 738), (368765, 739), (368765, 740), (368765, 741), (368765, 742), (368765, 743), (368765, 744), (368765, 745), (368765, 746), (368765, 747), (368765, 748), (368765, 749), (368765, 750), (368765, 751), (368765, 752), (368765, 753), (368765, 754), (368765, 755), (368765, 756), (368765, 757), (368765, 758), (368765, 759), (368765, 760), (368765, 761), (368765, 762), (368765, 763), (368765, 764), (368765, 765), (368765, 766), (368765, 767), (368765, 768), (368765, 769), (368765, 770), (368765, 771), (368765, 772), (368765, 773), (368765, 774), (368765, 775), (368765, 776), (368765, 777), (368765, 778), (368765, 779), (368765, 780), (368765, 781), (368765, 782), (368765, 783), (368765, 784), (368765, 785), (368765, 786), (368765, 787), (368765, 788), (368765, 789), (368765, 790), (368765, 791), (368765, 792), (368765, 793), (368765, 794), (368765, 795), (368765, 796), (368765, 797), (368765, 798), (368765, 799), (368765, 800), (368765, 801), (368765, 802), (368765, 803), (368765, 804), (368765, 805), (368765, 806), (368765, 807), (368765, 808), (368765, 809), (368765, 810), (368765, 811), (368765, 812), (368765, 813), (368765, 814), (368765, 815), (368765, 816), (368765, 817), (368765, 818), (368765, 819), (368765, 820), (368765, 821), (368765, 822), (368765, 823), (368765, 824), (368765, 825), (368765, 826), (368765, 827), (368765, 828), (368765, 829), (368765, 830), (368765, 831), (368765, 832), (368765, 833), (368765, 834), (368765, 835), (368765, 836), (368765, 837), (368765, 838), (368765, 839), (368765, 840), (368765, 841), (368765, 842), (368765, 843), (368765, 844), (368765, 845), (368765, 846), (368765, 847), (368765, 848), (368765, 849), (368765, 850), (368765, 851), (368765, 852), (368765, 853), (368765, 854), (368765, 855), (368765, 856), (368765, 857), (368765, 858), (368765, 859), (368765, 860), (368765, 861), (368765, 862), (368765, 863), (368765, 864), (368765, 865), (368765, 866), (368765, 867), (368765, 868), (368765, 869), (368765, 870), (368765, 871), (368765, 872), (368765, 873), (368765, 874), (368765, 875), (368765, 876), (368765, 877), (368765, 878), (368765, 879), (368765, 880), (368765, 881), (368765, 882), (368765, 883), (368765, 884), (368765, 885), (368765, 886), (368765, 887), (368765, 888), (368765, 889), (368765, 890), (368765, 891), (368765, 892), (368765, 893), (368765, 894), (368765, 895), (368765, 896), (368765, 897), (368765, 898), (368765, 899), (368765, 900), (368765, 901), (368765, 902), (368765, 903), (368765, 904), (368765, 905), (368765, 906), (368765, 907), (368765, 908), (368765, 909), (368765, 910), (368765, 911), (368765, 912), (368765, 913), (368765, 914), (368765, 915), (368765, 916), (368765, 917), (368765, 918), (368765, 919), (368765, 920), (368765, 921), (368765, 922), (368765, 923), (368765, 924), (368765, 925), (368765, 926), (368765, 927), (368765, 928), (368765, 929), (368765, 930), (368765, 931), (368765, 932), (368765, 933), (368765, 934), (368765, 935), (368765, 936), (368765, 937), (368765, 938), (368765, 939), (368765, 940), (368765, 941), (368765, 942), (368765, 943), (368765, 944), (368765, 945), (368765, 946), (368765, 947), (368765, 948), (368765, 949), (368765, 950), (368765, 951), (368765, 952), (368765, 953), (368765, 954), (368765, 955), (368765, 956), (368765, 957), (368765, 958), (368765, 959), (368765, 960), (368765, 961), (368765, 962), (368765, 963), (368765, 964), (368765, 965), (368765, 966), (368765, 967), (368765, 968), (368765, 969), (368765, 970), (368765, 971), (368765, 972), (368765, 973), (368765, 974), (368765, 975), (368765, 976), (368765, 977), (368765, 978), (368765, 979), (368765, 980), (368765, 981), (368765, 982), (368765, 983), (368765, 984), (368765, 985), (368765, 986), (368765, 987), (368765, 988), (368765, 989), (368765, 990), (368765, 991), (368765, 992), (368765, 993), (368765, 994), (368765, 995), (368765, 996), (368765, 997), (368765, 998), (368765, 999), (368765, 1000), (368765, 1001), (368765, 1002), (368765, 1003), (368765, 1004), (368765, 1005), (368765, 1006), (368765, 1007), (368765, 1008), (368765, 1009), (368765, 1010), (368765, 1011), (368765, 1012), (368765, 1013), (368765, 1014), (368765, 1015), (368765, 1016), (368765, 1017), (368765, 1018), (368765, 1019), (368765, 1020), (368765, 1021), (368765, 1022), (368765, 1023), (368765, 1024), (368765, 1025), (368765, 1026), (368765, 1027), (368765, 1028), (368765, 1029), (368765, 1030), (368765, 1031), (368765, 1032), (368765, 1033), (368765, 1034), (368765, 1035), (368765, 1036), (368765, 1037), (368765, 1038), (368765, 1039), (368765, 1040), (368765, 1041), (368765, 1042), (368765, 1043), (368765, 1044), (368765, 1045), (368765, 1046), (368765, 1047), (368765, 1048), (368765, 1049), (368765, 1050), (368765, 1051), (368765, 1052), (368765, 1053), (368765, 1054), (368765, 1055), (368765, 1056), (368765, 1057), (368765, 1058), (368765, 1059), (368765, 1060), (368765, 1061), (368765, 1062), (368765, 1063), (368765, 1064), (368765, 1065), (368765, 1066), (368765, 1067), (368765, 1068), (368765, 1069), (368765, 1070), (368765, 1071), (368765, 1072), (368765, 1073), (368765, 1074), (368765, 1075), (368765, 1076), (368765, 1077), (368765, 1078), (368765, 1079), (368765, 1080), (368765, 1081), (368765, 1082), (368765, 1083), (368765, 1084), (368765, 1085), (368765, 1086), (368765, 1087), (368765, 1088), (368765, 1089), (368765, 1090), (368765, 1091), (368765, 1092), (368765, 1093), (368765, 1094), (368765, 1095), (368765, 1096), (368765, 1097), (368765, 1098), (368765, 1099), (368765, 1100), (368765, 1101), (368765, 1102), (368765, 1103), (368765, 1104), (368765, 1105), (368765, 1106), (368765, 1107), (368765, 1108), (368765, 1109), (368765, 1110), (368765, 1111), (368765, 1112), (368765, 1113), (368765, 1114), (368765, 1115), (368765, 1116), (368765, 1117), (368765, 1118), (368765, 1119), (368765, 1120), (368765, 1121), (368765, 1122), (368765, 1123), (368765, 1124), (368765, 1125), (368765, 1126), (368765, 1127), (368765, 1128), (368765, 1129), (368765, 1130), (368765, 1131), (368765, 1132), (368765, 1133), (368765, 1134), (368765, 1135), (368765, 1136), (368765, 1137), (368765, 1138), (368765, 1139), (368765, 1140), (368765, 1141), (368765, 1142), (368765, 1143), (368765, 1144), (368765, 1145), (368765, 1146), (368765, 1147), (368765, 1148), (368765, 1149), (368765, 1150), (368765, 1151), (368765, 1152), (368765, 1153), (368765, 1154), (368765, 1155), (368765, 1156), (368765, 1157), (368765, 1158), (368765, 1159), (368765, 1160), (368765, 1161), (368765, 1162), (368765, 1163), (368765, 1164), (368765, 1165), (368765, 1166), (368765, 1167), (368765, 1168), (368765, 1169), (368765, 1170), (368765, 1171), (368765, 1172), (368765, 1173), (368765, 1174), (368765, 1175), (368765, 1176), (368765, 1177), (368765, 1178), (368765, 1179), (368765, 1180), (368765, 1181), (368765, 1182), (368765, 1183), (368765, 1184), (368765, 1185), (368765, 1186), (368765, 1187), (368765, 1188), (368765, 1189), (368765, 1190), (368765, 1191), (368765, 1192), (368765, 1193), (368765, 1194), (368765, 1195), (368765, 1196), (368765, 1197), (368765, 1198), (368765, 1199), (368765, 1200), (368765, 1201), (368765, 1202), (368765, 1203), (368765, 1204), (368765, 1205), (368765, 1206), (368765, 1207), (368765, 1208), (368765, 1209), (368765, 1210), (368765, 1211), (368765, 1212), (368765, 1213), (368765, 1214), (368765, 1215), (368765, 1216), (368765, 1217), (368765, 1218), (368765, 1219), (368765, 1220), (368765, 1221), (368765, 1222), (368765, 1223), (368765, 1224), (368765, 1225), (368765, 1226), (368765, 1227), (368765, 1228), (368765, 1229), (368765, 1230), (368765, 1231), (368765, 1232), (368765, 1233), (368765, 1234), (368765, 1235), (368765, 1236), (368765, 1237), (368765, 1238), (368765, 1239), (368765, 1240), (368765, 1241), (368765, 1242), (368765, 1243), (368765, 1244), (368765, 1245), (368765, 1246), (368765, 1247), (368765, 1248), (368765, 1249), (368765, 1250), (368765, 1251), (368765, 1252), (368765, 1253), (368765, 1254), (368765, 1255), (368765, 1256), (368765, 1257), (368765, 1258), (368765, 1259), (368765, 1260), (368765, 1261), (368765, 1262), (368765, 1263), (368765, 1264), (368765, 1265), (368765, 1266), (368765, 1267), (368765, 1268), (368765, 1269), (368765, 1270), (368765, 1271), (368765, 1272), (368765, 1273), (368765, 1274), (368765, 1275), (368765, 1276), (368765, 1277), (368765, 1278), (368765, 1279), (368765, 1280), (368765, 1281), (368765, 1282), (368765, 1283), (368765, 1284), (368765, 1285), (368765, 1286), (368765, 1287), (368765, 1288), (368765, 1289), (368765, 1290), (368765, 1291), (368765, 1292), (368765, 1293), (368765, 1294), (368765, 1295), (368765, 1296), (368765, 1297), (368765, 1298), (368765, 1299), (368765, 1300), (368765, 1301), (368765, 1302), (368765, 1303), (368765, 1304), (368765, 1305), (368765, 1306), (368765, 1307), (368765, 1308), (368765, 1309), (368765, 1310), (368765, 1311), (368765, 1312), (368765, 1313), (368765, 1314), (368765, 1315), (368765, 1316), (368765, 1317), (368765, 1318), (368765, 1319), (368765, 1320), (368765, 1321), (368765, 1322), (368765, 1323), (368765, 1324), (368765, 1325), (368765, 1326), (368765, 1327), (368765, 1328), (368765, 1329), (368765, 1330), (368765, 1331), (368765, 1332), (368765, 1333), (368765, 1334), (368765, 1335), (368765, 1336), (368765, 1337), (368765, 1338), (368765, 1339), (368765, 1340), (368765, 1341), (368765, 1342), (368765, 1343), (368765, 1344), (368765, 1345), (368765, 1346), (368765, 1347), (368765, 1348), (368765, 1349), (368765, 1350), (368765, 1351), (368765, 1352), (368765, 1353), (368765, 1354), (368765, 1355), (368765, 1356), (368765, 1357), (368765, 1358), (368765, 1359), (368765, 1360), (368765, 1361), (368765, 1362), (368765, 1363), (368765, 1364), (368765, 1365), (368765, 1366), (368765, 1367), (368765, 1368), (368765, 1369), (368765, 1370), (368765, 1371), (368765, 1372), (368765, 1373), (368765, 1374), (368765, 1375), (368765, 1376), (368765, 1377), (368765, 1378), (368765, 1379), (368765, 1380), (368765, 1381), (368765, 1382), (368765, 1383), (368765, 1384), (368765, 1385), (368765, 1386), (368753, 1), (368753, 2), (368753, 3), (368753, 4), (368753, 5), (368753, 6), (368753, 7), (368753, 8), (368753, 9), (368753, 10), (368753, 11), (368753, 12), (368753, 13), (368753, 14), (368753, 15), (368753, 16), (368753, 17), (368753, 18), (368753, 19), (368753, 20), (368753, 21), (368753, 22), (368753, 23), (368753, 24), (368753, 25), (368753, 26), (368753, 27), (368753, 28), (368753, 29), (368753, 30), (368753, 31), (368753, 32), (368753, 33), (368753, 34), (368753, 35), (368753, 36), (368753, 37), (368753, 38), (368753, 39), (368753, 40), (368753, 41), (368753, 42), (368753, 43), (368753, 44), (368753, 45), (368753, 46), (368753, 47), (368753, 48), (368753, 49), (368753, 50), (368753, 51), (368753, 52), (368753, 53), (368753, 54), (368753, 55), (368753, 56), (368753, 57), (368753, 58), (368753, 59), (368753, 60), (368753, 61), (368753, 62), (368753, 63), (368753, 64), (368753, 65), (368753, 66), (368753, 67), (368753, 68), (368753, 69), (368753, 70), (368753, 71), (368753, 72), (368753, 73), (368753, 74), (368753, 75), (368753, 76), (368753, 77), (368753, 78), (368753, 79), (368753, 80), (368753, 81), (368753, 82), (368753, 83), (368753, 84), (368753, 85), (368753, 86), (368753, 87), (368753, 88), (368753, 89), (368753, 90), (368753, 91), (368753, 92), (368753, 93), (368753, 94), (368753, 95), (368753, 96), (368753, 97), (368753, 98), (368753, 99), (368753, 100), (368753, 101), (368753, 102), (368753, 103), (368753, 104), (368753, 105), (368753, 106), (368753, 107), (368753, 108), (368753, 109), (368753, 110), (368753, 111), (368753, 112), (368753, 113), (368753, 114), (368753, 115), (368753, 116), (368753, 117), (368753, 118), (368753, 119), (368753, 120), (368753, 121), (368753, 122), (368753, 123), (368753, 124), (368753, 125), (368753, 126), (368753, 127), (368753, 128), (368753, 129), (368753, 130), (368753, 131), (368753, 132), (368753, 133), (368753, 134), (368753, 135), (368753, 136), (368753, 137), (368753, 138), (368753, 139), (368753, 140), (368753, 141), (368753, 142), (368753, 143), (368753, 144), (368753, 145), (368753, 146), (368753, 147), (368753, 148), (368753, 149), (368753, 150), (368753, 151), (368753, 152), (368753, 153), (368753, 154), (368753, 155), (368753, 156), (368753, 157), (368753, 158), (368753, 159), (368753, 160), (368753, 161), (368753, 162), (368753, 163), (368753, 164), (368753, 165), (368753, 166), (368753, 167), (368753, 168), (368753, 169), (368753, 170), (368753, 171), (368753, 172), (368753, 173), (368753, 174), (368753, 175), (368753, 176), (368753, 177), (368753, 178), (368753, 179), (368753, 180), (368753, 181), (368753, 182), (368753, 183), (368753, 184), (368753, 185), (368753, 186), (368753, 187), (368753, 188), (368753, 189), (368753, 190), (368753, 191), (368753, 192), (368753, 193), (368753, 194), (368753, 195), (368753, 196), (368753, 197), (368753, 198), (368753, 199), (368753, 200), (368753, 201), (368753, 202), (368753, 203), (368753, 204), (368753, 205), (368753, 206), (368753, 207), (368753, 208), (368753, 209), (368753, 210), (368753, 211), (368753, 212), (368753, 213), (368753, 214), (368753, 215), (368753, 216), (368753, 217), (368753, 218), (368753, 219), (368753, 220), (368753, 221), (368753, 222), (368753, 223), (368753, 224), (368753, 225), (368753, 226), (368753, 227), (368753, 228), (368753, 229), (368753, 230), (368753, 231), (368753, 232), (368753, 233), (368753, 234), (368753, 235), (368753, 236), (368753, 237), (368753, 238), (368753, 239), (368753, 240), (368753, 241), (368753, 242), (368753, 243), (368753, 244), (368753, 245), (368753, 246), (368753, 247), (368753, 248), (368753, 249), (368753, 250), (368753, 251), (368753, 252), (368753, 253), (368753, 254), (368753, 255), (368753, 256), (368753, 257), (368753, 258), (368753, 259), (368753, 260), (368753, 261), (368753, 262), (368753, 263), (368753, 264), (368753, 265), (368753, 266), (368753, 267), (368753, 268), (368753, 269), (368753, 270), (368753, 271), (368753, 272), (368753, 273), (368753, 274), (368753, 275), (368753, 276), (368753, 277), (368753, 278), (368753, 279), (368753, 280), (368753, 281), (368753, 282), (368753, 283), (368753, 284), (368753, 285), (368753, 286), (368753, 287), (368753, 288), (368753, 289), (368753, 290), (368753, 291), (368753, 292), (368753, 293), (368753, 294), (368753, 295), (368753, 296), (368753, 297), (368753, 298), (368753, 299), (368753, 300), (368753, 301), (368753, 302), (368753, 303), (368753, 304), (368753, 305), (368753, 306), (368753, 307), (368753, 308), (368753, 309), (368753, 310), (368753, 311), (368753, 312), (368753, 313), (368753, 314), (368753, 315), (368753, 316), (368753, 317), (368753, 318), (368753, 319), (368753, 320), (368753, 321), (368753, 322), (368753, 323), (368753, 324), (368753, 325), (368753, 326), (368753, 327), (368753, 328), (368753, 329), (368753, 330), (368753, 331), (368753, 332), (368753, 333), (368753, 334), (368753, 335), (368753, 336), (368753, 337), (368753, 338), (368753, 339), (368753, 340), (368753, 341), (368753, 342), (368753, 343), (368753, 344), (368753, 345), (368753, 346), (368753, 347), (368753, 348), (368753, 349), (368753, 350), (368753, 351), (368753, 352), (368753, 353), (368753, 354), (368753, 355), (368753, 356), (368753, 357), (368753, 358), (368753, 359), (368753, 360), (368753, 361), (368753, 362), (368753, 363), (368753, 364), (368753, 365), (368753, 366), (368753, 367), (368753, 368), (368753, 369), (368753, 370), (368753, 371), (368753, 372), (368753, 373), (368753, 374), (368753, 375), (368753, 376), (368753, 377), (368753, 378), (368753, 379), (368753, 380), (368753, 381), (368753, 382), (368753, 383), (368753, 384), (368753, 385), (368753, 386), (368753, 387), (368753, 388), (368753, 389), (368753, 390), (368753, 391), (368753, 392), (368753, 393), (368753, 394), (368753, 395), (368753, 396), (368753, 397), (368753, 398), (368753, 399), (368753, 400), (368753, 401), (368753, 402), (368753, 403), (368753, 404), (368753, 405), (368753, 406), (368753, 407), (368753, 408), (368753, 409), (368753, 410), (368753, 411), (368753, 412), (368753, 413), (368753, 414), (368753, 415), (368753, 416), (368753, 417), (368753, 418), (368753, 419), (368753, 420), (368753, 421), (368753, 422), (368753, 423), (368753, 424), (368753, 425), (368753, 426), (368753, 427), (368753, 428), (368753, 429), (368753, 430), (368753, 431), (368753, 432), (368753, 433), (368753, 434), (368753, 435), (368753, 436), (368753, 437), (368753, 438), (368753, 439), (368753, 440), (368753, 441), (368753, 442), (368753, 443), (368753, 444), (368753, 445), (368753, 446), (368753, 447), (368753, 448), (368753, 449), (368753, 450), (368753, 451), (368753, 452), (368753, 453), (368753, 454), (368753, 455), (368753, 456), (368753, 457), (368753, 458), (368753, 459), (368753, 460), (368753, 461), (368753, 462), (368753, 463), (368753, 464), (368753, 465), (368753, 466), (368753, 467), (368753, 468), (368753, 469), (368753, 470), (368753, 471), (368753, 472), (368753, 473), (368753, 474), (368753, 475), (368753, 476), (368753, 477), (368753, 478), (368753, 479), (368753, 480), (368753, 481), (368753, 482), (368753, 483), (368753, 484), (368753, 485), (368753, 486), (368753, 487), (368753, 488), (368753, 489), (368753, 490), (368753, 491), (368753, 492), (368753, 493), (368753, 494), (368753, 495), (368753, 496), (368753, 497), (368753, 498), (368753, 499), (368753, 500), (368753, 501), (368753, 502), (368753, 503), (368753, 504), (368753, 505), (368753, 506), (368753, 507), (368753, 508), (368753, 509), (368753, 510), (368753, 511), (368753, 512), (368753, 513), (368753, 514), (368753, 515), (368753, 516), (368753, 517), (368753, 518), (368753, 519), (368753, 520), (368753, 521), (368753, 522), (368753, 523), (368753, 524), (368753, 525), (368753, 526), (368753, 527), (368753, 528), (368753, 529), (368753, 530), (368753, 531), (368753, 532), (368753, 533), (368753, 534), (368753, 535), (368753, 536), (368753, 537), (368753, 538), (368753, 539), (368753, 540), (368753, 541), (368753, 542), (368753, 543), (368753, 544), (368753, 545), (368753, 546), (368753, 547), (368753, 548), (368753, 549), (368753, 550), (368753, 551), (368753, 552), (368753, 553), (368753, 554), (368753, 555), (368753, 556), (368753, 557), (368753, 558), (368753, 559), (368753, 560), (368753, 561), (368753, 562), (368753, 563), (368753, 564), (368753, 565), (368753, 566), (368753, 567), (368753, 568), (368753, 569), (368753, 570), (368753, 571), (368753, 572), (368753, 573), (368753, 574), (368753, 575), (368753, 576), (368753, 577), (368753, 578), (368753, 579), (368753, 580), (368753, 581), (368753, 582), (368753, 583), (368753, 584), (368753, 585), (368753, 586), (368753, 587), (368753, 588), (368753, 589), (368753, 590), (368753, 591), (368753, 592), (368753, 593), (368753, 594), (368753, 595), (368753, 596), (368753, 597), (368753, 598), (368753, 599), (368753, 600), (368753, 601), (368753, 602), (368753, 603), (368753, 604), (368753, 605), (368753, 606), (368753, 607), (368753, 608), (368753, 609), (368753, 610), (368753, 611), (368753, 612), (368753, 613), (368753, 614), (368753, 615), (368753, 616), (368753, 617), (368753, 618), (368753, 619), (368753, 620), (368753, 621), (368753, 622), (368753, 623), (368753, 624), (368753, 625), (368753, 626), (368753, 627), (368753, 628), (368753, 629), (368753, 630), (368753, 631), (368753, 632), (368753, 633), (368753, 634), (368753, 635), (368753, 636), (368753, 637), (368753, 638), (368753, 639), (368753, 640), (368753, 641), (368753, 642), (368753, 643), (368753, 644), (368753, 645), (368753, 646), (368753, 647), (368753, 648), (368753, 649), (368753, 650), (368753, 651), (368753, 652), (368753, 653), (368753, 654), (368753, 655), (368753, 656), (368753, 657), (368753, 658), (368753, 659), (368753, 660), (368753, 661), (368753, 662), (368753, 663), (368753, 664), (368753, 665), (368753, 666), (368753, 667), (368753, 668), (368753, 669), (368753, 670), (368753, 671), (368753, 672), (368753, 673), (368753, 674), (368753, 675), (368753, 676), (368753, 677), (368753, 678), (368753, 679), (368753, 680), (368753, 681), (368753, 682), (368753, 683), (368753, 684), (368753, 685), (368753, 686), (368753, 687), (368753, 688), (368753, 689), (368753, 690), (368753, 691), (368753, 692), (368753, 693), (368753, 694), (368753, 695), (368753, 696), (368753, 697), (368753, 698), (368753, 699), (368753, 700), (368753, 701), (368753, 702), (368753, 703), (368753, 704), (368753, 705), (368753, 706), (368753, 707), (368753, 708), (368753, 709), (368753, 710), (368753, 711), (368753, 712), (368753, 713), (368753, 714), (368753, 715), (368753, 716), (368753, 717), (368753, 718), (368753, 719), (368753, 720), (368753, 721), (368753, 722), (368753, 723), (368753, 724), (368753, 725), (368753, 726), (368753, 727), (368753, 728), (368753, 729), (368753, 730), (368753, 731), (368753, 732), (368753, 733), (368753, 734), (368753, 735), (368753, 736), (368753, 737), (368753, 738), (368753, 739), (368753, 740), (368753, 741), (368753, 742), (368753, 743), (368753, 744), (368753, 745), (368753, 746), (368753, 747), (368753, 748), (368753, 749), (368753, 750), (368753, 751), (368753, 752), (368753, 753), (368753, 754), (368753, 755), (368753, 756), (368753, 757), (368753, 758), (368753, 759), (368753, 760), (368753, 761), (368753, 762), (368753, 763), (368753, 764), (368753, 765), (368753, 766), (368753, 767), (368753, 768), (368753, 769), (368753, 770), (368753, 771), (368753, 772), (368753, 773), (368753, 774), (368753, 775), (368753, 776), (368753, 777), (368753, 778), (368753, 779), (368753, 780), (368753, 781), (368753, 782), (368753, 783), (368753, 784), (368753, 785), (368753, 786), (368753, 787), (368753, 788), (368753, 789), (368753, 790), (368753, 791), (368753, 792), (368753, 793), (368753, 794), (368753, 795), (368753, 796), (368753, 797), (368753, 798), (368753, 799), (368753, 800), (368753, 801), (368753, 802), (368753, 803), (368753, 804), (368753, 805), (368753, 806), (368753, 807), (368753, 808), (368753, 809), (368753, 810), (368753, 811), (368753, 812), (368753, 813), (368753, 814), (368753, 815), (368753, 816), (368753, 817), (368753, 818), (368753, 819), (368753, 820), (368753, 821), (368753, 822), (368753, 823), (368753, 824), (368753, 825), (368753, 826), (368753, 827), (368753, 828), (368753, 829), (368753, 830), (368753, 831), (368753, 832), (368753, 833), (368753, 834), (368753, 835), (368753, 836), (368753, 837), (368753, 838), (368753, 839), (368753, 840), (368753, 841), (368753, 842), (368753, 843), (368753, 844), (368753, 845), (368753, 846), (368753, 847), (368753, 848), (368753, 849), (368753, 850), (368753, 851), (368753, 852), (368753, 853), (368753, 854), (368753, 855), (368753, 856), (368753, 857), (368753, 858), (368753, 859), (368753, 860), (368753, 861), (368753, 862), (368753, 863), (368753, 864), (368753, 865), (368753, 866), (368753, 867), (368753, 868), (368753, 869), (368753, 870), (368753, 871), (368753, 872), (368753, 873), (368753, 874), (368753, 875), (368753, 876), (368753, 877), (368753, 878), (368753, 879), (368753, 880), (368753, 881), (368753, 882), (368753, 883), (368753, 884), (368753, 885), (368753, 886), (368753, 887), (368753, 888), (368753, 889), (368753, 890), (368753, 891), (368753, 892), (368753, 893), (368753, 894), (368753, 895), (368753, 896), (368753, 897), (368753, 898), (368753, 899), (368753, 900), (368753, 901), (368753, 902), (368753, 903), (368753, 904), (368753, 905), (368753, 906), (368753, 907), (368753, 908), (368753, 909), (368753, 910), (368753, 911), (368753, 912), (368753, 913), (368753, 914), (368753, 915), (368753, 916), (368753, 917), (368753, 918), (368753, 919), (368753, 920), (368753, 921), (368753, 922), (368753, 923), (368753, 924), (368753, 925), (368753, 926), (368753, 927), (368753, 928), (368753, 929), (368753, 930), (368753, 931), (368753, 932), (368753, 933), (368753, 934), (368753, 935), (368753, 936), (368753, 937), (368753, 938), (368753, 939), (368753, 940), (368753, 941), (368753, 942), (368753, 943), (368753, 944), (368753, 945), (368753, 946), (368753, 947), (368753, 948), (368753, 949), (368753, 950), (368753, 951), (368753, 952), (368753, 953), (368753, 954), (368753, 955), (368753, 956), (368753, 957), (368753, 958), (368753, 959), (368753, 960), (368753, 961), (368753, 962), (368753, 963), (368753, 964), (368753, 965), (368753, 966), (368753, 967), (368753, 968), (368753, 969), (368753, 970), (368753, 971), (368753, 972), (368753, 973), (368753, 974), (368753, 975), (368753, 976), (368749, 1), (368749, 2), (368749, 3), (368749, 4), (368749, 5), (368749, 6), (368749, 7), (368749, 8), (368749, 9), (368749, 10), (368749, 11), (368749, 12), (368749, 13), (368749, 14), (368749, 15), (368749, 16), (368749, 17), (368749, 18), (368749, 19), (368749, 20), (368749, 21), (368749, 22), (368749, 23), (368749, 24), (368749, 25), (368749, 26), (368749, 27), (368749, 28), (368749, 29), (368749, 30), (368749, 31), (368749, 32), (368749, 33), (368749, 34), (368749, 35), (368749, 36), (368749, 37), (368749, 38), (368749, 39), (368749, 40), (368749, 41), (368749, 42), (368749, 43), (368749, 44), (368749, 45), (368749, 46), (368749, 47), (368749, 48), (368749, 49), (368749, 50), (368749, 51), (368749, 52), (368749, 53), (368749, 54), (368749, 55), (368749, 56), (368749, 57), (368749, 58), (368749, 59), (368749, 60), (368749, 61), (368749, 62), (368749, 63), (368749, 64), (368749, 65), (368749, 66), (368749, 67), (368749, 68), (368749, 69), (368749, 70), (368749, 71), (368749, 72), (368749, 73), (368749, 74), (368749, 75), (368749, 76), (368749, 77), (368749, 78), (368749, 79), (368749, 80), (368749, 81), (368749, 82), (368749, 83), (368749, 84), (368749, 85), (368749, 86), (368749, 87), (368749, 88), (368749, 89), (368749, 90), (368749, 91), (368749, 92), (368749, 93), (368749, 94), (368749, 95), (368749, 96), (368749, 97), (368749, 98), (368749, 99), (368749, 100), (368749, 101), (368749, 102), (368749, 103), (368749, 104), (368749, 105), (368749, 106), (368749, 107), (368749, 108), (368749, 109), (368749, 110), (368749, 111), (368749, 112), (368749, 113), (368749, 114), (368749, 115), (368749, 116), (368749, 117), (368749, 118), (368749, 119), (368749, 120), (368749, 121), (368749, 122), (368749, 123), (368749, 124), (368749, 125), (368749, 126), (368749, 127), (368749, 128), (368749, 129), (368749, 130), (368749, 131), (368749, 132), (368749, 133), (368749, 134), (368749, 135), (368749, 136), (368749, 137), (368749, 138), (368749, 139), (368749, 140), (368749, 141), (368749, 142), (368749, 143), (368749, 144), (368749, 145), (368749, 146), (368749, 147), (368749, 148), (368749, 149), (368749, 150), (368749, 151), (368749, 152), (368749, 153), (368749, 154), (368749, 155), (368749, 156), (368749, 157), (368749, 158), (368749, 159), (368749, 160), (368749, 161), (368749, 162), (368749, 163), (368749, 164), (368749, 165), (368749, 166), (368749, 167), (368749, 168), (368749, 169), (368724, 1), (368724, 2), (368724, 3), (368724, 4), (368724, 5), (368724, 6), (368724, 7), (368724, 8), (368724, 9), (368724, 10), (368724, 11), (368724, 12), (368724, 13), (368724, 14), (368724, 15), (368724, 16), (368724, 17), (368724, 18), (368724, 19), (368724, 20), (368724, 21), (368724, 22), (368724, 23), (368724, 24), (368724, 25), (368724, 26), (368724, 27), (368724, 28), (368724, 29), (368724, 30), (368724, 31), (368724, 32), (368724, 33), (368724, 34), (368724, 35), (368724, 36), (368724, 37), (368724, 38), (368724, 39), (368724, 40), (368724, 41), (368724, 42), (368724, 43), (368724, 44), (368724, 45), (368724, 46), (368724, 47), (368724, 48), (368724, 49), (368724, 50), (368724, 51), (368724, 52), (368724, 53), (368724, 54), (368724, 55), (368724, 56), (368724, 57), (368724, 58), (368724, 59), (368724, 60), (368724, 61), (368724, 62), (368724, 63), (368724, 64), (368724, 65), (368724, 66), (368724, 67), (368724, 68), (368724, 69), (368724, 70), (368724, 71), (368724, 72), (368724, 73), (368724, 74), (368724, 75), (368724, 76), (368724, 77), (368724, 78), (368724, 79), (368724, 80), (368724, 81), (368724, 82), (368724, 83), (368724, 84), (368724, 85), (368724, 86), (368724, 87), (368724, 88), (368724, 89), (368724, 90), (368724, 91), (368724, 92), (368724, 93), (368724, 94), (368724, 95), (368724, 96), (368724, 97), (368724, 98), (368724, 99), (368724, 100), (368724, 101), (368724, 102), (368724, 103), (368724, 104), (368724, 105), (368724, 106), (368724, 107), (368724, 108), (368724, 109), (368724, 110), (368724, 111), (368724, 112), (368724, 113), (368724, 114), (368724, 115), (368724, 116), (368724, 117), (368724, 118), (368724, 119), (368724, 120), (368724, 121), (368724, 122), (368724, 123), (368724, 124), (368724, 125), (368724, 126), (368724, 127), (368724, 128), (368724, 129), (368724, 130), (368724, 131), (368724, 132), (368724, 133), (368724, 134), (368724, 135), (368724, 136), (368724, 137), (368724, 138), (368724, 139), (368724, 140), (368724, 141), (368724, 142), (368724, 143), (368724, 144), (368724, 145), (368724, 146), (368724, 147), (368724, 148), (368724, 149), (368724, 150), (368724, 151), (368724, 152), (368724, 153), (368724, 154), (368724, 155), (368724, 156), (368724, 157), (368724, 158), (368724, 159), (368724, 160), (368724, 161), (368724, 162), (368724, 163), (368724, 164), (368724, 165), (368724, 166), (368724, 167), (368724, 168), (368724, 169), (368724, 170), (368724, 171), (368724, 172), (368724, 173), (368724, 174), (368724, 175), (368724, 176), (368724, 177), (368724, 178), (368724, 179), (368724, 180), (368724, 181), (368724, 182), (368724, 183), (368724, 184), (368724, 185), (368724, 186), (368724, 187), (368724, 188), (368724, 189), (368724, 190), (368724, 191), (368724, 192), (368724, 193), (368724, 194), (368724, 195), (368724, 196), (368724, 197), (368724, 198), (368724, 199), (368724, 200), (368724, 201), (368724, 202), (368724, 203), (368724, 204), (368724, 205), (368724, 206), (368724, 207), (368724, 208), (368724, 209), (368724, 210), (368724, 211), (368724, 212), (368724, 213), (368724, 214), (368724, 215), (368724, 216), (368724, 217), (368724, 218), (368724, 219), (368724, 220), (368724, 221), (368724, 222), (368724, 223), (368724, 224), (368724, 225), (368724, 226), (368724, 227), (368724, 228), (368724, 229), (368724, 230), (368724, 231), (368724, 232), (368724, 233), (368724, 234), (368724, 235), (368724, 236), (368724, 237), (368724, 238), (368724, 239), (368724, 240), (368724, 241), (368724, 242), (368724, 243), (368724, 244), (368724, 245), (368724, 246), (368724, 247), (368724, 248), (368724, 249), (368724, 250), (368724, 251), (368724, 252), (368724, 253), (368724, 254), (368724, 255), (368724, 256), (368724, 257), (368724, 258), (368724, 259), (368724, 260), (368724, 261), (368724, 262), (368724, 263), (368724, 264), (368724, 265), (368724, 266), (368724, 267), (368724, 268), (368724, 269), (368724, 270), (368724, 271), (368724, 272), (368724, 273), (368724, 274), (368724, 275), (368724, 276), (368724, 277), (368724, 278), (368724, 279), (368724, 280), (368724, 281), (368724, 282), (368724, 283), (368724, 284), (368724, 285), (368724, 286), (368724, 287), (368724, 288), (368724, 289), (368724, 290), (368724, 291), (368724, 292), (368724, 293), (368724, 294), (368724, 295), (368724, 296), (368724, 297), (368724, 298), (368724, 299), (368724, 300), (368724, 301), (368724, 302), (368724, 303), (368724, 304), (368724, 305), (368724, 306), (368724, 307), (368724, 308), (368724, 309), (368724, 310), (368724, 311), (368724, 312), (368724, 313), (368724, 314), (368724, 315), (368724, 316), (368724, 317), (368724, 318), (368724, 319), (368724, 320), (368724, 321), (368724, 322), (368724, 323), (368724, 324), (368724, 325), (368724, 326), (368724, 327), (368724, 328), (368724, 329), (368724, 330), (368724, 331), (368724, 332), (368724, 333), (368724, 334), (368724, 335), (368724, 336), (368724, 337), (368724, 338), (368724, 339), (368724, 340), (368724, 341), (368724, 342), (368724, 343), (368724, 344), (368724, 345), (368724, 346), (368724, 347), (368724, 348), (368724, 349), (368724, 350), (368724, 351), (368724, 352), (368724, 353), (368724, 354), (368724, 355), (368724, 356), (368724, 357), (368724, 358), (368724, 359), (368724, 360), (368724, 361), (368724, 362), (368724, 363), (368724, 364), (368724, 365), (368724, 366), (368724, 367), (368724, 368), (368724, 369), (368724, 370), (368724, 371), (368724, 372), (368724, 373), (368724, 374), (368724, 375), (368724, 376), (368724, 377), (368724, 378), (368724, 379), (368724, 380), (368724, 381), (368724, 382), (368724, 383), (368724, 384), (368724, 385), (368724, 386), (368724, 387), (368724, 388), (368724, 389), (368724, 390), (368724, 391), (368724, 392), (368724, 393), (368724, 394), (368724, 395), (368724, 396), (368724, 397), (368724, 398), (368724, 399), (368724, 400), (368724, 401), (368724, 402), (368724, 403), (368724, 404), (368724, 405), (368724, 406), (368724, 407), (368724, 408), (368724, 409), (368724, 410), (368724, 411), (368724, 412), (368724, 413), (368724, 414), (368724, 415), (368724, 416), (368724, 417), (368724, 418), (368724, 419), (368724, 420), (368724, 421), (368724, 422), (368724, 423), (368724, 424), (368724, 425), (368724, 426), (368724, 427), (368724, 428), (368724, 429), (368724, 430), (368724, 431), (368724, 432), (368724, 433), (368724, 434), (368724, 435), (368724, 436), (368724, 437), (368724, 438), (368724, 439), (368724, 440), (368724, 441), (368724, 442), (368724, 443), (368724, 444), (368724, 445), (368724, 446), (368724, 447), (368724, 448), (368724, 449), (368724, 450), (368724, 451), (368724, 452), (368724, 453), (368724, 454), (368724, 455), (368724, 456), (368724, 457), (368724, 458), (368724, 459), (368724, 460), (368724, 461), (368724, 462), (368724, 463), (368724, 464), (368724, 465), (368724, 466), (368724, 467), (368724, 468), (368724, 469), (368724, 470), (368724, 471), (368724, 472), (368724, 473), (368724, 474), (368724, 475), (368724, 476), (368724, 477), (368724, 478), (368724, 479), (368724, 480), (368724, 481), (368724, 482), (368724, 483), (368724, 484), (368724, 485), (368724, 486), (368724, 487), (368724, 488), (368724, 489), (368724, 490), (368724, 491), (368724, 492), (368724, 493), (368724, 494), (368724, 495), (368724, 496), (368724, 497), (368724, 498), (368724, 499), (368724, 500), (368724, 501), (368724, 502), (368724, 503), (368724, 504), (368724, 505), (368724, 506), (368724, 507), (368724, 508), (368724, 509), (368724, 510), (368724, 511), (368724, 512), (368724, 513), (368724, 514), (368724, 515), (368724, 516), (368724, 517), (368724, 518), (368724, 519), (368724, 520), (368724, 521), (368724, 522), (368724, 523), (368724, 524), (368724, 525), (368724, 526), (368724, 527), (368724, 528), (368724, 529), (368724, 530), (368724, 531), (368724, 532), (368724, 533), (368724, 534), (368724, 535), (368724, 536), (368724, 537), (368724, 538), (368724, 539), (368724, 540), (368724, 541), (368724, 542), (368724, 543), (368724, 544), (368724, 545), (368724, 546), (368724, 547), (368724, 548), (368724, 549), (368724, 550), (368724, 551), (368724, 552), (368724, 553), (368724, 554), (368724, 555), (368724, 556), (368724, 557), (368724, 558), (368724, 559), (368724, 560), (368724, 561), (368724, 562), (368724, 563), (368724, 564), (368724, 565), (368724, 566), (368724, 567), (368724, 568), (368724, 569), (368724, 570), (368724, 571), (368724, 572), (368724, 573), (368724, 574), (368724, 575), (368724, 576), (368724, 577), (368724, 578), (368724, 579), (368724, 580), (368724, 581), (368724, 582), (368724, 583), (368724, 584), (368724, 585), (368724, 586), (368724, 587), (368724, 588), (368724, 589), (368724, 590), (368724, 591), (368724, 592), (368724, 593), (368724, 594), (368724, 595), (368724, 596), (368724, 597), (368724, 598), (368724, 599), (368724, 600), (368724, 601), (368724, 602), (368724, 603), (368724, 604), (368724, 605), (368724, 606), (368724, 607), (368724, 608), (368724, 609), (368724, 610), (368724, 611), (368724, 612), (368724, 613), (368724, 614), (368724, 615), (368724, 616), (368724, 617), (368724, 618), (368724, 619), (368724, 620), (368724, 621), (368724, 622), (368724, 623), (368724, 624), (368724, 625), (368724, 626), (368724, 627), (368724, 628), (368724, 629), (368724, 630), (368724, 631), (368724, 632), (368724, 633), (368724, 634), (368724, 635), (368724, 636), (368724, 637), (368724, 638), (368724, 639), (368724, 640), (368724, 641), (368724, 642), (368724, 643), (368724, 644), (368724, 645), (368724, 646), (368724, 647), (368724, 648), (368724, 649), (368724, 650), (368724, 651), (368724, 652), (368724, 653), (368724, 654), (368724, 655), (368724, 656), (368724, 657), (368724, 658), (368724, 659), (368724, 660), (368724, 661), (368724, 662), (368724, 663), (368724, 664), (368724, 665), (368724, 666), (368724, 667), (368724, 668), (368724, 669), (368724, 670), (368724, 671), (368724, 672), (368724, 673), (368724, 674), (368724, 675), (368724, 676), (368724, 677), (368724, 678), (368724, 679), (368724, 680), (368724, 681), (368724, 682), (368724, 683), (368724, 684), (368724, 685), (368724, 686), (368724, 687), (368724, 688), (368724, 689), (368724, 690), (368724, 691), (368724, 692), (368724, 693), (368724, 694), (368724, 695), (368724, 696), (368724, 697), (368724, 698), (368724, 699), (368724, 700), (368724, 701), (368724, 702), (368724, 703), (368724, 704), (368724, 705), (368724, 706), (368724, 707), (368724, 708), (368724, 709), (368724, 710), (368724, 711), (368724, 712), (368724, 713), (368724, 714), (368724, 715), (368724, 716), (368724, 717), (368724, 718), (368724, 719), (368724, 720), (368724, 721), (368724, 722), (368724, 723), (368724, 724), (368724, 725), (368724, 726), (368724, 727), (368724, 728), (368724, 729), (368724, 730), (368724, 731), (368724, 732), (368724, 733), (368724, 734), (368724, 735), (368724, 736), (368724, 737), (368724, 738), (368724, 739), (368724, 740), (368724, 741), (368724, 742), (368724, 743), (368724, 744), (368724, 745), (368724, 746), (368724, 747), (368724, 748), (368724, 749), (368724, 750), (368724, 751), (368724, 752), (368724, 753), (368724, 754), (368724, 755), (368724, 756), (368724, 757), (368724, 758), (368724, 759), (368724, 760), (368724, 761), (368724, 762), (368724, 763), (368724, 764), (368724, 765), (368724, 766), (368724, 767), (368724, 768), (368724, 769), (368724, 770), (368724, 771), (368724, 772), (368724, 773), (368724, 774), (368724, 775), (368724, 776), (368724, 777), (368724, 778), (368724, 779), (368724, 780), (368724, 781), (368724, 782), (368724, 783), (368724, 784), (368724, 785), (368724, 786), (368724, 787), (368724, 788), (368724, 789), (368724, 790), (368724, 791), (368724, 792), (368724, 793), (368724, 794), (368724, 795), (368724, 796), (368724, 797), (368724, 798), (368724, 799), (368724, 800), (368724, 801), (368724, 802), (368724, 803), (368724, 804), (368724, 805), (368724, 806), (368724, 807), (368724, 808), (368724, 809), (368724, 810), (368724, 811), (368724, 812), (368724, 813), (368724, 814), (368724, 815), (368724, 816), (368724, 817), (368724, 818), (368724, 819), (368724, 820), (368724, 821), (368724, 822), (368724, 823), (368724, 824), (368724, 825), (368724, 826), (368724, 827), (368724, 828), (368724, 829), (368724, 830), (368724, 831), (368724, 832), (368724, 833), (368724, 834), (368724, 835), (368724, 836), (368724, 837), (368724, 838), (368724, 839), (368724, 840), (368724, 841), (368724, 842), (368724, 843), (368724, 844), (368724, 845), (368724, 846), (368724, 847), (368724, 848), (368724, 849), (368724, 850), (368724, 851), (368724, 852), (368724, 853), (368724, 854), (368724, 855), (368724, 856), (368724, 857), (368724, 858), (368724, 859), (368724, 860), (368724, 861), (368724, 862), (368724, 863), (368724, 864), (368724, 865), (368724, 866), (368724, 867), (368724, 868), (368724, 869), (368724, 870), (368724, 871), (368724, 872), (368724, 873), (368724, 874), (368724, 875), (368724, 876), (368724, 877), (368724, 878), (368724, 879), (368724, 880), (368724, 881), (368724, 882), (368724, 883), (368724, 884), (368724, 885), (368724, 886), (368724, 887), (368724, 888), (368724, 889), (368724, 890), (368724, 891), (368724, 892), (368724, 893), (368724, 894), (368724, 895), (368724, 896), (368724, 897), (368724, 898), (368724, 899), (368724, 900), (368724, 901), (368724, 902), (368724, 903), (368724, 904), (368724, 905), (368724, 906), (368724, 907), (368724, 908), (368724, 909), (368724, 910), (368724, 911), (368724, 912), (368724, 913), (368724, 914), (368724, 915), (368724, 916), (368724, 917), (368724, 918), (368724, 919), (368724, 920), (368724, 921), (368724, 922), (368724, 923), (368724, 924), (368724, 925), (368724, 926), (368724, 927), (368724, 928), (368724, 929), (368724, 930), (368724, 931), (368724, 932), (368724, 933), (368724, 934), (368724, 935), (368724, 936), (368724, 937), (368724, 938), (368724, 939), (368724, 940), (368724, 941), (368724, 942), (368724, 943), (368724, 944), (368724, 945), (368724, 946), (368724, 947), (368724, 948), (368724, 949), (368724, 950), (368724, 951), (368724, 952), (368724, 953), (368724, 954), (368724, 955), (368724, 956), (368724, 957), (368724, 958), (368724, 959), (368724, 960), (368724, 961), (368724, 962), (368724, 963), (368724, 964), (368724, 965), (368724, 966), (368724, 967), (368724, 968), (368724, 969), (368724, 970), (368724, 971), (368724, 972), (368724, 973), (368724, 974), (368724, 975), (368724, 976), (368724, 977), (368724, 978), (368724, 979), (368724, 980), (368724, 981), (368724, 982), (368724, 983), (368724, 984), (368724, 985), (368724, 986), (368724, 987), (368724, 988), (368724, 989), (368724, 990), (368724, 991), (368724, 992), (368724, 993), (368724, 994), (368724, 995), (368724, 996), (368724, 997), (368724, 998), (368724, 999), (368724, 1000), (368724, 1001), (368724, 1002), (368724, 1003), (368724, 1004), (368724, 1005), (368724, 1006), (368724, 1007), (368724, 1008), (368724, 1009), (368724, 1010), (368724, 1011), (368724, 1012), (368724, 1013), (368724, 1014), (368724, 1015), (368724, 1016), (368724, 1017), (368724, 1018), (368724, 1019), (368724, 1020), (368724, 1021), (368724, 1022), (368724, 1023), (368724, 1024), (368724, 1025), (368724, 1026), (368724, 1027), (368724, 1028), (368724, 1029), (368724, 1030), (368724, 1031), (368724, 1032), (368724, 1033), (368724, 1034), (368724, 1035), (368724, 1036), (368724, 1037), (368724, 1038), (368724, 1039), (368724, 1040), (368724, 1041), (368724, 1042), (368724, 1043), (368724, 1044), (368724, 1045), (368724, 1046), (368724, 1047), (368724, 1048), (368724, 1049), (368724, 1050), (368724, 1051), (368724, 1052), (368724, 1053), (368724, 1054), (368724, 1055), (368724, 1056), (368724, 1057), (368724, 1058), (368724, 1059), (368724, 1060), (368724, 1061), (368724, 1062), (368724, 1063), (368724, 1064), (368724, 1065), (368724, 1066), (368724, 1067), (368724, 1068), (368724, 1069), (368724, 1070), (368724, 1071), (368724, 1072), (368724, 1073), (368724, 1074), (368724, 1075), (368724, 1076), (368724, 1077), (368724, 1078), (368724, 1079), (368724, 1080), (368724, 1081), (368724, 1082), (368724, 1083), (368724, 1084), (368724, 1085), (368724, 1086), (368724, 1087), (368724, 1088), (368724, 1089), (368724, 1090), (368724, 1091), (368724, 1092), (368724, 1093), (368724, 1094), (368724, 1095), (368724, 1096), (368724, 1097), (368724, 1098), (368724, 1099), (368724, 1100), (368724, 1101), (368724, 1102), (368724, 1103), (368724, 1104), (368724, 1105), (368724, 1106), (368724, 1107), (368724, 1108), (368724, 1109), (368724, 1110), (368724, 1111), (368724, 1112), (368724, 1113), (368724, 1114), (368724, 1115), (368724, 1116), (368724, 1117), (368724, 1118), (368724, 1119), (368724, 1120), (368724, 1121), (368724, 1122), (368724, 1123), (368724, 1124), (368724, 1125), (368724, 1126), (368724, 1127), (368724, 1128), (368724, 1129), (368724, 1130), (368724, 1131), (368724, 1132), (368724, 1133), (368724, 1134), (368724, 1135), (368724, 1136), (368724, 1137), (368724, 1138), (368724, 1139), (368724, 1140), (368724, 1141), (368724, 1142), (368724, 1143), (368724, 1144), (368724, 1145), (368724, 1146), (368724, 1147), (368724, 1148), (368724, 1149), (368724, 1150), (368724, 1151), (368724, 1152), (368724, 1153), (368724, 1154), (368724, 1155), (368724, 1156), (368724, 1157), (368724, 1158), (368724, 1159), (368724, 1160), (368724, 1161), (368724, 1162), (368724, 1163), (368724, 1164), (368724, 1165), (368724, 1166), (368724, 1167), (368724, 1168), (368724, 1169), (368724, 1170), (368724, 1171), (368724, 1172), (368724, 1173), (368724, 1174), (368724, 1175), (368724, 1176), (368724, 1177), (368724, 1178), (368724, 1179), (368724, 1180), (368724, 1181), (368724, 1182), (368724, 1183), (368724, 1184), (368724, 1185), (368724, 1186), (368724, 1187), (368724, 1188), (368724, 1189), (368724, 1190), (368724, 1191), (368724, 1192), (368724, 1193), (368724, 1194), (368724, 1195), (368724, 1196), (368724, 1197), (368724, 1198), (368724, 1199), (368724, 1200), (368723, 63), (368723, 97), (368723, 98), (368723, 99), (368723, 100), (368723, 101), (368723, 102), (368723, 103), (368723, 104), (368723, 105), (368723, 106), (368723, 107), (368723, 108), (368723, 109), (368723, 110), (368723, 111), (368723, 112), (368723, 113), (368723, 114), (368723, 115), (368723, 116), (368723, 117), (368723, 118), (368723, 119), (368723, 120), (368723, 121), (368723, 122), (368723, 123), (368723, 124), (368723, 125), (368723, 126), (368723, 127), (368723, 128), (368723, 129), (368723, 130), (368723, 131), (368723, 132), (368723, 133), (368723, 134), (368723, 135), (368723, 136), (368723, 137), (368723, 138), (368723, 139), (368723, 140), (368723, 141), (368723, 142), (368723, 143), (368723, 144), (368723, 145), (368723, 146), (368723, 147), (368723, 148), (368723, 149), (368723, 150), (368723, 151), (368723, 152), (368723, 153), (368723, 154), (368723, 155), (368723, 156), (368723, 157), (368723, 158), (368723, 159), (368723, 160), (368723, 161), (368723, 162), (368723, 163), (368723, 164), (368723, 165), (368723, 166), (368723, 167), (368723, 168), (368723, 169), (368723, 170), (368723, 171), (368723, 172), (368723, 173), (368723, 174), (368723, 175), (368723, 176), (368723, 177), (368723, 178), (368723, 179), (368723, 180), (368723, 181), (368723, 182), (368723, 183), (368723, 184), (368723, 185), (368723, 186), (368723, 187), (368723, 188), (368685, 1), (368685, 2), (368685, 3), (368685, 4), (368685, 5), (368685, 6), (368685, 7), (368685, 8), (368685, 9), (368685, 10), (368685, 11), (368685, 12), (368685, 13), (368685, 14), (368685, 15), (368685, 16), (368685, 17), (368685, 18), (368685, 19), (368685, 20), (368685, 21), (368685, 22), (368685, 23), (368685, 24), (368685, 25), (368685, 26), (368685, 27), (368685, 28), (368685, 29), (368685, 30), (368685, 31), (368685, 32), (368685, 33), (368685, 34), (368685, 35), (368685, 36), (368685, 37), (368685, 38), (368685, 39), (368685, 40), (368685, 41), (368685, 42), (368685, 43), (368685, 44), (368685, 45), (368685, 46), (368685, 47), (368685, 48), (368685, 49), (368685, 50), (368685, 51), (368685, 52), (368685, 53), (368685, 54), (368685, 55), (368685, 56), (368685, 57), (368685, 58), (368685, 59), (368685, 60), (368685, 61), (368685, 62), (368685, 63), (368685, 64), (368685, 65), (368685, 66), (368685, 67), (368685, 68), (368685, 69), (368685, 70), (368685, 71), (368685, 72), (368685, 73), (368685, 74), (368685, 75), (368685, 76), (368685, 77), (368685, 78), (368685, 79), (368685, 80), (368685, 81), (368685, 82), (368685, 83), (368685, 84), (368685, 85), (368685, 86), (368685, 87), (368685, 88), (368685, 89), (368685, 90), (368685, 91), (368685, 92), (368685, 93), (368685, 94), (368685, 95), (368685, 96), (368685, 97), (368685, 98), (368685, 99), (368685, 100), (368685, 101), (368685, 102), (368685, 103), (368685, 104), (368685, 105), (368685, 106), (368685, 107), (368685, 108), (368685, 109), (368685, 110), (368685, 111), (368685, 112), (368685, 113), (368685, 114), (368685, 115), (368685, 116), (368685, 117), (368685, 118), (368685, 119), (368685, 120), (368685, 121), (368685, 122), (368685, 123), (368685, 124), (368685, 125), (368685, 126), (368685, 127), (368685, 128), (368685, 129), (368685, 130), (368685, 131), (368685, 132), (368685, 133), (368685, 134), (368685, 135), (368685, 136), (368685, 137), (368685, 138), (368685, 139), (368685, 140), (368685, 141), (368685, 142), (368685, 143), (368685, 144), (368685, 145), (368685, 146), (368685, 147), (368685, 148), (368685, 149), (368685, 150), (368685, 151), (368685, 152), (368685, 153), (368685, 154), (368685, 155), (368685, 156), (368685, 157), (368685, 158), (368685, 159), (368685, 160), (368685, 161), (368685, 162), (368685, 163), (368685, 164), (368685, 165), (368685, 166), (368685, 167), (368685, 168), (368685, 169), (368685, 170), (368685, 171), (368685, 172), (368685, 173), (368685, 174), (368685, 175), (368685, 176), (368685, 177), (368685, 178), (368685, 179), (368685, 180), (368685, 181), (368685, 182), (368685, 183), (368685, 184), (368685, 185), (368685, 186), (368685, 187), (368685, 188), (368685, 189), (368685, 190), (368685, 191), (368685, 192), (368685, 193), (368685, 194), (368685, 195), (368685, 196), (368685, 197), (368685, 198), (368685, 199), (368685, 200), (368685, 201), (368685, 202), (368685, 203), (368685, 204), (368685, 205), (368685, 206), (368685, 207), (368685, 208), (368685, 209), (368685, 210), (368685, 211), (368685, 212), (368685, 213), (368685, 214), (368685, 215), (368685, 216), (368685, 217), (368685, 218), (368685, 219), (368685, 220), (368685, 221), (368685, 222), (368685, 223), (368685, 224), (368685, 225), (368685, 226), (368685, 227), (368685, 228), (368685, 229), (368685, 230), (368685, 231), (368685, 232), (368685, 233), (368685, 234), (368685, 235), (368685, 236), (368685, 237), (368685, 238), (368685, 239), (368685, 240), (368685, 241), (368685, 242), (368685, 243), (368685, 244), (368685, 245), (368685, 246), (368685, 247), (368685, 248), (368685, 249), (368685, 250), (368685, 251), (368685, 252), (368685, 253), (368685, 254), (368685, 255), (368685, 256), (368685, 257), (368685, 258), (368685, 259), (368685, 260), (368685, 261), (368685, 262), (368685, 263), (368685, 264), (368685, 265), (368685, 266), (368685, 267), (368685, 268), (368685, 269), (368685, 270), (368685, 271), (368685, 272), (368685, 273), (368685, 274), (368685, 275), (368685, 276), (368685, 277), (368685, 278), (368685, 279), (368685, 280), (368685, 281), (368685, 282), (368685, 283), (368685, 284), (368685, 285), (368685, 286), (368685, 287), (368685, 288), (368685, 289), (368685, 290), (368685, 291), (368685, 292), (368685, 293), (368685, 294), (368685, 295), (368685, 296), (368685, 297), (368685, 298), (368685, 299), (368685, 300), (368685, 301), (368685, 302), (368685, 303), (368685, 304), (368685, 305), (368685, 306), (368685, 307), (368685, 308), (368685, 309), (368685, 310), (368685, 311), (368685, 312), (368685, 313), (368685, 314), (368685, 315), (368685, 316), (368685, 317), (368685, 318), (368685, 319), (368685, 320), (368685, 321), (368685, 322), (368685, 323), (368685, 324), (368685, 325), (368685, 326), (368685, 327), (368685, 328), (368685, 329), (368685, 330), (368685, 331), (368685, 332), (368685, 333), (368685, 334), (368685, 335), (368685, 336), (368685, 337), (368685, 338), (368685, 339), (368685, 340), (368685, 341), (368685, 342), (368685, 343), (368685, 344), (368685, 345), (368685, 346), (368685, 347), (368685, 348), (368685, 349), (368685, 350), (368685, 351), (368685, 352), (368685, 353), (368685, 354), (368685, 355), (368685, 356), (368685, 357), (368685, 358), (368685, 359), (368685, 360), (368685, 361), (368685, 362), (368685, 363), (368685, 364), (368685, 365), (368685, 366), (368685, 367), (368685, 368), (368685, 369), (368685, 370), (368685, 371), (368685, 372), (368685, 373), (368685, 374), (368685, 375), (368685, 376), (368685, 377), (368685, 378), (368685, 379), (368685, 380), (368685, 381), (368685, 382), (368685, 383), (368685, 384), (368685, 385), (368685, 386), (368685, 387), (368685, 388), (368685, 389), (368685, 390), (368685, 391), (368685, 392), (368685, 393), (368685, 394), (368685, 395), (368685, 396), (368685, 397), (368685, 398), (368685, 399), (368685, 400), (368685, 401), (368685, 402), (368685, 403), (368685, 404), (368685, 405), (368685, 406), (368685, 407), (368685, 408), (368685, 409), (368685, 410), (368685, 411), (368685, 412), (368685, 413), (368685, 414), (368685, 415), (368685, 416), (368685, 417), (368685, 418), (368685, 419), (368685, 420), (368685, 421), (368685, 422), (368685, 423), (368685, 424), (368685, 425), (368685, 426), (368685, 427), (368685, 428), (368685, 429), (368685, 430), (368685, 431), (368685, 432), (368685, 433), (368685, 434), (368685, 435), (368685, 436), (368685, 437), (368685, 438), (368685, 439), (368685, 440), (368685, 441), (368685, 442), (368685, 443), (368685, 444), (368685, 445), (368685, 446), (368685, 447), (368685, 448), (368685, 449), (368685, 450), (368685, 451), (368685, 452), (368685, 453), (368685, 454), (368685, 455), (368685, 456), (368685, 457), (368685, 458), (368685, 459), (368685, 460), (368685, 461), (368685, 462), (368685, 463), (368685, 464), (368685, 465), (368685, 466), (368685, 467), (368685, 468), (368685, 469), (368685, 470), (368685, 471), (368685, 472), (368685, 473), (368685, 474), (368685, 475), (368685, 476), (368685, 477), (368685, 478), (368685, 479), (368685, 480), (368685, 481), (368685, 482), (368685, 483), (368685, 484), (368685, 485), (368685, 486), (368685, 487), (368685, 488), (368685, 489), (368685, 490), (368685, 491), (368685, 492), (368685, 493), (368685, 494), (368685, 495), (368685, 496), (368685, 497), (368685, 498), (368685, 499), (368685, 500), (368685, 501), (368685, 502), (368685, 503), (368685, 504), (368685, 505), (368685, 506), (368685, 507), (368685, 508), (368685, 509), (368685, 510), (368685, 511), (368685, 512), (368685, 513), (368685, 514), (368685, 515), (368685, 516), (368685, 517), (368685, 518), (368685, 519), (368685, 520), (368685, 521), (368685, 522), (368685, 523), (368685, 524), (368685, 525), (368685, 526), (368685, 527), (368685, 528), (368685, 529), (368685, 530), (368685, 531), (368685, 532), (368685, 533), (368685, 534), (368685, 535), (368685, 536), (368685, 537), (368685, 538), (368685, 539), (368685, 540), (368685, 541), (368685, 542), (368685, 543), (368685, 544), (368685, 545), (368685, 546), (368685, 547), (368685, 548), (368685, 549), (368685, 550), (368685, 551), (368685, 552), (368685, 553), (368685, 554), (368685, 555), (368685, 556), (368685, 557), (368685, 558), (368685, 559), (368685, 560), (368685, 561), (368685, 562), (368685, 563), (368685, 564), (368685, 565), (368685, 566), (368685, 567), (368685, 568), (368685, 569), (368685, 570), (368685, 571), (368685, 572), (368685, 573), (368685, 574), (368685, 575), (368685, 576), (368685, 577), (368685, 578), (368685, 579), (368685, 580), (368685, 581), (368685, 582), (368685, 583), (368685, 584), (368685, 585), (368685, 586), (368685, 587), (368685, 588), (368685, 589), (368685, 590), (368685, 591), (368685, 592), (368685, 593), (368685, 594), (368685, 595), (368685, 596), (368685, 597), (368685, 598), (368685, 599), (368685, 600), (368685, 601), (368685, 602), (368685, 603), (368685, 604), (368685, 605), (368685, 606), (368685, 607), (368685, 608), (368685, 609), (368685, 610), (368685, 611), (368685, 612), (368685, 613), (368685, 614), (368685, 615), (368685, 616), (368685, 617), (368685, 618), (368685, 619), (368685, 620), (368685, 621), (368685, 622), (368685, 623), (368685, 624), (368685, 625), (368685, 626), (368685, 627), (368685, 628), (368685, 629), (368685, 630), (368685, 631), (368685, 632), (368685, 633), (368685, 634), (368685, 635), (368685, 636), (368685, 637), (368685, 638), (368685, 639), (368685, 640), (368685, 641), (368685, 642), (368685, 643), (368685, 644), (368685, 645), (368685, 646), (368685, 647), (368685, 648), (368685, 649), (368685, 650), (368685, 651), (368685, 652), (368685, 653), (368685, 654), (368685, 655), (368685, 656), (368685, 657), (368685, 658), (368685, 659), (368685, 660), (368685, 661), (368685, 662), (368685, 663), (368685, 664), (368685, 665), (368685, 666), (368685, 667), (368685, 668), (368685, 669), (368685, 670), (368685, 671), (368685, 672), (368685, 673), (368685, 674), (368685, 675), (368685, 676), (368685, 677), (368685, 678), (368685, 679), (368685, 680), (368685, 681), (368685, 682), (368685, 683), (368685, 684), (368685, 685), (368685, 686), (368685, 687), (368685, 688), (368685, 689), (368685, 690), (368685, 691), (368685, 692), (368685, 693), (368685, 694), (368685, 695), (368685, 696), (368685, 697), (368685, 698), (368685, 699), (368685, 700), (368685, 701), (368685, 702), (368685, 703), (368685, 704), (368685, 705), (368685, 706), (368685, 707), (368685, 708), (368685, 709), (368685, 710), (368685, 711), (368685, 712), (368685, 713), (368685, 714), (368685, 715), (368685, 716), (368685, 717), (368685, 718), (368685, 719), (368685, 720), (368685, 721), (368685, 722), (368685, 723), (368685, 724), (368685, 725), (368685, 726), (368685, 727), (368685, 728), (368685, 729), (368685, 730), (368685, 731), (368685, 732), (368685, 733), (368685, 734), (368685, 735), (368685, 736), (368685, 737), (368685, 738), (368685, 739), (368685, 740), (368685, 741), (368685, 742), (368685, 743), (368685, 744), (368685, 745), (368685, 746), (368685, 747), (368685, 748), (368685, 749), (368685, 750), (368685, 751), (368685, 752), (368685, 753), (368685, 754), (368685, 755), (368685, 756), (368685, 757), (368685, 758), (368685, 759), (368685, 760), (368685, 761), (368685, 762), (368685, 763), (368685, 764), (368685, 765), (368685, 766), (368685, 767), (368685, 768), (368685, 769), (368685, 770), (368685, 771), (368685, 772), (368685, 773), (368685, 774), (368685, 775), (368685, 776), (368685, 777), (368685, 778), (368685, 779), (368685, 780), (368685, 781), (368685, 782), (368685, 783), (368685, 784), (368685, 785), (368685, 786), (368685, 787), (368685, 788), (368685, 789), (368685, 790), (368685, 791), (368685, 792), (368685, 793), (368685, 794), (368685, 795), (368685, 796), (368685, 797), (368685, 798), (368685, 799), (368685, 800), (368685, 801), (368685, 802), (368685, 803), (368685, 804), (368685, 805), (368685, 806), (368685, 807), (368685, 808), (368685, 809), (368685, 810), (368685, 811), (368685, 812), (368685, 813), (368685, 814), (368685, 815), (368685, 816), (368685, 817), (368685, 818), (368685, 819), (368685, 820), (368685, 821), (368685, 822), (368685, 823), (368685, 824), (368685, 825), (368685, 826), (368685, 827), (368685, 828), (368685, 829), (368685, 830), (368685, 831), (368685, 832), (368685, 833), (368685, 834), (368685, 835), (368685, 836), (368685, 837), (368685, 838), (368685, 839), (368685, 840), (368685, 841), (368685, 842), (368685, 843), (368685, 844), (368685, 845), (368685, 846), (368685, 847), (368685, 848), (368685, 849), (368685, 850), (368685, 851), (368685, 852), (368685, 853), (368685, 854), (368685, 855), (368685, 856), (368685, 857), (368685, 858), (368685, 859), (368685, 860), (368685, 861), (368685, 862), (368685, 863), (368685, 864), (368685, 865), (368685, 866), (368685, 867), (368685, 868), (368685, 869), (368685, 870), (368685, 871), (368685, 872), (368685, 873), (368685, 874), (368685, 875), (368685, 876), (368685, 877), (368685, 878), (368685, 879), (368685, 880), (368685, 881), (368685, 882), (368685, 883), (368685, 884), (368685, 885), (368685, 886), (368685, 887), (368685, 888), (368685, 889), (368685, 890), (368685, 891), (368685, 892), (368685, 893), (368685, 894), (368685, 895), (368685, 896), (368685, 897), (368685, 898), (368685, 899), (368685, 900), (368685, 901), (368685, 902), (368685, 903), (368685, 904), (368685, 905), (368685, 906), (368685, 907), (368685, 908), (368685, 909), (368685, 910), (368685, 911), (368685, 912), (368685, 913), (368685, 914), (368685, 915), (368685, 916), (368685, 917), (368685, 918), (368685, 919), (368685, 920), (368685, 921), (368685, 922), (368685, 923), (368685, 924), (368685, 925), (368685, 926), (368685, 927), (368685, 928), (368685, 929), (368685, 930), (368685, 931), (368685, 932), (368685, 933), (368685, 934), (368685, 935), (368685, 936), (368685, 937), (368685, 938), (368685, 939), (368685, 940), (368685, 941), (368685, 942), (368685, 943), (368685, 944), (368685, 945), (368685, 946), (368685, 947), (368685, 948), (368685, 949), (368685, 950), (368685, 951), (368685, 952), (368685, 953), (368685, 954), (368685, 955), (368685, 956), (368685, 957), (368685, 958), (368685, 959), (368685, 960), (368685, 961), (368685, 962), (368685, 963), (368685, 964), (368685, 965), (368685, 966), (368685, 967), (368685, 968), (368685, 969), (368685, 970), (368685, 971), (368685, 972), (368685, 973), (368685, 974), (368685, 975), (368685, 976), (368685, 977), (368685, 978), (368685, 979), (368685, 980), (368685, 981), (368685, 982), (368685, 983), (368685, 984), (368685, 985), (368685, 986), (368685, 987), (368685, 988), (368685, 989), (368685, 990), (368685, 991), (368685, 992), (368685, 993), (368685, 994), (368685, 995), (368685, 996), (368685, 997), (368685, 998), (368685, 999), (368685, 1000), (368685, 1001), (368685, 1002), (368685, 1003), (368685, 1004), (368685, 1005), (368685, 1006), (368685, 1007), (368685, 1008), (368685, 1009), (368685, 1010), (368685, 1011), (368685, 1012), (368685, 1013), (368685, 1014), (368685, 1015), (368685, 1016), (368685, 1017), (368685, 1018), (368685, 1019), (368685, 1020), (368685, 1021), (368685, 1022), (368685, 1023), (368685, 1024), (368685, 1025), (368685, 1026), (368685, 1027), (368685, 1028), (368685, 1029), (368685, 1030), (368685, 1031), (368685, 1032), (368685, 1033), (368685, 1034), (368685, 1035), (368685, 1036), (368685, 1037), (368685, 1038), (368685, 1039), (368685, 1040), (368685, 1041), (368685, 1042), (368685, 1043), (368685, 1044), (368685, 1045), (368685, 1046), (368685, 1047), (368685, 1048), (368685, 1049), (368685, 1050), (368685, 1051), (368685, 1052), (368685, 1053), (368685, 1054), (368685, 1055), (368685, 1056), (368685, 1057), (368685, 1058), (368685, 1059), (368685, 1060), (368685, 1061), (368685, 1062), (368685, 1063), (368685, 1064), (368685, 1065), (368685, 1066), (368685, 1067), (368685, 1068), (368685, 1069), (368685, 1070), (368685, 1071), (368685, 1072), (368685, 1073), (368685, 1074), (368685, 1075), (368685, 1076), (368685, 1077), (368685, 1078), (368685, 1079), (368685, 1080), (368685, 1081), (368685, 1082), (368685, 1083), (368685, 1084), (368685, 1085), (368685, 1086), (368685, 1087), (368685, 1088), (368685, 1089), (368685, 1090), (368685, 1091), (368685, 1092), (368685, 1093), (368685, 1094), (368685, 1095), (368685, 1096), (368685, 1097), (368685, 1098), (368685, 1099), (368685, 1100), (368685, 1101), (368685, 1102), (368685, 1103), (368685, 1104), (368685, 1105), (368685, 1106), (368685, 1107), (368685, 1108), (368685, 1109), (368685, 1110), (368685, 1111), (368685, 1112), (368685, 1113), (368685, 1114), (368685, 1115), (368685, 1116), (368685, 1117), (368685, 1118), (368685, 1119), (368685, 1120), (368685, 1121), (368685, 1122), (368685, 1123), (368685, 1124), (368685, 1125), (368685, 1126), (368685, 1127), (368685, 1128), (368685, 1129), (368685, 1130), (368685, 1131), (368685, 1132), (368685, 1133), (368685, 1134), (368685, 1135), (368685, 1136), (368685, 1137), (368685, 1138), (368685, 1139), (368685, 1140), (368685, 1141), (368685, 1142), (368685, 1143), (368685, 1144), (368685, 1145), (368685, 1146), (368685, 1147), (368685, 1148), (368685, 1149), (368685, 1150), (368685, 1151), (368685, 1152), (368685, 1153), (368685, 1154), (368685, 1155), (368685, 1156), (368685, 1157), (368685, 1158), (368685, 1159), (368685, 1160), (368685, 1161), (368685, 1162), (368685, 1163), (368685, 1164), (368685, 1165), (368685, 1166), (368685, 1167), (368685, 1168), (368685, 1169), (368685, 1170), (368685, 1171), (368685, 1172), (368685, 1173), (368685, 1174), (368685, 1175), (368685, 1176), (368685, 1177), (368685, 1178), (368685, 1179), (368685, 1180), (368685, 1181), (368685, 1182), (368685, 1183), (368685, 1184), (368685, 1185), (368685, 1186), (368685, 1187), (368685, 1188), (368685, 1189), (368685, 1190), (368685, 1191), (368685, 1192), (368685, 1193), (368685, 1194), (368685, 1195), (368685, 1196), (368685, 1197), (368685, 1198), (368685, 1199), (368685, 1200), (368685, 1201), (368685, 1202), (368685, 1203), (368685, 1204), (368685, 1205), (368685, 1206), (368685, 1207), (368685, 1208), (368685, 1209), (368685, 1210), (368685, 1211), (368685, 1212), (368685, 1213), (368685, 1214), (368685, 1215), (368685, 1216), (368685, 1217), (368685, 1218), (368685, 1219), (368685, 1220), (368685, 1221), (368685, 1222), (368685, 1223), (368685, 1224), (368685, 1225), (368685, 1226), (368685, 1227), (368685, 1228), (368685, 1229), (368685, 1230), (368685, 1231), (368685, 1232), (368685, 1233), (368685, 1234), (368685, 1235), (368685, 1236), (368685, 1237), (368685, 1238), (368685, 1239), (368685, 1240), (368685, 1241), (368685, 1242), (368685, 1243), (368685, 1244), (368685, 1245), (368685, 1246), (368685, 1247), (368685, 1248), (368685, 1249), (368685, 1250), (368685, 1251), (368685, 1252), (368685, 1253), (368685, 1254), (368685, 1255), (368685, 1256), (368685, 1257), (368685, 1258), (368685, 1259), (368685, 1260), (368685, 1261), (368685, 1262), (368685, 1263), (368685, 1264), (368685, 1265), (368685, 1266), (368685, 1267), (368685, 1268), (368685, 1269), (368685, 1270), (368685, 1271), (368685, 1272), (368685, 1273), (368685, 1274), (368685, 1275), (368685, 1276), (368685, 1277), (368685, 1278), (368685, 1279), (368685, 1280), (368685, 1281), (368685, 1282), (368685, 1283), (368685, 1284), (368685, 1285), (368685, 1286), (368685, 1287), (368685, 1288), (368685, 1289), (368685, 1290), (368685, 1291), (368685, 1292), (368685, 1293), (368685, 1294), (368685, 1295), (368685, 1296), (368685, 1297), (368685, 1298), (368685, 1299), (368685, 1300), (368685, 1301), (368685, 1302), (368685, 1303), (368685, 1304), (368685, 1305), (368685, 1306), (368685, 1307), (368685, 1308), (368685, 1309), (368685, 1310), (368685, 1311), (368685, 1312), (368685, 1313), (368685, 1314), (368685, 1315), (368685, 1316), (368685, 1317), (368685, 1318), (368685, 1319), (368685, 1320), (368685, 1321), (368685, 1322), (368685, 1323), (368685, 1324), (368685, 1325), (368685, 1326), (368685, 1327), (368685, 1328), (368685, 1329), (368685, 1330), (368685, 1331), (368685, 1332), (368685, 1333), (368685, 1334), (368685, 1335), (368685, 1336), (368685, 1337), (368685, 1338), (368685, 1339), (368685, 1340), (368685, 1341), (368685, 1342), (368685, 1343), (368685, 1344), (368685, 1345), (368685, 1346), (368685, 1347), (368685, 1348), (368685, 1349), (368685, 1350), (368685, 1351), (368685, 1352), (368685, 1353), (368685, 1354), (368685, 1355), (368685, 1356), (368685, 1357), (368685, 1358), (368685, 1359), (368685, 1360), (368685, 1361), (368685, 1362), (368685, 1363), (368685, 1364), (368685, 1365), (368685, 1366), (368685, 1367), (368685, 1368), (368685, 1369), (368685, 1370), (368685, 1371), (368685, 1372), (368685, 1373), (368685, 1374), (368685, 1375), (368685, 1376), (368685, 1377), (368685, 1378), (368685, 1379), (368685, 1380), (368685, 1381), (368685, 1382), (368685, 1383), (368685, 1384), (368685, 1385), (368685, 1386), (368685, 1387), (368685, 1388), (368685, 1389), (368685, 1390), (368685, 1391), (368685, 1392), (368685, 1393), (368685, 1394), (368685, 1395), (368685, 1396), (368685, 1397), (368685, 1398), (368685, 1399), (368685, 1400), (368685, 1401), (368685, 1402), (368685, 1403), (368685, 1404), (368685, 1405), (368685, 1406), (368685, 1407), (368685, 1408), (368685, 1409), (368685, 1410), (368685, 1411), (368685, 1412), (368685, 1413), (368685, 1414), (368685, 1415), (368685, 1416), (368685, 1417), (368685, 1418), (368685, 1419), (368685, 1420), (368685, 1421), (368685, 1422), (368685, 1423), (368685, 1424), (368685, 1425), (368685, 1426), (368685, 1427), (368685, 1428), (368685, 1429), (368685, 1430), (368685, 1431), (368685, 1432), (368685, 1433), (368685, 1434), (368685, 1435), (368685, 1436), (368685, 1437), (368685, 1438), (368685, 1439), (368685, 1440), (368685, 1441), (368685, 1442), (368685, 1443), (368685, 1444), (368685, 1445), (368685, 1446), (368685, 1447), (368685, 1448), (368685, 1449), (368685, 1450), (368685, 1451), (368685, 1452), (368685, 1453), (368685, 1454), (368685, 1455), (368685, 1456), (368685, 1457), (368685, 1458), (368685, 1459), (368685, 1460), (368685, 1461), (368685, 1462), (368685, 1463), (368685, 1464), (368685, 1465), (368685, 1466), (368685, 1467), (368685, 1468), (368685, 1469), (368685, 1470), (368685, 1471), (368685, 1472), (368685, 1473), (368685, 1474), (368685, 1475), (368685, 1476), (368685, 1477), (368685, 1478), (368685, 1479), (368685, 1480), (368685, 1481), (368684, 40), (368684, 41), (368684, 42), (368684, 43), (368684, 44), (368684, 45), (368684, 46), (368684, 47), (368684, 48), (368684, 49), (368684, 50), (368684, 51), (368684, 52), (368684, 53), (368684, 54), (368684, 55), (368684, 56), (368684, 57), (368684, 58), (368684, 59), (368684, 60), (368684, 61), (368684, 62), (368684, 63), (368684, 64), (368684, 65), (368684, 66), (368684, 67), (368684, 68), (368684, 69), (368684, 70), (368684, 71), (368684, 72), (368684, 73), (368684, 74), (368684, 75), (368684, 76), (368684, 77), (368684, 78), (368684, 79), (368684, 80), (368684, 81), (368684, 82), (368684, 83), (368684, 84), (368684, 85), (368684, 86), (368684, 87), (368684, 88), (368684, 89), (368684, 90), (368684, 91), (368684, 92), (368684, 93), (368684, 94), (368684, 95), (368684, 96), (368684, 97), (368684, 98), (368684, 99), (368684, 100), (368684, 101), (368684, 102), (368684, 103), (368684, 104), (368684, 105), (368684, 106), (368684, 107), (368684, 108), (368684, 109), (368684, 110), (368684, 111), (368684, 112), (368684, 113), (368684, 114), (368684, 115), (368684, 116), (368684, 117), (368684, 118), (368684, 119), (368684, 120), (368684, 121), (368684, 122), (368684, 123), (368684, 124), (368684, 125), (368684, 126), (368684, 127), (368684, 128), (368684, 129), (368684, 130), (368684, 131), (368684, 132), (368684, 133), (368684, 134), (368684, 135), (368678, 1), (368678, 2), (368678, 3), (368678, 4), (368678, 5), (368678, 6), (368678, 7), (368678, 8), (368678, 9), (368678, 10), (368678, 11), (368678, 12), (368678, 13), (368678, 14), (368678, 15), (368678, 16), (368678, 17), (368678, 18), (368678, 19), (368678, 20), (368678, 21), (368678, 22), (368678, 23), (368678, 24), (368678, 25), (368678, 26), (368678, 27), (368678, 28), (368678, 29), (368678, 30), (368678, 31), (368678, 32), (368678, 33), (368678, 34), (368678, 35), (368678, 36), (368678, 37), (368678, 38), (368678, 39), (368678, 40), (368678, 41), (368678, 42), (368678, 43), (368678, 44), (368678, 45), (368678, 46), (368678, 47), (368678, 48), (368678, 49), (368678, 50), (368678, 51), (368678, 52), (368678, 53), (368678, 54), (368678, 55), (368678, 56), (368678, 57), (368678, 58), (368678, 59), (368678, 60), (368678, 61), (368678, 62), (368678, 63), (368678, 64), (368678, 65), (368678, 66), (368678, 67), (368678, 68), (368678, 69), (368678, 70), (368678, 71), (368678, 72), (368678, 73), (368678, 74), (368678, 75), (368678, 76), (368678, 77), (368678, 78), (368678, 79), (368678, 80), (368678, 81), (368678, 82), (368678, 83), (368678, 84), (368678, 85), (368678, 86), (368678, 87), (368678, 88), (368678, 89), (368678, 90), (368678, 91), (368678, 92), (368678, 93), (368678, 94), (368678, 95), (368678, 96), (368678, 97), (368678, 98), (368678, 99), (368678, 100), (368678, 101), (368678, 102), (368678, 103), (368678, 104), (368678, 105), (368678, 106), (368678, 107), (368678, 108), (368678, 109), (368678, 110), (368678, 111), (368678, 112), (368678, 113), (368678, 114), (368678, 115), (368678, 116), (368678, 117), (368678, 118), (368678, 119), (368678, 120), (368678, 121), (368678, 122), (368678, 123), (368678, 124), (368678, 125), (368678, 126), (368678, 127), (368678, 128), (368678, 129), (368678, 130), (368678, 131), (368678, 132), (368678, 133), (368678, 134), (368678, 135), (368678, 136), (368678, 137), (368678, 138), (368678, 139), (368678, 140), (368678, 141), (368678, 142), (368678, 143), (368678, 144), (368678, 145), (368678, 146), (368678, 147), (368678, 148), (368678, 149), (368678, 150), (368678, 151), (368678, 152), (368678, 153), (368678, 154), (368678, 155), (368678, 156), (368678, 157), (368678, 158), (368678, 159), (368678, 160), (368678, 161), (368678, 162), (368678, 163), (368678, 164), (368678, 165), (368678, 166), (368678, 167), (368678, 168), (368678, 169), (368678, 170), (368678, 171), (368676, 1), (368676, 2), (368676, 3), (368676, 4), (368676, 5), (368676, 6), (368676, 7), (368676, 8), (368676, 9), (368676, 10), (368676, 11), (368676, 12), (368676, 13), (368676, 14), (368676, 15), (368676, 16), (368676, 17), (368676, 18), (368676, 19), (368676, 20), (368676, 21), (368676, 22), (368676, 23), (368676, 24), (368676, 25), (368676, 26), (368676, 27), (368676, 28), (368676, 29), (368676, 30), (368676, 31), (368676, 32), (368676, 33), (368676, 34), (368676, 35), (368676, 36), (368676, 37), (368676, 38), (368676, 39), (368676, 40), (368676, 41), (368676, 42), (368676, 43), (368676, 44), (368676, 45), (368676, 46), (368676, 47), (368676, 48), (368676, 49), (368676, 50), (368676, 51), (368676, 52), (368676, 53), (368676, 54), (368676, 55), (368676, 56), (368676, 57), (368676, 58), (368676, 59), (368676, 60), (368676, 61), (368676, 62), (368676, 63), (368676, 64), (368676, 65), (368676, 66), (368676, 67), (368676, 68), (368676, 69), (368676, 70), (368676, 71), (368676, 72), (368676, 73), (368676, 74), (368676, 75), (368676, 76), (368676, 77), (368676, 78), (368676, 79), (368676, 80), (368676, 81), (368676, 82), (368676, 83), (368676, 84), (368676, 85), (368676, 86), (368676, 87), (368676, 88), (368676, 89), (368676, 90), (368676, 91), (368676, 92), (368676, 93), (368676, 94), (368676, 95), (368676, 96), (368676, 97), (368676, 98), (368676, 99), (368676, 100), (368676, 101), (368676, 102), (368676, 103), (368676, 104), (368676, 105), (368676, 106), (368676, 107), (368676, 108), (368676, 109), (368676, 110), (368676, 111), (368676, 112), (368676, 113), (368676, 114), (368676, 115), (368676, 116), (368676, 117), (368676, 118), (368676, 119), (368676, 120), (368676, 121), (368676, 122), (368676, 123), (368676, 124), (368676, 125), (368676, 126), (368676, 127), (368676, 128), (368676, 129), (368676, 130), (368676, 131), (368676, 132), (368676, 133), (368676, 134), (368676, 135), (368676, 136), (368676, 137), (368676, 138), (368676, 139), (368676, 140), (368676, 141), (368676, 142), (368676, 143), (368676, 144), (368676, 145), (368676, 146), (368676, 147), (368676, 148), (368676, 149), (368676, 150), (368676, 151), (368676, 152), (368676, 153), (368676, 154), (368676, 155), (368676, 156), (368675, 1), (368675, 2), (368675, 3), (368675, 4), (368675, 5), (368675, 6), (368675, 7), (368675, 8), (368675, 9), (368675, 10), (368675, 11), (368675, 12), (368675, 13), (368675, 14), (368675, 15), (368675, 16), (368675, 17), (368675, 18), (368675, 19), (368675, 20), (368675, 21), (368675, 22), (368675, 23), (368675, 24), (368675, 25), (368675, 26), (368675, 27), (368675, 28), (368675, 29), (368675, 30), (368675, 31), (368675, 32), (368675, 33), (368675, 34), (368675, 35), (368675, 36), (368675, 37), (368675, 38), (368675, 39), (368675, 40), (368675, 41), (368675, 42), (368675, 43), (368675, 44), (368675, 45), (368675, 46), (368675, 47), (368675, 48), (368675, 49), (368675, 50), (368674, 1), (368674, 2), (368674, 3), (368674, 4), (368674, 5), (368674, 6), (368674, 7), (368674, 8), (368674, 9), (368674, 10), (368674, 11), (368674, 12), (368672, 1), (368672, 2), (368672, 3), (368672, 4), (368672, 5), (368672, 6), (368672, 7), (368672, 8), (368672, 9), (368672, 10), (368672, 11), (368672, 12), (368672, 13), (368672, 14), (368672, 15), (368672, 16), (368672, 17), (368672, 18), (368672, 19), (368672, 20), (368672, 21), (368672, 22), (368672, 23), (368672, 24), (368672, 25), (368672, 26), (368672, 27), (368672, 28), (368672, 29), (368672, 30), (368672, 31), (368672, 32), (368672, 33), (368672, 34), (368672, 35), (368672, 36), (368672, 37), (368672, 38), (368672, 39), (368672, 40), (368672, 41), (368672, 42), (368672, 43), (368672, 44), (368672, 45), (368672, 46), (368672, 47), (368672, 48), (368672, 49), (368672, 50), (368672, 51), (368672, 52), (368672, 53), (368672, 54), (368672, 55), (368672, 56), (368672, 57), (368672, 58), (368672, 59), (368672, 60), (368672, 61), (368672, 62), (368672, 63), (368672, 64), (368672, 65), (368672, 66), (368672, 67), (368672, 68), (368672, 69), (368672, 70), (368672, 71), (368672, 72), (368672, 73), (368672, 74), (368672, 75), (368672, 76), (368672, 77), (368672, 78), (368672, 79), (368672, 80), (368672, 81), (368672, 82), (368672, 83), (368672, 84), (368672, 85), (368672, 86), (368672, 87), (368672, 88), (368672, 89), (368672, 90), (368672, 91), (368672, 92), (368672, 93), (368672, 94), (368672, 95), (368672, 96), (368672, 97), (368672, 98), (368672, 99), (368672, 100), (368672, 101), (368672, 102), (368672, 103), (368672, 104), (368672, 105), (368672, 106), (368672, 107), (368672, 108), (368672, 109), (368672, 110), (368672, 111), (368672, 112), (368672, 113), (368672, 114), (368672, 115), (368672, 116), (368672, 117), (368672, 118), (368672, 119), (368672, 120), (368672, 121), (368672, 122), (368672, 123), (368672, 124), (368672, 125), (368672, 126), (368672, 127), (368672, 128), (368672, 129), (368672, 130), (368672, 131), (368672, 132), (368672, 133), (368672, 134), (368672, 135), (368672, 136), (368672, 137), (368672, 138), (368672, 139), (368672, 140), (368672, 141), (368672, 142), (368672, 143), (368672, 144), (368672, 145), (368672, 146), (368672, 147), (368672, 148), (368672, 149), (368672, 150), (368672, 151), (368672, 152), (368672, 153), (368672, 154), (368672, 155), (368672, 156), (368672, 157), (368672, 158), (368672, 159), (368672, 160), (368672, 161), (368672, 162), (368672, 163), (368672, 164), (368672, 165), (368672, 166), (368672, 167), (368672, 168), (368672, 169), (368672, 170), (368672, 171), (368672, 172), (368672, 173), (368672, 174), (368672, 175), (368672, 176), (368672, 177), (368672, 178), (368672, 179), (368672, 180), (368672, 181), (368672, 182), (368672, 183), (368672, 184), (368672, 185), (368672, 186), (368672, 187), (368672, 188), (368672, 189), (368672, 190), (368672, 191), (368672, 192), (368672, 193), (368672, 194), (368672, 195), (368672, 196), (368672, 197), (368672, 198), (368672, 199), (368672, 200), (368672, 201), (368672, 202), (368672, 203), (368672, 204), (368672, 205), (368672, 206), (368672, 207), (368672, 208), (368672, 209), (368672, 210), (368672, 211), (368672, 212), (368672, 213), (368672, 214), (368672, 215), (368672, 216), (368672, 217), (368672, 218), (368672, 219), (368672, 220), (368672, 221), (368672, 222), (368672, 223), (368672, 224), (368672, 225), (368672, 226), (368672, 227), (368672, 228), (368672, 229), (368672, 230), (368672, 231), (368672, 232), (368672, 233), (368672, 234), (368672, 235), (368672, 236), (368672, 237), (368672, 238), (368672, 239), (368672, 240), (368672, 241), (368672, 242), (368672, 243), (368672, 244), (368672, 245), (368672, 246), (368672, 247), (368672, 248), (368672, 249), (368672, 250), (368672, 251), (368672, 252), (368672, 253), (368672, 254), (368672, 255), (368672, 256), (368672, 257), (368672, 258), (368672, 259), (368672, 260), (368672, 261), (368672, 262), (368672, 263), (368672, 264), (368672, 265), (368672, 266), (368672, 267), (368672, 268), (368672, 269), (368672, 270), (368672, 271), (368672, 272), (368672, 273), (368672, 274), (368672, 275), (368672, 276), (368672, 277), (368672, 278), (368672, 279), (368672, 280), (368672, 281), (368672, 282), (368672, 283), (368672, 284), (368672, 285), (368672, 286), (368672, 287), (368672, 288), (368672, 289), (368672, 290), (368672, 291), (368672, 292), (368672, 293), (368672, 294), (368672, 295), (368672, 296), (368672, 297), (368672, 298), (368672, 299), (368672, 300), (368672, 301), (368672, 302), (368672, 303), (368672, 304), (368672, 305), (368672, 306), (368672, 307), (368672, 308), (368672, 309), (368672, 310), (368672, 311), (368672, 312), (368672, 313), (368672, 314), (368672, 315), (368672, 316), (368672, 317), (368672, 318), (368672, 319), (368672, 320), (368672, 321), (368672, 322), (368672, 323), (368672, 324), (368672, 325), (368672, 326), (368672, 327), (368672, 328), (368672, 329), (368672, 330), (368672, 331), (368672, 332), (368672, 333), (368672, 334), (368672, 335), (368672, 336), (368672, 337), (368672, 338), (368672, 339), (368672, 340), (368672, 341), (368672, 342), (368672, 343), (368672, 344), (368672, 345), (368672, 346), (368672, 347), (368672, 348), (368672, 349), (368672, 350), (368672, 351), (368672, 352), (368672, 353), (368672, 354), (368672, 355), (368672, 356), (368672, 357), (368672, 358), (368672, 359), (368672, 360), (368672, 361), (368672, 362), (368672, 363), (368672, 364), (368672, 365), (368672, 366), (368672, 367), (368672, 368), (368672, 369), (368672, 370), (368672, 371), (368672, 372), (368672, 373), (368672, 374), (368672, 375), (368672, 376), (368672, 377), (368672, 378), (368672, 379), (368672, 380), (368672, 381), (368672, 382), (368672, 383), (368672, 384), (368672, 385), (368672, 386), (368672, 387), (368672, 388), (368672, 389), (368672, 390), (368672, 391), (368672, 392), (368672, 393), (368672, 394), (368672, 395), (368672, 396), (368672, 397), (368672, 398), (368672, 399), (368672, 400), (368672, 401), (368672, 402), (368672, 403), (368672, 404), (368672, 405), (368672, 406), (368672, 407), (368672, 408), (368672, 409), (368672, 410), (368672, 411), (368672, 412), (368672, 413), (368672, 414), (368672, 415), (368672, 416), (368672, 417), (368672, 418), (368672, 419), (368672, 420), (368672, 421), (368672, 422), (368672, 423), (368672, 424), (368672, 425), (368672, 426), (368672, 427), (368672, 428), (368672, 429), (368672, 430), (368672, 431), (368672, 432), (368672, 433), (368672, 434), (368672, 435), (368672, 436), (368672, 437), (368672, 438), (368672, 439), (368672, 440), (368672, 441), (368672, 442), (368672, 443), (368672, 444), (368672, 445), (368672, 446), (368672, 447), (368672, 448), (368672, 449), (368672, 450), (368672, 451), (368672, 452), (368672, 453), (368672, 454), (368672, 455), (368672, 456), (368672, 457), (368672, 458), (368672, 459), (368672, 460), (368672, 461), (368672, 462), (368672, 463), (368672, 464), (368672, 465), (368672, 466), (368672, 467), (368672, 468), (368672, 469), (368672, 470), (368672, 471), (368672, 472), (368672, 473), (368672, 474), (368672, 475), (368672, 476), (368672, 477), (368672, 478), (368672, 479), (368672, 480), (368672, 481), (368672, 482), (368672, 483), (368672, 484), (368672, 485), (368672, 486), (368672, 487), (368672, 488), (368672, 489), (368672, 490), (368672, 491), (368672, 492), (368672, 493), (368672, 494), (368672, 495), (368672, 496), (368672, 497), (368672, 498), (368672, 499), (368672, 500), (368672, 501), (368672, 502), (368672, 503), (368672, 504), (368672, 505), (368672, 506), (368672, 507), (368672, 508), (368672, 509), (368672, 510), (368672, 511), (368672, 512), (368672, 513), (368672, 514), (368672, 515), (368672, 516), (368672, 517), (368672, 518), (368672, 519), (368672, 520), (368672, 521), (368672, 522), (368672, 523), (368672, 524), (368672, 525), (368672, 526), (368672, 527), (368672, 528), (368672, 529), (368672, 530), (368672, 531), (368672, 532), (368672, 533), (368672, 534), (368672, 535), (368672, 536), (368672, 537), (368672, 538), (368672, 539), (368672, 540), (368672, 541), (368672, 542), (368672, 543), (368672, 544), (368672, 545), (368672, 546), (368672, 547), (368672, 548), (368672, 549), (368672, 550), (368672, 551), (368672, 552), (368672, 553), (368672, 554), (368672, 555), (368672, 556), (368672, 557), (368672, 558), (368672, 559), (368672, 560), (368672, 561), (368672, 562), (368672, 563), (368672, 564), (368672, 565), (368672, 566), (368672, 567), (368672, 568), (368672, 569), (368672, 570), (368672, 571), (368672, 572), (368672, 573), (368672, 574), (368672, 575), (368672, 576), (368672, 577), (368672, 578), (368672, 579), (368672, 580), (368672, 581), (368672, 582), (368672, 583), (368672, 584), (368672, 585), (368672, 586), (368672, 587), (368672, 588), (368672, 589), (368672, 590), (368672, 591), (368672, 592), (368672, 593), (368672, 594), (368672, 595), (368672, 596), (368672, 597), (368672, 598), (368672, 599), (368672, 600), (368672, 601), (368672, 602), (368672, 603), (368672, 604), (368672, 605), (368672, 606), (368672, 607), (368672, 608), (368672, 609), (368672, 610), (368672, 611), (368672, 612), (368672, 613), (368672, 614), (368672, 615), (368672, 616), (368672, 617), (368672, 618), (368672, 619), (368672, 620), (368672, 621), (368672, 622), (368672, 623), (368672, 624), (368672, 625), (368672, 626), (368672, 627), (368672, 628), (368672, 629), (368672, 630), (368672, 631), (368672, 632), (368672, 633), (368672, 634), (368672, 635), (368672, 636), (368672, 637), (368672, 638), (368672, 639), (368672, 640), (368672, 641), (368672, 642), (368672, 643), (368672, 644), (368672, 645), (368672, 646), (368672, 647), (368672, 648), (368672, 649), (368672, 650), (368672, 651), (368672, 652), (368672, 653), (368672, 654), (368672, 655), (368672, 656), (368672, 657), (368672, 658), (368672, 659), (368672, 660), (368672, 661), (368672, 662), (368672, 663), (368672, 664), (368672, 665), (368672, 666), (368672, 667), (368672, 668), (368672, 669), (368672, 670), (368672, 671), (368672, 672), (368672, 673), (368672, 674), (368672, 675), (368672, 676), (368672, 677), (368672, 678), (368672, 679), (368672, 680), (368672, 681), (368672, 682), (368672, 683), (368672, 684), (368672, 685), (368672, 686), (368672, 687), (368672, 688), (368672, 689), (368672, 690), (368672, 691), (368672, 692), (368672, 693), (368672, 694), (368672, 695), (368672, 696), (368672, 697), (368672, 698), (368672, 699), (368672, 700), (368672, 701), (368672, 702), (368672, 703), (368672, 704), (368672, 705), (368672, 706), (368672, 707), (368672, 708), (368672, 709), (368672, 710), (368672, 711), (368672, 712), (368672, 713), (368672, 714), (368672, 715), (368672, 716), (368672, 717), (368672, 718), (368672, 719), (368672, 720), (368672, 721), (368672, 722), (368672, 723), (368672, 724), (368672, 725), (368672, 726), (368672, 727), (368672, 728), (368672, 729), (368672, 730), (368672, 731), (368672, 732), (368672, 733), (368672, 734), (368672, 735), (368672, 736), (368672, 737), (368672, 738), (368672, 739), (368672, 740), (368672, 741), (368672, 742), (368672, 743), (368672, 744), (368672, 745), (368672, 746), (368672, 747), (368672, 748), (368672, 749), (368672, 750), (368672, 751), (368672, 752), (368672, 753), (368672, 754), (368672, 755), (368672, 756), (368672, 757), (368672, 758), (368672, 759), (368672, 760), (368672, 761), (368672, 762), (368672, 763), (368672, 764), (368672, 765), (368672, 766), (368672, 767), (368672, 768), (368672, 769), (368672, 770), (368672, 771), (368672, 772), (368672, 773), (368672, 774), (368672, 775), (368672, 776), (368672, 777), (368672, 778), (368672, 779), (368672, 780), (368672, 781), (368672, 782), (368672, 783), (368672, 784), (368672, 785), (368672, 786), (368672, 787), (368672, 788), (368672, 789), (368672, 790), (368672, 791), (368672, 792), (368672, 793), (368672, 794), (368672, 795), (368672, 796), (368672, 797), (368672, 798), (368672, 799), (368672, 800), (368672, 801), (368672, 802), (368672, 803), (368672, 804), (368672, 805), (368672, 806), (368672, 807), (368672, 808), (368672, 809), (368672, 810), (368672, 811), (368672, 812), (368672, 813), (368672, 814), (368672, 815), (368672, 816), (368672, 817), (368672, 818), (368672, 819), (368672, 820), (368672, 821), (368672, 822), (368672, 823), (368672, 824), (368672, 825), (368672, 826), (368672, 827), (368672, 828), (368672, 829), (368672, 830), (368672, 831), (368672, 832), (368672, 833), (368672, 834), (368672, 835), (368672, 836), (368672, 837), (368672, 838), (368672, 839), (368672, 840), (368672, 841), (368672, 842), (368672, 843), (368672, 844), (368672, 845), (368672, 846), (368672, 847), (368672, 848), (368672, 849), (368672, 850), (368672, 851), (368672, 852), (368672, 853), (368672, 854), (368672, 855), (368672, 856), (368672, 857), (368672, 858), (368672, 859), (368672, 860), (368672, 861), (368672, 862), (368672, 863), (368672, 864), (368672, 865), (368672, 866), (368670, 1), (368670, 2), (368670, 3), (368670, 4), (368670, 5), (368670, 6), (368670, 7), (368670, 8), (368670, 9), (368670, 10), (368670, 11), (368670, 12), (368670, 13), (368670, 14), (368670, 15), (368670, 16), (368670, 17), (368670, 18), (368670, 19), (368670, 20), (368670, 21), (368670, 22), (368670, 23), (368670, 24), (368670, 25), (368670, 26), (368670, 27), (368670, 28), (368670, 29), (368670, 30), (368670, 31), (368670, 32), (368670, 33), (368670, 34), (368670, 35), (368670, 36), (368670, 37), (368670, 38), (368670, 39), (368670, 40), (368670, 41), (368670, 42), (368670, 43), (368670, 44), (368670, 45), (368670, 46), (368670, 47), (368670, 48), (368670, 49), (368670, 50), (368670, 51), (368670, 52), (368670, 53), (368670, 54), (368670, 55), (368670, 56), (368670, 57), (368670, 58), (368670, 59), (368670, 60), (368670, 61), (368670, 62), (368670, 63), (368670, 64), (368670, 65), (368670, 66), (368670, 67), (368670, 68), (368670, 69), (368670, 70), (368670, 71), (368670, 72), (368670, 73), (368670, 74), (368670, 75), (368670, 76), (368670, 77), (368670, 78), (368670, 79), (368670, 80), (368670, 81), (368670, 82), (368670, 83), (368670, 84), (368670, 85), (368670, 86), (368670, 87), (368670, 88), (368670, 89), (368670, 90), (368670, 91), (368670, 92), (368670, 93), (368670, 94), (368670, 95), (368670, 96), (368670, 97), (368670, 98), (368670, 99), (368670, 100), (368670, 101), (368670, 102), (368670, 103), (368670, 104), (368670, 105), (368670, 106), (368670, 107), (368670, 108), (368670, 109), (368670, 110), (368670, 111), (368670, 112), (368670, 113), (368670, 114), (368670, 115), (368670, 116), (368670, 117), (368670, 118), (368670, 119), (368670, 120), (368670, 121), (368670, 122), (368670, 123), (368670, 124), (368670, 125), (368670, 126), (368670, 127), (368670, 128), (368670, 129), (368670, 130), (368670, 131), (368670, 132), (368670, 133), (368670, 134), (368670, 135), (368670, 136), (368670, 137), (368670, 138), (368670, 139), (368670, 140), (368670, 141), (368670, 142), (368670, 143), (368670, 144), (368670, 145), (368670, 146), (368670, 147), (368670, 148), (368670, 149), (368670, 150), (368670, 151), (368670, 152), (368670, 153), (368670, 154), (368670, 155), (368670, 156), (368670, 157), (368670, 158), (368670, 159), (368670, 160), (368670, 161), (368670, 162), (368670, 163), (368670, 164), (368670, 165), (368670, 166), (368670, 167), (368670, 168), (368670, 169), (368670, 170), (368670, 171), (368670, 172), (368670, 173), (368670, 174), (368670, 175), (368670, 176), (368670, 177), (368670, 178), (368670, 179), (368670, 180), (368670, 181), (368670, 182), (368670, 183), (368670, 184), (368670, 185), (368670, 186), (368670, 187), (368670, 188), (368670, 189), (368670, 190), (368670, 191), (368670, 192), (368670, 193), (368670, 194), (368670, 195), (368670, 196), (368670, 197), (368670, 198), (368670, 199), (368670, 200), (368670, 201), (368670, 202), (368670, 203), (368670, 204), (368670, 205), (368670, 206), (368670, 207), (368670, 208), (368670, 209), (368670, 210), (368670, 211), (368670, 212), (368670, 213), (368670, 214), (368670, 215), (368670, 216), (368670, 217), (368670, 218), (368670, 219), (368670, 220), (368670, 221), (368670, 222), (368670, 223), (368670, 224), (368670, 225), (368670, 226), (368670, 227), (368670, 228), (368670, 229), (368670, 230), (368670, 231), (368670, 232), (368670, 233), (368670, 234), (368670, 235), (368670, 236), (368670, 237), (368670, 238), (368670, 239), (368670, 240), (368670, 241), (368670, 242), (368670, 243), (368670, 244), (368670, 245), (368670, 246), (368670, 247), (368670, 248), (368670, 249), (368670, 250), (368670, 251), (368670, 252), (368670, 253), (368670, 254), (368670, 255), (368670, 306), (368670, 307), (368670, 308), (368636, 51), (368636, 52), (368636, 53), (368636, 54), (368636, 55), (368636, 56), (368636, 57), (368636, 58), (368636, 59), (368636, 60), (368636, 61), (368636, 62), (368636, 63), (368636, 64), (368636, 65), (368636, 66), (368636, 67), (368636, 68), (368636, 69), (368636, 70), (368636, 71), (368636, 72), (368636, 73), (368636, 74), (368636, 75), (368636, 76), (368636, 77), (368636, 78), (368636, 79), (368636, 80), (368636, 81), (368636, 82), (368636, 83), (368636, 84), (368636, 85), (368636, 86), (368636, 87), (368636, 88), (368636, 89), (368636, 90), (368636, 91), (368636, 92), (368636, 93), (368636, 94), (368636, 95), (368636, 96), (368636, 97), (368636, 98), (368636, 99), (368636, 100), (368636, 101), (368636, 102), (368636, 103), (368636, 104), (368636, 105), (368636, 106), (368636, 107), (368636, 108), (368636, 109), (368636, 110), (368636, 111), (368636, 112), (368636, 113), (368636, 114), (368636, 115), (368636, 116), (368636, 117), (368636, 118), (368636, 119), (368636, 120), (368636, 121), (368636, 122), (368636, 123), (368636, 124), (368636, 125), (368636, 126), (368636, 127), (368636, 128), (368636, 129), (368636, 130), (368636, 131), (368636, 132), (368636, 133), (368636, 134), (368636, 135), (368636, 136), (368636, 137), (368636, 138), (368636, 139), (368636, 140), (368636, 141), (368636, 142), (368636, 143), (368636, 144), (368636, 145), (368636, 146), (368636, 147), (368636, 148), (368636, 149), (368636, 150), (368636, 151), (368636, 152), (368636, 153), (368636, 154), (368636, 155), (368636, 156), (368636, 157), (368636, 158), (368636, 159), (368636, 160), (368636, 161), (368636, 162), (368636, 163), (368636, 164), (368636, 165), (368636, 166), (368636, 167), (368636, 168), (368636, 169), (368636, 170), (368636, 171), (368636, 172), (368636, 173), (368636, 174), (368636, 175), (368636, 176), (368636, 177), (368636, 178), (368636, 179), (368636, 180), (368636, 181), (368636, 182), (368636, 183), (368636, 184), (368636, 185), (368636, 186), (368636, 187), (368636, 188), (368636, 189), (368636, 190), (368636, 191), (368636, 192), (368636, 193), (368636, 194), (368636, 195), (368636, 196), (368636, 197), (368636, 198), (368636, 199), (368636, 200), (368636, 201), (368636, 202), (368636, 203), (368636, 204), (368636, 205), (368636, 206), (368636, 207), (368636, 208), (368636, 209), (368636, 210), (368636, 211), (368636, 212), (368636, 213), (368636, 214), (368636, 215), (368636, 216), (368636, 217), (368636, 218), (368636, 219), (368636, 220), (368636, 221), (368636, 222), (368636, 223), (368636, 224), (368636, 225), (368636, 226), (368636, 227), (368636, 228), (368636, 229), (368636, 230), (368636, 231), (368636, 232), (368636, 233), (368636, 234), (368636, 235), (368636, 236), (368636, 237), (368636, 238), (368636, 239), (368636, 240), (368636, 241), (368636, 242), (368636, 243), (368636, 244), (368636, 245), (368636, 246), (368636, 247), (368636, 248), (368636, 249), (368636, 250), (368636, 251), (368636, 252), (368636, 253), (368636, 254), (368636, 255), (368636, 256), (368636, 257), (368636, 258), (368636, 259), (368636, 260), (368636, 261), (368636, 262), (368636, 263), (368636, 264), (368636, 265), (368636, 266), (368636, 267), (368636, 268), (368636, 269), (368636, 270), (368636, 271), (368636, 272), (368636, 273), (368636, 274), (368636, 275), (368636, 276), (368636, 277), (368636, 278), (368636, 279), (368636, 280), (368636, 281), (368636, 282), (368636, 283), (368636, 284), (368636, 285), (368636, 286), (368636, 287), (368636, 288), (368636, 289), (368636, 290), (368636, 291), (368636, 292), (368636, 293), (368636, 294), (368636, 295), (368636, 296), (368636, 297), (368636, 298), (368636, 299), (368636, 300), (368636, 301), (368636, 302), (368636, 303), (368636, 304), (368636, 305), (368636, 306), (368636, 307), (368636, 308), (368636, 309), (368636, 310), (368636, 311), (368636, 312), (368636, 313), (368636, 314), (368636, 315), (368636, 316), (368636, 317), (368636, 318), (368636, 319), (368636, 320), (368636, 321), (368636, 322), (368636, 323), (368636, 324), (368636, 325), (368636, 326), (368636, 327), (368636, 328), (368636, 329), (368636, 330), (368636, 331), (368636, 332), (368636, 333), (368636, 334), (368636, 335), (368636, 336), (368636, 337), (368636, 338), (368636, 339), (368636, 340), (368636, 341), (368636, 342), (368636, 343), (368636, 344), (368636, 345), (368636, 346), (368636, 347), (368636, 348), (368636, 349), (368636, 350), (368636, 351), (368636, 352), (368636, 353), (368636, 354), (368636, 355), (368636, 356), (368636, 357), (368636, 358), (368636, 359), (368636, 360), (368636, 361), (368636, 362), (368636, 363), (368636, 364), (368636, 365), (368636, 366), (368636, 367), (368636, 368), (368636, 369), (368636, 370), (368636, 371), (368636, 372), (368636, 373), (368636, 374), (368636, 375), (368636, 376), (368636, 377), (368636, 378), (368636, 379), (368636, 380), (368636, 381), (368636, 382), (368636, 383), (368636, 384), (368636, 385), (368636, 386), (368636, 387), (368636, 388), (368636, 389), (368636, 390), (368636, 391), (368636, 392), (368636, 393), (368636, 394), (368636, 395), (368636, 396), (368636, 397), (368636, 398), (368636, 399), (368636, 400), (368636, 401), (368636, 402), (368636, 403), (368636, 404), (368636, 405), (368636, 406), (368636, 407), (368636, 408), (368636, 409), (368636, 410), (368636, 411), (368636, 412), (368636, 413), (368636, 414), (368636, 415), (368636, 416), (368636, 417), (368636, 418), (368636, 419), (368636, 420), (368636, 421), (368636, 422), (368636, 423), (368636, 424), (368636, 425), (368636, 426), (368636, 427), (368636, 428), (368636, 429), (368636, 430), (368636, 431), (368636, 432), (368636, 433), (368636, 434), (368636, 435), (368636, 436), (368636, 437), (368636, 438), (368636, 439), (368636, 440), (368636, 441), (368636, 442), (368636, 443), (368636, 444), (368636, 445), (368636, 446), (368636, 447), (368636, 448), (368636, 449), (368636, 450), (368636, 451), (368636, 452), (368636, 453), (368636, 454), (368636, 455), (368636, 456), (368636, 457), (368636, 458), (368636, 459), (368636, 460), (368636, 461), (368636, 462), (368636, 463), (368636, 464), (368636, 465), (368636, 466), (368636, 467), (368636, 468), (368636, 469), (368636, 470), (368636, 471), (368636, 472), (368636, 473), (368636, 474), (368636, 475), (368636, 476), (368636, 477), (368636, 478), (368636, 479), (368636, 480), (368636, 481), (368636, 482), (368636, 483), (368636, 484), (368636, 485), (368636, 486), (368636, 487), (368636, 488), (368636, 489), (368636, 490), (368636, 491), (368636, 492), (368636, 493), (368636, 494), (368636, 495), (368636, 496), (368636, 497), (368636, 498), (368636, 499), (368636, 500), (368636, 501), (368636, 502), (368636, 503), (368636, 504), (368636, 505), (368636, 506), (368636, 507), (368636, 508), (368636, 509), (368636, 510), (368636, 511), (368636, 512), (368636, 513), (368636, 514), (368636, 515), (368636, 516), (368636, 517), (368636, 518), (368636, 519), (368636, 520), (368636, 521), (368636, 522), (368636, 523), (368636, 524), (368636, 525), (368636, 526), (368636, 527), (368636, 528), (368636, 529), (368636, 530), (368636, 531), (368636, 532), (368636, 533), (368636, 534), (368636, 535), (368636, 536), (368636, 537), (368636, 538), (368636, 539), (368636, 540), (368636, 541), (368636, 542), (368636, 543), (368636, 544), (368636, 545), (368636, 546), (368636, 547), (368636, 548), (368636, 549), (368636, 550), (368636, 551), (368636, 552), (368636, 553), (368636, 554), (368636, 555), (368636, 556), (368636, 557), (368636, 558), (368636, 559), (368636, 560), (368636, 561), (368636, 562), (368636, 563), (368636, 564), (368636, 565), (368636, 566), (368636, 567), (368636, 568), (368636, 569), (368636, 570), (368636, 571), (368636, 572), (368636, 573), (368636, 574), (368636, 575), (368636, 576), (368636, 577), (368636, 578), (368636, 579), (368636, 580), (368636, 581), (368636, 582), (368636, 583), (368636, 584), (368636, 585), (368636, 586), (368636, 587), (368636, 588), (368636, 589), (368636, 590), (368636, 591), (368636, 592), (368636, 593), (368636, 594), (368636, 595), (368636, 596), (368636, 597), (368636, 598), (368636, 599), (368636, 600), (368636, 601), (368636, 602), (368636, 603), (368636, 604), (368636, 605), (368636, 606), (368636, 607), (368636, 608), (368636, 609), (368636, 610), (368636, 611), (368636, 612), (368636, 613), (368636, 614), (368636, 615), (368636, 616), (368636, 617), (368636, 618), (368636, 619), (368636, 620), (368636, 621), (368636, 622), (368636, 623), (368636, 624), (368636, 625), (368636, 626), (368636, 627), (368636, 628), (368636, 629), (368636, 630), (368636, 631), (368636, 632), (368636, 633), (368636, 634), (368636, 635), (368636, 636), (368636, 637), (368636, 638), (368636, 639), (368636, 640), (368636, 641), (368636, 642), (368636, 643), (368636, 644), (368636, 645), (368636, 646), (368636, 647), (368636, 648), (368636, 649), (368636, 650), (368636, 651), (368636, 652), (368636, 653), (368636, 654), (368636, 655), (368636, 656), (368636, 657), (368636, 658), (368636, 659), (368636, 660), (368636, 661), (368636, 662), (368636, 663), (368636, 664), (368636, 665), (368636, 666), (368636, 667), (368636, 668), (368636, 669), (368636, 670), (368636, 671), (368636, 672), (368636, 673), (368636, 674), (368636, 675), (368636, 676), (368636, 677), (368636, 678), (368636, 679), (368636, 680), (368636, 681), (368636, 682), (368636, 683), (368636, 684), (368636, 685), (368636, 686), (368636, 687), (368636, 688), (368636, 689), (368636, 690), (368636, 691), (368636, 692), (368636, 693), (368636, 694), (368636, 695), (368636, 696), (368636, 697), (368636, 698), (368636, 699), (368636, 700), (368636, 701), (368636, 702), (368636, 703), (368636, 704), (368636, 705), (368636, 706), (368636, 707), (368636, 708), (368636, 709), (368636, 710), (368636, 711), (368636, 712), (368636, 713), (368636, 714), (368636, 715), (368636, 716), (368636, 717), (368636, 718), (368636, 719), (368636, 720), (368636, 721), (368636, 722), (368636, 723), (368636, 724), (368636, 725), (368636, 726), (368636, 727), (368636, 728), (368636, 729), (368636, 730), (368636, 731), (368636, 732), (368636, 733), (368636, 734), (368636, 735), (368636, 736), (368636, 737), (368636, 738), (368636, 739), (368636, 740), (368636, 741), (368636, 742), (368636, 743), (368636, 744), (368636, 745), (368636, 746), (368636, 747), (368636, 748), (368636, 749), (368636, 750), (368636, 751), (368636, 752), (368636, 753), (368636, 754), (368636, 755), (368636, 756), (368636, 757), (368636, 758), (368636, 759), (368636, 760), (368636, 761), (368636, 762), (368636, 763), (368636, 764), (368636, 765), (368636, 766), (368636, 767), (368636, 768), (368636, 769), (368636, 770), (368636, 771), (368636, 772), (368636, 773), (368636, 774), (368636, 775), (368636, 776), (368636, 777), (368636, 778), (368636, 779), (368636, 780), (368636, 781), (368636, 782), (368636, 783), (368636, 784), (368636, 785), (368636, 786), (368636, 787), (368636, 788), (368636, 789), (368636, 790), (368636, 791), (368636, 792), (368636, 793), (368636, 794), (368636, 795), (368636, 796), (368636, 797), (368636, 798), (368636, 799), (368636, 800), (368636, 801), (368636, 802), (368636, 803), (368636, 804), (368636, 805), (368636, 806), (368636, 807), (368636, 808), (368636, 809), (368636, 810), (368636, 811), (368636, 812), (368636, 813), (368636, 814), (368636, 815), (368636, 816), (368636, 817), (368636, 818), (368636, 819), (368613, 1), (368613, 2), (368613, 3), (368613, 4), (368613, 5), (368613, 6), (368613, 7), (368613, 8), (368613, 9), (368613, 10), (368613, 11), (368613, 12), (368613, 13), (368613, 14), (368613, 15), (368613, 16), (368613, 17), (368613, 18), (368613, 19), (368613, 20), (368613, 21), (368613, 22), (368613, 23), (368613, 24), (368613, 25), (368613, 26), (368613, 27), (368613, 28), (368613, 29), (368613, 30), (368613, 31), (368613, 32), (368613, 33), (368613, 34), (368613, 35), (368613, 36), (368613, 37), (368613, 38), (368613, 39), (368613, 40), (368613, 41), (368613, 42), (368613, 43), (368613, 44), (368613, 45), (368613, 46), (368613, 47), (368613, 48), (368613, 49), (368613, 50), (368613, 51), (368613, 52), (368613, 53), (368613, 54), (368613, 55), (368613, 56), (368613, 57), (368613, 58), (368613, 59), (368613, 60), (368613, 61), (368613, 62), (368613, 63), (368613, 64), (368613, 65), (368613, 66), (368613, 67), (368613, 68), (368613, 69), (368613, 70), (368613, 71), (368613, 72), (368613, 73), (368613, 74), (368613, 75), (368613, 76), (368613, 77), (368613, 78), (368613, 79), (368613, 80), (368613, 81), (368613, 82), (368613, 83), (368613, 84), (368613, 85), (368613, 86), (368613, 87), (368613, 88), (368613, 89), (368613, 90), (368613, 91), (368613, 92), (368613, 93), (368613, 94), (368613, 95), (368613, 96), (368613, 97), (368613, 98), (368613, 99), (368613, 100), (368613, 101), (368613, 102), (368613, 103), (368613, 104), (368613, 105), (368613, 106), (368613, 107), (368613, 108), (368613, 109), (368613, 110), (368613, 111), (368613, 112), (368613, 113), (368613, 114), (368613, 115), (368613, 116), (368613, 117), (368613, 118), (368613, 119), (368613, 120), (368613, 121), (368613, 122), (368613, 123), (368613, 124), (368613, 125), (368613, 126), (368613, 127), (368613, 128), (368613, 129), (368613, 130), (368613, 131), (368613, 132), (368613, 133), (368613, 134), (368613, 135), (368613, 136), (368613, 137), (368613, 138), (368613, 139), (368613, 140), (368613, 141), (368613, 142), (368613, 143), (368613, 144), (368613, 145), (368613, 146), (368613, 147), (368613, 148), (368613, 149), (368613, 150), (368613, 151), (368613, 152), (368613, 153), (368613, 154), (368613, 155), (368613, 156), (368613, 157), (368613, 158), (368613, 159), (368613, 160), (368613, 161), (368613, 162), (368613, 163), (368613, 164), (368613, 165), (368613, 166), (368613, 167), (368613, 168), (368613, 169), (368613, 170), (368613, 171), (368613, 172), (368613, 173), (368613, 174), (368613, 175), (368613, 176), (368613, 177), (368613, 178), (368613, 179), (368613, 180), (368613, 181), (368613, 182), (368613, 183), (368613, 184), (368613, 185), (368613, 186), (368613, 187), (368613, 188), (368613, 189), (368613, 190), (368613, 191), (368613, 192), (368613, 193), (368613, 194), (368613, 195), (368613, 196), (368613, 197), (368613, 198), (368613, 199), (368613, 200), (368613, 201), (368613, 202), (368613, 203), (368613, 204), (368613, 205), (368613, 206), (368613, 207), (368613, 208), (368613, 209), (368613, 210), (368613, 211), (368613, 212), (368613, 213), (368613, 214), (368613, 215), (368613, 216), (368613, 217), (368613, 218), (368613, 219), (368613, 220), (368613, 221), (368613, 222), (368613, 223), (368613, 224), (368613, 225), (368613, 226), (368613, 227), (368613, 228), (368613, 229), (368613, 230), (368613, 231), (368613, 232), (368613, 233), (368613, 234), (368613, 235), (368613, 236), (368613, 237), (368613, 238), (368613, 239), (368613, 240), (368613, 241), (368613, 242), (368613, 243), (368613, 244), (368613, 245), (368613, 246), (368613, 247), (368613, 248), (368613, 249), (368613, 250), (368613, 251), (368613, 252), (368613, 253), (368613, 254), (368613, 255), (368613, 256), (368613, 257), (368613, 258), (368613, 259), (368613, 260), (368611, 1), (368611, 2), (368611, 3), (368611, 4), (368611, 5), (368611, 6), (368611, 7), (368611, 8), (368611, 9), (368611, 10), (368611, 11), (368611, 12), (368611, 13), (368611, 14), (368611, 15), (368611, 16), (368611, 17), (368611, 18), (368611, 19), (368611, 20), (368611, 21), (368611, 22), (368611, 23), (368611, 24), (368611, 25), (368611, 26), (368611, 27), (368611, 28), (368611, 29), (368611, 30), (368611, 31), (368611, 32), (368611, 33), (368611, 34), (368611, 35), (368611, 36), (368611, 37), (368611, 38), (368611, 39), (368611, 40), (368611, 41), (368611, 42), (368611, 43), (368611, 44), (368611, 45), (368611, 46), (368611, 47), (368611, 48), (368611, 49), (368611, 50), (368611, 51), (368611, 52), (368611, 53), (368611, 54), (368611, 55), (368611, 56), (368611, 57), (368611, 58), (368611, 59), (368611, 60), (368611, 61), (368611, 62), (368611, 63), (368611, 64), (368611, 65), (368611, 66), (368611, 67), (368611, 68), (368611, 69), (368611, 70), (368611, 71), (368611, 72), (368611, 73), (368611, 74), (368611, 75), (368611, 76), (368611, 77), (368611, 78), (368611, 79), (368611, 80), (368611, 81), (368611, 82), (368611, 83), (368611, 84), (368611, 85), (368611, 86), (368611, 87), (368611, 88), (368611, 89), (368611, 90), (368611, 91), (368611, 92), (368611, 93), (368611, 94), (368611, 95), (368611, 96), (368611, 97), (368611, 98), (368611, 99), (368611, 100), (368611, 101), (368611, 102), (368611, 103), (368611, 104), (368611, 105), (368611, 106), (368611, 107), (368611, 108), (368611, 109), (368611, 110), (368611, 111), (368611, 112), (368611, 113), (368611, 114), (368611, 115), (368611, 116), (368611, 117), (368611, 118), (368611, 119), (368611, 120), (368611, 121), (368611, 122), (368611, 123), (368611, 124), (368611, 125), (368611, 126), (368611, 127), (368611, 128), (368611, 129), (368611, 130), (368611, 131), (368611, 132), (368611, 133), (368611, 134), (368611, 135), (368611, 136), (368611, 137), (368611, 138), (368611, 139), (368611, 140), (368611, 141), (368611, 142), (368611, 143), (368611, 144), (368611, 145), (368611, 146), (368611, 147), (368611, 148), (368611, 149), (368611, 150), (368611, 151), (368611, 152), (368611, 153), (368611, 154), (368611, 155), (368611, 156), (368611, 157), (368611, 158), (368611, 159), (368611, 160), (368611, 161), (368611, 162), (368611, 163), (368611, 164), (368611, 165), (368611, 166), (368611, 167), (368611, 168), (368611, 169), (368611, 170), (368611, 171), (368611, 172), (368611, 173), (368611, 174), (368611, 175), (368611, 176), (368611, 177), (368611, 178), (368611, 179), (368611, 180), (368611, 181), (368611, 182), (368611, 183), (368611, 184), (368611, 185), (368611, 186), (368611, 187), (368611, 188), (368611, 189), (368611, 190), (368611, 191), (368611, 192), (368611, 193), (368611, 194), (368611, 195), (368611, 196), (368611, 197), (368611, 198), (368611, 199), (368611, 200), (368611, 201), (368611, 202), (368611, 203), (368611, 204), (368611, 205), (368611, 206), (368611, 207), (368611, 208), (368611, 209), (368611, 210), (368611, 211), (368611, 212), (368611, 213), (368611, 214), (368611, 215), (368611, 216), (368611, 217), (368611, 218), (368611, 219), (368611, 220), (368611, 221), (368611, 222), (368611, 223), (368611, 224), (368611, 225), (368611, 226), (368611, 227), (368611, 228), (368611, 229), (368611, 230), (368611, 231), (368611, 232), (368611, 233), (368611, 234), (368611, 235), (368611, 236), (368611, 237), (368611, 238), (368611, 239), (368611, 240), (368611, 241), (368611, 242), (368611, 243), (368611, 244), (368611, 245), (368611, 246), (368611, 247), (368611, 249), (368611, 250), (368611, 251), (368611, 252), (368611, 253), (368611, 254), (368611, 255), (368611, 256), (368611, 257), (368611, 258), (368611, 259), (368611, 260), (368611, 261), (368611, 262), (368611, 263), (368611, 264), (368611, 265), (368611, 266), (368611, 267), (368611, 268), (368611, 269), (368611, 270), (368611, 271), (368611, 272), (368611, 273), (368611, 274), (368611, 275), (368611, 276), (368611, 277), (368611, 278), (368611, 279), (368611, 280), (368611, 281), (368611, 282), (368611, 283), (368611, 284), (368611, 285), (368611, 286), (368611, 287), (368611, 288), (368611, 289), (368611, 290), (368611, 291), (368611, 292), (368611, 293), (368611, 294), (368611, 295), (368611, 296), (368611, 297), (368611, 298), (368611, 299), (368611, 300), (368611, 301), (368611, 302), (368611, 303), (368611, 304), (368611, 305), (368611, 306), (368611, 307), (368611, 308), (368611, 309), (368611, 310), (368611, 311), (368611, 312), (368611, 313), (368611, 314), (368611, 315), (368611, 316), (368611, 317), (368611, 318), (368611, 319), (368611, 320), (368611, 321), (368611, 322), (368611, 323), (368611, 324), (368611, 325), (368611, 326), (368611, 327), (368611, 328), (368611, 329), (368611, 330), (368611, 331), (368611, 332), (368611, 333), (368611, 334), (368611, 335), (368611, 336), (368611, 337), (368611, 338), (368611, 339), (368611, 340), (368611, 341), (368611, 342), (368611, 343), (368611, 344), (368611, 345), (368611, 346), (368611, 347), (368611, 348), (368611, 349), (368611, 350), (368611, 351), (368611, 352), (368611, 353), (368611, 354), (368611, 355), (368611, 356), (368611, 357), (368611, 358), (368611, 359), (368611, 360), (368611, 361), (368611, 362), (368611, 363), (368611, 364), (368611, 365), (368611, 366), (368611, 367), (368611, 368), (368611, 369), (368611, 370), (368611, 371), (368611, 372), (368611, 373), (368611, 374), (368611, 375), (368611, 376), (368611, 377), (368611, 378), (368611, 379), (368611, 380), (368611, 381), (368611, 382), (368567, 1), (368567, 2), (368567, 3), (368567, 4), (368567, 5), (368567, 6), (368567, 7), (368567, 8), (368567, 9), (368567, 10), (368567, 11), (368567, 12), (368567, 13), (368567, 14), (368567, 15), (368567, 16), (368567, 17), (368567, 18), (368567, 19), (368567, 20), (368567, 21), (368567, 22), (368567, 23), (368567, 24), (368567, 25), (368567, 26), (368567, 27), (368567, 28), (368567, 29), (368567, 30), (368567, 31), (368567, 33), (368567, 34), (368567, 35), (368567, 36), (368567, 37), (368567, 38), (368567, 39), (368567, 40), (368567, 41), (368567, 42), (368567, 43), (368567, 44), (368567, 45), (368567, 46), (368567, 47), (368567, 48), (368567, 49), (368567, 50), (368567, 51), (368567, 52), (368567, 53), (368567, 54), (368567, 55), (368567, 56), (368567, 57), (368567, 58), (368567, 59), (368567, 60), (368567, 61), (368567, 62), (368567, 63), (368567, 64), (368567, 65), (368567, 66), (368567, 67), (368567, 68), (368567, 69), (368567, 70), (368567, 71), (368567, 72), (368567, 73), (368567, 74), (368567, 75), (368567, 76), (368567, 77), (368567, 78), (368567, 79), (368567, 80), (368567, 81), (368567, 82), (368567, 83), (368567, 84), (368567, 85), (368567, 86), (368567, 87), (368567, 88), (368567, 89), (368567, 90), (368567, 91), (368567, 92), (368567, 93), (368567, 94), (368567, 95), (368567, 96), (368567, 97), (368567, 98), (368567, 99), (368567, 100), (368567, 101), (368567, 102), (368567, 103), (368567, 104), (368567, 105), (368567, 106), (368567, 107), (368567, 108), (368567, 109), (368567, 110), (368567, 111), (368567, 112), (368567, 113), (368567, 114), (368567, 115), (368567, 116), (368567, 117), (368567, 118), (368567, 119), (368567, 120), (368567, 121), (368567, 122), (368567, 123), (368567, 124), (368567, 125), (368567, 126), (368567, 127), (368567, 128), (368567, 129), (368567, 130), (368567, 131), (368567, 132), (368567, 133), (368567, 134), (368567, 135), (368567, 136), (368567, 137), (368567, 138), (368567, 139), (368567, 140), (368567, 141), (368567, 142), (368567, 143), (368567, 144), (368567, 145), (368567, 146), (368567, 147), (368567, 148), (368567, 149), (368567, 150), (368567, 151), (368567, 152), (368567, 153), (368567, 154), (368567, 155), (368567, 156), (368567, 157), (368567, 158), (368567, 159), (368567, 160), (368567, 161), (368567, 162), (368567, 163), (368567, 164), (368567, 165), (368567, 166), (368567, 167), (368567, 168), (368567, 169), (368567, 170), (368567, 171), (368567, 172), (368567, 173), (368567, 174), (368567, 175), (368567, 176), (368567, 177), (368567, 178), (368567, 179), (368567, 180), (368567, 181), (368567, 182), (368567, 183), (368567, 184), (368567, 185), (368567, 186), (368567, 187), (368567, 188), (368567, 189), (368567, 190), (368567, 191), (368567, 192), (368567, 193), (368567, 194), (368567, 195), (368567, 196), (368567, 197), (368567, 198), (368567, 199), (368567, 200), (368567, 201), (368567, 202), (368567, 203), (368567, 204), (368567, 205), (368567, 206), (368567, 207), (368567, 208), (368567, 209), (368567, 210), (368567, 211), (368567, 212), (368567, 213), (368567, 214), (368567, 215), (368567, 216), (368567, 217), (368567, 218), (368567, 219), (368567, 220), (368567, 221), (368567, 222), (368567, 223), (368567, 224), (368567, 225), (368567, 226), (368567, 227), (368567, 228), (368567, 229), (368567, 230), (368567, 231), (368567, 232), (368567, 233), (368567, 234), (368567, 235), (368567, 236), (368567, 237), (368567, 238), (368567, 239), (368567, 240), (368567, 241), (368567, 242), (368567, 243), (368567, 244), (368567, 245), (368567, 246), (368567, 247), (368567, 248), (368567, 249), (368567, 250), (368567, 251), (368567, 252), (368567, 253), (368567, 254), (368567, 255), (368567, 256), (368567, 257), (368567, 258), (368567, 259), (368567, 260), (368567, 261), (368567, 262), (368567, 263), (368567, 264), (368567, 265), (368567, 266), (368567, 267), (368567, 268), (368567, 269), (368567, 270), (368567, 271), (368567, 272), (368567, 273), (368567, 274), (368567, 275), (368567, 276), (368567, 277), (368567, 278), (368567, 279), (368567, 280), (368567, 281), (368567, 282), (368567, 283), (368567, 284), (368567, 285), (368567, 286), (368567, 287), (368567, 288), (368567, 289), (368567, 290), (368567, 291), (368567, 292), (368567, 293), (368567, 294), (368567, 295), (368567, 296), (368567, 297), (368567, 298), (368567, 299), (368567, 300), (368567, 301), (368567, 302), (368567, 303), (368567, 304), (368567, 305), (368567, 306), (368567, 307), (368567, 308), (368567, 309), (368567, 310), (368567, 311), (368567, 312), (368567, 313), (368567, 314), (368567, 315), (368567, 316), (368567, 317), (368567, 318), (368567, 319), (368567, 320), (368567, 321), (368567, 322), (368567, 323), (368567, 324), (368567, 325), (368567, 326), (368567, 327), (368567, 328), (368567, 329), (368567, 330), (368567, 331), (368567, 332), (368567, 333), (368567, 334), (368567, 335), (368567, 336), (368567, 337), (368567, 338), (368567, 339), (368567, 340), (368567, 341), (368567, 342), (368567, 343), (368567, 344), (368567, 345), (368567, 346), (368567, 347), (368567, 348), (368567, 349), (368567, 350), (368567, 351), (368567, 352), (368567, 353), (368567, 354), (368567, 355), (368567, 356), (368567, 357), (368567, 358), (368567, 359), (368567, 360), (368567, 361), (368567, 362), (368567, 363), (368567, 364), (368567, 365), (368567, 366), (368567, 367), (368567, 368), (368567, 369), (368567, 370), (368567, 371), (368567, 372), (368567, 373), (368567, 374), (368567, 375), (368567, 376), (368567, 377), (368567, 378), (368567, 379), (368567, 380), (368567, 381), (368567, 382), (368567, 383), (368567, 384), (368567, 385), (368567, 386), (368567, 387), (368567, 388), (368567, 389), (368567, 390), (368567, 391), (368567, 392), (368567, 393), (368567, 394), (368567, 395), (368567, 396), (368567, 397), (368567, 398), (368567, 399), (368567, 400), (368567, 401), (368567, 402), (368567, 403), (368567, 404), (368567, 405), (368567, 406), (368567, 407), (368567, 408), (368567, 409), (368567, 410), (368567, 411), (368567, 414), (368567, 415), (368567, 416), (368567, 417), (368567, 418), (368567, 419), (368567, 420), (368567, 421), (368567, 422), (368567, 423), (368567, 424), (368567, 425), (368567, 426), (368567, 427), (368567, 428), (368567, 429), (368567, 430), (368567, 431), (368567, 432), (368567, 433), (368567, 434), (368567, 435), (368567, 436), (368566, 1), (368566, 2), (368566, 3), (368566, 4), (368566, 5), (368566, 6), (368566, 7), (368566, 8), (368566, 9), (368566, 10), (368566, 11), (368566, 12), (368566, 13), (368566, 14), (368566, 15), (368566, 16), (368566, 17), (368566, 18), (368566, 19), (368566, 20), (368566, 21), (368566, 22), (368566, 23), (368566, 24), (368566, 25), (368566, 26), (368566, 27), (368566, 28), (368566, 29), (368566, 30), (368566, 31), (368566, 32), (368566, 33), (368566, 34), (368566, 35), (368566, 36), (368566, 37), (368566, 38), (368566, 39), (368566, 40), (368566, 41), (368566, 42), (368566, 43), (368566, 44), (368566, 45), (368566, 46), (368566, 47), (368566, 48), (368566, 49), (368566, 50), (368566, 51), (368566, 52), (368566, 53), (368566, 54), (368566, 55), (368566, 56), (368566, 57), (368566, 58), (368566, 59), (368566, 60), (368566, 61), (368566, 62), (368566, 63), (368566, 64), (368566, 65), (368566, 66), (368566, 67), (368566, 68), (368566, 69), (368566, 70), (368566, 71), (368566, 72), (368566, 73), (368566, 74), (368566, 75), (368566, 76), (368566, 77), (368566, 78), (368566, 79), (368566, 80), (368566, 81), (368566, 82), (368566, 83), (368566, 84), (368566, 85), (368566, 86), (368566, 87), (368566, 88), (368566, 89), (368566, 90), (368566, 91), (368566, 92), (368566, 93), (368566, 94), (368566, 95), (368566, 96), (368566, 97), (368566, 98), (368566, 99), (368566, 100), (368566, 101), (368566, 102), (368566, 103), (368566, 104), (368566, 105), (368566, 106), (368566, 107), (368566, 108), (368566, 109), (368566, 110), (368566, 111), (368566, 112), (368566, 113), (368566, 114), (368566, 115), (368566, 116), (368566, 117), (368566, 118), (368566, 119), (368566, 120), (368566, 121), (368566, 122), (368566, 123), (368566, 124), (368566, 125), (368566, 126), (368566, 127), (368566, 128), (368566, 129), (368566, 130), (368566, 131), (368566, 132), (368566, 133), (368566, 134), (368566, 135), (368566, 136), (368566, 137), (368566, 138), (368566, 139), (368566, 140), (368566, 141), (368566, 142), (368566, 143), (368566, 144), (368566, 145), (368566, 146), (368566, 147), (368566, 148), (368566, 149), (368566, 150), (368566, 151), (368566, 152), (368566, 153), (368566, 154), (368566, 155), (368566, 156), (368566, 157), (368566, 158), (368566, 159), (368566, 160), (368566, 161), (368566, 162), (368566, 163), (368566, 164), (368566, 165), (368566, 166), (368566, 167), (368566, 168), (368566, 169), (368566, 170), (368566, 171), (368566, 172), (368566, 173), (368566, 174), (368566, 175), (368566, 176), (368566, 177), (368566, 178), (368566, 179), (368566, 180), (368566, 181), (368566, 182), (368566, 183), (368566, 184), (368566, 185), (368566, 186), (368566, 187), (368566, 188), (368566, 189), (368566, 190), (368566, 191), (368566, 192), (368566, 193), (368566, 194), (368566, 195), (368566, 196), (368566, 197), (368566, 198), (368566, 199), (368566, 200), (368566, 201), (368566, 202), (368566, 203), (368566, 204), (368566, 205), (368566, 206), (368566, 207), (368566, 208), (368566, 209), (368566, 210), (368566, 211), (368566, 212), (368566, 213), (368566, 214), (368566, 215), (368566, 216), (368566, 217), (368566, 218), (368566, 219), (368566, 220), (368566, 221), (368566, 222), (368566, 223), (368566, 224), (368566, 225), (368566, 226), (368566, 227), (368566, 228), (368566, 229), (368566, 230), (368566, 231), (368566, 232), (368566, 233), (368566, 234), (368566, 235), (368566, 236), (368566, 237), (368566, 238), (368566, 239), (368566, 240), (368566, 241), (368566, 242), (368566, 243), (368566, 244), (368566, 245), (368566, 246), (368566, 247), (368566, 248), (368566, 249), (368566, 250), (368566, 251), (368566, 252), (368566, 253), (368566, 254), (368566, 255), (368566, 256), (368566, 257), (368566, 258), (368566, 259), (368566, 260), (368566, 261), (368566, 262), (368566, 263), (368566, 264), (368566, 265), (368566, 266), (368566, 267), (368566, 268), (368566, 269), (368566, 270), (368566, 271), (368566, 272), (368566, 273), (368566, 274), (368566, 275), (368566, 276), (368566, 277), (368566, 278), (368566, 279), (368566, 280), (368566, 281), (368566, 282), (368566, 283), (368566, 284), (368566, 285), (368566, 286), (368566, 287), (368566, 288), (368566, 289), (368566, 290), (368566, 291), (368566, 292), (368566, 293), (368566, 294), (368566, 295), (368566, 296), (368566, 297), (368566, 298), (368566, 299), (368566, 300), (368566, 301), (368566, 302), (368566, 303), (368566, 304), (368566, 305), (368566, 306), (368566, 307), (368566, 308), (368566, 309), (368566, 310), (368566, 311), (368566, 312), (368566, 313), (368566, 314), (368566, 315), (368566, 316), (368566, 317), (368566, 318), (368566, 319), (368566, 320), (368566, 321), (368566, 322), (368566, 323), (368566, 324), (368566, 325), (368566, 326), (368566, 327), (368566, 328), (368566, 329), (368566, 330), (368566, 331), (368566, 332), (368566, 333), (368566, 334), (368566, 335), (368566, 336), (368566, 337), (368566, 338), (368566, 339), (368566, 340), (368566, 341), (368566, 342), (368566, 343), (368566, 344), (368566, 345), (368566, 346), (368566, 347), (368566, 348), (368566, 349), (368566, 350), (368566, 351), (368566, 352), (368566, 353), (368566, 354), (368566, 355), (368566, 356), (368566, 357), (368566, 358), (368566, 359), (368566, 360), (368566, 361), (368566, 362), (368566, 363), (368566, 364), (368566, 365), (368566, 366), (368566, 367), (368566, 368), (368566, 369), (368566, 370), (368566, 371), (368566, 372), (368566, 373), (368566, 374), (368566, 375), (368566, 376), (368566, 377), (368566, 378), (368566, 379), (368566, 380), (368566, 381), (368566, 382), (368566, 383), (368566, 384), (368566, 385), (368566, 386), (368566, 387), (368566, 388), (368566, 389), (368566, 390), (368566, 391), (368566, 392), (368566, 393), (368566, 394), (368566, 395), (368566, 396), (368566, 397), (368566, 398), (368566, 399), (368566, 400), (368566, 401), (368566, 402), (368566, 403), (368566, 404), (368566, 405), (368566, 406), (368566, 407), (368566, 408), (368566, 409), (368566, 410), (368566, 411), (368566, 412), (368566, 413), (368566, 414), (368566, 415), (368566, 416), (368566, 417), (368566, 418), (368566, 419), (368566, 420), (368566, 421), (368566, 422), (368566, 423), (368566, 424), (368566, 425), (368566, 426), (368566, 427), (368566, 428), (368566, 429), (368566, 430), (368566, 431), (368566, 432), (368566, 433), (368566, 434), (368566, 435), (368566, 436), (368566, 437), (368566, 438), (368566, 439), (368566, 440), (368566, 441), (368566, 442), (368566, 443), (368566, 444), (368566, 445), (368566, 446), (368566, 447), (368566, 448), (368566, 449), (368566, 450), (368566, 451), (368566, 452), (368566, 453), (368566, 454), (368566, 455), (368566, 456), (368566, 457), (368566, 458), (368566, 459), (368566, 460), (368566, 461), (368566, 462), (368566, 463), (368566, 464), (368566, 465), (368566, 466), (368566, 467), (368566, 468), (368566, 469), (368566, 470), (368566, 471), (368566, 472), (368566, 473), (368566, 474), (368566, 475), (368566, 476), (368566, 477), (368566, 478), (368566, 479), (368566, 480), (368566, 481), (368566, 482), (368566, 483), (368566, 484), (368566, 485), (368566, 486), (368566, 487), (368566, 488), (368566, 489), (368566, 490), (368566, 491), (368566, 492), (368566, 493), (368566, 494), (368566, 495), (368566, 496), (368566, 497), (368566, 498), (368566, 499), (368566, 500), (368566, 501), (368566, 502), (368566, 503), (368566, 504), (368566, 505), (368566, 506), (368566, 507), (368566, 508), (368566, 509), (368566, 510), (368566, 511), (368566, 512), (368566, 513), (368566, 514), (368566, 515), (368566, 516), (368566, 517), (368566, 518), (368566, 519), (368566, 520), (368566, 521), (368566, 522), (368566, 523), (368566, 524), (368566, 525), (368566, 526), (368566, 527), (368566, 528), (368566, 529), (368566, 530), (368566, 531), (368566, 532), (368566, 533), (368566, 534), (368566, 535), (368566, 536), (368566, 537), (368566, 538), (368566, 539), (368566, 540), (368566, 541), (368566, 542), (368566, 543), (368566, 544), (368566, 545), (368566, 546), (368566, 547), (368566, 548), (368566, 549), (368566, 550), (368566, 551), (368566, 552), (368566, 553), (368566, 554), (368566, 555), (368566, 556), (368566, 557), (368566, 558), (368566, 559), (368566, 560), (368566, 561), (368566, 562), (368566, 563), (368566, 564), (368566, 565), (368566, 566), (368566, 567), (368566, 568), (368566, 569), (368566, 570), (368566, 571), (368566, 572), (368566, 573), (368566, 574), (368566, 575), (368566, 576), (368566, 577), (368566, 578), (368566, 579), (368566, 580), (368566, 581), (368566, 582), (368566, 583), (368566, 584), (368566, 585), (368566, 586), (368566, 587), (368566, 588), (368566, 589), (368566, 590), (368566, 591), (368566, 592), (368566, 593), (368566, 594), (368566, 595), (368566, 596), (368566, 597), (368566, 598), (368566, 599), (368566, 600), (368566, 601), (368566, 602), (368566, 603), (368566, 604), (368566, 605), (368566, 606), (368566, 607), (368566, 608), (368566, 609), (368566, 610), (368566, 611), (368566, 612), (368566, 613), (368566, 614), (368566, 615), (368566, 616), (368566, 617), (368566, 618), (368566, 619), (368566, 620), (368566, 621), (368566, 622), (368566, 623), (368566, 624), (368566, 625), (368566, 626), (368566, 627), (368566, 628), (368566, 629), (368566, 630), (368566, 631), (368566, 632), (368566, 633), (368566, 634), (368566, 635), (368566, 636), (368566, 637), (368566, 638), (368566, 639), (368566, 640), (368566, 641), (368566, 642), (368566, 643), (368566, 644), (368566, 645), (368566, 646), (368566, 647), (368566, 648), (368566, 649), (368566, 650), (368566, 651), (368566, 652), (368566, 653), (368566, 654), (368566, 655), (368566, 656), (368566, 657), (368566, 658), (368566, 659), (368566, 660), (368566, 661), (368566, 662), (368566, 663), (368566, 664), (368566, 665), (368566, 666), (368566, 667), (368566, 668), (368566, 669), (368566, 670), (368566, 671), (368566, 672), (368566, 673), (368566, 674), (368566, 675), (368566, 676), (368566, 677), (368566, 678), (368566, 679), (368566, 680), (368566, 681), (368566, 682), (368566, 683), (368566, 684), (368566, 685), (368566, 686), (368566, 687), (368566, 688), (368566, 689), (368566, 690), (368566, 691), (368566, 692), (368566, 693), (368566, 694), (368566, 695), (368566, 696), (368566, 697), (368566, 698), (368566, 699), (368566, 700), (368566, 701), (368566, 702), (368566, 703), (368566, 704), (368566, 705), (368566, 706), (368566, 707), (368566, 708), (368566, 709), (368566, 710), (368566, 711), (368566, 712), (368566, 713), (368566, 714), (368566, 715), (368566, 716), (368566, 717), (368566, 718), (368566, 719), (368566, 720), (368566, 721), (368566, 722), (368566, 723), (368566, 724), (368566, 725), (368566, 726), (368566, 727), (368566, 728), (368566, 729), (368566, 730), (368566, 731), (368566, 732), (368566, 733), (368566, 734), (368566, 735), (368566, 736), (368566, 737), (368566, 738), (368566, 739), (368566, 740), (368566, 741), (368566, 742), (368566, 743), (368566, 744), (368566, 745), (368566, 746), (368566, 747), (368566, 748), (368566, 749), (368566, 750), (368566, 751), (368566, 752), (368566, 753), (368566, 754), (368566, 755), (368566, 756), (368566, 757), (368566, 758), (368566, 759), (368566, 760), (368566, 761), (368566, 762), (368566, 763), (368566, 764), (368566, 765), (368566, 766), (368566, 767), (368566, 768), (368566, 769), (368566, 770), (368566, 771), (368566, 772), (368566, 773), (368566, 774), (368566, 775), (368566, 776), (368566, 777), (368566, 778), (368566, 779), (368566, 780), (368566, 781), (368566, 782), (368566, 783), (368566, 784), (368566, 785), (368566, 786), (368566, 787), (368566, 788), (368566, 789), (368566, 790), (368566, 791), (368566, 792), (368566, 793), (368566, 794), (368566, 795), (368566, 796), (368566, 797), (368566, 798), (368566, 799), (368566, 800), (368566, 801), (368566, 802), (368566, 803), (368566, 804), (368566, 805), (368566, 806), (368566, 807), (368566, 808), (368566, 809), (368566, 810), (368566, 811), (368566, 812), (368566, 813), (368566, 814), (368566, 815), (368566, 816), (368566, 817), (368566, 818), (368566, 819), (368566, 820), (368566, 821), (368566, 822), (368566, 823), (368566, 824), (368566, 825), (368566, 826), (368566, 827), (368566, 828), (368566, 829), (368566, 830), (368566, 831), (368566, 832), (368566, 833), (368566, 834), (368566, 835), (368566, 836), (368566, 837), (368566, 838), (368566, 839), (368566, 840), (368566, 841), (368566, 842), (368566, 843), (368566, 844), (368566, 845), (368566, 846), (368566, 847), (368566, 848), (368566, 849), (368566, 850), (368566, 851), (368566, 852), (368566, 853), (368566, 854), (368566, 855), (368566, 856), (368566, 857), (368566, 858), (368566, 859), (368566, 860), (368566, 861), (368566, 862), (368566, 863), (368566, 864), (368566, 865), (368566, 866), (368566, 867), (368566, 868), (368566, 869), (368566, 870), (368566, 871), (368566, 872), (368566, 873), (368566, 874), (368566, 875), (368566, 876), (368566, 877), (368566, 878), (368566, 879), (368566, 880), (368566, 881), (368566, 882), (368566, 883), (368566, 884), (368566, 885), (368566, 886), (368566, 887), (368566, 888), (368566, 889), (368566, 890), (368566, 891), (368566, 892), (368566, 893), (368566, 894), (368566, 895), (368566, 896), (368566, 897), (368566, 898), (368566, 899), (368566, 900), (368566, 901), (368566, 902), (368566, 903), (368566, 904), (368566, 905), (368566, 906), (368566, 907), (368566, 908), (368566, 909), (368566, 910), (368566, 911), (368566, 912), (368566, 913), (368566, 914), (368566, 915), (368566, 916), (368566, 917), (368566, 918), (368566, 919), (368566, 920), (368566, 921), (368566, 922), (368566, 923), (368566, 924), (368566, 925), (368566, 926), (368566, 927), (368566, 928), (368566, 929), (368566, 930), (368566, 931), (368566, 932), (368566, 933), (368566, 934), (368566, 935), (368566, 936), (368566, 937), (368566, 938), (368566, 939), (368566, 940), (368566, 941), (368566, 942), (368566, 943), (368566, 944), (368566, 945), (368566, 946), (368566, 947), (368566, 948), (368566, 949), (368566, 950), (368566, 951), (368566, 952), (368566, 953), (368566, 954), (368566, 955), (368566, 956), (368566, 957), (368566, 958), (368566, 959), (368566, 960), (368566, 961), (368566, 962), (368566, 963), (368566, 964), (368566, 965), (368566, 966), (368566, 967), (368566, 968), (368566, 969), (368566, 970), (368566, 971), (368566, 972), (368566, 973), (368566, 974), (368566, 975), (368566, 976), (368566, 977), (368566, 978), (368566, 979), (368566, 980), (368566, 981), (368566, 982), (368566, 983), (368566, 984), (368566, 985), (368566, 986), (368566, 987), (368566, 988), (368566, 989), (368566, 990), (368566, 991), (368566, 992), (368566, 993), (368566, 994), (368566, 995), (368566, 996), (368566, 997), (368566, 998), (368566, 999), (368566, 1000), (368566, 1001), (368566, 1002), (368566, 1003), (368566, 1004), (368566, 1005), (368566, 1006), (368566, 1007), (368566, 1008), (368566, 1009), (368566, 1010), (368566, 1011), (368566, 1012), (368566, 1013), (368566, 1014), (368566, 1015), (368566, 1016), (368566, 1017), (368566, 1018), (368566, 1019), (368566, 1020), (368566, 1021), (368566, 1022), (368566, 1023), (368566, 1024), (368566, 1025), (368566, 1026), (368566, 1027), (368566, 1028), (368566, 1029), (368566, 1030), (368566, 1031), (368566, 1032), (368566, 1033), (368566, 1034), (368566, 1035), (368566, 1036), (368566, 1037), (368566, 1038), (368566, 1039), (368566, 1040), (368566, 1041), (368566, 1042), (368566, 1043), (368566, 1044), (368566, 1045), (368566, 1046), (368566, 1047), (368566, 1048), (368566, 1049), (368566, 1050), (368566, 1051), (368566, 1052), (368566, 1053), (368566, 1054), (368566, 1055), (368566, 1056), (368566, 1057), (368566, 1058), (368566, 1059), (368566, 1060), (368566, 1061), (368566, 1062), (368566, 1063), (368566, 1064), (368566, 1065), (368566, 1066), (368566, 1067), (368566, 1068), (368566, 1069), (368566, 1070), (368566, 1071), (368566, 1072), (368566, 1073), (368566, 1074), (368566, 1075), (368566, 1076), (368566, 1077), (368566, 1078), (368566, 1079), (368566, 1080), (368566, 1081), (368566, 1082), (368566, 1083), (368566, 1084), (368566, 1085), (368566, 1086), (368566, 1087), (368566, 1088), (368566, 1089), (368566, 1090), (368566, 1091), (368566, 1092), (368566, 1093), (368566, 1094), (368566, 1095), (368566, 1096), (368566, 1097), (368566, 1098), (368566, 1099), (368566, 1100), (368566, 1101), (368566, 1102), (368566, 1103), (368566, 1104), (368566, 1105), (368566, 1106), (368566, 1107), (368566, 1108), (368566, 1109), (368566, 1110), (368566, 1111), (368566, 1112), (368566, 1113), (368566, 1114), (368566, 1115), (368566, 1116), (368566, 1117), (368566, 1118), (368566, 1119), (368566, 1120), (368566, 1121), (368566, 1122), (368566, 1123), (368566, 1124), (368566, 1125), (368566, 1126), (368566, 1127), (368566, 1128), (368566, 1129), (368566, 1130), (368566, 1131), (368566, 1132), (368566, 1133), (368566, 1134), (368566, 1135), (368566, 1136), (368566, 1137), (368566, 1138), (368566, 1139), (368566, 1140), (368566, 1141), (368566, 1142), (368566, 1143), (368566, 1144), (368566, 1145), (368566, 1146), (368566, 1147), (368566, 1148), (368566, 1149), (368566, 1150), (368566, 1151), (368566, 1152), (368566, 1153), (368566, 1154), (368566, 1155), (368566, 1156), (368566, 1157), (368566, 1158), (368566, 1159), (368566, 1160), (368566, 1161), (368566, 1162), (368566, 1163), (368566, 1164), (368566, 1165), (368566, 1166), (368566, 1167), (368566, 1168), (368566, 1169), (368566, 1170), (368566, 1171), (368566, 1172), (368566, 1173), (368566, 1174), (368566, 1175), (368566, 1176), (368566, 1177), (368566, 1178), (368566, 1179), (368566, 1180), (368566, 1181), (368566, 1182), (368566, 1183), (368566, 1184), (368566, 1185), (368566, 1186), (368566, 1187), (368566, 1188), (368566, 1189), (368566, 1190), (368566, 1191), (368566, 1192), (368566, 1193), (368566, 1194), (368566, 1195), (368548, 1), (368548, 2), (368548, 3), (368548, 4), (368548, 5), (368548, 6), (368548, 7), (368548, 8), (368548, 9), (368548, 10), (368548, 11), (368548, 12), (368548, 13), (368548, 14), (368548, 15), (368548, 16), (368548, 17), (368548, 18), (368548, 19), (368548, 20), (368548, 21), (368548, 22), (368548, 23), (368548, 24), (368548, 25), (368548, 26), (368548, 27), (368548, 28), (368548, 29), (368548, 30), (368548, 31), (368548, 32), (368548, 33), (368548, 34), (368548, 35), (368548, 36), (368548, 37), (368548, 38), (368548, 39), (368548, 40), (368548, 41), (368548, 42), (368548, 43), (368548, 44), (368548, 45), (368548, 46), (368548, 47), (368548, 48), (368548, 49), (368548, 50), (368548, 51), (368548, 52), (368548, 53), (368548, 54), (368548, 55), (368548, 56), (368548, 57), (368548, 58), (368548, 59), (368548, 60), (368548, 61), (368548, 62), (368548, 63), (368548, 64), (368548, 65), (368548, 66), (368548, 67), (368548, 68), (368548, 69), (368548, 70), (368548, 71), (368548, 72), (368548, 73), (368548, 74), (368548, 75), (368548, 77), (368548, 78), (368548, 79), (368548, 80), (368548, 81), (368548, 82), (368548, 83), (368548, 84), (368548, 85), (368548, 86), (368548, 89), (368548, 90), (368548, 93), (368548, 94), (368548, 95), (368548, 96), (368548, 97), (368548, 98), (368548, 99), (368548, 100), (368548, 101), (368548, 102), (368548, 103), (368548, 104), (368548, 105), (368548, 106), (368548, 107), (368548, 108), (368548, 109), (368548, 110), (368548, 111), (368548, 112), (368548, 113), (368548, 114), (368548, 115), (368548, 116), (368548, 117), (368548, 118), (368548, 119), (368548, 120), (368548, 121), (368548, 122), (368548, 123), (368548, 124), (368548, 125), (368548, 126), (368548, 127), (368548, 128), (368548, 129), (368548, 130), (368548, 131), (368548, 132), (368548, 133), (368548, 134), (368548, 135), (368548, 136), (368548, 137), (368548, 138), (368548, 139), (368548, 140), (368548, 141), (368548, 142), (368548, 143), (368548, 144), (368548, 145), (368548, 146), (368548, 147), (368548, 148), (368548, 149), (368548, 150), (368548, 151), (368548, 152), (368548, 153), (368548, 154), (368548, 155), (368548, 156), (368548, 157), (368548, 158), (368548, 159), (368548, 160), (368548, 161), (368548, 162), (368548, 163), (368548, 164), (368548, 165), (368548, 166), (368548, 167), (368548, 168), (368548, 169), (368548, 170), (368548, 171), (368548, 172), (368548, 173), (368548, 174), (368548, 175), (368548, 176), (368548, 177), (368548, 178), (368548, 179), (368548, 180), (368548, 181), (368548, 182), (368548, 183), (368548, 184), (368548, 185), (368548, 186), (368548, 187), (368548, 188), (368548, 189), (368548, 190), (368548, 191), (368548, 192), (368548, 193), (368548, 194), (368548, 195), (368548, 196), (368548, 197), (368548, 198), (368548, 199), (368548, 200), (368548, 201), (368548, 202), (368548, 203), (368548, 204), (368548, 205), (368548, 206), (368548, 207), (368548, 208), (368548, 209), (368548, 210), (368548, 211), (368548, 212), (368548, 213), (368548, 214), (368548, 215), (368548, 216), (368548, 217), (368548, 218), (368548, 219), (368548, 220), (368548, 221), (368548, 222), (368548, 223), (368548, 224), (368548, 225), (368548, 226), (368548, 227), (368548, 228), (368548, 229), (368548, 230), (368548, 231), (368548, 232), (368548, 233), (368548, 234), (368548, 235), (368548, 236), (368548, 237), (368548, 238), (368548, 239), (368548, 240), (368548, 241), (368548, 242), (368548, 243), (368548, 244), (368548, 245), (368548, 246), (368548, 247), (368548, 248), (368548, 249), (368548, 250), (368548, 251), (368548, 252), (368548, 253), (368548, 254), (368548, 255), (368548, 256), (368548, 257), (368548, 258), (368548, 259), (368548, 260), (368548, 261), (368548, 262), (368548, 263), (368548, 264), (368548, 265), (368548, 266), (368548, 267), (368548, 268), (368548, 269), (368548, 270), (368548, 271), (368548, 272), (368548, 273), (368548, 274), (368548, 275), (368548, 276), (368548, 277), (368548, 278), (368548, 279), (368548, 280), (368548, 282), (368548, 283), (368548, 284), (368548, 285), (368548, 286), (368548, 287), (368548, 288), (368548, 289), (368548, 290), (368548, 291), (368548, 292), (368548, 293), (368548, 294), (368548, 295), (368548, 296), (368548, 297), (368548, 298), (368548, 299), (368548, 300), (368548, 301), (368548, 302), (368548, 303), (368548, 304), (368548, 305), (368548, 306), (368548, 307), (368548, 308), (368548, 309), (368548, 310), (368548, 311), (368548, 312), (368548, 313), (368548, 314), (368548, 315), (368548, 316), (368548, 317), (368548, 318), (368548, 319), (368548, 320), (368548, 321), (368548, 322), (368548, 323), (368548, 324), (368548, 325), (368548, 326), (368548, 327), (368548, 328), (368548, 329), (368548, 330), (368548, 331), (368548, 332), (368548, 333), (368548, 334), (368548, 335), (368548, 336), (368548, 337), (368548, 338), (368548, 339), (368548, 340), (368548, 341), (368548, 342), (368548, 343), (368548, 344), (368548, 345), (368548, 346), (368548, 347), (368548, 348), (368548, 349), (368548, 350), (368548, 351), (368548, 352), (368548, 353), (368548, 354), (368548, 355), (368548, 356), (368548, 357), (368548, 358), (368548, 359), (368548, 360), (368548, 361), (368548, 362), (368548, 363), (368548, 364), (368548, 365), (368548, 366), (368548, 367), (368548, 368), (368548, 369), (368548, 370), (368548, 371), (368548, 372), (368548, 373), (368548, 374), (368548, 375), (368548, 376), (368548, 377), (368548, 378), (368548, 379), (368548, 380), (368548, 381), (368548, 382), (368548, 383), (368548, 384), (368548, 385), (368548, 386), (368548, 387), (368548, 388), (368548, 389), (368548, 390), (368548, 391), (368548, 392), (368548, 393), (368548, 394), (368548, 395), (368548, 396), (368548, 397), (368548, 398), (368548, 399), (368548, 400), (368548, 401), (368548, 402), (368548, 403), (368548, 404), (368548, 405), (368548, 406), (368548, 407), (368548, 408), (368548, 409), (368548, 410), (368548, 411), (368548, 412), (368548, 413), (368548, 414), (368548, 415), (368548, 416), (368548, 417), (368548, 418), (368548, 419), (368548, 420), (368548, 421), (368548, 422), (368548, 423), (368548, 424), (368548, 425), (368548, 426), (368548, 427), (368548, 428), (368548, 429), (368548, 430), (368548, 431), (368548, 432), (368548, 433), (368548, 434), (368548, 435), (368548, 436), (368548, 437), (368548, 438), (368548, 439), (368548, 440), (368548, 441), (368548, 442), (368548, 443), (368548, 444), (368548, 445), (368548, 446), (368548, 447), (368548, 448), (368548, 449), (368548, 450), (368548, 451), (368548, 452), (368548, 453), (368548, 454), (368548, 455), (368548, 456), (368548, 457), (368548, 458), (368548, 459), (368548, 460), (368548, 461), (368548, 462), (368548, 463), (368548, 464), (368548, 465), (368548, 466), (368548, 467), (368548, 468), (368548, 469), (368548, 470), (368548, 471), (368548, 472), (368548, 473), (368548, 474), (368548, 475), (368548, 476), (368548, 477), (368548, 478), (368548, 479), (368548, 480), (368548, 481), (368548, 482), (368548, 483), (368548, 484), (368548, 485), (368548, 486), (368548, 487), (368548, 488), (368548, 489), (368548, 490), (368548, 491), (368548, 492), (368548, 493), (368548, 494), (368548, 495), (368548, 496), (368548, 497), (368548, 498), (368548, 499), (368548, 500), (368548, 501), (368548, 502), (368548, 503), (368548, 504), (368548, 505), (368548, 506), (368548, 507), (368548, 508), (368548, 509), (368548, 510), (368548, 511), (368548, 512), (368548, 513), (368548, 514), (368548, 515), (368548, 516), (368548, 517), (368548, 518), (368548, 519), (368548, 520), (368548, 521), (368548, 522), (368548, 523), (368548, 524), (368548, 525), (368548, 526), (368548, 527), (368548, 528), (368548, 529), (368548, 530), (368548, 531), (368548, 532), (368548, 533), (368548, 534), (368548, 535), (368548, 536), (368548, 537), (368548, 538), (368548, 539), (368548, 540), (368548, 541), (368548, 542), (368548, 543), (368548, 544), (368548, 545), (368548, 546), (368548, 547), (368548, 548), (368548, 549), (368548, 550), (368548, 551), (368548, 552), (368548, 553), (368548, 554), (368548, 555), (368548, 556), (368548, 557), (368548, 558), (368548, 559), (368548, 560), (368548, 561), (368548, 562), (368548, 563), (368548, 564), (368548, 565), (368548, 566), (368548, 567), (368548, 568), (368548, 569), (368548, 570), (368548, 571), (368548, 572), (368548, 573), (368548, 574), (368548, 575), (368548, 576), (368548, 577), (368548, 578), (368548, 579), (368548, 580), (368548, 581), (368548, 582), (368548, 583), (368548, 584), (368548, 585), (368548, 586), (368548, 587), (368548, 588), (368548, 589), (368548, 590), (368548, 591), (368548, 592), (368548, 593), (368548, 594), (368548, 595), (368548, 596), (368548, 597), (368548, 598), (368548, 599), (368548, 600), (368548, 601), (368548, 602), (368548, 603), (368548, 604), (368548, 605), (368548, 606), (368548, 607), (368548, 608), (368548, 609), (368548, 610), (368548, 611), (368548, 612), (368548, 613), (368548, 614), (368548, 615), (368548, 616), (368548, 617), (368548, 618), (368548, 619), (368548, 620), (368548, 621), (368548, 622), (368548, 623), (368548, 624), (368548, 625), (368548, 626), (368548, 627), (368548, 628), (368548, 629), (368548, 630), (368548, 631), (368548, 632), (368548, 633), (368548, 634), (368548, 635), (368548, 636), (368548, 637), (368548, 638), (368548, 639), (368548, 640), (368548, 641), (368548, 642), (368548, 643), (368548, 644), (368548, 645), (368548, 646), (368548, 647), (368548, 648), (368548, 649), (368548, 650), (368548, 651), (368548, 652), (368548, 653), (368548, 654), (368548, 655), (368548, 656), (368548, 657), (368548, 658), (368548, 659), (368548, 660), (368548, 661), (368548, 662), (368548, 663), (368548, 664), (368548, 665), (368548, 666), (368548, 667), (368548, 668), (368548, 669), (368548, 670), (368548, 671), (368548, 672), (368548, 673), (368548, 674), (368548, 675), (368548, 676), (368548, 677), (368548, 678), (368548, 679), (368548, 680), (368548, 681), (368548, 682), (368548, 683), (368548, 684), (368548, 685), (368548, 686), (368548, 687), (368548, 688), (368548, 689), (368548, 690), (368548, 691), (368548, 692), (368548, 693), (368548, 694), (368548, 695), (368548, 696), (368548, 697), (368548, 698), (368548, 699), (368548, 700), (368548, 701), (368548, 702), (368548, 703), (368548, 704), (368548, 705), (368548, 706), (368548, 707), (368548, 708), (368548, 709), (368548, 710), (368548, 711), (368548, 712), (368548, 713), (368548, 714), (368548, 715), (368548, 716), (368548, 717), (368548, 718), (368548, 719), (368548, 720), (368548, 721), (368548, 722), (368548, 723), (368548, 724), (368548, 725), (368548, 726), (368548, 727), (368548, 728), (368548, 729), (368548, 730), (368548, 731), (368548, 732), (368548, 733), (368548, 734), (368548, 735), (368548, 736), (368548, 737), (368548, 738), (368548, 739), (368548, 740), (368548, 741), (368548, 742), (368548, 743), (368548, 744), (368548, 745), (368548, 746), (368548, 747), (368548, 748), (368548, 749), (368548, 750), (368548, 751), (368548, 752), (368548, 753), (368548, 754), (368548, 755), (368548, 756), (368548, 757), (368548, 758), (368548, 759), (368548, 760), (368548, 761), (368548, 762), (368548, 763), (368548, 764), (368548, 765), (368548, 766), (368548, 767), (368548, 768), (368548, 769), (368548, 770), (368548, 771), (368548, 772), (368548, 773), (368548, 774), (368548, 775), (368548, 776), (368548, 777), (368548, 778), (368548, 779), (368548, 780), (368548, 781), (368548, 782), (368548, 783), (368548, 784), (368548, 785), (368548, 786), (368548, 787), (368548, 788), (368548, 789), (368548, 790), (368548, 791), (368548, 792), (368548, 793), (368548, 794), (368548, 795), (368548, 796), (368548, 797), (368548, 798), (368548, 799), (368548, 800), (368548, 801), (368548, 802), (368548, 803), (368548, 804), (368548, 805), (368548, 806), (368548, 807), (368548, 808), (368548, 809), (368548, 810), (368548, 811), (368548, 812), (368548, 813), (368548, 814), (368548, 815), (368548, 816), (368548, 817), (368548, 818), (368548, 819), (368548, 820), (368548, 821), (368548, 822), (368548, 823), (368548, 824), (368548, 825), (368548, 826), (368548, 827), (368548, 828), (368548, 829), (368548, 830), (368548, 831), (368548, 832), (368548, 833), (368548, 834), (368548, 835), (368548, 836), (368548, 837), (368548, 838), (368548, 839), (368548, 840), (368548, 841), (368548, 842), (368548, 843), (368548, 844), (368548, 845), (368548, 846), (368548, 847), (368548, 848), (368548, 849), (368548, 850), (368548, 851), (368548, 852), (368548, 853), (368548, 854), (368548, 855), (368548, 856), (368548, 857), (368548, 858), (368548, 859), (368548, 860), (368548, 861), (368548, 862), (368548, 863), (368548, 864), (368548, 865), (368548, 866), (368548, 867), (368548, 868), (368548, 869), (368548, 870), (368548, 871), (368548, 872), (368548, 873), (368548, 874), (368548, 875), (368548, 876), (368548, 877), (368548, 878), (368548, 879), (368548, 880), (368548, 881), (368548, 882), (368548, 883), (368548, 884), (368548, 885), (368548, 886), (368548, 887), (368548, 888), (368548, 889), (368548, 890), (368548, 891), (368548, 892), (368548, 893), (368548, 894), (368548, 895), (368548, 896), (368548, 897), (368548, 898), (368548, 899), (368548, 900), (368548, 901), (368548, 902), (368548, 903), (368548, 904), (368548, 905), (368548, 906), (368548, 907), (368548, 908), (368548, 909), (368548, 910), (368548, 911), (368548, 912), (368548, 913), (368548, 914), (368548, 915), (368548, 916), (368548, 917), (368548, 918), (368548, 919), (368548, 920), (368548, 921), (368548, 922), (368548, 923), (368548, 924), (368548, 925), (368548, 926), (368548, 927), (368548, 928), (368548, 929), (368548, 930), (368548, 931), (368548, 932), (368548, 933), (368548, 934), (368548, 935), (368548, 936), (368548, 937), (368548, 938), (368548, 939), (368548, 940), (368548, 941), (368548, 942), (368548, 943), (368548, 944), (368548, 945), (368548, 946), (368548, 947), (368548, 948), (368548, 949), (368548, 950), (368548, 951), (368548, 952), (368548, 953), (368548, 954), (368548, 955), (368548, 956), (368548, 957), (368548, 958), (368548, 959), (368548, 960), (368548, 961), (368548, 962), (368548, 963), (368548, 964), (368548, 965), (368548, 966), (368548, 967), (368548, 968), (368548, 969), (368548, 970), (368548, 971), (368548, 972), (368548, 973), (368548, 974), (368548, 975), (368548, 976), (368548, 977), (368548, 978), (368548, 979), (368548, 980), (368548, 981), (368548, 982), (368548, 983), (368548, 984), (368548, 985), (368548, 986), (368548, 987), (368548, 988), (368548, 989), (368548, 990), (368548, 991), (368548, 992), (368548, 993), (368548, 994), (368548, 995), (368548, 996), (368548, 997), (368548, 998), (368548, 999), (368548, 1000), (368548, 1001), (368548, 1002), (368548, 1003), (368548, 1004), (368548, 1005), (368548, 1006), (368548, 1007), (368548, 1008), (368548, 1009), (368548, 1010), (368548, 1011), (368548, 1012), (368548, 1013), (368548, 1014), (368548, 1015), (368548, 1016), (368548, 1017), (368548, 1018), (368548, 1019), (368548, 1020), (368548, 1021), (368548, 1022), (368548, 1023), (368548, 1024), (368548, 1025), (368548, 1026), (368548, 1027), (368548, 1028), (368548, 1029), (368548, 1030), (368548, 1031), (368548, 1032), (368548, 1033), (368548, 1034), (368548, 1035), (368548, 1036), (368548, 1037), (368548, 1038), (368548, 1039), (368548, 1040), (368548, 1041), (368548, 1042), (368548, 1043), (368548, 1044), (368547, 1), (368547, 2), (368547, 3), (368547, 4), (368547, 5), (368547, 6), (368547, 7), (368547, 8), (368547, 9), (368547, 10), (368547, 11), (368547, 12), (368547, 13), (368547, 14), (368547, 15), (368547, 16), (368547, 17), (368547, 18), (368547, 19), (368547, 20), (368547, 21), (368547, 22), (368547, 23), (368547, 24), (368547, 25), (368547, 26), (368547, 27), (368547, 28), (368547, 29), (368547, 30), (368547, 31), (368547, 32), (368547, 33), (368547, 34), (368547, 35), (368547, 36), (368547, 37), (368547, 38), (368547, 39), (368547, 40), (368547, 41), (368547, 42), (368547, 43), (368547, 44), (368547, 45), (368547, 46), (368547, 47), (368547, 48), (368547, 49), (368547, 50), (368547, 51), (368547, 52), (368547, 53), (368547, 54), (368547, 55), (368547, 56), (368547, 57), (368547, 58), (368547, 59), (368547, 60), (368547, 61), (368547, 62), (368547, 63), (368547, 64), (368547, 65), (368547, 66), (368547, 67), (368547, 68), (368547, 69), (368547, 70), (368547, 71), (368547, 72), (368547, 73), (368547, 74), (368547, 75), (368547, 76), (368547, 77), (368547, 78), (368547, 79), (368547, 80), (368547, 81), (368547, 82), (368547, 83), (368547, 84), (368547, 85), (368547, 86), (368547, 87), (368547, 88), (368547, 89), (368547, 90), (368547, 91), (368547, 92), (368547, 93), (368547, 94), (368547, 95), (368547, 96), (368547, 97), (368547, 98), (368547, 99), (368547, 100), (368547, 101), (368547, 102), (368547, 103), (368547, 104), (368547, 105), (368547, 106), (368547, 107), (368547, 108), (368547, 109), (368547, 110), (368547, 111), (368547, 112), (368547, 113), (368547, 114), (368547, 115), (368547, 116), (368547, 117), (368547, 118), (368547, 119), (368547, 120), (368547, 121), (368547, 122), (368547, 123), (368547, 124), (368547, 125), (368547, 126), (368547, 127), (368547, 128), (368547, 129), (368547, 130), (368547, 131), (368547, 132), (368547, 133), (368547, 134), (368547, 135), (368547, 136), (368547, 137), (368547, 138), (368547, 139), (368547, 140), (368547, 141), (368547, 142), (368547, 143), (368547, 144), (368547, 145), (368547, 146), (368547, 147), (368547, 148), (368547, 149), (368547, 150), (368547, 151), (368547, 152), (368547, 153), (368547, 154), (368547, 155), (368547, 156), (368547, 157), (368547, 158), (368547, 159), (368547, 160), (368547, 161), (368547, 162), (368547, 163), (368547, 164), (368547, 165), (368547, 166), (368547, 167), (368547, 168), (368547, 169), (368547, 170), (368547, 171), (368547, 172), (368547, 173), (368547, 174), (368547, 175), (368547, 176), (368547, 177), (368547, 178), (368547, 179), (368547, 180), (368547, 181), (368547, 182), (368547, 183), (368547, 184), (368547, 185), (368547, 186), (368547, 187), (368547, 188), (368547, 189), (368547, 190), (368547, 191), (368547, 192), (368547, 193), (368547, 194), (368547, 197), (368547, 198), (368547, 199), (368547, 200), (368547, 201), (368547, 202), (368547, 203), (368547, 204), (368547, 205), (368547, 206), (368547, 207), (368547, 208), (368547, 209), (368547, 210), (368547, 211), (368547, 212), (368547, 213), (368547, 214), (368547, 215), (368547, 216), (368547, 217), (368547, 218), (368547, 219), (368547, 220), (368547, 221), (368547, 222), (368547, 223), (368547, 224), (368547, 225), (368547, 226), (368547, 227), (368547, 228), (368547, 229), (368547, 230), (368547, 231), (368547, 232), (368547, 233), (368547, 234), (368547, 235), (368547, 236), (368547, 237), (368547, 238), (368547, 239), (368547, 240), (368547, 241), (368547, 242), (368547, 243), (368547, 244), (368547, 245), (368547, 246), (368547, 247), (368547, 248), (368547, 249), (368547, 250), (368547, 251), (368547, 252), (368547, 253), (368547, 254), (368547, 255), (368547, 256), (368547, 257), (368547, 258), (368547, 259), (368547, 260), (368547, 261), (368547, 262), (368547, 263), (368547, 264), (368547, 265), (368547, 266), (368547, 267), (368547, 268), (368547, 269), (368547, 270), (368547, 271), (368547, 272), (368547, 273), (368547, 274), (368547, 275), (368547, 276), (368547, 277), (368547, 278), (368547, 279), (368547, 280), (368547, 281), (368547, 282), (368547, 283), (368547, 284), (368547, 285), (368547, 286), (368547, 287), (368547, 288), (368547, 289), (368547, 290), (368547, 291), (368547, 292), (368547, 293), (368547, 294), (368547, 295), (368547, 296), (368547, 297), (368547, 298), (368547, 299), (368547, 300), (368547, 301), (368547, 302), (368547, 303), (368547, 304), (368547, 305), (368547, 306), (368547, 307), (368547, 308), (368547, 309), (368547, 310), (368547, 311), (368547, 312), (368547, 313), (368547, 314), (368547, 315), (368547, 316), (368547, 317), (368547, 318), (368547, 319), (368547, 320), (368547, 321), (368547, 322), (368547, 323), (368547, 324), (368547, 325), (368547, 326), (368547, 327), (368547, 328), (368547, 329), (368547, 330), (368547, 331), (368547, 332), (368547, 333), (368547, 334), (368547, 335), (368547, 336), (368547, 337), (368547, 338), (368547, 339), (368547, 340), (368547, 341), (368547, 342), (368547, 343), (368547, 344), (368547, 345), (368547, 346), (368547, 347), (368547, 348), (368547, 349), (368547, 350), (368547, 351), (368547, 352), (368547, 353), (368547, 354), (368547, 355), (368547, 356), (368547, 357), (368547, 358), (368547, 359), (368547, 360), (368547, 361), (368547, 362), (368547, 363), (368547, 364), (368547, 365), (368547, 366), (368547, 367), (368547, 368), (368547, 369), (368547, 370), (368547, 371), (368547, 372), (368547, 373), (368547, 374), (368547, 375), (368547, 376), (368547, 377), (368547, 378), (368547, 379), (368547, 380), (368547, 381), (368547, 382), (368547, 383), (368547, 384), (368547, 385), (368547, 386), (368547, 387), (368547, 388), (368547, 389), (368547, 390), (368547, 391), (368547, 392), (368547, 393), (368547, 394), (368547, 395), (368547, 396), (368547, 397), (368547, 398), (368547, 399), (368547, 400), (368547, 401), (368547, 402), (368547, 403), (368547, 404), (368547, 405), (368547, 406), (368547, 407), (368547, 408), (368547, 409), (368547, 410), (368547, 411), (368547, 412), (368547, 413), (368547, 414), (368547, 415), (368547, 416), (368547, 417), (368547, 418), (368547, 419), (368547, 420), (368547, 421), (368547, 422), (368547, 423), (368547, 424), (368547, 425), (368547, 426), (368547, 427), (368547, 428), (368547, 429), (368547, 430), (368547, 431), (368547, 432), (368547, 433), (368547, 434), (368547, 435), (368547, 436), (368547, 437), (368547, 438), (368547, 439), (368547, 440), (368547, 441), (368547, 442), (368547, 443), (368547, 444), (368547, 445), (368547, 446), (368547, 447), (368547, 448), (368547, 449), (368547, 450), (368547, 451), (368547, 452), (368547, 453), (368547, 454), (368547, 455), (368547, 456), (368547, 457), (368547, 458), (368547, 459), (368547, 460), (368547, 461), (368547, 462), (368547, 463), (368547, 464), (368547, 465), (368547, 466), (368547, 467), (368547, 468), (368547, 469), (368547, 470), (368547, 471), (368547, 472), (368547, 473), (368547, 474), (368547, 475), (368547, 476), (368547, 477), (368547, 478), (368547, 479), (368547, 480), (368547, 481), (368547, 482), (368547, 483), (368547, 484), (368547, 485), (368547, 486), (368547, 487), (368547, 488), (368547, 489), (368547, 490), (368547, 491), (368547, 492), (368547, 493), (368547, 494), (368547, 495), (368547, 496), (368547, 497), (368547, 498), (368547, 499), (368547, 500), (368547, 501), (368547, 502), (368547, 503), (368547, 504), (368547, 505), (368547, 506), (368547, 507), (368547, 508), (368547, 509), (368547, 510), (368547, 511), (368547, 512), (368547, 513), (368547, 514), (368547, 515), (368547, 516), (368547, 517), (368547, 518), (368547, 519), (368547, 520), (368547, 521), (368547, 522), (368547, 523), (368547, 524), (368547, 525), (368547, 526), (368547, 527), (368547, 528), (368547, 529), (368547, 530), (368547, 531), (368547, 532), (368547, 533), (368547, 534), (368547, 535), (368547, 536), (368547, 537), (368547, 538), (368547, 539), (368547, 540), (368547, 541), (368547, 542), (368547, 543), (368547, 544), (368547, 545), (368547, 546), (368547, 547), (368547, 548), (368547, 549), (368547, 550), (368547, 551), (368547, 552), (368547, 553), (368547, 554), (368547, 555), (368547, 556), (368547, 557), (368547, 558), (368547, 559), (368547, 560), (368547, 561), (368547, 562), (368547, 563), (368547, 564), (368547, 565), (368547, 566), (368547, 567), (368547, 568), (368547, 569), (368547, 570), (368547, 571), (368547, 572), (368547, 573), (368547, 574), (368547, 575), (368547, 576), (368547, 577), (368547, 578), (368547, 579), (368547, 580), (368547, 581), (368547, 582), (368547, 583), (368547, 584), (368547, 585), (368547, 586), (368547, 587), (368547, 588), (368547, 589), (368547, 590), (368547, 591), (368547, 592), (368547, 593), (368547, 594), (368547, 595), (368547, 596), (368547, 597), (368547, 598), (368547, 599), (368547, 600), (368547, 601), (368547, 602), (368547, 603), (368547, 604), (368547, 605), (368547, 606), (368547, 607), (368547, 608), (368547, 609), (368547, 610), (368547, 611), (368547, 612), (368547, 613), (368547, 614), (368547, 615), (368547, 616), (368547, 617), (368547, 618), (368547, 619), (368547, 620), (368547, 621), (368547, 622), (368547, 623), (368547, 624), (368547, 625), (368547, 626), (368547, 627), (368547, 628), (368547, 629), (368547, 630), (368547, 631), (368547, 632), (368547, 633), (368547, 634), (368547, 635), (368547, 636), (368547, 637), (368547, 638), (368547, 639), (368547, 640), (368547, 641), (368547, 642), (368547, 643), (368547, 644), (368547, 645), (368547, 646), (368547, 647), (368547, 648), (368547, 649), (368547, 650), (368547, 651), (368547, 652), (368547, 653), (368547, 654), (368547, 655), (368547, 656), (368547, 657), (368547, 658), (368547, 659), (368547, 660), (368547, 661), (368547, 662), (368547, 663), (368547, 664), (368547, 665), (368547, 666), (368547, 667), (368547, 668), (368547, 669), (368547, 670), (368547, 671), (368547, 672), (368547, 673), (368547, 674), (368547, 675), (368547, 676), (368547, 677), (368547, 678), (368547, 679), (368547, 680), (368547, 681), (368547, 682), (368547, 683), (368547, 684), (368547, 685), (368547, 686), (368547, 687), (368547, 688), (368547, 689), (368547, 690), (368547, 691), (368547, 692), (368547, 693), (368547, 694), (368547, 695), (368547, 696), (368547, 697), (368547, 698), (368547, 699), (368547, 700), (368547, 701), (368547, 702), (368546, 1), (368546, 2), (368546, 3), (368546, 4), (368546, 5), (368546, 6), (368546, 7), (368546, 8), (368546, 9), (368546, 10), (368546, 11), (368546, 12), (368546, 13), (368546, 14), (368546, 15), (368546, 16), (368546, 17), (368546, 18), (368546, 19), (368546, 20), (368546, 21), (368546, 22), (368546, 23), (368546, 24), (368546, 25), (368546, 26), (368546, 27), (368546, 28), (368546, 29), (368546, 30), (368546, 31), (368546, 32), (368546, 33), (368546, 34), (368546, 35), (368546, 36), (368546, 37), (368546, 38), (368546, 39), (368546, 40), (368546, 41), (368546, 42), (368546, 43), (368546, 44), (368546, 45), (368546, 46), (368546, 47), (368546, 48), (368546, 49), (368546, 50), (368546, 51), (368546, 52), (368546, 53), (368546, 54), (368546, 55), (368546, 56), (368546, 57), (368546, 58), (368546, 59), (368546, 60), (368546, 61), (368546, 62), (368546, 63), (368546, 64), (368546, 65), (368546, 66), (368546, 67), (368546, 68), (368546, 69), (368546, 70), (368546, 71), (368546, 72), (368546, 73), (368546, 74), (368546, 75), (368546, 76), (368546, 77), (368546, 78), (368546, 79), (368546, 80), (368546, 81), (368546, 82), (368546, 83), (368546, 84), (368546, 85), (368546, 86), (368546, 87), (368546, 88), (368546, 89), (368546, 90), (368546, 91), (368546, 92), (368546, 93), (368546, 94), (368546, 95), (368546, 96), (368546, 97), (368546, 98), (368546, 99), (368546, 100), (368546, 101), (368546, 102), (368546, 103), (368546, 104), (368546, 105), (368546, 106), (368546, 107), (368546, 108), (368546, 109), (368546, 110), (368546, 111), (368546, 112), (368546, 113), (368546, 114), (368546, 115), (368546, 116), (368546, 117), (368546, 118), (368546, 119), (368546, 120), (368546, 121), (368546, 122), (368546, 123), (368546, 124), (368546, 125), (368546, 126), (368546, 127), (368546, 128), (368546, 129), (368546, 130), (368546, 131), (368546, 132), (368546, 133), (368546, 134), (368546, 135), (368546, 136), (368546, 137), (368546, 138), (368546, 139), (368546, 140), (368546, 141), (368546, 142), (368546, 143), (368546, 144), (368546, 145), (368546, 146), (368546, 147), (368546, 148), (368546, 149), (368546, 150), (368546, 151), (368546, 152), (368546, 153), (368546, 154), (368546, 155), (368546, 156), (368546, 157), (368546, 158), (368546, 159), (368546, 160), (368546, 161), (368546, 162), (368546, 163), (368546, 164), (368546, 165), (368546, 166), (368546, 167), (368546, 168), (368546, 169), (368546, 170), (368546, 171), (368546, 172), (368546, 173), (368546, 174), (368546, 175), (368546, 176), (368546, 177), (368546, 178), (368546, 179), (368546, 180), (368546, 181), (368546, 182), (368546, 183), (368546, 184), (368546, 185), (368546, 186), (368546, 187), (368546, 188), (368546, 189), (368546, 190), (368546, 191), (368546, 192), (368546, 193), (368546, 194), (368546, 195), (368546, 196), (368546, 197), (368546, 198), (368546, 199), (368546, 200), (368546, 201), (368546, 202), (368546, 203), (368546, 204), (368546, 205), (368546, 206), (368546, 207), (368546, 208), (368546, 209), (368546, 210), (368546, 211), (368546, 212), (368546, 213), (368546, 214), (368546, 215), (368546, 216), (368546, 217), (368546, 218), (368546, 219), (368546, 220), (368546, 221), (368546, 222), (368546, 223), (368546, 224), (368546, 225), (368546, 226), (368546, 227), (368546, 228), (368546, 229), (368546, 230), (368546, 231), (368546, 232), (368546, 233), (368546, 234), (368546, 235), (368546, 236), (368546, 237), (368546, 238), (368546, 239), (368546, 240), (368546, 241), (368546, 242), (368546, 243), (368546, 244), (368546, 245), (368546, 246), (368546, 247), (368546, 248), (368546, 249), (368546, 250), (368546, 251), (368546, 252), (368546, 253), (368546, 254), (368546, 255), (368546, 256), (368546, 257), (368546, 258), (368546, 259), (368546, 260), (368546, 261), (368546, 262), (368546, 263), (368546, 264), (368546, 265), (368546, 266), (368546, 267), (368546, 268), (368546, 269), (368546, 270), (368546, 271), (368546, 272), (368546, 273), (368546, 274), (368546, 275), (368546, 276), (368546, 277), (368546, 278), (368546, 279), (368546, 280), (368546, 281), (368546, 282), (368546, 283), (368546, 284), (368546, 285), (368546, 286), (368546, 287), (368546, 288), (368546, 289), (368546, 290), (368546, 291), (368546, 292), (368546, 293), (368546, 294), (368546, 295), (368546, 296), (368546, 297), (368546, 298), (368546, 299), (368546, 300), (368546, 301), (368546, 302), (368546, 303), (368546, 304), (368546, 305), (368546, 306), (368546, 307), (368546, 308), (368546, 309), (368546, 310), (368546, 311), (368546, 312), (368546, 313), (368546, 314), (368546, 315), (368546, 316), (368546, 317), (368546, 318), (368546, 319), (368546, 320), (368546, 321), (368546, 322), (368546, 323), (368546, 324), (368546, 325), (368546, 326), (368546, 327), (368546, 328), (368546, 329), (368546, 330), (368546, 331), (368546, 332), (368546, 333), (368546, 334), (368546, 335), (368546, 336), (368546, 337), (368546, 338), (368546, 339), (368546, 340), (368546, 341), (368546, 342), (368546, 343), (368546, 344), (368546, 345), (368546, 346), (368546, 347), (368546, 348), (368546, 349), (368546, 350), (368546, 351), (368546, 352), (368546, 353), (368546, 354), (368546, 355), (368546, 356), (368546, 357), (368546, 358), (368546, 359), (368546, 360), (368546, 361), (368546, 362), (368546, 363), (368546, 364), (368546, 365), (368546, 366), (368546, 367), (368546, 368), (368546, 369), (368546, 370), (368546, 371), (368546, 372), (368546, 373), (368546, 374), (368546, 375), (368546, 376), (368546, 377), (368546, 378), (368546, 379), (368546, 380), (368546, 381), (368546, 382), (368546, 383), (368546, 384), (368546, 385), (368546, 386), (368546, 387), (368546, 388), (368546, 389), (368546, 390), (368546, 391), (368546, 392), (368546, 393), (368546, 394), (368546, 395), (368546, 396), (368546, 397), (368546, 398), (368546, 399), (368546, 400), (368546, 401), (368546, 402), (368546, 403), (368546, 404), (368546, 405), (368546, 406), (368546, 407), (368546, 408), (368546, 409), (368546, 410), (368546, 411), (368546, 412), (368546, 413), (368546, 414), (368546, 415), (368546, 416), (368546, 417), (368546, 418), (368546, 419), (368546, 420), (368546, 421), (368546, 422), (368546, 423), (368546, 424), (368546, 425), (368546, 426), (368546, 427), (368546, 428), (368546, 429), (368546, 430), (368546, 431), (368546, 432), (368546, 433), (368546, 434), (368546, 435), (368546, 436), (368546, 437), (368546, 438), (368546, 439), (368546, 440), (368546, 441), (368546, 442), (368546, 443), (368546, 444), (368546, 445), (368546, 446), (368546, 447), (368546, 448), (368546, 449), (368546, 450), (368546, 451), (368546, 452), (368546, 453), (368546, 454), (368546, 455), (368546, 456), (368546, 457), (368546, 458), (368546, 459), (368546, 460), (368546, 461), (368546, 462), (368546, 463), (368546, 464), (368546, 465), (368546, 466), (368546, 467), (368546, 468), (368546, 469), (368546, 470), (368546, 471), (368546, 472), (368546, 473), (368546, 474), (368546, 475), (368546, 476), (368546, 477), (368546, 478), (368546, 479), (368546, 480), (368546, 481), (368546, 482), (368546, 483), (368546, 484), (368546, 485), (368546, 486), (368546, 487), (368546, 488), (368546, 489), (368546, 490), (368546, 491), (368546, 492), (368546, 493), (368546, 494), (368546, 495), (368546, 496), (368546, 497), (368546, 498), (368546, 499), (368546, 500), (368546, 501), (368546, 502), (368546, 503), (368546, 504), (368546, 505), (368546, 506), (368546, 507), (368546, 508), (368546, 509), (368546, 510), (368546, 511), (368546, 512), (368546, 513), (368546, 514), (368546, 515), (368546, 516), (368546, 517), (368546, 518), (368546, 519), (368546, 520), (368546, 521), (368546, 522), (368546, 523), (368546, 524), (368546, 525), (368546, 526), (368546, 527), (368546, 528), (368546, 529), (368546, 530), (368546, 531), (368546, 532), (368546, 533), (368546, 534), (368546, 535), (368546, 536), (368546, 537), (368546, 538), (368546, 539), (368546, 540), (368546, 541), (368546, 542), (368546, 543), (368546, 544), (368546, 545), (368546, 546), (368546, 547), (368546, 548), (368546, 549), (368546, 550), (368546, 551), (368546, 552), (368546, 553), (368546, 554), (368546, 555), (368546, 556), (368546, 557), (368546, 558), (368546, 559), (368546, 560), (368546, 561), (368546, 562), (368546, 563), (368546, 564), (368546, 565), (368546, 566), (368546, 567), (368546, 568), (368546, 569), (368546, 570), (368546, 571), (368546, 572), (368546, 573), (368546, 574), (368546, 575), (368546, 576), (368546, 577), (368546, 578), (368546, 579), (368546, 580), (368546, 581), (368546, 582), (368546, 583), (368546, 584), (368546, 585), (368546, 586), (368546, 587), (368546, 588), (368546, 589), (368546, 590), (368546, 591), (368546, 592), (368546, 593), (368546, 594), (368546, 595), (368546, 596), (368546, 597), (368546, 598), (368546, 599), (368546, 600), (368546, 601), (368546, 602), (368546, 603), (368546, 604), (368546, 605), (368546, 606), (368546, 607), (368546, 608), (368546, 609), (368546, 610), (368546, 611), (368546, 612), (368546, 613), (368546, 614), (368546, 615), (368546, 616), (368546, 617), (368546, 618), (368546, 619), (368546, 620), (368546, 621), (368546, 622), (368546, 623), (368546, 624), (368546, 625), (368546, 626), (368546, 627), (368546, 628), (368546, 629), (368546, 630), (368546, 631), (368546, 632), (368546, 633), (368546, 634), (368546, 635), (368546, 636), (368546, 637), (368546, 638), (368546, 639), (368546, 640), (368546, 641), (368546, 642), (368546, 643), (368546, 644), (368546, 645), (368546, 646), (368546, 647), (368546, 648), (368546, 649), (368546, 650), (368546, 651), (368546, 652), (368546, 653), (368546, 654), (368546, 655), (368546, 656), (368546, 657), (368546, 658), (368546, 659), (368489, 47), (368489, 48), (368489, 49), (368489, 50), (368489, 51), (368489, 52), (368489, 53), (368489, 54), (368489, 55), (368489, 56), (368489, 57), (368489, 58), (368489, 59), (368489, 60), (368489, 61), (368489, 62), (368489, 63), (368489, 64), (368489, 65), (368489, 66), (368489, 67), (368489, 68), (368489, 69), (368489, 70), (368489, 71), (368489, 72), (368489, 73), (368489, 74), (368489, 75), (368489, 76), (368489, 77), (368489, 78), (368489, 79), (368489, 80), (368489, 81), (368489, 82), (368489, 83), (368489, 84), (368489, 85), (368489, 86), (368489, 87), (368489, 88), (368489, 89), (368489, 90), (368489, 91), (368489, 92), (368489, 93), (368489, 94), (368489, 95), (368489, 96), (368489, 97), (368489, 98), (368489, 99), (368489, 100), (368489, 101), (368489, 102), (368489, 103), (368489, 104), (368489, 105), (368489, 106), (368489, 107), (368489, 108), (368489, 109), (368489, 110), (368489, 111), (368489, 112), (368489, 113), (368489, 114), (368489, 115), (368489, 116), (368489, 117), (368489, 118), (368489, 119), (368489, 120), (368489, 121), (368489, 122), (368489, 123), (368489, 124), (368489, 125), (368489, 126), (368489, 127), (368489, 128), (368489, 129), (368489, 130), (368489, 131), (368489, 132), (368489, 133), (368489, 134), (368489, 135), (368489, 136), (368489, 137), (368489, 138), (368489, 139), (368489, 140), (368489, 141), (368489, 142), (368489, 143), (368489, 144), (368489, 145), (368489, 146), (368489, 147), (368489, 148), (368489, 149), (368489, 150), (368489, 151), (368489, 152), (368489, 153), (368489, 154), (368489, 155), (368489, 156), (368489, 157), (368489, 158), (368489, 159), (368489, 160), (368489, 161), (368489, 162), (368489, 163), (368489, 164), (368489, 165), (368489, 166), (368489, 167), (368489, 168), (368489, 169), (368489, 170), (368489, 171), (368489, 172), (368489, 173), (368489, 174), (368489, 175), (368489, 176), (368489, 177), (368489, 178), (368489, 179), (368489, 180), (368489, 181), (368489, 182), (368489, 183), (368489, 184), (368489, 185), (368489, 186), (368489, 187), (368489, 188), (368489, 189), (368489, 190), (368489, 191), (368489, 192), (368489, 193), (368489, 194), (368489, 195), (368489, 196), (368489, 197), (368489, 198), (368489, 199), (368489, 200), (368489, 201), (368489, 202), (368489, 203), (368489, 204), (368489, 205), (368489, 206), (368489, 207), (368489, 208), (368489, 209), (368489, 210), (368489, 211), (368489, 212), (368489, 213), (368489, 214), (368489, 215), (368489, 216), (368489, 217), (368489, 218), (368489, 219), (368489, 220), (368489, 221), (368489, 222), (368489, 223), (368489, 224), (368489, 225), (368489, 226), (368489, 227), (368489, 228), (368489, 229), (368489, 230), (368489, 231), (368489, 232), (368489, 233), (368489, 234), (368489, 235), (368489, 236), (368489, 237), (368489, 238), (368489, 239), (368489, 240), (368489, 241), (368489, 242), (368489, 243), (368489, 244), (368489, 245), (368489, 246), (368489, 247), (368489, 248), (368489, 249), (368489, 250), (368489, 251), (368489, 252), (368489, 253), (368489, 254), (368489, 255), (368489, 256), (368489, 257), (368489, 258), (368489, 259), (368489, 260), (368489, 261), (368489, 262), (368489, 263), (368489, 264), (368489, 265), (368489, 266), (368489, 267), (368489, 268), (368489, 269), (368489, 270), (368489, 271), (368489, 272), (368489, 273), (368489, 274), (368489, 275), (368489, 276), (368489, 277), (368489, 278), (368489, 279), (368489, 280), (368489, 281), (368489, 282), (368489, 283), (368489, 284), (368489, 285), (368489, 286), (368489, 287), (368489, 288), (368489, 289), (368489, 290), (368489, 291), (368489, 292), (368489, 293), (368489, 294), (368489, 295), (368489, 296), (368489, 297), (368489, 298), (368489, 299), (368489, 300), (368489, 301), (368489, 302), (368489, 303), (368489, 304), (368489, 305), (368489, 306), (368489, 307), (368489, 308), (368489, 309), (368489, 310), (368489, 311), (368489, 312), (368489, 313), (368489, 314), (368489, 315), (368489, 316), (368489, 317), (368489, 318), (368489, 319), (368489, 320), (368489, 321), (368489, 322), (368489, 323), (368489, 324), (368489, 325), (368489, 326), (368489, 327), (368489, 328), (368489, 329), (368489, 330), (368489, 331), (368489, 332), (368489, 333), (368489, 334), (368489, 335), (368489, 336), (368489, 337), (368489, 338), (368489, 339), (368489, 340), (368489, 341), (368489, 342), (368489, 343), (368489, 344), (368489, 345), (368489, 346), (368489, 347), (368489, 348), (368489, 349), (368489, 350), (368489, 351), (368489, 352), (368489, 353), (368489, 354), (368489, 355), (368489, 356), (368489, 357), (368489, 358), (368489, 359), (368489, 360), (368489, 361), (368489, 362), (368489, 363), (368489, 364), (368489, 365), (368489, 366), (368489, 367), (368489, 368), (368489, 369), (368489, 370), (368489, 371), (368489, 372), (368489, 373), (368489, 374), (368489, 375), (368489, 376), (368489, 377), (368489, 378), (368489, 379), (368489, 380), (368489, 381), (368489, 382), (368489, 383), (368489, 384), (368489, 385), (368489, 386), (368489, 387), (368489, 388), (368489, 389), (368489, 390), (368489, 391), (368489, 392), (368489, 393), (368489, 394), (368489, 395), (368489, 396), (368489, 397), (368489, 398), (368489, 399), (368489, 400), (368489, 401), (368489, 402), (368489, 403), (368489, 404), (368489, 405), (368489, 406), (368489, 407), (368489, 408), (368489, 409), (368489, 410), (368489, 411), (368489, 412), (368489, 413), (368489, 414), (368489, 415), (368489, 416), (368489, 417), (368489, 418), (368489, 419), (368489, 420), (368489, 421), (368489, 422), (368489, 423), (368489, 424), (368489, 425), (368489, 426), (368489, 427), (368489, 428), (368489, 429), (368489, 430), (368489, 431), (368489, 432), (368489, 433), (368489, 434), (368489, 435), (368489, 436), (368489, 437), (368489, 438), (368489, 439), (368489, 440), (368489, 441), (368489, 442), (368489, 443), (368489, 444), (368489, 445), (368489, 446), (368489, 447), (368489, 448), (368489, 449), (368489, 450), (368489, 451), (368489, 452), (368489, 453), (368489, 454), (368489, 455), (368489, 456), (368489, 457), (368489, 458), (368489, 459), (368489, 460), (368489, 461), (368489, 462), (368489, 463), (368489, 464), (368489, 465), (368489, 466), (368489, 467), (368489, 468), (368489, 469), (368489, 470), (368489, 471), (368489, 472), (368489, 473), (368489, 474), (368489, 475), (368489, 476), (368489, 477), (368489, 478), (368489, 479), (368489, 480), (368489, 481), (368489, 482), (368489, 483), (368489, 484), (368489, 485), (368489, 486), (368489, 487), (368489, 488), (368489, 489), (368489, 490), (368489, 491), (368489, 492), (368489, 493), (368489, 494), (368489, 495), (368489, 496), (368489, 497), (368489, 498), (368489, 499), (368489, 500), (368489, 501), (368489, 502), (368489, 503), (368489, 504), (368489, 505), (368489, 506), (368489, 507), (368489, 508), (368489, 509), (368489, 510), (368489, 511), (368489, 512), (368489, 513), (368489, 514), (368489, 515), (368489, 516), (368489, 517), (368489, 518), (368489, 519), (368489, 520), (368489, 521), (368489, 522), (368489, 523), (368489, 524), (368489, 525), (368489, 526), (368489, 527), (368489, 528), (368489, 529), (368489, 530), (368489, 531), (368489, 532), (368489, 533), (368489, 534), (368489, 535), (368489, 536), (368489, 537), (368489, 538), (368489, 539), (368489, 540), (368489, 541), (368489, 542), (368489, 543), (368489, 544), (368489, 545), (368489, 546), (368489, 547), (368489, 548), (368489, 549), (368489, 550), (368489, 551), (368489, 552), (368489, 553), (368489, 554), (368489, 555), (368489, 556), (368489, 557), (368489, 558), (368489, 559), (368489, 560), (368489, 561), (368489, 562), (368489, 563), (368489, 564), (368489, 565), (368489, 566), (368489, 567), (368489, 568), (368489, 569), (368489, 570), (368489, 571), (368489, 572), (368489, 573), (368489, 574), (368489, 575), (368489, 576), (368489, 577), (368489, 578), (368489, 579), (368489, 580), (368489, 581), (368489, 582), (368489, 583), (368489, 584), (368489, 585), (368489, 586), (368489, 587), (368489, 588), (368489, 589), (368489, 590), (368489, 591), (368489, 592), (368489, 593), (368489, 594), (368489, 595), (368489, 596), (368489, 597), (368489, 598), (368489, 599), (368489, 600), (368489, 601), (368489, 602), (368489, 603), (368489, 604), (368489, 605), (368489, 606), (368489, 607), (368489, 608), (368489, 609), (368489, 610), (368489, 611), (368489, 612), (368489, 613), (368489, 614), (368489, 615), (368489, 616), (368489, 617), (368489, 618), (368489, 619), (368489, 620), (368489, 621), (368489, 622), (368489, 623), (368489, 624), (368489, 625), (368489, 626), (368489, 627), (368489, 628), (368489, 629), (368489, 630), (368489, 631), (368489, 632), (368489, 633), (368489, 634), (368489, 635), (368489, 636), (368489, 637), (368489, 638), (368489, 639), (368489, 640), (368489, 641), (368489, 642), (368489, 643), (368489, 644), (368489, 645), (368489, 646), (368489, 647), (368489, 648), (368489, 649), (368489, 650), (368489, 651), (368489, 652), (368489, 653), (368489, 654), (368489, 655), (368489, 656), (368489, 657), (368489, 658), (368489, 659), (368489, 660), (368489, 661), (368489, 662), (368489, 663), (368489, 664), (368489, 665), (368489, 666), (368489, 667), (368489, 668), (368489, 669), (368489, 670), (368489, 671), (368489, 672), (368489, 673), (368489, 674), (368489, 675), (368489, 676), (368489, 677), (368489, 678), (368489, 679), (368489, 680), (368489, 681), (368489, 682), (368489, 683), (368489, 684), (368489, 685), (368489, 686), (368489, 687), (368489, 688), (368489, 689), (368489, 690), (368489, 691), (368489, 692), (368489, 693), (368489, 694), (368489, 695), (368489, 696), (368489, 697), (368489, 698), (368489, 699), (368489, 700), (368489, 701), (368489, 702), (368489, 703), (368489, 704), (368489, 705), (368489, 706), (368489, 707), (368489, 708), (368489, 709), (368489, 710), (368489, 711), (368489, 712), (368489, 713), (368489, 714), (368489, 715), (368489, 716), (368489, 717), (368489, 718), (368489, 719), (368489, 720), (368489, 721), (368489, 722), (368489, 723), (368489, 724), (368489, 725), (368489, 726), (368489, 727), (368489, 728), (368489, 729), (368489, 730), (368489, 731), (368489, 732), (368489, 733), (368489, 734), (368489, 735), (368489, 736), (368489, 737), (368489, 738), (368489, 739), (368489, 740), (368489, 741), (368489, 742), (368489, 743), (368489, 744), (368489, 745), (368489, 746), (368489, 747), (368489, 748), (368489, 749), (368489, 750), (368489, 751), (368489, 752), (368489, 753), (368489, 754), (368489, 755), (368489, 756), (368489, 757), (368489, 758), (368489, 759), (368489, 760), (368489, 761), (368489, 762), (368489, 763), (368489, 764), (368489, 765), (368489, 766), (368489, 767), (368489, 768), (368489, 769), (368489, 770), (368489, 771), (368489, 772), (368489, 773), (368489, 774), (368489, 775), (368489, 776), (368489, 777), (368489, 778), (368489, 779), (368489, 780), (368489, 781), (368489, 782), (368489, 783), (368489, 784), (368489, 785), (368489, 786), (368489, 787), (368489, 788), (368489, 789), (368489, 790), (368489, 791), (368489, 793), (368489, 794), (368489, 795), (368489, 796), (368489, 797), (368489, 798), (368489, 799), (368489, 800), (368489, 801), (368489, 802), (368489, 803), (368489, 804), (368489, 805), (368489, 806), (368489, 807), (368489, 808), (368489, 809), (368489, 810), (368489, 811), (368489, 812), (368489, 813), (368489, 814), (368489, 815), (368489, 816), (368489, 817), (368489, 818), (368489, 819), (368489, 820), (368489, 821), (368489, 822), (368489, 823), (368489, 824), (368489, 825), (368489, 826), (368489, 827), (368489, 829), (368489, 830), (368489, 831), (368489, 832), (368489, 833), (368489, 834), (368489, 835), (368489, 836), (368489, 837), (368489, 838), (368489, 839), (368489, 840), (368489, 841), (368489, 842), (368489, 843), (368489, 844), (368489, 845), (368489, 846), (368489, 847), (368489, 848), (368489, 849), (368489, 850), (368489, 851), (368489, 852), (368489, 853), (368489, 854), (368489, 855), (368489, 856), (368489, 857), (368489, 858), (368489, 859), (368489, 860), (368489, 861), (368489, 862), (368489, 863), (368489, 865), (368489, 866), (368489, 867), (368489, 868), (368489, 869), (368489, 870), (368489, 871), (368489, 872), (368489, 873), (368489, 874), (368489, 875), (368489, 876), (368489, 877), (368489, 878), (368489, 879), (368489, 880), (368489, 881), (368489, 882), (368489, 883), (368489, 884), (368489, 885), (368489, 886), (368489, 887), (368489, 888), (368489, 889), (368489, 890), (368489, 891), (368489, 892), (368489, 893), (368489, 894), (368489, 895), (368489, 896), (368489, 897), (368489, 898), (368489, 899), (368489, 901), (368489, 902), (368489, 903), (368489, 904), (368489, 905), (368489, 906), (368489, 907), (368489, 908), (368489, 909), (368489, 910), (368489, 911), (368489, 912), (368489, 913), (368489, 914), (368489, 915), (368489, 916), (368489, 917), (368489, 918), (368489, 919), (368489, 920), (368489, 921), (368489, 922), (368489, 923), (368489, 924), (368489, 925), (368489, 926), (368489, 927), (368489, 928), (368489, 929), (368489, 930), (368489, 931), (368489, 932), (368489, 933), (368489, 934), (368489, 935), (368489, 937), (368489, 938), (368489, 939), (368489, 940), (368489, 941), (368489, 942), (368489, 943), (368489, 944), (368489, 945), (368489, 946), (368489, 947), (368489, 948), (368489, 949), (368489, 950), (368489, 951), (368489, 952), (368489, 953), (368489, 954), (368489, 955), (368489, 956), (368489, 957), (368489, 958), (368489, 959), (368489, 960), (368489, 961), (368489, 962), (368489, 963), (368489, 964), (368489, 965), (368489, 966), (368489, 967), (368489, 968), (368489, 969), (368489, 970), (368489, 971), (368489, 973), (368489, 974), (368489, 975), (368489, 976), (368489, 977), (368489, 978), (368489, 979), (368489, 980), (368489, 981), (368489, 982), (368489, 983), (368489, 984), (368489, 985), (368489, 986), (368489, 987), (368489, 988), (368489, 989), (368489, 990), (368489, 991), (368489, 992), (368489, 993), (368489, 994), (368489, 995), (368489, 996), (368489, 997), (368489, 998), (368489, 999), (368489, 1000), (368489, 1001), (368489, 1002), (368489, 1003), (368489, 1004), (368489, 1005), (368489, 1006), (368489, 1007), (368489, 1009), (368489, 1010), (368489, 1011), (368489, 1012), (368489, 1013), (368489, 1014), (368489, 1015), (368489, 1016), (368489, 1017), (368489, 1018), (368489, 1019), (368489, 1020), (368489, 1021), (368489, 1022), (368489, 1023), (368489, 1024), (368489, 1025), (368489, 1026), (368489, 1027), (368489, 1028), (368489, 1029), (368489, 1030), (368489, 1031), (368489, 1032), (368489, 1033), (368489, 1034), (368489, 1035), (368489, 1036), (368489, 1037), (368489, 1038), (368489, 1039), (368489, 1040), (368489, 1041), (368489, 1042), (368489, 1043), (368489, 1045), (368489, 1046), (368489, 1047), (368489, 1048), (368489, 1049), (368489, 1050), (368489, 1051), (368489, 1052), (368489, 1053), (368489, 1054), (368489, 1055), (368489, 1056), (368489, 1057), (368489, 1058), (368489, 1059), (368489, 1060), (368489, 1061), (368489, 1062), (368489, 1063), (368489, 1064), (368489, 1065), (368489, 1066), (368489, 1067), (368489, 1068), (368489, 1069), (368489, 1070), (368489, 1071), (368489, 1072), (368489, 1073), (368489, 1074), (368489, 1075), (368489, 1076), (368489, 1077), (368489, 1078), (368489, 1079), (368489, 1081), (368489, 1082), (368489, 1083), (368489, 1084), (368489, 1085), (368489, 1086), (368489, 1087), (368489, 1088), (368489, 1089), (368489, 1090), (368489, 1091), (368489, 1092), (368489, 1093), (368489, 1094), (368489, 1095), (368489, 1096), (368489, 1097), (368489, 1098), (368489, 1099), (368489, 1100), (368489, 1101), (368489, 1102), (368489, 1103), (368489, 1104), (368489, 1105), (368489, 1106), (368489, 1107), (368489, 1108), (368489, 1109), (368489, 1110), (368489, 1111), (368489, 1112), (368489, 1113), (368489, 1114), (368489, 1115), (368489, 1116), (368489, 1117), (368489, 1118), (368489, 1119), (368489, 1120), (368489, 1121), (368489, 1122), (368489, 1123), (368489, 1124), (368489, 1125), (368489, 1126), (368489, 1127), (368489, 1128), (368489, 1129), (368489, 1130), (368489, 1131), (368489, 1132), (368489, 1133), (368489, 1134), (368489, 1135), (368489, 1136), (368489, 1137), (368489, 1138), (368489, 1139), (368489, 1140), (368489, 1141), (368489, 1142), (368489, 1143), (368489, 1144), (368489, 1145), (368489, 1146), (368489, 1147), (368489, 1148), (368489, 1149), (368489, 1150), (368489, 1151), (368489, 1152), (368489, 1153), (368489, 1154), (368489, 1155), (368489, 1156), (368489, 1157), (368489, 1158), (368489, 1159), (368489, 1160), (368489, 1161), (368489, 1162), (368489, 1163), (368489, 1164), (368489, 1165), (368489, 1166), (368489, 1167), (368489, 1168), (368489, 1169), (368489, 1170), (368489, 1171), (368489, 1172), (368489, 1173), (368489, 1174), (368489, 1175), (368489, 1176), (368489, 1177), (368489, 1178), (368489, 1179), (368489, 1180), (368489, 1181), (368489, 1182), (368489, 1183), (368489, 1184), (368489, 1185), (368489, 1186), (368489, 1187), (368489, 1188), (368489, 1189), (368489, 1190), (368489, 1191), (368489, 1192), (368489, 1193), (368489, 1194), (368489, 1195), (368489, 1196), (368489, 1197), (368489, 1198), (368489, 1199), (368489, 1200), (368489, 1201), (368489, 1202), (368489, 1203), (368489, 1204), (368489, 1205), (368489, 1206), (368489, 1207), (368489, 1208), (368489, 1209), (368489, 1210), (368489, 1211), (368489, 1212), (368489, 1213), (368489, 1214), (368489, 1215), (368489, 1216), (368489, 1217), (368489, 1218), (368489, 1219), (368489, 1220), (368489, 1221), (368489, 1222), (368489, 1223), (368489, 1224), (368489, 1225), (368489, 1226), (368489, 1227), (368489, 1228), (368489, 1229), (368489, 1230), (368489, 1231), (368489, 1232), (368489, 1233), (368489, 1234), (368489, 1235), (368489, 1236), (368489, 1237), (368489, 1238), (368489, 1239), (368489, 1240), (368489, 1241), (368489, 1242), (368489, 1243), (368489, 1244), (368489, 1245), (368489, 1246), (368489, 1247), (368489, 1248), (368489, 1249), (368489, 1250), (368489, 1251), (368489, 1252), (368489, 1253), (368489, 1254), (368489, 1255), (368489, 1256), (368489, 1257), (368489, 1258), (368489, 1259), (368489, 1260), (368489, 1261), (368489, 1262), (368489, 1263), (368489, 1264), (368489, 1265), (368489, 1266), (368489, 1267), (368489, 1268), (368489, 1269), (368489, 1270), (368489, 1271), (368489, 1272), (368489, 1273), (368489, 1274), (368489, 1275), (368489, 1276), (368489, 1277), (368489, 1278), (368489, 1279), (368489, 1280), (368489, 1282), (368489, 1283), (368489, 1284), (368489, 1285), (368489, 1286), (368489, 1287), (368489, 1288), (368489, 1289), (368489, 1290), (368489, 1291), (368489, 1292), (368489, 1293), (368489, 1294), (368489, 1295), (368489, 1296), (368489, 1297), (368489, 1298), (368489, 1299), (368489, 1300), (368489, 1301), (368489, 1302), (368489, 1303), (368489, 1304), (368489, 1305), (368489, 1306), (368489, 1307), (368489, 1308), (368489, 1309), (368489, 1310), (368489, 1311), (368489, 1312), (368489, 1313), (368489, 1314), (368489, 1315), (368489, 1316), (368489, 1317), (368489, 1318), (368489, 1319), (368489, 1320), (368489, 1321), (368489, 1322), (368489, 1323), (368489, 1324), (368489, 1325), (368489, 1326), (368489, 1327), (368489, 1328), (368489, 1329), (368489, 1330), (368489, 1331), (368489, 1332), (368489, 1333), (368489, 1334), (368489, 1335), (368489, 1336), (368489, 1337), (368489, 1338), (368489, 1339), (368489, 1340), (368489, 1341), (368489, 1342), (368489, 1343), (368489, 1344), (368489, 1345), (368489, 1346), (368489, 1347), (368489, 1348), (368489, 1349), (368489, 1350), (368489, 1351), (368489, 1352), (368489, 1353), (368489, 1354), (368489, 1355), (368489, 1356), (368489, 1357), (368489, 1358), (368489, 1359), (368489, 1360), (368489, 1361), (368489, 1362), (368489, 1363), (368489, 1364), (368489, 1365), (368489, 1366), (368489, 1367), (368489, 1368), (368489, 1369), (368489, 1370), (368489, 1371), (368489, 1372), (368489, 1373), (368489, 1374), (368489, 1375), (368489, 1376), (368489, 1377), (368489, 1378), (368489, 1379), (368489, 1380), (368489, 1382), (368489, 1383), (368489, 1384), (368489, 1385), (368489, 1386), (368489, 1387), (368489, 1388), (368489, 1389), (368489, 1390), (368489, 1391), (368489, 1392), (368489, 1393), (368489, 1394), (368489, 1395), (368489, 1396), (368489, 1397), (368489, 1398), (368489, 1399), (368489, 1400), (368489, 1401), (368489, 1402), (368489, 1403), (368489, 1404), (368489, 1405), (368489, 1406), (368489, 1407), (368489, 1408), (368489, 1409), (368489, 1410), (368489, 1411), (368489, 1412), (368489, 1413), (368489, 1414), (368489, 1415), (368489, 1416), (368489, 1417), (368489, 1418), (368489, 1419), (368489, 1420), (368489, 1421), (368489, 1422), (368489, 1423), (368489, 1424), (368489, 1425), (368489, 1426), (368489, 1427), (368489, 1428), (368489, 1429), (368489, 1430), (368489, 1431), (368489, 1432), (368489, 1433), (368489, 1434), (368489, 1435), (368489, 1436), (368489, 1437), (368489, 1438), (368489, 1439), (368489, 1440), (368489, 1441), (368489, 1442), (368489, 1443), (368489, 1444), (368489, 1445), (368489, 1446), (368489, 1447), (368489, 1448), (368489, 1449), (368489, 1450), (368489, 1451), (368489, 1452), (368489, 1453), (368489, 1454), (368489, 1455), (368489, 1456), (368489, 1457), (368489, 1458), (368489, 1459), (368489, 1460), (368489, 1461), (368489, 1462), (368489, 1463), (368489, 1464), (368489, 1465), (368489, 1466), (368489, 1467), (368489, 1468), (368489, 1469), (368489, 1470), (368489, 1471), (368489, 1472), (368489, 1473), (368489, 1474), (368489, 1475), (368489, 1476), (368489, 1477), (368489, 1478), (368489, 1479), (368489, 1480), (368489, 1481), (368489, 1482), (368489, 1483), (368489, 1484), (368489, 1485), (368489, 1486), (368489, 1487), (368489, 1488), (368489, 1489), (368489, 1490), (368489, 1491), (368489, 1492), (368489, 1493), (368489, 1494), (368489, 1495), (368489, 1496), (368489, 1497), (368489, 1498), (368489, 1499), (368489, 1500), (368489, 1501), (368489, 1502), (368489, 1503), (368489, 1504), (368489, 1505), (368489, 1506), (368489, 1507), (368489, 1508), (368489, 1509), (368489, 1510), (368489, 1511), (368489, 1512), (368489, 1513), (368489, 1514), (368489, 1515), (368489, 1516), (368489, 1517), (368489, 1518), (368489, 1519), (368489, 1520), (368489, 1521), (368489, 1522), (368489, 1523), (368489, 1524), (368489, 1525), (368489, 1526), (368489, 1527), (368489, 1528), (368489, 1529), (368489, 1530), (368489, 1531), (368489, 1532), (368489, 1533), (368489, 1534), (368489, 1535), (368489, 1536), (368489, 1537), (368489, 1538), (368489, 1539), (368489, 1540), (368489, 1541), (368489, 1542), (368489, 1543), (368489, 1544), (368489, 1545), (368489, 1546), (368489, 1547), (368489, 1548), (368489, 1549), (368489, 1550), (368489, 1551), (368489, 1552), (368489, 1553), (368489, 1554), (368489, 1555), (368489, 1556), (368489, 1557), (368489, 1558), (368489, 1559), (368489, 1560), (368489, 1561), (368489, 1562), (368489, 1563), (368489, 1564), (368489, 1565), (368489, 1566), (368489, 1567), (368489, 1568), (368489, 1569), (368489, 1570), (368489, 1571), (368489, 1572), (368489, 1573), (368489, 1574), (368489, 1575), (368489, 1576), (368489, 1577), (368489, 1578), (368489, 1579), (368489, 1580), (368489, 1581), (368489, 1583), (368489, 1584), (368489, 1585), (368489, 1586), (368489, 1587), (368489, 1588), (368489, 1589), (368489, 1590), (368489, 1591), (368489, 1592), (368489, 1593), (368489, 1594), (368489, 1595), (368454, 1), (368454, 2), (368454, 3), (368454, 4), (368454, 5), (368454, 6), (368454, 7), (368454, 8), (368454, 9), (368454, 10), (368454, 11), (368454, 12), (368454, 13), (368454, 14), (368454, 15), (368454, 16), (368454, 17), (368454, 18), (368454, 19), (368454, 20), (368454, 21), (368454, 22), (368454, 23), (368454, 24), (368454, 25), (368454, 26), (368454, 27), (368454, 28), (368454, 29), (368454, 30), (368454, 31), (368454, 32), (368454, 33), (368454, 34), (368454, 35), (368454, 36), (368454, 37), (368454, 38), (368454, 39), (368454, 40), (368454, 41), (368454, 42), (368454, 43), (368454, 44), (368454, 45), (368454, 46), (368454, 47), (368454, 48), (368454, 49), (368454, 50), (368454, 51), (368454, 52), (368454, 53), (368454, 54), (368454, 55), (368454, 56), (368454, 57), (368454, 58), (368454, 59), (368454, 60), (368454, 61), (368454, 62), (368454, 63), (368454, 64), (368454, 65), (368454, 66), (368454, 67), (368454, 68), (368454, 72), (368454, 73), (368454, 74), (368454, 75), (368454, 76), (368454, 77), (368454, 78), (368454, 79), (368454, 80), (368454, 81), (368454, 82), (368454, 83), (368454, 84), (368454, 85), (368454, 86), (368454, 87), (368454, 88), (368454, 89), (368454, 90), (368454, 91), (368454, 92), (368454, 93), (368454, 94), (368454, 95), (368454, 96), (368454, 97), (368454, 98), (368454, 99), (368454, 100), (368454, 101), (368454, 102), (368454, 103), (368454, 104), (368454, 105), (368454, 106), (368454, 107), (368454, 108), (368454, 109), (368454, 110), (368454, 111), (368454, 112), (368454, 113), (368454, 114), (368454, 115), (368454, 116), (368454, 117), (368454, 118), (368454, 119), (368454, 120), (368454, 121), (368454, 122), (368454, 123), (368454, 124), (368454, 125), (368454, 126), (368454, 127), (368454, 128), (368454, 129), (368454, 130), (368454, 131), (368454, 132), (368454, 133), (368454, 134), (368454, 135), (368454, 136), (368454, 137), (368454, 138), (368454, 139), (368454, 140), (368454, 141), (368454, 142), (368454, 143), (368454, 144), (368454, 145), (368454, 146), (368454, 147), (368454, 148), (368454, 149), (368454, 150), (368454, 151), (368454, 152), (368454, 153), (368454, 154), (368454, 155), (368454, 156), (368454, 157), (368454, 158), (368454, 159), (368454, 160), (368454, 161), (368454, 162), (368454, 163), (368454, 164), (368454, 165), (368454, 166), (368454, 167), (368454, 168), (368454, 169), (368454, 170), (368454, 171), (368454, 172), (368454, 173), (368454, 174), (368454, 175), (368454, 176), (368454, 177), (368454, 178), (368454, 179), (368454, 180), (368454, 181), (368454, 182), (368454, 183), (368454, 184), (368454, 185), (368454, 186), (368454, 187), (368454, 188), (368454, 189), (368454, 190), (368454, 191), (368454, 192), (368454, 193), (368454, 194), (368454, 195), (368454, 196), (368454, 197), (368454, 198), (368454, 199), (368454, 200), (368454, 201), (368454, 202), (368454, 203), (368454, 204), (368454, 205), (368454, 206), (368454, 207), (368454, 208), (368454, 209), (368454, 210), (368454, 211), (368454, 212), (368454, 213), (368454, 214), (368454, 215), (368454, 216), (368454, 217), (368454, 218), (368454, 219), (368454, 220), (368454, 221), (368454, 222), (368454, 223), (368454, 224), (368454, 225), (368454, 226), (368454, 227), (368454, 228), (368454, 229), (368454, 230), (368454, 231), (368454, 232), (368454, 233), (368454, 234), (368454, 235), (368454, 236), (368454, 237), (368454, 238), (368454, 239), (368454, 240), (368454, 241), (368454, 242), (368454, 243), (368454, 244), (368454, 245), (368454, 246), (368454, 247), (368454, 248), (368454, 249), (368454, 250), (368454, 251), (368454, 252), (368454, 253), (368454, 254), (368454, 255), (368454, 256), (368454, 257), (368454, 258), (368454, 259), (368454, 260), (368454, 261), (368454, 262), (368454, 263), (368454, 264), (368454, 265), (368454, 266), (368454, 267), (368454, 268), (368454, 269), (368454, 270), (368454, 271), (368454, 272), (368454, 273), (368454, 274), (368454, 275), (368454, 276), (368454, 277), (368454, 278), (368454, 279), (368454, 280), (368454, 281), (368454, 282), (368454, 283), (368454, 284), (368454, 285), (368454, 286), (368454, 287), (368454, 288), (368454, 289), (368454, 290), (368454, 291), (368454, 292), (368454, 293), (368454, 294), (368454, 295), (368454, 296), (368454, 297), (368454, 298), (368454, 299), (368454, 300), (368454, 301), (368454, 302), (368454, 303), (368454, 304), (368454, 305), (368454, 306), (368454, 307), (368454, 308), (368454, 309), (368454, 310), (368454, 311), (368454, 312), (368454, 313), (368454, 314), (368454, 315), (368454, 316), (368454, 317), (368454, 318), (368454, 319), (368454, 320), (368454, 321), (368454, 322), (368454, 323), (368454, 324), (368454, 325), (368454, 326), (368454, 327), (368454, 328), (368454, 329), (368454, 330), (368454, 331), (368454, 332), (368454, 333), (368454, 334), (368454, 335), (368454, 336), (368454, 337), (368454, 338), (368454, 339), (368454, 340), (368454, 341), (368454, 342), (368454, 343), (368454, 344), (368454, 345), (368454, 346), (368454, 347), (368454, 348), (368454, 349), (368454, 350), (368454, 351), (368454, 352), (368454, 353), (368454, 354), (368454, 355), (368454, 356), (368454, 357), (368454, 358), (368454, 359), (368454, 360), (368454, 361), (368454, 362), (368454, 363), (368454, 364), (368454, 365), (368454, 366), (368454, 367), (368454, 368), (368454, 369), (368454, 370), (368454, 371), (368454, 372), (368454, 373), (368454, 374), (368454, 375), (368454, 376), (368454, 377), (368454, 378), (368454, 379), (368454, 380), (368454, 381), (368454, 382), (368454, 383), (368454, 384), (368454, 385), (368454, 386), (368454, 387), (368454, 388), (368454, 389), (368454, 390), (368454, 391), (368454, 392), (368454, 393), (368454, 394), (368454, 395), (368454, 396), (368454, 397), (368454, 398), (368454, 399), (368454, 400), (368454, 401), (368454, 402), (368454, 403), (368454, 404), (368454, 405), (368454, 406), (368454, 407), (368454, 408), (368454, 409), (368454, 410), (368454, 411), (368454, 412), (368454, 413), (368454, 414), (368454, 415), (368454, 416), (368454, 417), (368454, 418), (368454, 419), (368454, 420), (368454, 421), (368454, 422), (368454, 423), (368454, 424), (368454, 425), (368454, 426), (368454, 427), (368454, 428), (368454, 429), (368454, 430), (368454, 431), (368454, 432), (368454, 433), (368454, 434), (368454, 435), (368454, 436), (368454, 437), (368454, 438), (368454, 439), (368454, 440), (368454, 441), (368454, 442), (368454, 443), (368454, 444), (368454, 445), (368454, 446), (368454, 447), (368454, 448), (368454, 449), (368454, 450), (368454, 451), (368454, 452), (368454, 453), (368454, 454), (368454, 455), (368454, 456), (368454, 457), (368454, 458), (368454, 459), (368454, 460), (368454, 461), (368454, 462), (368454, 463), (368454, 464), (368454, 465), (368454, 466), (368454, 467), (368454, 468), (368454, 469), (368454, 470), (368454, 471), (368454, 472), (368454, 473), (368454, 474), (368454, 475), (368454, 476), (368454, 477), (368454, 478), (368454, 479), (368454, 480), (368454, 481), (368454, 482), (368454, 483), (368454, 484), (368454, 485), (368454, 486), (368454, 487), (368454, 488), (368454, 489), (368454, 490), (368454, 491), (368454, 492), (368454, 493), (368454, 494), (368454, 495), (368454, 496), (368454, 497), (368454, 498), (368454, 499), (368454, 500), (368454, 501), (368454, 502), (368454, 503), (368454, 504), (368454, 505), (368454, 506), (368454, 507), (368454, 508), (368454, 509), (368454, 510), (368454, 511), (368454, 512), (368454, 513), (368454, 514), (368454, 515), (368454, 516), (368454, 517), (368454, 518), (368454, 519), (368454, 520), (368454, 521), (368454, 522), (368454, 523), (368454, 524), (368454, 525), (368454, 526), (368454, 527), (368454, 528), (368454, 529), (368454, 530), (368454, 531), (368454, 532), (368454, 533), (368454, 534), (368454, 535), (368454, 536), (368454, 537), (368454, 538), (368454, 539), (368454, 540), (368454, 541), (368454, 542), (368454, 543), (368454, 544), (368454, 545), (368454, 546), (368454, 547), (368454, 548), (368454, 549), (368454, 550), (368454, 551), (368454, 552), (368454, 553), (368454, 554), (368454, 555), (368454, 556), (368454, 557), (368454, 558), (368454, 559), (368454, 560), (368454, 561), (368454, 562), (368454, 563), (368454, 564), (368454, 565), (368454, 566), (368454, 567), (368454, 568), (368454, 569), (368454, 570), (368454, 571), (368454, 572), (368454, 573), (368454, 574), (368454, 575), (368454, 576), (368454, 577), (368454, 578), (368454, 579), (368454, 580), (368454, 581), (368454, 582), (368454, 583), (368454, 584), (368454, 585), (368454, 586), (368454, 587), (368454, 588), (368454, 589), (368454, 590), (368454, 591), (368454, 592), (368454, 593), (368454, 594), (368454, 595), (368454, 596), (368454, 597), (368454, 598), (368454, 599), (368454, 600), (368454, 601), (368454, 602), (368454, 603), (368454, 604), (368454, 605), (368454, 606), (368454, 607), (368454, 608), (368454, 609), (368454, 610), (368454, 611), (368454, 612), (368454, 613), (368454, 614), (368454, 615), (368454, 616), (368454, 617), (368454, 618), (368454, 619), (368454, 620), (368454, 621), (368454, 622), (368454, 623), (368454, 624), (368454, 625), (368454, 626), (368454, 627), (368454, 628), (368454, 629), (368454, 630), (368454, 631), (368454, 632), (368454, 633), (368454, 634), (368454, 635), (368454, 636), (368454, 637), (368454, 638), (368454, 639), (368454, 640), (368454, 641), (368454, 642), (368454, 643), (368454, 644), (368454, 645), (368454, 646), (368454, 647), (368454, 648), (368454, 649), (368454, 650), (368454, 651), (368454, 652), (368454, 653), (368454, 654), (368454, 655), (368454, 656), (368454, 657), (368454, 658), (368454, 659), (368454, 660), (368454, 661), (368454, 662), (368454, 663), (368454, 664), (368454, 665), (368454, 666), (368454, 667), (368454, 668), (368454, 669), (368454, 670), (368454, 671), (368454, 672), (368454, 673), (368454, 674), (368454, 675), (368454, 676), (368454, 677), (368454, 678), (368454, 679), (368454, 680), (368454, 681), (368454, 682), (368454, 683), (368454, 684), (368454, 685), (368454, 686), (368454, 687), (368454, 688), (368454, 689), (368454, 690), (368454, 691), (368454, 692), (368454, 693), (368454, 694), (368454, 695), (368454, 696), (368454, 697), (368454, 698), (368454, 699), (368454, 700), (368454, 701), (368454, 702), (368454, 703), (368454, 704), (368454, 705), (368454, 706), (368454, 707), (368454, 708), (368454, 709), (368454, 710), (368454, 711), (368454, 712), (368454, 713), (368454, 714), (368454, 715), (368454, 716), (368454, 717), (368454, 718), (368454, 719), (368454, 720), (368454, 721), (368454, 722), (368454, 723), (368454, 724), (368454, 725), (368454, 726), (368454, 727), (368454, 728), (368454, 729), (368454, 730), (368454, 731), (368454, 732), (368454, 733), (368454, 734), (368454, 735), (368454, 736), (368454, 737), (368454, 738), (368454, 739), (368454, 740), (368454, 741), (368454, 742), (368454, 743), (368454, 744), (368454, 745), (368454, 746), (368454, 747), (368454, 748), (368454, 749), (368454, 750), (368454, 751), (368454, 752), (368454, 753), (368454, 754), (368454, 755), (368454, 756), (368454, 757), (368454, 758), (368454, 759), (368454, 760), (368454, 761), (368454, 762), (368454, 763), (368454, 764), (368454, 765), (368454, 766), (368454, 767), (368454, 768), (368454, 769), (368454, 770), (368454, 771), (368454, 772), (368454, 773), (368454, 774), (368454, 775), (368454, 776), (368454, 777), (368454, 778), (368454, 779), (368454, 780), (368454, 781), (368454, 782), (368454, 783), (368454, 784), (368454, 785), (368454, 786), (368454, 787), (368454, 788), (368454, 789), (368454, 790), (368454, 791), (368454, 792), (368454, 793), (368454, 794), (368454, 795), (368454, 796), (368454, 797), (368454, 798), (368454, 799), (368454, 800), (368454, 801), (368454, 802), (368454, 803), (368454, 804), (368454, 805), (368454, 806), (368454, 807), (368454, 808), (368454, 809), (368454, 810), (368454, 811), (368454, 812), (368454, 813), (368454, 814), (368454, 815), (368454, 816), (368454, 817), (368454, 818), (368454, 819), (368454, 820), (368454, 821), (368454, 822), (368454, 823), (368454, 824), (368454, 825), (368454, 826), (368454, 827), (368454, 828), (368454, 829), (368454, 830), (368454, 831), (368454, 832), (368454, 833), (368454, 834), (368454, 835), (368454, 836), (368454, 837), (368454, 838), (368454, 839), (368454, 840), (368454, 841), (368454, 842), (368454, 843), (368454, 844), (368454, 845), (368454, 846), (368454, 847), (368454, 848), (368454, 849), (368454, 850), (368454, 851), (368454, 852), (368454, 853), (368454, 854), (368454, 855), (368454, 856), (368454, 857), (368454, 858), (368454, 859), (368454, 860), (368454, 861), (368454, 862), (368454, 863), (368454, 864), (368454, 865), (368454, 866), (368454, 867), (368454, 868), (368454, 869), (368454, 870), (368454, 871), (368454, 872), (368454, 873), (368454, 874), (368454, 875), (368454, 876), (368454, 877), (368454, 878), (368454, 879), (368454, 880), (368454, 881), (368454, 882), (368454, 883), (368454, 884), (368454, 885), (368454, 886), (368454, 887), (368454, 888), (368454, 889), (368454, 890), (368454, 891), (368454, 892), (368454, 893), (368454, 894), (368454, 895), (368454, 896), (368454, 897), (368454, 898), (368454, 899), (368454, 900), (368454, 901), (368454, 902), (368454, 903), (368454, 904), (368454, 905), (368454, 906), (368454, 907), (368454, 908), (368454, 909), (368454, 910), (368454, 911), (368454, 912), (368454, 913), (368454, 914), (368454, 915), (368454, 916), (368454, 917), (368454, 918), (368454, 919), (368454, 920), (368454, 921), (368454, 922), (368454, 923), (368454, 924), (368454, 925), (368454, 926), (368454, 927), (368454, 928), (368454, 929), (368454, 930), (368454, 931), (368454, 932), (368454, 933), (368454, 934), (368454, 935), (368454, 936), (368454, 937), (368454, 938), (368454, 939), (368454, 940), (368454, 941), (368454, 942), (368454, 943), (368454, 944), (368454, 945), (368454, 946), (368454, 947), (368454, 948), (368454, 949), (368454, 950), (368454, 951), (368454, 952), (368454, 953), (368454, 954), (368454, 955), (368454, 956), (368454, 957), (368454, 958), (368454, 959), (368454, 960), (368454, 961), (368454, 962), (368454, 963), (368454, 964), (368454, 965), (368454, 966), (368454, 967), (368454, 968), (368454, 969), (368454, 970), (368454, 971), (368454, 972), (368454, 973), (368454, 974), (368454, 975), (368454, 976), (368454, 977), (368454, 978), (368454, 979), (368454, 980), (368454, 981), (368454, 982), (368454, 983), (368454, 984), (368454, 985), (368454, 986), (368454, 987), (368454, 988), (368454, 989), (368454, 990), (368454, 991), (368454, 992), (368454, 993), (368454, 994), (368454, 995), (368454, 996), (368454, 997), (368454, 998), (368454, 999), (368454, 1000), (368454, 1001), (368454, 1002), (368454, 1003), (368454, 1004), (368454, 1005), (368454, 1006), (368454, 1007), (368454, 1008), (368454, 1009), (368454, 1010), (368454, 1011), (368454, 1012), (368454, 1013), (368454, 1014), (368454, 1015), (368454, 1016), (368454, 1017), (368454, 1018), (368454, 1019), (368454, 1020), (368454, 1021), (368454, 1022), (368454, 1023), (368454, 1024), (368454, 1025), (368454, 1026), (368454, 1027), (368454, 1028), (368454, 1029), (368454, 1030), (368454, 1031), (368454, 1032), (368454, 1033), (368454, 1034), (368454, 1035), (368454, 1036), (368454, 1037), (368454, 1038), (368454, 1039), (368454, 1040), (368454, 1041), (368454, 1042), (368454, 1043), (368454, 1044), (368454, 1045), (368454, 1046), (368454, 1047), (368454, 1048), (368454, 1049), (368454, 1050), (368454, 1051), (368454, 1052), (368454, 1053), (368454, 1054), (368454, 1055), (368454, 1056), (368454, 1057), (368454, 1058), (368454, 1059), (368454, 1060), (368454, 1061), (368454, 1062), (368454, 1063), (368454, 1064), (368454, 1065), (368454, 1066), (368454, 1067), (368454, 1068), (368454, 1069), (368454, 1070), (368454, 1071), (368454, 1072), (368454, 1073), (368454, 1074), (368454, 1075), (368454, 1076), (368454, 1077), (368454, 1078), (368454, 1079), (368454, 1080), (368454, 1081), (368454, 1082), (368454, 1083), (368454, 1084), (368454, 1085), (368454, 1086), (368454, 1087), (368454, 1088), (368454, 1089), (368454, 1090), (368454, 1091), (368454, 1092), (368454, 1093), (368454, 1094), (368454, 1095), (368454, 1096), (368454, 1097), (368454, 1098), (368454, 1099), (368454, 1100), (368454, 1101), (368454, 1102), (368454, 1103), (368454, 1104), (368454, 1105), (368454, 1106), (368454, 1107), (368454, 1108), (368454, 1109), (368454, 1110), (368454, 1111), (368454, 1112), (368454, 1113), (368454, 1114), (368454, 1115), (368454, 1116), (368454, 1117), (368454, 1118), (368454, 1119), (368454, 1120), (368454, 1121), (368454, 1122), (368454, 1123), (368454, 1124), (368454, 1125), (368454, 1126), (368454, 1127), (368454, 1128), (368454, 1129), (368454, 1130), (368454, 1131), (368454, 1132), (368454, 1133), (368454, 1134), (368454, 1135), (368454, 1136), (368454, 1137), (368454, 1138), (368454, 1139), (368454, 1140), (368454, 1141), (368454, 1142), (368454, 1143), (368454, 1144), (368454, 1145), (368454, 1146), (368454, 1147), (368454, 1148), (368454, 1149), (368454, 1150), (368454, 1151), (368454, 1152), (368454, 1153), (368454, 1154), (368454, 1155), (368454, 1156), (368454, 1157), (368454, 1158), (368454, 1159), (368454, 1160), (368454, 1161), (368454, 1162), (368454, 1163), (368454, 1164), (368454, 1165), (368454, 1166), (368454, 1167), (368454, 1168), (368453, 1), (368453, 2), (368453, 3), (368453, 4), (368453, 5), (368451, 1), (368451, 2), (368451, 3), (368451, 4), (368451, 5), (368451, 6), (368451, 7), (368451, 8), (368451, 9), (368451, 10), (368451, 11), (368451, 12), (368451, 13), (368451, 14), (368451, 15), (368451, 16), (368451, 17), (368451, 18), (368451, 19), (368451, 20), (368451, 21), (368451, 22), (368451, 23), (368451, 24), (368451, 25), (368451, 26), (368451, 27), (368451, 28), (368451, 29), (368451, 30), (368451, 31), (368451, 32), (368451, 33), (368451, 34), (368451, 35), (368451, 36), (368451, 37), (368451, 38), (368451, 39), (368451, 40), (368451, 41), (368451, 42), (368451, 43), (368451, 44), (368451, 45), (368451, 46), (368451, 47), (368451, 48), (368451, 49), (368451, 50), (368451, 51), (368451, 52), (368451, 53), (368451, 54), (368451, 55), (368451, 56), (368451, 57), (368451, 58), (368451, 59), (368451, 60), (368451, 61), (368451, 62), (368451, 63), (368451, 64), (368451, 65), (368451, 66), (368451, 67), (368451, 68), (368451, 69), (368451, 70), (368451, 71), (368451, 72), (368451, 73), (368451, 74), (368451, 75), (368451, 76), (368451, 77), (368451, 78), (368451, 79), (368451, 80), (368451, 81), (368451, 82), (368451, 83), (368451, 84), (368451, 85), (368451, 86), (368451, 87), (368451, 88), (368451, 89), (368451, 90), (368451, 91), (368451, 92), (368451, 93), (368451, 94), (368451, 95), (368451, 96), (368451, 97), (368451, 98), (368451, 99), (368451, 100), (368451, 101), (368451, 102), (368451, 103), (368451, 104), (368451, 105), (368451, 106), (368451, 107), (368451, 108), (368451, 109), (368451, 110), (368451, 111), (368451, 112), (368451, 113), (368451, 114), (368451, 115), (368451, 116), (368451, 117), (368451, 118), (368451, 119), (368451, 120), (368451, 121), (368451, 122), (368451, 123), (368451, 124), (368451, 125), (368451, 126), (368451, 127), (368451, 128), (368451, 129), (368451, 130), (368451, 131), (368451, 132), (368451, 133), (368451, 134), (368451, 135), (368451, 136), (368451, 137), (368451, 138), (368451, 139), (368451, 140), (368451, 141), (368451, 142), (368451, 143), (368451, 144), (368423, 42), (368423, 43), (368423, 44), (368423, 45), (368423, 46), (368423, 47), (368423, 48), (368423, 49), (368423, 50), (368423, 51), (368423, 52), (368423, 53), (368423, 54), (368423, 55), (368423, 56), (368423, 57), (368423, 58), (368423, 59), (368423, 60), (368423, 61), (368423, 62), (368423, 63), (368423, 64), (368423, 65), (368423, 66), (368423, 67), (368423, 68), (368423, 69), (368423, 70), (368423, 71), (368423, 72), (368423, 73), (368423, 74), (368423, 75), (368423, 76), (368423, 77), (368423, 78), (368423, 79), (368423, 80), (368423, 81), (368423, 82), (368423, 83), (368423, 84), (368423, 85), (368423, 86), (368423, 87), (368423, 88), (368423, 89), (368423, 90), (368423, 91), (368423, 92), (368423, 93), (368423, 94), (368423, 95), (368423, 96), (368423, 97), (368423, 98), (368423, 99), (368423, 100), (368423, 101), (368423, 102), (368423, 103), (368423, 104), (368423, 105), (368423, 106), (368423, 107), (368423, 108), (368423, 109), (368423, 110), (368423, 111), (368423, 112), (368423, 113), (368423, 114), (368423, 115), (368423, 116), (368423, 117), (368423, 118), (368423, 119), (368423, 120), (368423, 121), (368423, 122), (368423, 123), (368423, 124), (368423, 125), (368423, 126), (368423, 127), (368423, 128), (368423, 129), (368423, 130), (368423, 131), (368423, 132), (368423, 133), (368423, 134), (368423, 135), (368423, 136), (368423, 137), (368423, 138), (368423, 139), (368423, 140), (368423, 141), (368423, 142), (368423, 143), (368423, 144), (368423, 145), (368423, 146), (368423, 147), (368423, 148), (368423, 149), (368423, 150), (368423, 151), (368423, 152), (368423, 153), (368423, 154), (368423, 155), (368423, 156), (368423, 157), (368423, 158), (368423, 159), (368423, 161), (368423, 162), (368423, 163), (368423, 164), (368423, 165), (368423, 166), (368423, 167), (368423, 168), (368423, 169), (368423, 170), (368423, 171), (368423, 172), (368423, 173), (368423, 174), (368423, 175), (368423, 176), (368423, 177), (368423, 178), (368423, 179), (368423, 180), (368423, 181), (368423, 182), (368423, 183), (368423, 184), (368423, 185), (368423, 186), (368423, 187), (368423, 188), (368423, 189), (368423, 190), (368423, 191), (368423, 192), (368423, 193), (368423, 194), (368423, 195), (368423, 196), (368423, 197), (368423, 198), (368423, 199), (368423, 200), (368423, 201), (368423, 202), (368423, 203), (368423, 204), (368423, 205), (368423, 206), (368423, 207), (368423, 208), (368423, 209), (368423, 210), (368423, 211), (368423, 212), (368423, 213), (368423, 214), (368423, 215), (368423, 216), (368423, 217), (368423, 218), (368423, 219), (368423, 220), (368423, 221), (368423, 222), (368423, 223), (368423, 224), (368423, 225), (368423, 226), (368423, 227), (368423, 228), (368423, 229), (368423, 230), (368423, 231), (368423, 232), (368423, 233), (368423, 234), (368423, 235), (368423, 236), (368423, 237), (368423, 238), (368423, 239), (368423, 240), (368423, 241), (368423, 242), (368423, 243), (368423, 244), (368423, 245), (368423, 246), (368423, 247), (368423, 248), (368423, 249), (368423, 250), (368423, 251), (368423, 252), (368423, 253), (368423, 254), (368423, 255), (368423, 256), (368423, 257), (368423, 258), (368423, 259), (368423, 260), (368423, 261), (368423, 262), (368423, 263), (368423, 264), (368423, 265), (368423, 266), (368423, 267), (368423, 268), (368423, 269), (368423, 270), (368423, 271), (368423, 272), (368423, 273), (368423, 274), (368423, 275), (368423, 276), (368423, 277), (368423, 278), (368423, 279), (368423, 280), (368423, 281), (368423, 282), (368423, 283), (368423, 284), (368423, 285), (368423, 286), (368423, 287), (368423, 288), (368423, 289), (368423, 290), (368423, 291), (368423, 292), (368423, 293), (368423, 294), (368423, 295), (368423, 296), (368423, 297), (368423, 298), (368423, 299), (368423, 300), (368423, 301), (368423, 302), (368423, 303), (368423, 304), (368423, 305), (368423, 306), (368423, 307), (368423, 308), (368423, 309), (368423, 310), (368423, 311), (368423, 312), (368423, 313), (368423, 314), (368423, 315), (368423, 316), (368423, 317), (368423, 318), (368423, 319), (368423, 320), (368423, 321), (368423, 322), (368423, 323), (368423, 324), (368423, 325), (368423, 326), (368423, 327), (368423, 328), (368423, 329), (368423, 330), (368423, 331), (368423, 332), (368423, 333), (368423, 334), (368423, 335), (368423, 336), (368423, 337), (368423, 338), (368423, 339), (368423, 340), (368423, 341), (368423, 342), (368423, 343), (368423, 344), (368423, 345), (368423, 346), (368423, 347), (368423, 348), (368423, 349), (368423, 350), (368423, 351), (368423, 352), (368423, 353), (368423, 354), (368423, 355), (368423, 356), (368423, 357), (368423, 358), (368423, 359), (368423, 360), (368423, 361), (368423, 362), (368423, 363), (368423, 364), (368423, 365), (368423, 366), (368423, 367), (368423, 368), (368423, 369), (368423, 370), (368423, 371), (368423, 372), (368423, 373), (368423, 374), (368423, 375), (368423, 376), (368423, 377), (368423, 378), (368423, 379), (368423, 380), (368423, 381), (368423, 382), (368423, 383), (368423, 384), (368423, 385), (368423, 386), (368423, 387), (368423, 388), (368423, 389), (368423, 390), (368423, 391), (368423, 392), (368423, 393), (368423, 394), (368423, 395), (368423, 396), (368423, 397), (368423, 398), (368423, 399), (368423, 400), (368423, 401), (368423, 402), (368423, 403), (368423, 404), (368423, 405), (368423, 406), (368423, 407), (368423, 408), (368423, 409), (368423, 410), (368423, 411), (368423, 412), (368423, 413), (368423, 414), (368423, 415), (368423, 416), (368423, 417), (368423, 418), (368423, 419), (368423, 420), (368423, 421), (368423, 422), (368423, 423), (368423, 424), (368423, 425), (368423, 426), (368423, 427), (368423, 428), (368423, 429), (368423, 430), (368423, 431), (368423, 432), (368423, 433), (368423, 434), (368423, 435), (368423, 436), (368423, 437), (368423, 438), (368423, 439), (368423, 440), (368423, 441), (368423, 442), (368423, 443), (368423, 444), (368423, 445), (368423, 446), (368423, 447), (368423, 448), (368423, 449), (368423, 450), (368423, 451), (368423, 452), (368423, 453), (368423, 454), (368423, 455), (368423, 456), (368423, 457), (368423, 458), (368423, 459), (368423, 460), (368423, 461), (368423, 462), (368423, 463), (368423, 464), (368423, 465), (368423, 466), (368423, 467), (368423, 468), (368423, 469), (368423, 470), (368423, 471), (368423, 472), (368423, 473), (368423, 474), (368423, 475), (368423, 476), (368423, 477), (368423, 478), (368423, 479), (368423, 480), (368423, 481), (368423, 482), (368423, 483), (368423, 484), (368423, 485), (368423, 486), (368423, 487), (368423, 488), (368423, 489), (368423, 490), (368423, 491), (368423, 492), (368423, 493), (368423, 494), (368423, 495), (368423, 496), (368423, 497), (368423, 498), (368423, 499), (368423, 500), (368423, 501), (368423, 502), (368423, 503), (368423, 504), (368423, 505), (368423, 506), (368423, 507), (368423, 508), (368423, 509), (368423, 510), (368423, 511), (368423, 512), (368423, 513), (368423, 514), (368423, 515), (368423, 516), (368412, 1), (368412, 2), (368412, 3), (368412, 4), (368412, 5), (368412, 6), (368412, 7), (368412, 8), (368412, 9), (368412, 10), (368412, 11), (368412, 12), (368412, 13), (368412, 14), (368412, 15), (368412, 16), (368412, 17), (368412, 18), (368412, 19), (368412, 20), (368412, 21), (368412, 22), (368412, 23), (368412, 24), (368412, 25), (368412, 26), (368412, 27), (368412, 28), (368412, 29), (368412, 30), (368412, 31), (368412, 32), (368412, 33), (368412, 34), (368412, 35), (368412, 36), (368412, 37), (368412, 38), (368412, 39), (368412, 40), (368412, 41), (368412, 42), (368412, 43), (368412, 44), (368412, 45), (368412, 46), (368412, 47), (368412, 48), (368412, 49), (368412, 50), (368412, 51), (368412, 52), (368412, 53), (368412, 54), (368412, 55), (368412, 56), (368412, 57), (368412, 58), (368412, 59), (368412, 60), (368412, 61), (368412, 62), (368412, 63), (368412, 64), (368412, 65), (368412, 66), (368412, 67), (368412, 68), (368412, 69), (368412, 70), (368412, 71), (368412, 72), (368412, 73), (368412, 74), (368412, 75), (368412, 76), (368412, 77), (368412, 78), (368412, 79), (368412, 80), (368412, 81), (368412, 82), (368412, 83), (368412, 84), (368412, 85), (368412, 86), (368412, 87), (368412, 88), (368412, 89), (368412, 90), (368412, 91), (368412, 92), (368410, 49), (368410, 50), (368410, 51), (368410, 52), (368410, 53), (368410, 54), (368410, 55), (368410, 56), (368410, 57), (368410, 58), (368410, 59), (368410, 60), (368410, 61), (368410, 62), (368410, 63), (368410, 64), (368410, 65), (368410, 66), (368410, 67), (368410, 68), (368410, 69), (368410, 70), (368410, 71), (368410, 72), (368410, 73), (368410, 74), (368410, 75), (368410, 76), (368410, 77), (368410, 78), (368410, 79), (368410, 80), (368410, 81), (368410, 82), (368410, 83), (368410, 84), (368410, 85), (368410, 86), (368410, 87), (368410, 88), (368410, 89), (368410, 90), (368410, 91), (368410, 92), (368410, 93), (368410, 94), (368410, 95), (368410, 96), (368410, 97), (368410, 98), (368410, 99), (368410, 100), (368410, 101), (368410, 102), (368410, 103), (368410, 104), (368410, 105), (368410, 106), (368410, 107), (368410, 108), (368410, 109), (368410, 110), (368410, 111), (368410, 112), (368410, 113), (368410, 114), (368410, 115), (368410, 116), (368410, 117), (368410, 118), (368410, 119), (368410, 120), (368410, 121), (368410, 122), (368410, 123), (368410, 124), (368410, 125), (368410, 126), (368410, 127), (368410, 128), (368410, 129), (368410, 130), (368410, 131), (368410, 132), (368410, 133), (368410, 134), (368410, 135), (368410, 136), (368410, 137), (368410, 138), (368410, 139), (368410, 140), (368410, 141), (368410, 142), (368410, 143), (368410, 144), (368410, 145), (368410, 146), (368410, 147), (368410, 148), (368410, 149), (368410, 150), (368410, 151), (368410, 152), (368410, 153), (368410, 154), (368410, 155), (368410, 156), (368410, 157), (368410, 158), (368410, 159), (368410, 160), (368410, 161), (368410, 162), (368410, 163), (368410, 164), (368410, 165), (368410, 166), (368410, 167), (368410, 168), (368410, 169), (368410, 170), (368410, 171), (368410, 172), (368410, 173), (368410, 174), (368410, 175), (368410, 176), (368410, 177), (368410, 178), (368410, 179), (368410, 180), (368410, 181), (368410, 182), (368410, 183), (368410, 184), (368410, 185), (368410, 186), (368410, 187), (368410, 188), (368410, 189), (368410, 190), (368410, 191), (368410, 192), (368410, 193), (368410, 194), (368410, 195), (368410, 196), (368410, 197), (368410, 198), (368410, 199), (368410, 200), (368410, 201), (368410, 202), (368410, 203), (368410, 204), (368410, 205), (368410, 206), (368410, 207), (368410, 208), (368410, 209), (368410, 210), (368410, 211), (368410, 212), (368410, 213), (368410, 214), (368410, 215), (368410, 216), (368410, 217), (368410, 218), (368410, 219), (368410, 220), (368410, 221), (368410, 222), (368410, 223), (368410, 224), (368410, 225), (368410, 226), (368410, 227), (368410, 228), (368410, 229), (368410, 230), (368410, 231), (368410, 232), (368410, 233), (368410, 234), (368410, 235), (368410, 236), (368410, 237), (368410, 238), (368410, 239), (368410, 240), (368410, 241), (368410, 242), (368410, 243), (368410, 244), (368410, 245), (368410, 246), (368410, 247), (368410, 248), (368410, 249), (368410, 250), (368410, 251), (368410, 252), (368410, 253), (368410, 254), (368410, 255), (368410, 256), (368410, 257), (368410, 258), (368410, 259), (368410, 260), (368410, 261), (368410, 262), (368410, 263), (368410, 264), (368410, 265), (368410, 266), (368410, 267), (368410, 268), (368410, 269), (368410, 270), (368410, 271), (368410, 272), (368410, 273), (368410, 274), (368410, 275), (368410, 276), (368410, 277), (368410, 278), (368410, 279), (368410, 280), (368410, 281), (368410, 282), (368410, 283), (368410, 284), (368410, 285), (368410, 286), (368410, 287), (368410, 288), (368410, 289), (368410, 290), (368410, 291), (368410, 292), (368410, 293), (368410, 294), (368410, 295), (368410, 296), (368410, 297), (368410, 298), (368410, 299), (368410, 300), (368410, 301), (368410, 302), (368410, 303), (368410, 304), (368410, 305), (368410, 306), (368410, 307), (368410, 308), (368410, 309), (368410, 310), (368410, 311), (368410, 312), (368410, 313), (368410, 314), (368410, 315), (368410, 316), (368410, 317), (368410, 318), (368410, 319), (368410, 320), (368410, 321), (368410, 322), (368410, 323), (368410, 324), (368410, 325), (368410, 326), (368410, 327), (368410, 328), (368410, 329), (368410, 330), (368410, 331), (368410, 332), (368410, 333), (368410, 334), (368410, 335), (368410, 336), (368410, 337), (368410, 338), (368410, 339), (368410, 340), (368410, 341), (368410, 342), (368410, 343), (368410, 344), (368410, 345), (368410, 346), (368410, 347), (368410, 348), (368410, 349), (368410, 350), (368410, 351), (368410, 352), (368410, 353), (368410, 354), (368410, 355), (368410, 356), (368410, 357), (368410, 358), (368410, 359), (368410, 360), (368410, 361), (368410, 362), (368410, 363), (368410, 364), (368410, 365), (368410, 366), (368410, 367), (368410, 368), (368410, 369), (368410, 370), (368410, 371), (368410, 372), (368410, 373), (368410, 374), (368410, 375), (368410, 376), (368410, 377), (368410, 378), (368410, 379), (368410, 380), (368410, 381), (368410, 382), (368410, 383), (368410, 384), (368410, 385), (368410, 386), (368410, 387), (368410, 388), (368410, 389), (368410, 390), (368410, 391), (368410, 392), (368410, 393), (368410, 394), (368410, 395), (368410, 396), (368410, 397), (368410, 398), (368410, 399), (368410, 400), (368410, 401), (368410, 402), (368410, 403), (368410, 404), (368410, 405), (368410, 406), (368410, 407), (368410, 408), (368410, 409), (368410, 410), (368410, 411), (368410, 412), (368410, 413), (368410, 414), (368410, 415), (368410, 416), (368410, 417), (368410, 418), (368410, 419), (368410, 420), (368410, 421), (368410, 422), (368410, 423), (368410, 424), (368410, 425), (368410, 426), (368410, 427), (368410, 428), (368410, 429), (368410, 430), (368410, 431), (368410, 432), (368410, 433), (368410, 434), (368410, 435), (368410, 436), (368410, 437), (368410, 438), (368410, 439), (368410, 440), (368410, 441), (368410, 442), (368410, 443), (368410, 444), (368410, 445), (368410, 446), (368410, 447), (368410, 448), (368410, 449), (368410, 450), (368410, 451), (368410, 452), (368410, 453), (368410, 454), (368410, 455), (368410, 456), (368410, 457), (368410, 458), (368410, 459), (368410, 460), (368410, 461), (368410, 462), (368410, 463), (368410, 464), (368410, 465), (368410, 466), (368410, 467), (368410, 468), (368410, 469), (368410, 470), (368410, 471), (368410, 472), (368410, 473), (368410, 474), (368410, 475), (368410, 476), (368410, 477), (368410, 478), (368410, 479), (368410, 480), (368410, 481), (368410, 485), (368410, 486), (368410, 487), (368410, 488), (368410, 489), (368410, 490), (368410, 491), (368410, 492), (368410, 493), (368410, 494), (368410, 495), (368410, 496), (368410, 497), (368410, 498), (368410, 499), (368410, 500), (368410, 501), (368410, 502), (368410, 503), (368410, 504), (368410, 505), (368410, 506), (368410, 507), (368410, 508), (368410, 509), (368410, 510), (368410, 511), (368410, 512), (368410, 513), (368410, 514), (368410, 515), (368410, 516), (368410, 517), (368410, 518), (368410, 519), (368410, 520), (368410, 521), (368410, 522), (368410, 523), (368410, 524), (368410, 525), (368410, 526), (368410, 527), (368410, 528), (368410, 529), (368410, 530), (368410, 531), (368410, 532), (368410, 533), (368410, 534), (368410, 535), (368410, 536), (368410, 537), (368410, 538), (368410, 539), (368410, 540), (368410, 541), (368410, 542), (368410, 543), (368410, 544), (368410, 545), (368410, 546), (368410, 547), (368410, 548), (368410, 549), (368410, 550), (368410, 551), (368410, 552), (368410, 553), (368410, 554), (368410, 555), (368410, 556), (368410, 557), (368410, 558), (368410, 559), (368410, 560), (368410, 561), (368410, 562), (368410, 563), (368410, 564), (368410, 565), (368410, 566), (368410, 567), (368410, 568), (368410, 569), (368410, 570), (368410, 571), (368410, 572), (368410, 573), (368410, 574), (368410, 575), (368410, 576), (368410, 577), (368410, 578), (368410, 579), (368410, 580), (368410, 581), (368410, 582), (368410, 583), (368410, 584), (368410, 585), (368410, 586), (368410, 587), (368410, 588), (368410, 589), (368410, 590), (368410, 591), (368410, 592), (368410, 593), (368410, 594), (368410, 595), (368410, 596), (368410, 597), (368410, 598), (368410, 599), (368410, 600), (368410, 601), (368410, 602), (368410, 603), (368410, 604), (368410, 605), (368410, 606), (368410, 607), (368410, 608), (368410, 609), (368410, 610), (368410, 611), (368410, 612), (368410, 613), (368410, 614), (368410, 615), (368410, 616), (368410, 617), (368410, 618), (368410, 619), (368410, 620), (368410, 621), (368410, 622), (368410, 623), (368410, 624), (368410, 625), (368410, 626), (368410, 627), (368410, 628), (368410, 629), (368410, 630), (368410, 631), (368410, 632), (368410, 633), (368410, 634), (368410, 635), (368410, 636), (368410, 637), (368410, 638), (368410, 639), (368410, 640), (368410, 641), (368410, 642), (368410, 643), (368410, 644), (368410, 645), (368410, 646), (368410, 647), (368410, 648), (368410, 649), (368410, 650), (368410, 651), (368410, 652), (368410, 653), (368410, 654), (368410, 655), (368410, 656), (368410, 657), (368410, 658), (368410, 659), (368410, 660), (368410, 661), (368410, 662), (368410, 663), (368410, 664), (368410, 665), (368410, 666), (368410, 667), (368410, 668), (368410, 669), (368410, 670), (368410, 671), (368410, 672), (368410, 673), (368410, 674), (368410, 675), (368410, 676), (368410, 677), (368410, 678), (368410, 679), (368410, 680), (368410, 681), (368410, 682), (368410, 683), (368410, 684), (368410, 685), (368410, 686), (368410, 687), (368410, 688), (368410, 689), (368410, 690), (368410, 691), (368410, 692), (368410, 693), (368410, 694), (368410, 695), (368410, 696), (368410, 697), (368410, 698), (368410, 699), (368410, 700), (368410, 701), (368410, 702), (368410, 703), (368410, 704), (368410, 705), (368410, 706), (368410, 707), (368410, 708), (368410, 709), (368410, 710), (368410, 711), (368410, 712), (368410, 713), (368410, 714), (368410, 715), (368410, 716), (368410, 717), (368410, 718), (368410, 719), (368410, 720), (368410, 721), (368410, 722), (368410, 723), (368410, 724), (368410, 725), (368410, 726), (368410, 727), (368410, 728), (368410, 729), (368410, 730), (368410, 731), (368410, 732), (368410, 733), (368410, 734), (368410, 735), (368410, 736), (368410, 737), (368410, 738), (368410, 739), (368410, 740), (368410, 741), (368410, 742), (368410, 743), (368410, 744), (368410, 745), (368410, 746), (368410, 747), (368410, 748), (368410, 749), (368410, 750), (368410, 751), (368410, 752), (368410, 753), (368410, 754), (368410, 755), (368410, 756), (368410, 757), (368410, 758), (368410, 759), (368410, 760), (368410, 761), (368410, 762), (368410, 763), (368410, 764), (368410, 765), (368410, 766), (368410, 767), (368410, 768), (368410, 769), (368410, 770), (368410, 771), (368410, 772), (368410, 773), (368410, 774), (368410, 775), (368410, 776), (368410, 777), (368410, 778), (368410, 779), (368410, 780), (368410, 781), (368410, 782), (368410, 783), (368410, 784), (368410, 785), (368410, 786), (368410, 787), (368410, 788), (368410, 789), (368410, 790), (368410, 791), (368410, 792), (368410, 793), (368410, 794), (368410, 795), (368410, 796), (368410, 797), (368410, 798), (368410, 799), (368410, 800), (368410, 801), (368410, 802), (368410, 803), (368410, 804), (368410, 805), (368410, 806), (368410, 807), (368410, 808), (368410, 809), (368410, 810), (368410, 811), (368410, 812), (368410, 813), (368410, 814), (368410, 815), (368410, 816), (368410, 817), (368410, 818), (368410, 819), (368410, 820), (368410, 821), (368410, 822), (368410, 823), (368410, 824), (368410, 825), (368410, 826), (368410, 827), (368410, 828), (368410, 829), (368410, 830), (368410, 831), (368410, 832), (368410, 833), (368410, 834), (368410, 835), (368410, 836), (368410, 837), (368410, 838), (368410, 839), (368410, 840), (368410, 841), (368410, 842), (368410, 843), (368410, 844), (368410, 845), (368410, 846), (368410, 847), (368410, 848), (368410, 849), (368410, 850), (368410, 851), (368410, 852), (368410, 853), (368410, 854), (368410, 855), (368410, 856), (368410, 857), (368410, 858), (368410, 859), (368410, 860), (368410, 861), (368410, 862), (368410, 863), (368410, 864), (368410, 865), (368410, 866), (368410, 867), (368410, 868), (368410, 869), (368410, 870), (368410, 871), (368410, 872), (368410, 873), (368410, 874), (368410, 875), (368410, 876), (368410, 877), (368410, 878), (368410, 879), (368410, 880), (368410, 881), (368410, 882), (368410, 883), (368410, 884), (368410, 885), (368410, 886), (368410, 887), (368410, 888), (368410, 889), (368410, 890), (368410, 891), (368410, 892), (368410, 893), (368410, 894), (368410, 895), (368410, 896), (368410, 897), (368410, 898), (368410, 899), (368410, 900), (368410, 901), (368410, 902), (368410, 903), (368410, 904), (368410, 905), (368410, 906), (368410, 907), (368410, 908), (368410, 909), (368410, 910), (368410, 911), (368410, 912), (368410, 913), (368410, 914), (368410, 915), (368410, 916), (368410, 917), (368410, 918), (368410, 919), (368410, 920), (368410, 921), (368410, 922), (368410, 923), (368410, 924), (368410, 925), (368410, 926), (368410, 927), (368410, 928), (368410, 929), (368410, 930), (368410, 931), (368410, 932), (368410, 933), (368410, 934), (368410, 935), (368410, 936), (368410, 937), (368410, 938), (368410, 939), (368410, 940), (368410, 941), (368410, 942), (368410, 943), (368410, 944), (368410, 945), (368410, 946), (368410, 947), (368410, 948), (368410, 949), (368410, 950), (368410, 951), (368410, 952), (368410, 953), (368410, 954), (368410, 955), (368410, 956), (368410, 957), (368410, 958), (368410, 959), (368410, 960), (368410, 961), (368410, 962), (368410, 963), (368410, 964), (368410, 965), (368410, 966), (368410, 967), (368410, 968), (368410, 969), (368410, 970), (368410, 971), (368410, 972), (368410, 973), (368410, 974), (368410, 975), (368410, 976), (368410, 977), (368410, 978), (368410, 979), (368410, 980), (368410, 981), (368410, 982), (368410, 983), (368410, 984), (368410, 985), (368410, 986), (368410, 987), (368410, 988), (368410, 989), (368410, 990), (368410, 991), (368410, 992), (368410, 993), (368410, 994), (368410, 995), (368410, 996), (368410, 997), (368410, 998), (368410, 999), (368410, 1000), (368410, 1001), (368410, 1002), (368410, 1003), (368410, 1004), (368410, 1005), (368410, 1006), (368410, 1007), (368410, 1008), (368410, 1009), (368410, 1010), (368410, 1011), (368410, 1012), (368410, 1013), (368410, 1014), (368410, 1015), (368410, 1016), (368410, 1017), (368410, 1018), (368410, 1019), (368410, 1020), (368410, 1021), (368410, 1022), (368410, 1023), (368410, 1024), (368410, 1025), (368410, 1026), (368410, 1027), (368410, 1028), (368410, 1029), (368410, 1030), (368410, 1031), (368410, 1032), (368410, 1033), (368410, 1034), (368410, 1035), (368410, 1036), (368410, 1037), (368410, 1038), (368410, 1039), (368410, 1040), (368410, 1041), (368410, 1042), (368410, 1043), (368410, 1044), (368410, 1045), (368410, 1046), (368410, 1047), (368410, 1048), (368410, 1049), (368410, 1050), (368410, 1051), (368410, 1052), (368410, 1053), (368410, 1054), (368410, 1055), (368410, 1056), (368410, 1057), (368410, 1058), (368410, 1059), (368410, 1060), (368410, 1061), (368410, 1062), (368410, 1063), (368410, 1064), (368410, 1065), (368410, 1066), (368410, 1067), (368410, 1068), (368410, 1069), (368410, 1070), (368410, 1071), (368410, 1072), (368410, 1073), (368410, 1074), (368410, 1075), (368410, 1076), (368410, 1077), (368410, 1078), (368410, 1079), (368410, 1080), (368410, 1081), (368410, 1082), (368410, 1083), (368410, 1084), (368410, 1085), (368410, 1086), (368410, 1087), (368410, 1088), (368410, 1089), (368410, 1090), (368410, 1091), (368410, 1092), (368410, 1093), (368410, 1094), (368410, 1095), (368410, 1096), (368410, 1097), (368410, 1098), (368410, 1099), (368410, 1100), (368410, 1101), (368410, 1102), (368410, 1103), (368410, 1104), (368410, 1105), (368410, 1106), (368410, 1107), (368410, 1108), (368410, 1109), (368410, 1110), (368410, 1111), (368410, 1112), (368410, 1113), (368410, 1114), (368410, 1115), (368410, 1116), (368410, 1117), (368410, 1118), (368410, 1119), (368410, 1120), (368410, 1121), (368410, 1122), (368410, 1123), (368410, 1124), (368410, 1125), (368410, 1126), (368410, 1127), (368410, 1128), (368410, 1129), (368410, 1130), (368410, 1131), (368410, 1132), (368410, 1133), (368410, 1134), (368410, 1135), (368410, 1136), (368410, 1137), (368410, 1138), (368410, 1139), (368410, 1140), (368410, 1141), (368410, 1142), (368410, 1143), (368410, 1144), (368410, 1145), (368410, 1146), (368410, 1147), (368410, 1148), (368410, 1149), (368410, 1150), (368410, 1151), (368410, 1152), (368410, 1153), (368410, 1154), (368410, 1155), (368410, 1156), (368410, 1157), (368410, 1158), (368410, 1159), (368410, 1160), (368410, 1161), (368410, 1162), (368410, 1163), (368410, 1164), (368410, 1165), (368410, 1166), (368410, 1167), (368410, 1168), (368410, 1169), (368410, 1170), (368410, 1171), (368410, 1172), (368410, 1173), (368410, 1174), (368410, 1175), (368410, 1176), (368410, 1177), (368410, 1178), (368410, 1179), (368410, 1180), (368410, 1181), (368410, 1182), (368410, 1183), (368410, 1184), (368410, 1185), (368410, 1186), (368410, 1187), (368410, 1188), (368410, 1189), (368410, 1190), (368410, 1191), (368410, 1192), (368410, 1193), (368410, 1194), (368410, 1195), (368410, 1196), (368410, 1197), (368410, 1198), (368410, 1199), (368410, 1200), (368410, 1201), (368410, 1202), (368410, 1203), (368410, 1204), (368410, 1205), (368410, 1206), (368410, 1207), (368410, 1208), (368410, 1209), (368410, 1210), (368410, 1211), (368410, 1212), (368410, 1213), (368410, 1214), (368410, 1215), (368410, 1216), (368410, 1217), (368410, 1218), (368410, 1219), (368410, 1220), (368410, 1221), (368410, 1222), (368410, 1223), (368410, 1224), (368410, 1225), (368410, 1226), (368410, 1227), (368410, 1228), (368410, 1229), (368410, 1230), (368410, 1231), (368410, 1232), (368410, 1233), (368410, 1234), (368410, 1235), (368410, 1236), (368410, 1237), (368410, 1238), (368410, 1239), (368410, 1240), (368410, 1241), (368410, 1242), (368410, 1243), (368410, 1244), (368410, 1245), (368410, 1246), (368410, 1247), (368410, 1248), (368410, 1249), (368410, 1250), (368410, 1251), (368410, 1252), (368410, 1253), (368410, 1254), (368410, 1255), (368410, 1256), (368410, 1257), (368410, 1258), (368410, 1259), (368410, 1260), (368410, 1261), (368410, 1262), (368410, 1263), (368410, 1264), (368410, 1265), (368410, 1266), (368410, 1267), (368410, 1268), (368410, 1269), (368410, 1270), (368410, 1271), (368410, 1272), (368410, 1273), (368410, 1274), (368410, 1275), (368410, 1276), (368410, 1277), (368410, 1278), (368410, 1279), (368410, 1280), (368410, 1281), (368410, 1282), (368410, 1283), (368410, 1284), (368410, 1285), (368410, 1286), (368410, 1287), (368410, 1288), (368410, 1289), (368410, 1290), (368410, 1291), (368410, 1292), (368410, 1293), (368410, 1294), (368410, 1295), (368410, 1296), (368410, 1297), (368410, 1298), (368410, 1299), (368410, 1300), (368410, 1301), (368410, 1302), (368410, 1303), (368410, 1304), (368410, 1305), (368410, 1306), (368410, 1307), (368410, 1308), (368410, 1309), (368410, 1310), (368410, 1311), (368410, 1312), (368410, 1313), (368410, 1314), (368410, 1315), (368410, 1316), (368410, 1317), (368410, 1318), (368410, 1319), (368410, 1320), (368410, 1321), (368410, 1322), (368410, 1323), (368410, 1324), (368410, 1325), (368410, 1326), (368410, 1327), (368410, 1328), (368410, 1329), (368410, 1330), (368410, 1331), (368410, 1332), (368410, 1333), (368410, 1334), (368410, 1335), (368410, 1336), (368410, 1337), (368410, 1338), (368410, 1339), (368410, 1340), (368410, 1341), (368410, 1342), (368410, 1343), (368410, 1344), (368410, 1345), (368410, 1346), (368410, 1347), (368410, 1348), (368410, 1349), (368410, 1350), (368410, 1351), (368410, 1352), (368410, 1353), (368410, 1354), (368410, 1355), (368410, 1356), (368410, 1357), (368410, 1358), (368410, 1359), (368410, 1360), (368410, 1361), (368410, 1362), (368410, 1363), (368410, 1364), (368410, 1365), (368410, 1366), (368410, 1367), (368410, 1368), (368410, 1369), (368410, 1370), (368410, 1371), (368410, 1372), (368410, 1373), (368410, 1374), (368410, 1375), (368410, 1376), (368410, 1377), (368410, 1378), (368410, 1379), (368410, 1380), (368410, 1381), (368410, 1382), (368410, 1383), (368410, 1384), (368410, 1385), (368410, 1386), (368410, 1387), (368410, 1388), (368410, 1389), (368410, 1390), (368410, 1391), (368410, 1392), (368410, 1393), (368410, 1394), (368410, 1395), (368410, 1396), (368410, 1397), (368410, 1398), (368410, 1399), (368410, 1400), (368410, 1401), (368410, 1402), (368410, 1403), (368410, 1404), (368410, 1405), (368410, 1406), (368410, 1407), (368410, 1408), (368410, 1409), (368410, 1410), (368410, 1411), (368410, 1412), (368410, 1413), (368410, 1414), (368410, 1415), (368410, 1416), (368410, 1417), (368410, 1418), (368410, 1419), (368410, 1420), (368410, 1421), (368410, 1422), (368410, 1423), (368410, 1424), (368410, 1425), (368410, 1426), (368410, 1427), (368410, 1428), (368410, 1429), (368410, 1430), (368410, 1431), (368410, 1432), (368410, 1433), (368410, 1434), (368410, 1435), (368410, 1436), (368410, 1437), (368410, 1438), (368410, 1439), (368410, 1440), (368410, 1441), (368410, 1442), (368410, 1443), (368410, 1444), (368410, 1445), (368410, 1446), (368410, 1447), (368410, 1448), (368410, 1449), (368410, 1450), (368410, 1451), (368410, 1452), (368410, 1453), (368410, 1454), (368410, 1455), (368410, 1456), (368410, 1457), (368410, 1458), (368410, 1459), (368410, 1460), (368410, 1461), (368410, 1462), (368410, 1463), (368410, 1464), (368410, 1465), (368410, 1466), (368410, 1467), (368410, 1468), (368410, 1469), (368410, 1470), (368410, 1471), (368410, 1472), (368410, 1473), (368410, 1474), (368410, 1475), (368410, 1476), (368410, 1477), (368410, 1478), (368410, 1479), (368410, 1480), (368410, 1481), (368410, 1482), (368410, 1483), (368410, 1484), (368410, 1485), (368410, 1486), (368410, 1487), (368410, 1488), (368410, 1489), (368410, 1490), (368410, 1491), (368410, 1492), (368410, 1493), (368410, 1494), (368410, 1495), (368410, 1496), (368410, 1497), (368410, 1498), (368410, 1499), (368410, 1500), (368410, 1501), (368389, 1), (368389, 2), (368389, 3), (368389, 4), (368389, 5), (368389, 6), (368389, 7), (368389, 8), (368389, 9), (368389, 10), (368389, 11), (368389, 12), (368389, 13), (368389, 14), (368389, 15), (368389, 16), (368389, 17), (368389, 18), (368389, 19), (368389, 20), (368389, 21), (368389, 22), (368389, 23), (368389, 24), (368389, 25), (368389, 26), (368389, 27), (368389, 28), (368389, 29), (368389, 30), (368389, 31), (368389, 32), (368389, 33), (368389, 34), (368389, 35), (368389, 36), (368389, 37), (368389, 38), (368389, 39), (368389, 40), (368389, 41), (368389, 42), (368389, 43), (368389, 44), (368389, 45), (368389, 46), (368389, 47), (368389, 48), (368389, 49), (368389, 50), (368389, 51), (368389, 52), (368389, 53), (368389, 54), (368389, 55), (368389, 56), (368389, 57), (368389, 58), (368389, 59), (368389, 60), (368389, 61), (368389, 62), (368389, 63), (368389, 64), (368389, 65), (368389, 66), (368389, 67), (368389, 68), (368389, 69), (368389, 70), (368389, 71), (368389, 72), (368389, 73), (368389, 74), (368389, 75), (368389, 76), (368389, 77), (368389, 78), (368389, 79), (368389, 80), (368389, 81), (368389, 82), (368389, 83), (368389, 84), (368389, 85), (368389, 86), (368389, 87), (368389, 88), (368389, 89), (368389, 90), (368389, 91), (368389, 92), (368389, 93), (368389, 94), (368389, 95), (368389, 96), (368389, 97), (368389, 98), (368389, 99), (368389, 100), (368389, 101), (368389, 102), (368389, 103), (368389, 104), (368389, 105), (368389, 106), (368389, 107), (368389, 108), (368389, 109), (368389, 110), (368389, 111), (368389, 112), (368389, 113), (368389, 114), (368389, 115), (368389, 116), (368389, 117), (368389, 118), (368389, 119), (368389, 120), (368389, 121), (368389, 122), (368389, 123), (368389, 124), (368389, 125), (368389, 126), (368389, 127), (368389, 128), (368389, 129), (368389, 130), (368389, 131), (368389, 132), (368389, 133), (368389, 134), (368389, 135), (368389, 136), (368389, 137), (368389, 138), (368389, 139), (368389, 140), (368389, 141), (368389, 142), (368389, 143), (368389, 144), (368389, 145), (368389, 146), (368389, 147), (368389, 148), (368389, 149), (368389, 150), (368389, 151), (368389, 152), (368389, 153), (368389, 154), (368389, 155), (368389, 156), (368389, 157), (368389, 158), (368389, 159), (368389, 160), (368389, 161), (368389, 162), (368389, 163), (368389, 164), (368389, 165), (368389, 166), (368389, 167), (368389, 168), (368389, 169), (368389, 170), (368389, 171), (368389, 172), (368389, 173), (368389, 174), (368389, 175), (368389, 176), (368389, 177), (368389, 178), (368389, 179), (368389, 180), (368389, 181), (368389, 182), (368389, 183), (368389, 184), (368389, 185), (368389, 186), (368389, 187), (368389, 188), (368389, 189), (368389, 190), (368389, 191), (368389, 192), (368389, 193), (368389, 194), (368389, 195), (368389, 196), (368389, 197), (368389, 198), (368384, 1), (368384, 2), (368384, 3), (368384, 4), (368384, 5), (368384, 6), (368384, 7), (368384, 8), (368384, 9), (368384, 10), (368384, 11), (368384, 12), (368384, 13), (368384, 14), (368384, 15), (368384, 16), (368384, 17), (368384, 18), (368384, 19), (368384, 20), (368384, 21), (368384, 22), (368384, 23), (368384, 24), (368384, 25), (368384, 26), (368384, 27), (368384, 28), (368384, 29), (368384, 30), (368384, 31), (368384, 32), (368384, 33), (368384, 34), (368384, 35), (368384, 36), (368384, 37), (368384, 38), (368384, 39), (368384, 40), (368384, 41), (368384, 42), (368384, 43), (368384, 44), (368382, 37), (368382, 38), (368382, 39), (368382, 40), (368382, 41), (368382, 42), (368382, 43), (368382, 44), (368382, 45), (368382, 46), (368382, 47), (368382, 48), (368382, 49), (368382, 50), (368382, 51), (368382, 52), (368382, 53), (368382, 54), (368382, 55), (368382, 56), (368382, 57), (368382, 58), (368382, 59), (368382, 60), (368382, 61), (368382, 62), (368382, 63), (368382, 64), (368382, 65), (368382, 66), (368382, 67), (368382, 68), (368382, 69), (368382, 70), (368382, 71), (368382, 72), (368382, 73), (368382, 74), (368382, 75), (368382, 76), (368382, 77), (368382, 78), (368382, 79), (368382, 80), (368382, 81), (368382, 82), (368382, 83), (368382, 84), (368382, 85), (368382, 86), (368382, 87), (368382, 88), (368382, 89), (368382, 90), (368382, 91), (368382, 92), (368382, 93), (368382, 94), (368382, 95), (368382, 96), (368382, 97), (368382, 98), (368382, 99), (368382, 100), (368382, 101), (368382, 102), (368382, 103), (368382, 104), (368382, 105), (368382, 106), (368382, 107), (368382, 108), (368382, 109), (368382, 110), (368382, 111), (368382, 112), (368382, 113), (368382, 114), (368382, 115), (368382, 116), (368382, 117), (368382, 118), (368382, 119), (368382, 120), (368382, 121), (368382, 122), (368382, 123), (368382, 124), (368382, 125), (368382, 126), (368382, 127), (368382, 128), (368382, 129), (368382, 130), (368382, 131), (368382, 132), (368382, 133), (368382, 134), (368382, 135), (368382, 136), (368382, 137), (368382, 138), (368382, 139), (368382, 140), (368382, 141), (368382, 142), (368382, 143), (368382, 144), (368382, 145), (368382, 146), (368382, 147), (368382, 148), (368382, 149), (368382, 150), (368382, 151), (368382, 152), (368382, 153), (368382, 154), (368382, 155), (368382, 156), (368382, 157), (368382, 158), (368382, 159), (368382, 160), (368382, 161), (368382, 162), (368382, 163), (368382, 164), (368382, 165), (368382, 166), (368382, 167), (368382, 168), (368382, 169), (368382, 170), (368382, 171), (368382, 172), (368382, 173), (368382, 174), (368382, 175), (368382, 176), (368382, 177), (368382, 178), (368382, 179), (368382, 180), (368382, 181), (368382, 182), (368382, 183), (368382, 184), (368382, 185), (368382, 186), (368382, 187), (368382, 188), (368382, 189), (368382, 190), (368382, 191), (368382, 192), (368382, 193), (368382, 194), (368382, 195), (368382, 196), (368382, 197), (368382, 198), (368382, 199), (368382, 200), (368382, 201), (368382, 202), (368382, 203), (368382, 204), (368382, 205), (368382, 206), (368382, 207), (368382, 208), (368382, 209), (368382, 210), (368382, 211), (368382, 212), (368382, 213), (368382, 214), (368382, 215), (368382, 216), (368382, 217), (368382, 218), (368382, 219), (368382, 220), (368382, 221), (368382, 222), (368382, 223), (368382, 224), (368382, 225), (368382, 226), (368382, 227), (368382, 228), (368382, 229), (368382, 230), (368382, 231), (368382, 232), (368382, 233), (368382, 234), (368382, 235), (368382, 236), (368382, 237), (368382, 238), (368382, 239), (368382, 240), (368382, 241), (368382, 242), (368382, 243), (368382, 244), (368382, 245), (368382, 246), (368382, 247), (368382, 248), (368382, 249), (368382, 250), (368382, 251), (368382, 252), (368382, 253), (368382, 254), (368382, 255), (368382, 256), (368382, 257), (368382, 258), (368382, 259), (368382, 260), (368382, 261), (368382, 262), (368382, 263), (368382, 264), (368382, 265), (368382, 266), (368382, 267), (368382, 268), (368382, 269), (368382, 270), (368382, 271), (368382, 272), (368382, 273), (368382, 274), (368382, 275), (368382, 276), (368382, 277), (368382, 278), (368382, 279), (368382, 280), (368382, 281), (368382, 282), (368382, 283), (368382, 284), (368382, 285), (368382, 286), (368382, 287), (368382, 288), (368382, 289), (368382, 290), (368382, 291), (368382, 292), (368382, 293), (368382, 294), (368382, 295), (368382, 296), (368382, 297), (368382, 298), (368382, 299), (368382, 300), (368382, 301), (368382, 302), (368382, 303), (368382, 304), (368382, 305), (368382, 306), (368382, 307), (368382, 308), (368382, 309), (368382, 310), (368382, 311), (368382, 312), (368382, 313), (368382, 314), (368382, 315), (368382, 316), (368382, 317), (368382, 318), (368382, 319), (368382, 320), (368382, 321), (368382, 322), (368382, 323), (368382, 324), (368382, 325), (368382, 326), (368382, 327), (368382, 328), (368382, 329), (368382, 330), (368382, 331), (368382, 332), (368382, 333), (368382, 334), (368382, 335), (368382, 336), (368382, 337), (368382, 338), (368382, 339), (368382, 340), (368382, 341), (368382, 342), (368382, 343), (368382, 344), (368382, 345), (368382, 346), (368382, 347), (368382, 348), (368382, 349), (368382, 350), (368382, 351), (368382, 352), (368382, 353), (368382, 354), (368382, 355), (368382, 356), (368382, 357), (368382, 358), (368382, 359), (368382, 360), (368382, 361), (368382, 362), (368382, 363), (368382, 364), (368382, 365), (368382, 366), (368382, 367), (368382, 368), (368382, 369), (368382, 370), (368382, 371), (368382, 372), (368382, 373), (368382, 374), (368382, 375), (368382, 376), (368382, 377), (368382, 378), (368382, 379), (368382, 380), (368382, 381), (368382, 382), (368382, 383), (368382, 384), (368382, 385), (368382, 386), (368382, 387), (368382, 388), (368382, 389), (368382, 390), (368382, 391), (368382, 392), (368382, 393), (368382, 394), (368382, 395), (368382, 396), (368382, 397), (368382, 398), (368382, 399), (368382, 400), (368382, 401), (368382, 402), (368382, 403), (368382, 404), (368382, 405), (368382, 406), (368382, 407), (368382, 408), (368382, 409), (368382, 410), (368382, 411), (368382, 412), (368382, 413), (368382, 414), (368382, 415), (368382, 416), (368382, 417), (368382, 418), (368382, 419), (368382, 420), (368382, 421), (368382, 422), (368382, 423), (368382, 424), (368382, 425), (368382, 426), (368382, 427), (368382, 428), (368382, 429), (368382, 430), (368382, 431), (368382, 432), (368382, 433), (368382, 434), (368382, 435), (368382, 436), (368382, 437), (368382, 438), (368382, 439), (368382, 440), (368382, 441), (368382, 442), (368382, 443), (368382, 444), (368382, 445), (368382, 446), (368382, 447), (368382, 448), (368382, 449), (368382, 450), (368382, 451), (368382, 452), (368382, 453), (368382, 454), (368382, 455), (368382, 456), (368382, 457), (368382, 458), (368382, 459), (368382, 460), (368382, 461), (368382, 462), (368382, 463), (368382, 464), (368382, 465), (368382, 466), (368382, 467), (368382, 468), (368382, 469), (368382, 470), (368382, 471), (368382, 472), (368382, 473), (368382, 474), (368382, 475), (368382, 476), (368382, 477), (368382, 478), (368382, 479), (368382, 480), (368382, 481), (368382, 482), (368382, 483), (368382, 484), (368382, 485), (368382, 486), (368382, 487), (368382, 488), (368382, 489), (368382, 490), (368382, 491), (368382, 492), (368382, 493), (368382, 494), (368382, 495), (368382, 496), (368382, 497), (368382, 498), (368382, 499), (368382, 500), (368382, 501), (368382, 502), (368382, 503), (368382, 504), (368382, 505), (368382, 506), (368382, 507), (368382, 508), (368382, 509), (368382, 510), (368382, 511), (368382, 512), (368382, 513), (368382, 514), (368382, 515), (368382, 516), (368382, 517), (368382, 518), (368382, 519), (368382, 520), (368382, 521), (368382, 522), (368382, 523), (368382, 524), (368382, 525), (368382, 526), (368382, 527), (368382, 528), (368382, 529), (368382, 530), (368382, 531), (368382, 532), (368382, 533), (368382, 534), (368382, 535), (368382, 536), (368382, 537), (368382, 538), (368382, 539), (368382, 540), (368382, 541), (368382, 542), (368382, 543), (368382, 544), (368382, 545), (368382, 546), (368382, 547), (368382, 548), (368382, 549), (368382, 550), (368382, 551), (368382, 552), (368382, 553), (368382, 554), (368382, 555), (368382, 556), (368382, 557), (368382, 558), (368382, 559), (368382, 560), (368382, 561), (368382, 562), (368382, 563), (368382, 564), (368382, 565), (368382, 566), (368382, 567), (368382, 568), (368382, 569), (368382, 570), (368382, 571), (368382, 572), (368382, 573), (368382, 574), (368382, 575), (368382, 576), (368382, 577), (368382, 578), (368382, 579), (368382, 580), (368382, 581), (368382, 582), (368382, 583), (368382, 584), (368382, 585), (368382, 586), (368382, 587), (368382, 588), (368382, 589), (368382, 590), (368382, 591), (368382, 592), (368382, 593), (368382, 594), (368382, 595), (368382, 596), (368382, 597), (368382, 598), (368382, 599), (368382, 600), (368382, 601), (368382, 602), (368382, 603), (368382, 604), (368382, 605), (368382, 606), (368382, 607), (368382, 608), (368382, 609), (368382, 610), (368382, 611), (368382, 612), (368382, 613), (368382, 614), (368382, 615), (368382, 616), (368382, 617), (368382, 618), (368382, 619), (368382, 620), (368382, 621), (368382, 622), (368382, 623), (368382, 624), (368382, 625), (368382, 626), (368382, 627), (368382, 628), (368382, 629), (368382, 630), (368382, 631), (368382, 632), (368382, 633), (368382, 634), (368382, 635), (368382, 636), (368382, 637), (368382, 638), (368382, 639), (368382, 640), (368382, 641), (368382, 642), (368382, 643), (368382, 644), (368382, 645), (368382, 646), (368382, 647), (368382, 648), (368382, 649), (368382, 650), (368382, 651), (368382, 652), (368382, 653), (368382, 654), (368382, 655), (368382, 656), (368382, 657), (368382, 658), (368382, 659), (368382, 660), (368382, 661), (368382, 662), (368382, 663), (368382, 664), (368382, 665), (368382, 666), (368382, 667), (368382, 668), (368382, 669), (368382, 670), (368382, 671), (368382, 672), (368382, 673), (368382, 674), (368382, 675), (368382, 676), (368382, 677), (368382, 678), (368382, 679), (368382, 680), (368382, 681), (368382, 682), (368382, 683), (368382, 684), (368382, 685), (368382, 686), (368382, 687), (368382, 688), (368382, 689), (368382, 690), (368382, 691), (368382, 692), (368382, 693), (368382, 694), (368382, 695), (368382, 696), (368382, 697), (368382, 698), (368382, 699), (368382, 700), (368382, 701), (368382, 702), (368382, 703), (368382, 704), (368382, 705), (368382, 706), (368382, 707), (368382, 708), (368382, 709), (368382, 710), (368382, 711), (368382, 712), (368382, 713), (368382, 714), (368382, 715), (368382, 716), (368382, 717), (368382, 718), (368382, 719), (368382, 720), (368382, 721), (368382, 722), (368382, 723), (368382, 724), (368382, 725), (368382, 726), (368382, 727), (368382, 728), (368382, 729), (368382, 730), (368382, 731), (368382, 732), (368382, 733), (368382, 734), (368382, 735), (368382, 736), (368382, 737), (368382, 738), (368382, 739), (368382, 740), (368382, 741), (368382, 742), (368382, 743), (368382, 744), (368382, 745), (368382, 746), (368382, 747), (368382, 748), (368382, 749), (368382, 750), (368382, 751), (368382, 752), (368382, 753), (368382, 754), (368382, 755), (368382, 756), (368382, 757), (368382, 758), (368382, 759), (368382, 760), (368382, 761), (368382, 762), (368382, 763), (368382, 764), (368382, 765), (368382, 766), (368382, 767), (368382, 768), (368382, 769), (368382, 770), (368382, 771), (368382, 772), (368382, 773), (368382, 774), (368382, 775), (368382, 776), (368382, 777), (368382, 778), (368382, 779), (368382, 780), (368382, 781), (368382, 782), (368382, 783), (368382, 784), (368382, 785), (368382, 786), (368382, 787), (368382, 788), (368382, 789), (368382, 790), (368382, 791), (368382, 792), (368333, 1), (368333, 2), (368333, 3), (368333, 4), (368333, 5), (368333, 6), (368333, 7), (368333, 8), (368333, 9), (368333, 10), (368333, 11), (368333, 12), (368333, 13), (368333, 14), (368333, 15), (368333, 16), (368333, 17), (368333, 18), (368333, 19), (368333, 20), (368333, 21), (368333, 22), (368333, 23), (368333, 24), (368333, 25), (368332, 1), (368332, 2), (368332, 3), (368332, 4), (368332, 5), (368332, 6), (368332, 7), (368332, 8), (368332, 9), (368332, 10), (368332, 11), (368332, 12), (368332, 13), (368332, 14), (368321, 1), (368321, 2), (368321, 3), (368321, 4), (368321, 5), (368321, 6), (368321, 7), (368321, 8), (368321, 9), (368321, 10), (368321, 11), (368321, 12), (368321, 13), (368321, 14), (368321, 15), (368321, 16), (368321, 17), (368321, 18), (368321, 19), (368321, 20), (368321, 21), (368321, 22), (368321, 23), (368321, 24), (368321, 25), (368321, 26), (368321, 27), (368321, 28), (368321, 29), (368321, 30), (368321, 31), (368321, 32), (368321, 33), (368321, 34), (368321, 35), (368321, 36), (368321, 37), (368321, 38), (368321, 39), (368321, 40), (368321, 41), (368321, 42), (368321, 43), (368321, 44), (368321, 45), (368321, 46), (368321, 47), (368321, 48), (368321, 49), (368321, 50), (368321, 51), (368321, 52), (368321, 53), (368321, 54), (368321, 55), (368321, 56), (368321, 57), (368321, 58), (368321, 59), (368321, 60), (368321, 61), (368321, 62), (368321, 63), (368321, 64), (368321, 65), (368321, 66), (368321, 67), (368321, 68), (368321, 69), (368321, 70), (368321, 71), (368321, 72), (368321, 73), (368321, 74), (368321, 75), (368321, 76), (368321, 77), (368321, 78), (368321, 79), (368321, 80), (368321, 81), (368321, 82), (368321, 83), (368321, 84), (368321, 85), (368321, 86), (368321, 87), (368321, 88), (368321, 89), (368321, 90), (368321, 91), (368321, 92), (368321, 93), (368321, 94), (368321, 95), (368321, 96), (368321, 97), (368321, 98), (368321, 99), (368321, 100), (368321, 101), (368321, 102), (368321, 103), (368321, 104), (368321, 105), (368321, 106), (368321, 107), (368321, 108), (368321, 109), (368321, 110), (368321, 111), (368321, 112), (368321, 113), (368321, 114), (368321, 115), (368321, 116), (368321, 117), (368321, 118), (368321, 119), (368321, 120), (368321, 121), (368321, 122), (368321, 123), (368321, 124), (368321, 125), (368321, 126), (368321, 127), (368321, 128), (368321, 129), (368321, 130), (368321, 131), (368321, 132), (368321, 133), (368321, 134), (368321, 135), (368321, 136), (368321, 137), (368321, 138), (368321, 139), (368321, 140), (368321, 141), (368321, 142), (368321, 143), (368321, 144), (368321, 145), (368321, 146), (368321, 147), (368321, 148), (368321, 149), (368321, 150), (368321, 151), (368321, 152), (368321, 153), (368321, 154), (368321, 155), (368321, 156), (368321, 157), (368321, 158), (368321, 159), (368321, 160), (368321, 161), (368321, 162), (368321, 163), (368321, 164), (368321, 165), (368321, 166), (368321, 167), (368321, 168), (368321, 169), (368321, 170), (368321, 171), (368321, 172), (368321, 173), (368321, 174), (368321, 175), (368321, 176), (368321, 177), (368321, 178), (368321, 179), (368321, 180), (368321, 181), (368321, 182), (368321, 183), (368321, 184), (368321, 185), (368321, 186), (368321, 187), (368321, 188), (368321, 189), (368321, 190), (368321, 191), (368321, 192), (368321, 193), (368321, 194), (368321, 195), (368321, 196), (368321, 197), (368321, 198), (368321, 199), (368321, 200), (368321, 201), (368321, 202), (368321, 203), (368321, 204), (368321, 205), (368321, 206), (368321, 207), (368321, 208), (368321, 209), (368321, 210), (368321, 211), (368321, 212), (368321, 213), (368321, 214), (368321, 215), (368321, 216), (368321, 217), (368321, 218), (368321, 219), (368321, 220), (368321, 221), (368321, 222), (368321, 223), (368321, 224), (368321, 225), (368321, 226), (368321, 227), (368321, 228), (368321, 229), (368321, 230), (368321, 231), (368321, 232), (368321, 233), (368321, 234), (368321, 235), (368321, 236), (368321, 237), (368321, 238), (368321, 239), (368321, 240), (368321, 241), (368321, 242), (368321, 243), (368321, 244), (368321, 245), (368321, 246), (368321, 247), (368321, 248), (368321, 249), (368321, 250), (368321, 251), (368321, 252), (368321, 253), (368321, 254), (368321, 255), (368321, 256), (368321, 257), (368321, 258), (368321, 259), (368321, 260), (368321, 261), (368321, 262), (368321, 263), (368321, 264), (368321, 265), (368321, 266), (368321, 267), (368321, 268), (368321, 269), (368321, 270), (368321, 271), (368321, 272), (368321, 273), (368321, 274), (368321, 275), (368321, 276), (368321, 277), (368321, 278), (368321, 279), (368321, 280), (368321, 281), (368321, 282), (368321, 283), (368321, 284), (368321, 285), (368321, 286), (368321, 287), (368321, 288), (368321, 289), (368321, 290), (368321, 291), (368321, 292), (368321, 293), (368321, 294), (368321, 295), (368321, 296), (368321, 297), (368321, 298), (368321, 299), (368321, 300), (368321, 301), (368321, 302), (368321, 303), (368321, 304), (368321, 305), (368321, 306), (368321, 307), (368321, 308), (368321, 309), (368321, 310), (368321, 311), (368321, 312), (368321, 313), (368321, 314), (368321, 315), (368321, 316), (368321, 317), (368321, 318), (368321, 319), (368321, 320), (368321, 321), (368321, 322), (368321, 323), (368321, 324), (368321, 325), (368321, 326), (368321, 327), (368321, 331), (368321, 332), (368321, 333), (368321, 334), (368321, 335), (368321, 336), (368321, 337), (368320, 1), (368320, 2), (368320, 3), (368320, 4), (368320, 5), (368320, 6), (368320, 7), (368320, 8), (368320, 9), (368320, 10), (368320, 11), (368320, 12), (368320, 13), (368320, 14), (368320, 15), (368320, 16), (368320, 17), (368320, 18), (368320, 19), (368320, 20), (368320, 21), (368320, 22), (368320, 23), (368320, 24), (368320, 25), (368320, 26), (368320, 27), (368320, 28), (368320, 29), (368320, 30), (368320, 31), (368320, 32), (368320, 33), (368320, 34), (368320, 35), (368320, 36), (368320, 37), (368320, 38), (368320, 39), (368320, 40), (368320, 41), (368320, 42), (368320, 43), (368320, 44), (368320, 45), (368320, 46), (368320, 47), (368320, 48), (368320, 49), (368320, 50), (368320, 51), (368320, 52), (368320, 53), (368320, 54), (368320, 55), (368320, 56), (368320, 57), (368320, 58), (368320, 59), (368320, 60), (368320, 61), (368320, 62), (368320, 63), (368320, 64), (368320, 65), (368320, 66), (368320, 67), (368320, 68), (368320, 69), (368320, 70), (368320, 71), (368320, 72), (368320, 73), (368320, 74), (368320, 75), (368320, 76), (368320, 77), (368320, 78), (368320, 79), (368320, 80), (368320, 81), (368320, 82), (368320, 83), (368320, 84), (368320, 85), (368320, 86), (368320, 87), (368320, 88), (368320, 89), (368320, 90), (368320, 91), (368320, 92), (368320, 93), (368320, 94), (368320, 95), (368320, 96), (368320, 97), (368320, 98), (368320, 99), (368320, 100), (368320, 101), (368320, 102), (368320, 103), (368320, 104), (368320, 105), (368320, 106), (368320, 107), (368320, 108), (368320, 109), (368320, 110), (368320, 111), (368320, 112), (368320, 113), (368320, 114), (368320, 115), (368320, 116), (368320, 117), (368320, 118), (368320, 119), (368320, 120), (368320, 121), (368320, 122), (368320, 123), (368320, 124), (368320, 125), (368320, 126), (368320, 127), (368320, 128), (368320, 129), (368320, 130), (368320, 131), (368320, 132), (368320, 133), (368320, 134), (368320, 135), (368320, 136), (368320, 137), (368320, 138), (368320, 139), (368320, 140), (368320, 141), (368320, 142), (368320, 143), (368320, 144), (368320, 145), (368320, 146), (368320, 147), (368320, 148), (368320, 149), (368320, 150), (368320, 151), (368320, 152), (368320, 153), (368320, 154), (368320, 155), (368320, 156), (368320, 157), (368320, 158), (368320, 159), (368320, 160), (368320, 161), (368320, 162), (368320, 163), (368320, 164), (368320, 165), (368320, 166), (368320, 167), (368320, 168), (368320, 169), (368320, 170), (368320, 171), (368320, 172), (368320, 173), (368320, 174), (368320, 175), (368320, 176), (368320, 177), (368320, 178), (368320, 179), (368320, 180), (368320, 181), (368320, 182), (368320, 183), (368320, 184), (368320, 185), (368320, 186), (368320, 187), (368320, 188), (368320, 189), (368320, 190), (368320, 191), (368320, 192), (368320, 193), (368320, 194), (368320, 195), (368320, 196), (368320, 197), (368320, 198), (368320, 199), (368320, 200), (368320, 201), (368320, 202), (368320, 203), (368320, 204), (368320, 205), (368320, 206), (368320, 207), (368320, 208), (368320, 209), (368320, 210), (368320, 211), (368320, 212), (368320, 213), (368320, 214), (368320, 215), (368320, 216), (368320, 217), (368320, 218), (368320, 219), (368320, 220), (368320, 221), (368320, 222), (368320, 223), (368320, 224), (368320, 225), (368320, 226), (368320, 227), (368320, 228), (368320, 229), (368320, 230), (368320, 231), (368320, 232), (368320, 233), (368320, 234), (368320, 235), (368320, 236), (368320, 237), (368320, 238), (368320, 239), (368320, 240), (368320, 241), (368320, 242), (368320, 243), (368320, 244), (368320, 245), (368320, 246), (368320, 247), (368320, 248), (368320, 249), (368320, 250), (368320, 251), (368320, 252), (368320, 253), (368320, 254), (368320, 255), (368320, 256), (368320, 257), (368320, 258), (368320, 259), (368320, 260), (368320, 261), (368320, 262), (368320, 263), (368320, 264), (368320, 265), (368320, 266), (368320, 267), (368320, 268), (368320, 269), (368320, 270), (368320, 271), (368320, 272), (368320, 273), (368320, 274), (368320, 275), (368320, 276), (368320, 277), (368320, 278), (368320, 279), (368320, 280), (368320, 281), (368320, 282), (368320, 283), (368320, 284), (368320, 285), (368318, 37), (368318, 38), (368318, 39), (368318, 40), (368318, 41), (368318, 42), (368318, 43), (368318, 44), (368318, 45), (368318, 46), (368318, 47), (368318, 48), (368318, 49), (368318, 50), (368318, 51), (368318, 52), (368318, 53), (368318, 54), (368318, 55), (368318, 56), (368318, 57), (368318, 58), (368318, 59), (368318, 60), (368318, 61), (368318, 62), (368318, 63), (368318, 64), (368318, 65), (368318, 66), (368318, 67), (368318, 68), (368318, 69), (368318, 70), (368318, 71), (368318, 72), (368318, 73), (368318, 74), (368318, 75), (368318, 76), (368318, 77), (368318, 78), (368318, 79), (368318, 80), (368318, 81), (368318, 82), (368318, 83), (368318, 84), (368318, 85), (368318, 86), (368318, 87), (368318, 88), (368318, 89), (368318, 90), (368318, 91), (368318, 92), (368318, 93), (368318, 94), (368318, 95), (368318, 96), (368318, 97), (368318, 98), (368318, 99), (368318, 100), (368318, 101), (368318, 102), (368318, 103), (368318, 104), (368318, 105), (368318, 106), (368318, 107), (368318, 108), (368318, 109), (368318, 110), (368318, 111), (368318, 112), (368318, 113), (368318, 114), (368318, 115), (368318, 116), (368318, 117), (368318, 118), (368318, 119), (368318, 120), (368318, 121), (368318, 122), (368318, 123), (368318, 124), (368318, 125), (368318, 126), (368318, 127), (368318, 128), (368318, 129), (368318, 130), (368318, 131), (368318, 132), (368318, 133), (368318, 134), (368318, 135), (368318, 136), (368318, 137), (368318, 138), (368318, 139), (368318, 140), (368318, 141), (368318, 142), (368318, 143), (368318, 144), (368318, 145), (368318, 146), (368318, 147), (368318, 148), (368318, 149), (368318, 150), (368318, 151), (368318, 152), (368318, 153), (368318, 154), (368318, 155), (368318, 156), (368318, 157), (368318, 158), (368318, 159), (368318, 160), (368318, 161), (368318, 162), (368318, 163), (368318, 164), (368318, 165), (368318, 166), (368318, 167), (368318, 168), (368318, 169), (368318, 170), (368318, 171), (368318, 172), (368318, 173), (368318, 174), (368318, 175), (368318, 176), (368318, 177), (368318, 178), (368318, 179), (368318, 180), (368318, 181), (368318, 182), (368318, 183), (368318, 184), (368318, 185), (368318, 186), (368318, 187), (368318, 188), (368318, 189), (368318, 190), (368318, 191), (368318, 192), (368318, 193), (368318, 194), (368318, 195), (368318, 196), (368318, 197), (368318, 198), (368318, 199), (368318, 200), (368318, 201), (368318, 202), (368318, 203), (368318, 204), (368318, 205), (368318, 206), (368318, 207), (368318, 208), (368318, 209), (368318, 210), (368318, 211), (368318, 212), (368318, 213), (368318, 214), (368318, 215), (368318, 216), (368318, 217), (368318, 218), (368318, 219), (368318, 220), (368318, 221), (368318, 222), (368318, 223), (368318, 224), (368318, 225), (368318, 226), (368318, 227), (368318, 228), (368318, 229), (368318, 230), (368318, 231), (368318, 232), (368318, 233), (368318, 234), (368318, 235), (368318, 236), (368318, 237), (368318, 238), (368318, 239), (368318, 240), (368318, 241), (368318, 242), (368318, 243), (368318, 244), (368318, 245), (368318, 246), (368318, 247), (368318, 248), (368318, 249), (368318, 250), (368318, 251), (368318, 252), (368318, 253), (368318, 254), (368318, 255), (368318, 256), (368318, 257), (368318, 258), (368318, 259), (368318, 260), (368318, 261), (368318, 262), (368318, 263), (368318, 264), (368318, 265), (368318, 266), (368318, 267), (368318, 268), (368318, 269), (368318, 270), (368318, 271), (368318, 272), (368318, 273), (368318, 274), (368318, 275), (368318, 276), (368318, 277), (368318, 278), (368318, 279), (368318, 280), (368318, 281), (368318, 282), (368318, 283), (368318, 284), (368318, 285), (368318, 286), (368318, 287), (368318, 288), (368318, 289), (368318, 290), (368318, 291), (368318, 292), (368318, 293), (368318, 294), (368318, 295), (368318, 296), (368318, 297), (368318, 298), (368318, 299), (368318, 300), (368318, 301), (368318, 302), (368318, 303), (368318, 304), (368318, 305), (368318, 306), (368318, 307), (368318, 308), (368318, 309), (368318, 310), (368318, 311), (368318, 312), (368318, 313), (368318, 314), (368318, 315), (368318, 316), (368318, 317), (368318, 318), (368318, 319), (368229, 52), (368229, 53), (368229, 54), (368229, 55), (368229, 56), (368229, 57), (368229, 58), (368229, 59), (368229, 60), (368229, 61), (368229, 62), (368229, 63), (368229, 64), (368229, 65), (368229, 66), (368229, 67), (368229, 68), (368229, 69), (368229, 70), (368229, 71), (368229, 72), (368229, 73), (368229, 74), (368229, 75), (368229, 76), (368229, 77), (368229, 78), (368229, 79), (368229, 80), (368229, 81), (368229, 82), (368229, 83), (368229, 84), (368229, 85), (368229, 86), (368229, 87), (368229, 88), (368229, 89), (368229, 90), (368229, 91), (368229, 92), (368229, 93), (368229, 94), (368229, 95), (368229, 96), (368229, 97), (368229, 98), (368229, 99), (368229, 100), (368229, 101), (368229, 102), (368229, 103), (368229, 104), (368229, 105), (368229, 106), (368229, 107), (368229, 108), (368229, 109), (368229, 110), (368229, 111), (368229, 112), (368229, 113), (368229, 114), (368229, 115), (368229, 116), (368229, 117), (368229, 118), (368229, 119), (368229, 120), (368229, 121), (368229, 122), (368229, 123), (368229, 124), (368229, 125), (368229, 126), (368229, 127), (368229, 128), (368229, 129), (368229, 130), (368229, 131), (368229, 132), (368229, 133), (368229, 134), (368229, 135), (368229, 136), (368229, 137), (368229, 138), (368229, 139), (368229, 140), (368229, 141), (368229, 142), (368229, 143), (368229, 144), (368229, 145), (368229, 146), (368229, 147), (368229, 148), (368229, 149), (368229, 150), (368229, 151), (368229, 152), (368229, 153), (368229, 154), (368229, 155), (368229, 156), (368229, 157), (368229, 158), (368229, 159), (368229, 160), (368229, 161), (368229, 162), (368229, 163), (368229, 164), (368229, 165), (368229, 166), (368229, 167), (368229, 168), (368229, 169), (368229, 170), (368229, 171), (368229, 172), (368229, 173), (368229, 174), (368229, 175), (368229, 176), (368229, 177), (368229, 178), (368229, 179), (368229, 180), (368229, 181), (368229, 182), (368229, 183), (368229, 184), (368229, 185), (368229, 186), (368229, 187), (368229, 188), (368229, 189), (368229, 190), (368229, 191), (368229, 192), (368229, 193), (368229, 194), (368229, 195), (368229, 196), (368229, 197), (368229, 198), (368229, 199), (368229, 200), (368229, 201), (368229, 202), (368229, 203), (368229, 204), (368229, 205), (368229, 206), (368229, 207), (368229, 208), (368229, 209), (368229, 210), (368229, 211), (368229, 212), (368229, 213), (368229, 214), (368229, 215), (368229, 216), (368229, 217), (368229, 218), (368229, 219), (368229, 220), (368229, 221), (368229, 222), (368229, 223), (368229, 224), (368229, 225), (368229, 226), (368229, 227), (368229, 228), (368229, 229), (368229, 230), (368229, 231), (368229, 232), (368229, 233), (368229, 234), (368229, 235), (368229, 236), (368229, 237), (368229, 238), (368229, 239), (368229, 240), (368229, 241), (368229, 242), (368229, 243), (368229, 244), (368229, 245), (368229, 246), (368229, 247), (368229, 248), (368229, 249), (368229, 250), (368229, 251), (368229, 252), (368229, 253), (368229, 254), (368229, 255), (368229, 256), (368229, 257), (368229, 258), (368229, 259), (368229, 260), (368229, 261), (368229, 262), (368229, 263), (368229, 264), (368229, 265), (368229, 266), (368229, 267), (368229, 268), (368229, 269), (368229, 270), (368229, 271), (368229, 272), (368229, 273), (368229, 274), (368229, 275), (368229, 276), (368229, 277), (368229, 278), (368229, 279), (368229, 280), (368229, 281), (368229, 282), (368229, 283), (368229, 284), (368229, 285), (368229, 286), (368229, 287), (368229, 288), (368229, 289), (368229, 290), (368229, 291), (368229, 292), (368229, 293), (368229, 294), (368229, 295), (368229, 296), (368229, 297), (368229, 298), (368229, 299), (368229, 300), (368229, 301), (368229, 302), (368229, 303), (368229, 304), (368229, 305), (368229, 306), (368229, 307), (368229, 308), (368229, 309), (368229, 310), (368229, 311), (368229, 312), (368229, 313), (368229, 314), (368229, 315), (368229, 316), (368229, 317), (368229, 318), (368229, 319), (368229, 320), (368229, 321), (368229, 322), (368229, 323), (368229, 324), (368229, 325), (368229, 326), (368229, 327), (368229, 328), (368229, 329), (368229, 330), (368229, 331), (368229, 332), (368229, 333), (368229, 334), (368229, 335), (368229, 336), (368229, 337), (368229, 338), (368229, 339), (368229, 340), (368229, 341), (368229, 342), (368229, 343), (368229, 344), (368229, 345), (368229, 346), (368229, 347), (368229, 348), (368229, 349), (368229, 350), (368229, 351), (368229, 352), (368229, 353), (368229, 354), (368229, 355), (368229, 356), (368229, 357), (368229, 358), (368229, 359), (368229, 360), (368229, 361), (368229, 362), (368229, 363), (368229, 364), (368229, 365), (368229, 366), (368229, 367), (368229, 368), (368229, 369), (368229, 370), (368229, 371), (368229, 372), (368229, 373), (368229, 374), (368229, 375), (368229, 376), (368229, 377), (368229, 378), (368229, 379), (368229, 380), (368229, 381), (368229, 382), (368229, 383), (368229, 384), (368229, 385), (368229, 386), (368229, 387), (368229, 388), (368229, 389), (368229, 390), (368229, 391), (368229, 392), (368229, 393), (368229, 394), (368229, 395), (368229, 396), (368229, 397), (368229, 398), (368229, 399), (368229, 400), (368229, 401), (368229, 402), (368229, 403), (368229, 404), (368229, 405), (368229, 406), (368229, 407), (368229, 408), (368229, 409), (368229, 410), (368229, 411), (368229, 412), (368229, 413), (368229, 414), (368229, 415), (368229, 416), (368229, 417), (368229, 418), (368229, 419), (368229, 420), (368229, 421), (368229, 422), (368229, 423), (368229, 424), (368229, 425), (368229, 426), (368229, 427), (368229, 428), (368229, 429), (368229, 430), (368229, 431), (368229, 432), (368229, 433), (368229, 434), (368229, 435), (368229, 436), (368229, 437), (368229, 438), (368229, 439), (368229, 440), (368229, 441), (368229, 442), (368229, 443), (368229, 444), (368229, 445), (368229, 446), (368229, 447), (368229, 448), (368229, 449), (368229, 450), (368229, 451), (368229, 452), (368229, 453), (368229, 454), (368229, 455), (368229, 456), (368229, 457), (368229, 458), (368229, 459), (368229, 460), (368229, 461), (368229, 462), (368229, 463), (368229, 464), (368229, 465), (368229, 466), (368229, 467), (368229, 468), (368229, 469), (368229, 470), (368229, 471), (368229, 472), (368229, 473), (368229, 474), (368229, 475), (368229, 476), (368229, 477), (368229, 478), (368229, 479), (368229, 480), (368229, 481), (368229, 482), (368229, 483), (368229, 484), (368229, 485), (368229, 486), (368229, 487), (368229, 488), (368229, 489), (368229, 490), (368229, 491), (368229, 492), (368229, 493), (368229, 494), (368229, 495), (368229, 496), (368229, 497), (368229, 498), (368229, 499), (368229, 500), (368229, 501), (368229, 502), (368229, 503), (368229, 504), (368229, 505), (368229, 506), (368229, 507), (368229, 508), (368229, 509), (368229, 510), (368229, 511), (368229, 512), (368229, 513), (368229, 514), (368229, 515), (368229, 516), (368229, 517), (368229, 518), (368229, 519), (368229, 520), (368229, 521), (368229, 522), (368229, 523), (368229, 524), (368229, 525), (368229, 526), (368229, 527), (368229, 528), (368229, 529), (368229, 530), (368229, 531), (368229, 532), (368229, 533), (368229, 534), (368229, 535), (368229, 536), (368229, 537), (368229, 538), (368229, 539), (368229, 540), (368229, 541), (368229, 542), (368229, 543), (368229, 544), (368229, 545), (368229, 546), (368229, 547), (368229, 548), (368229, 549), (368229, 550), (368229, 551), (368229, 552), (368229, 553), (368229, 554), (368229, 555), (368229, 556), (368229, 557), (368229, 558), (368229, 559), (368229, 560), (368229, 561), (368229, 562), (368229, 563), (368229, 564), (368229, 565), (368229, 566), (368229, 567), (368229, 568), (368229, 569), (368224, 1), (368224, 2), (368224, 3), (368224, 4), (368224, 5), (368224, 6), (368224, 7), (368224, 8), (368224, 9), (368224, 10), (368224, 11), (368224, 12), (368224, 13), (368224, 14), (368224, 15), (368224, 16), (368224, 17), (368224, 18), (368224, 19), (368224, 20), (368224, 21), (368224, 22), (368224, 23), (368224, 24), (368224, 25), (368224, 26), (368224, 27), (368224, 28), (368224, 29), (368224, 30), (368224, 31), (368224, 32), (368224, 33), (368224, 34), (368224, 35), (368224, 36), (368224, 37), (368224, 38), (368224, 39), (368224, 40), (368224, 41), (368224, 42), (368224, 43), (368224, 44), (368224, 45), (368224, 46), (368224, 47), (368224, 48), (368224, 49), (368224, 50), (368224, 51), (368224, 52), (368224, 53), (368224, 54), (368224, 55), (368224, 56), (368224, 57), (368223, 45), (368223, 46), (368223, 47), (368223, 48), (368223, 49), (368223, 50), (368223, 51), (368223, 52), (368223, 53), (368223, 54), (368223, 55), (368223, 56), (368223, 57), (368223, 58), (368223, 59), (368223, 60), (368223, 61), (368223, 62), (368223, 63), (368223, 64), (368223, 65), (368223, 66), (368223, 67), (368223, 68), (368223, 69), (368223, 70), (368223, 71), (368223, 72), (368223, 73), (368223, 74), (368223, 75), (368223, 76), (368223, 77), (368223, 78), (368223, 79), (368223, 80), (368223, 81), (368223, 82), (368223, 83), (368223, 84), (368223, 85), (368223, 86), (368223, 87), (368223, 88), (368223, 89), (368223, 90), (368223, 91), (368223, 92), (368223, 93), (368223, 94), (368223, 95), (368223, 96), (368223, 97), (368223, 98), (368223, 99), (368223, 100), (368223, 101), (368223, 102), (368223, 103), (368223, 104), (368223, 105), (368223, 106), (368223, 107), (368223, 108), (368223, 109), (368223, 110), (368223, 111), (368223, 112), (368223, 113), (368223, 114), (368223, 115), (368223, 116), (368223, 117), (368223, 118), (368223, 119), (368223, 120), (368223, 121), (368223, 122), (368223, 123), (368223, 124), (368223, 125), (368223, 126), (368223, 127), (368223, 128), (368223, 129), (368223, 130), (368223, 131), (368223, 132), (368223, 133), (368223, 134), (368223, 135), (368223, 136), (368223, 137), (368223, 138), (368223, 139), (368223, 140), (368223, 141), (368223, 142), (368223, 143), (368223, 144), (368223, 145), (368223, 146), (368223, 147), (368223, 148), (368223, 149), (368223, 150), (368223, 151), (368223, 152), (368223, 153), (368223, 154), (368223, 155), (368223, 156), (368223, 157), (368223, 158), (368223, 159), (368223, 160), (368223, 161), (368223, 162), (368223, 163), (368223, 164), (368223, 165), (368223, 166), (368223, 167), (368223, 168), (368223, 169), (368223, 170), (368223, 171), (368223, 172), (368223, 173), (368223, 174), (368223, 175), (368223, 176), (368223, 177), (368223, 178), (368223, 179), (368223, 180), (368223, 181), (368223, 182), (368223, 183), (368223, 184), (368223, 185), (368223, 186), (368223, 187), (368223, 188), (368223, 189), (368223, 190), (368223, 191), (368223, 192), (368223, 193), (368223, 194), (368223, 195), (368223, 196), (368223, 197), (368223, 198), (368223, 199), (368223, 200), (368223, 201), (368223, 202), (368223, 203), (368223, 204), (368223, 205), (368223, 206), (368223, 207), (368223, 208), (368223, 209), (368223, 210), (368223, 211), (368223, 212), (368223, 213), (368223, 214), (368223, 215), (368223, 216), (368223, 217), (368223, 218), (368223, 219), (368223, 220), (368223, 221), (368223, 222), (368223, 223), (368223, 224), (368223, 225), (368223, 226), (368223, 227), (368223, 228), (368223, 229), (368223, 230), (368223, 231), (368223, 232), (368223, 233), (368223, 234), (368223, 235), (368223, 236), (368223, 237), (368223, 238), (368223, 239), (368223, 240), (368223, 241), (368223, 242), (368223, 243), (368223, 244), (368223, 245), (368223, 246), (368223, 247), (368223, 248), (368223, 249), (368223, 250), (368223, 251), (368223, 252), (368223, 253), (368223, 254), (368223, 255), (368223, 256), (368223, 257), (368223, 258), (368223, 259), (368223, 260), (368223, 261), (368223, 262), (368223, 263), (368223, 264), (368223, 265), (368223, 266), (368223, 267), (368223, 268), (368223, 269), (368223, 270), (368223, 271), (368223, 272), (368223, 273), (368223, 274), (368223, 275), (368223, 276), (368223, 277), (368223, 278), (368223, 279), (368223, 280), (368223, 281), (368223, 282), (368223, 283), (368223, 284), (368223, 285), (368223, 286), (368223, 287), (368223, 288), (368223, 289), (368223, 290), (368223, 291), (368223, 292), (368223, 293), (368223, 294), (368223, 295), (368223, 296), (368223, 297), (368223, 298), (368223, 299), (368223, 300), (368223, 301), (368223, 302), (368223, 303), (368223, 304), (368223, 305), (368223, 306), (368223, 307), (368223, 308), (368223, 309), (368223, 310), (368223, 311), (368223, 312), (368223, 313), (368223, 314), (368223, 315), (368223, 316), (368223, 317), (368223, 318), (368223, 319), (368223, 320), (368223, 321), (368223, 322), (368223, 323), (368223, 324), (368223, 325), (368223, 326), (368223, 327), (368223, 328), (368223, 329), (368223, 330), (368223, 331), (368223, 332), (368223, 333), (368223, 334), (368223, 335), (368223, 336), (368223, 337), (368223, 338), (368223, 339), (368223, 340), (368223, 341), (368223, 342), (368223, 343), (368223, 344), (368223, 345), (368223, 346), (368223, 347), (368223, 348), (368223, 349), (368223, 350), (368223, 351), (368223, 352), (368223, 353), (368223, 354), (368223, 355), (368223, 356), (368223, 357), (368223, 358), (368223, 359), (368223, 360), (368223, 361), (368223, 362), (368223, 363), (368223, 364), (368223, 365), (368223, 366), (368223, 367), (368223, 368), (368223, 369), (368223, 370), (368223, 371), (368223, 372), (368223, 373), (368223, 374), (368223, 375), (368223, 376), (368223, 377), (368223, 378), (368223, 379), (368223, 380), (368223, 381), (368223, 382), (368223, 383), (368223, 384), (368223, 385), (368223, 386), (368223, 387), (368223, 388), (368223, 389), (368223, 390), (368223, 391), (368223, 392), (368223, 393), (368223, 394), (368223, 395), (368223, 396), (368223, 397), (368223, 398), (368223, 399), (368223, 400), (368223, 401), (368223, 402), (368223, 403), (368223, 404), (368223, 405), (368223, 406), (368223, 407), (368223, 408), (368223, 409), (368223, 410), (368223, 411), (368223, 412), (368223, 413), (368223, 414), (368223, 415), (368223, 416), (368223, 417), (368223, 418), (368223, 419), (368223, 420), (368223, 421), (368223, 422), (368223, 423), (368223, 424), (368223, 425), (368223, 426), (368223, 427), (368223, 428), (368223, 429), (368223, 430), (368223, 431), (368223, 432), (368223, 433), (368223, 434), (368223, 435), (368223, 436), (368223, 437), (368223, 445), (368223, 446), (368223, 447), (368223, 448), (368223, 449), (368223, 450), (368223, 451), (368223, 452), (368223, 453), (368223, 454), (368223, 455), (368223, 456), (368223, 457), (368223, 458), (368223, 459), (368223, 460), (368223, 461), (368223, 462), (368223, 463), (368223, 464), (368223, 465), (368223, 466), (368223, 467), (368223, 468), (368223, 469), (368223, 470), (368223, 471), (368223, 472), (368223, 473), (368223, 474), (368223, 475), (368223, 476), (368223, 477), (368223, 478), (368223, 479), (368223, 480), (368223, 481), (368223, 482), (368223, 483), (368223, 484), (368223, 485), (368223, 486), (368223, 487), (367910, 1), (367910, 2), (367910, 3), (367910, 4), (367910, 5), (367910, 6), (367910, 7), (367910, 8), (367910, 9), (367910, 10), (367910, 11), (367910, 12), (367910, 13), (367910, 14), (367910, 15), (367910, 16), (367910, 17), (367910, 18), (367910, 19), (367910, 20), (367910, 21), (367910, 22), (367910, 23), (367910, 24), (367910, 25), (367910, 26), (367910, 27), (367910, 28), (367910, 29), (367910, 30), (367910, 31), (367910, 32), (367910, 33), (367910, 34), (367910, 35), (367910, 36), (367910, 37), (367910, 38), (367910, 39), (367910, 40), (367910, 41), (367910, 42), (367910, 43), (367910, 44), (367910, 45), (367910, 46), (367910, 47), (367910, 48), (367910, 49), (367910, 50), (367910, 51), (367910, 52), (367910, 53), (367910, 54), (367910, 55), (367910, 56), (367910, 57), (367910, 58), (367910, 59), (367910, 60), (367910, 61), (367910, 62), (367910, 63), (367910, 64), (367910, 65), (367910, 66), (367910, 67), (367910, 68), (367910, 69), (367910, 70), (367910, 71), (367910, 72), (367910, 73), (367910, 74), (367910, 75), (367910, 76), (367910, 77), (367910, 78), (367910, 79), (367910, 80), (367910, 81), (367910, 82), (367910, 83), (367910, 84), (367910, 85), (367910, 86), (367910, 87), (367910, 88), (367910, 89), (367910, 90), (367910, 91), (367910, 92), (367910, 93), (367910, 94), (367910, 95), (367910, 96), (367910, 97), (367910, 98), (367910, 99), (367910, 100), (367910, 101), (367910, 102), (367910, 103), (367910, 104), (367910, 105), (367910, 106), (367910, 107), (367910, 108), (367910, 109), (367910, 110), (367910, 111), (367910, 112), (367910, 113), (367910, 114), (367910, 115), (367910, 116), (367910, 117), (367910, 118), (367910, 119), (367910, 120), (367910, 121), (367910, 122), (367910, 123), (367910, 124), (367910, 125), (367910, 126), (367910, 127), (367910, 128), (367910, 129), (367910, 130), (367910, 131), (367910, 132), (367910, 133), (367910, 134), (367910, 135), (367910, 136), (367910, 137), (367910, 138), (367910, 139), (367910, 140), (367910, 141), (367910, 142), (367910, 143), (367910, 144), (367910, 145), (367910, 146), (367910, 147), (367910, 148), (367910, 149), (367910, 150), (367910, 151), (367910, 152), (367910, 153), (367910, 154), (367910, 155), (367910, 156), (367910, 157), (367910, 158), (367910, 159), (367910, 160), (367910, 161), (367910, 162), (367910, 163), (367910, 164), (367910, 165), (367910, 166), (367910, 167), (367910, 168), (367910, 169), (367910, 170), (367910, 171), (367910, 172), (367910, 173), (367910, 174), (367910, 175), (367910, 176), (367910, 177), (367910, 178), (367910, 179), (367910, 180), (367910, 181), (367910, 182), (367910, 183), (367910, 184), (367910, 185), (367910, 186), (367910, 187), (367910, 188), (367910, 189), (367910, 190), (367910, 191), (367910, 192), (367910, 193), (367910, 194), (367910, 195), (367910, 196), (367910, 197), (367910, 198), (367910, 199), (367910, 200), (367910, 201), (367910, 202), (367910, 203), (367910, 204), (367910, 205), (367910, 206), (367910, 207), (367910, 208), (367910, 209), (367910, 210), (367910, 211), (367910, 212), (367910, 213), (367910, 214), (367910, 215), (367910, 216), (367910, 217), (367910, 218), (367910, 219), (367910, 220), (367910, 221), (367910, 222), (367910, 223), (367910, 224), (367910, 225), (367910, 226), (367910, 227), (367910, 228), (367910, 229), (367910, 230), (367910, 231), (367910, 232), (367910, 233), (367910, 234), (367910, 235), (367910, 236), (367910, 237), (367910, 238), (367910, 239), (367910, 240), (367910, 241), (367910, 242), (367910, 243), (367910, 244), (367910, 245), (367910, 246), (367910, 247), (367910, 248), (367910, 249), (367910, 250), (367910, 251), (367910, 252), (367910, 253), (367910, 254), (367910, 255), (367910, 256), (367910, 257), (367910, 258), (367910, 259), (367910, 260), (367910, 261), (367910, 262), (367910, 263), (367910, 264), (367910, 265), (367910, 266), (367910, 267), (367910, 268), (367910, 269), (367910, 270), (367910, 271), (367910, 272), (367910, 273), (367910, 274), (367910, 275), (367910, 276), (367910, 277), (367910, 278), (367910, 279), (367910, 280), (367910, 281), (367910, 282), (367910, 283), (367910, 284), (367910, 285), (367910, 286), (367910, 287), (367910, 288), (367910, 289), (367910, 290), (367910, 291), (367910, 292), (367910, 293), (367910, 294), (367910, 295), (367910, 296), (367910, 297), (367910, 298), (367910, 299), (367910, 300), (367910, 301), (367910, 302), (367910, 303), (367910, 304), (367910, 305), (367910, 306), (367910, 307), (367910, 308), (367910, 309), (367910, 310), (367910, 311), (367910, 312), (367910, 313), (367910, 314), (367910, 315), (367910, 316), (367910, 317), (367910, 318), (367910, 319), (367910, 320), (367910, 321), (367910, 322), (367910, 323), (367910, 324), (367910, 325), (367910, 326), (367910, 327), (367910, 328), (367910, 329), (367910, 330), (367910, 331), (367910, 332), (367910, 333), (367910, 334), (367910, 335), (367910, 336), (367910, 337), (367910, 338), (367910, 339), (367910, 340), (367910, 341), (367910, 342), (367910, 343), (367910, 344), (367910, 345), (367910, 346), (367910, 347), (367910, 348), (367910, 349), (367910, 350), (367910, 351), (367910, 352), (367910, 353), (367910, 354), (367910, 355), (367910, 356), (367910, 357), (367910, 358), (367910, 359), (367910, 360), (367910, 361), (367910, 362), (367910, 363), (367910, 364), (367910, 365), (367910, 366), (367910, 367), (367910, 368), (367910, 369), (367910, 370), (367910, 371), (367910, 372), (367910, 373), (367910, 374), (367910, 375), (367910, 376), (367910, 377), (367910, 378), (367910, 379), (367910, 380), (367910, 381), (367910, 382), (367910, 383), (367910, 384), (367910, 385), (367910, 386), (367910, 387), (367910, 388), (367910, 389), (367910, 390), (367910, 391), (367910, 392), (367910, 393), (367910, 394), (367910, 395), (367910, 396), (367910, 397), (367910, 398), (367910, 399), (367910, 400), (367910, 401), (367910, 402), (367910, 403), (367910, 404), (367910, 405), (367910, 406), (367910, 407), (367910, 408), (367910, 409), (367910, 410), (367910, 411), (367910, 412), (367910, 413), (367910, 414), (367910, 415), (367910, 416), (367910, 417), (367910, 418), (367910, 419), (367910, 420), (367910, 421), (367910, 422), (367910, 423), (367910, 424), (367910, 425), (367910, 426), (367910, 427), (367910, 428), (367910, 429), (367910, 430), (367910, 431), (367910, 432), (367910, 433), (367910, 434), (367910, 435), (367910, 436), (367910, 437), (367910, 438), (367910, 439), (367910, 440), (367910, 441), (367910, 442), (367910, 443), (367910, 444), (367910, 445), (367910, 446), (367910, 447), (367910, 448), (367910, 449), (367910, 450), (367910, 451), (367910, 452), (367910, 453), (367910, 454), (367910, 455), (367910, 456), (367910, 457), (367910, 458), (367910, 459), (367910, 460), (367910, 461), (367910, 462), (367910, 463), (367910, 464), (367910, 465), (367910, 466), (367910, 467), (367910, 468), (367910, 469), (367910, 470), (367910, 471), (367910, 472), (367910, 473), (367910, 474), (367910, 475), (367910, 476), (367910, 477), (367910, 478), (367910, 479), (367910, 480), (367910, 481), (367910, 482), (367910, 483), (367910, 484), (367910, 485), (367910, 486), (367910, 487), (367910, 488), (367910, 489), (367910, 490), (367910, 491), (367910, 492), (367910, 493), (367910, 494), (367910, 495), (367910, 496), (367910, 497), (367910, 498), (367910, 499), (367910, 500), (367910, 501), (367910, 502), (367910, 503), (367910, 504), (367910, 505), (367910, 506), (367910, 507), (367910, 508), (367910, 509), (367910, 510), (367910, 511), (367910, 512), (367910, 513), (367910, 514), (367910, 515), (367910, 516), (367910, 517), (367910, 518), (367910, 519), (367910, 520), (367910, 521), (367910, 522), (367910, 523), (367910, 524), (367910, 525), (367910, 526), (367910, 527), (367910, 528), (367910, 529), (367910, 530), (367910, 531), (367910, 532), (367910, 533), (367910, 534), (367910, 535), (367910, 536), (367910, 537), (367910, 538), (367910, 539), (367910, 540), (367910, 541), (367910, 542), (367910, 543), (367910, 544), (367910, 545), (367910, 546), (367910, 547), (367910, 548), (367910, 549), (367910, 550), (367910, 551), (367910, 552), (367910, 553), (367910, 554), (367910, 555), (367910, 556), (367910, 557), (367910, 558), (367910, 559), (367910, 560), (367910, 561), (367910, 562), (367910, 563), (367910, 564), (367910, 565), (367910, 566), (367910, 567), (367910, 568), (367910, 569), (367910, 570), (367910, 571), (367910, 572), (367910, 573), (367910, 574), (367910, 575), (367910, 576), (367910, 577), (367910, 578), (367910, 579), (367910, 580), (367910, 581), (367910, 582), (367910, 583), (367910, 584), (367910, 585), (367910, 586), (367910, 587), (367910, 588), (367910, 589), (367910, 590), (367910, 591), (367910, 592), (367910, 593), (367908, 1), (367908, 2), (367908, 3), (367908, 4), (367908, 5), (367908, 6), (367908, 7), (367908, 8), (367908, 9), (367908, 10), (367908, 11), (367908, 12), (367908, 13), (367908, 14), (367908, 15), (367908, 16), (367908, 17), (367908, 18), (367908, 19), (367908, 20), (367908, 21), (367908, 22), (367908, 23), (367908, 24), (367908, 25), (367908, 26), (367908, 27), (367908, 28), (367908, 29), (367908, 30), (367908, 31), (367908, 32), (367908, 33), (367908, 34), (367908, 35), (367908, 36), (367908, 37), (367908, 38), (367908, 39), (367908, 40), (367908, 41), (367908, 42), (367908, 43), (367908, 44), (367908, 45), (367908, 46), (367908, 47), (367908, 48), (367908, 49), (367908, 50), (367908, 51), (367908, 52), (367908, 53), (367908, 54), (367908, 55), (367908, 56), (367908, 57), (367908, 58), (367908, 59), (367908, 60), (367908, 61), (367908, 62), (367908, 63), (367908, 64), (367908, 65), (367908, 66), (367908, 67), (367908, 68), (367908, 69), (367908, 70), (367908, 71), (367908, 72), (367908, 73), (367908, 74), (367908, 75), (367908, 76), (367908, 77), (367908, 78), (367908, 79), (367908, 80), (367908, 81), (367908, 82), (367908, 83), (367908, 84), (367908, 85), (367908, 86), (367908, 87), (367908, 88), (367908, 89), (367908, 90), (367908, 91), (367908, 92), (367908, 93), (367908, 94), (367908, 95), (367908, 96), (367908, 97), (367908, 98), (367908, 99), (367908, 100), (367908, 101), (367908, 102), (367908, 103), (367908, 104), (367908, 105), (367908, 106), (367908, 107), (367908, 108), (367908, 109), (367908, 110), (367908, 111), (367908, 112), (367908, 113), (367908, 114), (367908, 115), (367908, 116), (367908, 117), (367908, 118), (367908, 119), (367908, 120), (367908, 121), (367908, 122), (367908, 123), (367908, 124), (367908, 125), (367908, 126), (367908, 127), (367908, 128), (367908, 129), (367908, 130), (367908, 131), (367908, 132), (367908, 133), (367908, 134), (367908, 135), (367908, 136), (367908, 137), (367908, 138), (367908, 139), (367908, 140), (367908, 141), (367908, 142), (367908, 143), (367908, 144), (367908, 145), (367908, 146), (367908, 147), (367908, 148), (367908, 149), (367908, 150), (367908, 151), (367908, 152), (367908, 153), (367908, 154), (367908, 155), (367908, 156), (367908, 157), (367908, 158), (367908, 159), (367908, 160), (367908, 161), (367908, 162), (367908, 163), (367908, 164), (367908, 165), (367908, 166), (367908, 167), (367908, 168), (367908, 169), (367908, 170), (367908, 171), (367908, 172), (367908, 173), (367908, 174), (367908, 175), (367908, 176), (367908, 177), (367908, 178), (367908, 179), (367908, 180), (367908, 181), (367908, 182), (367908, 183), (367908, 184), (367908, 185), (367908, 186), (367908, 187), (367908, 188), (367908, 189), (367908, 190), (367908, 191), (367908, 192), (367908, 193), (367908, 194), (367908, 195), (367908, 196), (367908, 197), (367908, 198), (367908, 199), (367908, 200), (367908, 201), (367908, 202), (367908, 203), (367908, 204), (367908, 205), (367908, 206), (367908, 207), (367908, 208), (367908, 209), (367908, 210), (367908, 211), (367908, 212), (367908, 213), (367908, 214), (367908, 215), (367908, 216), (367908, 217), (367908, 218), (367908, 219), (367908, 220), (367908, 221), (367908, 222), (367908, 223), (367908, 224), (367908, 225), (367908, 226), (367908, 227), (367908, 228), (367908, 229), (367908, 230), (367908, 231), (367908, 232), (367908, 233), (367908, 234), (367908, 235), (367908, 236), (367908, 237), (367908, 238), (367908, 239), (367908, 240), (367908, 241), (367908, 242), (367908, 243), (367908, 244), (367908, 245), (367908, 246), (367908, 247), (367908, 248), (367908, 249), (367908, 250), (367908, 251), (367908, 252), (367908, 253), (367908, 254), (367908, 255), (367908, 256), (367908, 257), (367908, 258), (367908, 259), (367908, 260), (367908, 261), (367908, 262), (367908, 263), (367908, 264), (367908, 265), (367908, 266), (367908, 267), (367908, 268), (367908, 269), (367908, 270), (367908, 271), (367908, 272), (367908, 273), (367908, 274), (367908, 275), (367908, 276), (367908, 277), (367908, 278), (367908, 279), (367908, 280), (367908, 281), (367908, 282), (367908, 283), (367908, 284), (367908, 285), (367908, 286), (367908, 287), (367908, 288), (367908, 289), (367908, 290), (367908, 291), (367908, 292), (367908, 293), (367908, 294), (367908, 295), (367908, 296), (367908, 297), (367908, 298), (367908, 299), (367908, 300), (367908, 301), (367908, 302), (367908, 303), (367908, 304), (367908, 305), (367908, 306), (367908, 307), (367908, 308), (367908, 309), (367908, 310), (367908, 311), (367908, 312), (367908, 313), (367908, 314), (367908, 315), (367908, 316), (367908, 317), (367908, 318), (367908, 319), (367908, 320), (367908, 321), (367908, 322), (367908, 323), (367908, 324), (367908, 325), (367908, 326), (367908, 327), (367908, 328), (367908, 329), (367908, 330), (367908, 331), (367908, 332), (367908, 333), (367908, 334), (367908, 335), (367908, 336), (367908, 337), (367908, 338), (367908, 339), (367908, 340), (367908, 341), (367908, 342), (367908, 343), (367908, 344), (367908, 345), (367908, 346), (367908, 347), (367908, 348), (367908, 349), (367908, 350), (367908, 351), (367908, 352), (367908, 353), (367908, 354), (367908, 355), (367908, 356), (367908, 357), (367908, 358), (367907, 1), (367907, 2), (367907, 3), (367907, 4), (367907, 5), (367907, 6), (367907, 7), (367907, 8), (367907, 9), (367907, 10), (367907, 11), (367907, 12), (367907, 13), (367907, 14), (367907, 15), (367907, 16), (367907, 17), (367907, 18), (367907, 19), (367907, 20), (367907, 21), (367907, 22), (367907, 23), (367907, 24), (367907, 25), (367907, 26), (367907, 27), (367907, 28), (367907, 29), (367907, 30), (367907, 31), (367907, 32), (367907, 33), (367907, 34), (367907, 35), (367907, 36), (367907, 37), (367907, 38), (367907, 39), (367907, 40), (367907, 41), (367907, 42), (367907, 43), (367907, 44), (367907, 45), (367907, 46), (367907, 47), (367907, 48), (367907, 49), (367907, 50), (367907, 51), (367907, 52), (367907, 53), (367907, 54), (367907, 55), (367907, 56), (367907, 57), (367907, 58), (367907, 59), (367907, 60), (367907, 61), (367907, 62), (367907, 63), (367907, 64), (367907, 65), (367907, 66), (367907, 67), (367907, 68), (367907, 69), (367907, 70), (367907, 71), (367907, 72), (367907, 73), (367907, 74), (367907, 75), (367907, 76), (367907, 77), (367907, 78), (367907, 79), (367907, 80), (367907, 81), (367907, 82), (367907, 83), (367907, 84), (367907, 85), (367907, 86), (367907, 87), (367907, 88), (367907, 89), (367907, 90), (367907, 91), (367907, 92), (367907, 93), (367907, 94), (367907, 95), (367907, 96), (367907, 97), (367907, 98), (367907, 99), (367907, 100), (367907, 101), (367907, 102), (367907, 103), (367907, 104), (367907, 105), (367907, 106), (367907, 107), (367907, 108), (367907, 109), (367907, 110), (367907, 111), (367907, 112), (367907, 113), (367907, 114), (367907, 115), (367907, 116), (367907, 117), (367907, 118), (367907, 119), (367906, 1), (367906, 2), (367906, 3), (367906, 4), (367906, 5), (367906, 6), (367906, 7), (367906, 8), (367906, 9), (367906, 10), (367906, 11), (367906, 12), (367906, 13), (367906, 14), (367906, 15), (367906, 16), (367906, 17), (367906, 18), (367906, 19), (367906, 20), (367906, 21), (367906, 22), (367906, 23), (367906, 24), (367906, 25), (367906, 26), (367906, 27), (367906, 28), (367906, 29), (367906, 30), (367906, 31), (367906, 32), (367906, 33), (367906, 34), (367906, 35), (367906, 36), (367906, 37), (367906, 38), (367906, 39), (367906, 40), (367906, 41), (367906, 42), (367906, 43), (367906, 44), (367906, 45), (367906, 46), (367906, 47), (367906, 48), (367906, 49), (367906, 50), (367906, 51), (367906, 52), (367906, 53), (367906, 54), (367906, 55), (367906, 56), (367906, 57), (367906, 58), (367906, 59), (367906, 60), (367906, 61), (367906, 62), (367906, 63), (367906, 64), (367906, 65), (367906, 66), (367906, 67), (367906, 68), (367906, 69), (367906, 70), (367906, 71), (367906, 72), (367906, 73), (367906, 74), (367906, 75), (367906, 76), (367906, 77), (367906, 78), (367906, 79), (367906, 80), (367906, 81), (367906, 82), (367906, 83), (367906, 84), (367906, 85), (367906, 86), (367906, 87), (367906, 88), (367906, 89), (367906, 90), (367906, 91), (367906, 92), (367906, 93), (367906, 94), (367906, 95), (367906, 96), (367906, 97), (367906, 98), (367906, 99), (367906, 100), (367906, 101), (367906, 102), (367906, 103), (367906, 104), (367906, 105), (367906, 106), (367906, 107), (367906, 108), (367906, 109), (367906, 110), (367906, 111), (367906, 112), (367906, 113), (367906, 114), (367906, 115), (367906, 116), (367906, 117), (367906, 118), (367906, 119), (367906, 120), (367906, 121), (367906, 122), (367906, 123), (367906, 124), (367906, 125), (367906, 126), (367906, 127), (367906, 128), (367906, 129), (367906, 130), (367906, 131), (367906, 132), (367906, 133), (367906, 134), (367906, 135), (367906, 136), (367906, 137), (367906, 138), (367906, 139), (367906, 140), (367906, 141), (367906, 142), (367906, 143), (367906, 144), (367906, 145), (367906, 146), (367906, 147), (367906, 148), (367906, 149), (367906, 150), (367906, 151), (367906, 152), (367906, 153), (367906, 154), (367906, 155), (367906, 156), (367906, 157), (367906, 158), (367906, 159), (367906, 160), (367906, 161), (367906, 162), (367906, 163), (367906, 164), (367906, 165), (367906, 166), (367906, 167), (367906, 168), (367906, 169), (367906, 170), (367906, 171), (367906, 172), (367906, 173), (367906, 174), (367906, 175), (367906, 176), (367906, 177), (367906, 178), (367906, 179), (367906, 180), (367906, 181), (367906, 182), (367906, 183), (367906, 184), (367906, 185), (367906, 186), (367906, 187), (367906, 188), (367906, 189), (367906, 190), (367906, 191), (367906, 192), (367906, 193), (367906, 194), (367906, 195), (367906, 196), (367906, 197), (367906, 198), (367906, 199), (367906, 200), (367906, 201), (367906, 202), (367906, 203), (367906, 204), (367906, 205), (367906, 206), (367906, 207), (367906, 208), (367906, 209), (367906, 210), (367906, 211), (367906, 212), (367906, 213), (367906, 214), (367906, 215), (367906, 216), (367906, 217), (367906, 218), (367906, 219), (367906, 220), (367906, 221), (367906, 222), (367906, 223), (367906, 224), (367906, 225), (367906, 226), (367906, 227), (367906, 228), (367906, 229), (367906, 230), (367906, 231), (367906, 232), (367906, 233), (367906, 234), (367906, 235), (367906, 236), (367906, 237), (367906, 238), (367906, 239), (367906, 240), (367906, 241), (367906, 242), (367906, 243), (367906, 244), (367906, 245), (367906, 246), (367906, 247), (367906, 248), (367906, 249), (367906, 250), (367906, 251), (367906, 252), (367906, 253), (367906, 254), (367906, 255), (367906, 256), (367906, 257), (367906, 258), (367906, 259), (367906, 260), (367906, 261), (367906, 262), (367906, 263), (367906, 264), (367906, 265), (367906, 266), (367906, 267), (367906, 268), (367906, 269), (367906, 270), (367906, 271), (367906, 272), (367906, 273), (367906, 274), (367906, 275), (367906, 276), (367906, 277), (367906, 278), (367906, 279), (367906, 280), (367906, 281), (367906, 282), (367906, 283), (367906, 284), (367906, 285), (367906, 286), (367906, 287), (367906, 288), (367906, 289), (367906, 290), (367906, 291), (367906, 292), (367906, 293), (367906, 294), (367906, 295), (367906, 296), (367906, 297), (367906, 298), (367906, 299), (367906, 300), (367906, 301), (367906, 302), (367906, 303), (367906, 304), (367906, 305), (367906, 306), (367906, 307), (367906, 308), (367906, 309), (367906, 310), (367906, 311), (367906, 312), (367906, 313), (367906, 314), (367906, 315), (367906, 316), (367906, 317), (367906, 318), (367906, 319), (367906, 320), (367906, 321), (367906, 322), (367906, 323), (367906, 324), (367906, 325), (367906, 326), (367906, 327), (367906, 328), (367906, 329), (367906, 330), (367906, 331), (367906, 332), (367906, 333), (367906, 334), (367906, 335), (367906, 336), (367906, 337), (367906, 338), (367906, 339), (367906, 340), (367906, 341), (367906, 342), (367906, 343), (367906, 344), (367905, 1), (367905, 2), (367905, 3), (367905, 4), (367905, 5), (367905, 6), (367905, 7), (367905, 8), (367905, 9), (367905, 10), (367905, 11), (367905, 12), (367905, 13), (367905, 14), (367905, 15), (367905, 16), (367905, 17), (367905, 18), (367905, 19), (367905, 20), (367905, 21), (367905, 22), (367905, 23), (367905, 24), (367905, 25), (367905, 26), (367905, 27), (367905, 28), (367905, 29), (367905, 30), (367905, 31), (367905, 32), (367905, 33), (367905, 34), (367905, 35), (367905, 36), (367905, 37), (367905, 38), (367905, 39), (367905, 40), (367905, 41), (367905, 42), (367905, 43), (367905, 44), (367905, 45), (367905, 46), (367905, 47), (367905, 48), (367904, 1), (367904, 2), (367904, 3), (367904, 4), (367904, 5), (367904, 6), (367904, 7), (367904, 8), (367904, 9), (367904, 10), (367904, 11), (367904, 12), (367904, 13), (367904, 14), (367904, 15), (367904, 16), (367904, 17), (367904, 18), (367904, 19), (367904, 20), (367904, 21), (367904, 22), (367904, 23), (367904, 24), (367904, 25), (367904, 26), (367904, 27), (367904, 28), (367904, 29), (367904, 30), (367904, 31), (367904, 32), (367904, 33), (367904, 34), (367904, 35), (367904, 36), (367904, 37), (367904, 38), (367904, 39), (367904, 40), (367904, 41), (367904, 42), (367904, 43), (367904, 44), (367904, 45), (367904, 46), (367904, 47), (367904, 48), (367904, 49), (367904, 50), (367904, 51), (367904, 52), (367904, 53), (367904, 54), (367904, 55), (367904, 56), (367904, 57), (367904, 58), (367904, 59), (367904, 60), (367904, 61), (367904, 62), (367904, 63), (367904, 64), (367904, 65), (367904, 66), (367904, 67), (367904, 68), (367904, 69), (367904, 70), (367904, 71), (367904, 72), (367904, 73), (367904, 74), (367904, 75), (367904, 76), (367904, 77), (367904, 78), (367904, 79), (367904, 80), (367904, 81), (367904, 82), (367904, 83), (367904, 84), (367904, 85), (367904, 86), (367904, 87), (367904, 88), (367904, 89), (367904, 90), (367904, 91), (367904, 92), (367904, 93), (367904, 94), (367904, 95), (367904, 96), (367904, 97), (367904, 98), (367904, 99), (367904, 100), (367904, 101), (367904, 102), (367904, 103), (367902, 42), (367902, 43), (367902, 44), (367902, 45), (367902, 46), (367902, 47), (367902, 48), (367902, 49), (367902, 50), (367902, 51), (367902, 52), (367902, 53), (367902, 54), (367902, 55), (367902, 56), (367902, 57), (367902, 58), (367902, 59), (367902, 60), (367902, 61), (367902, 62), (367902, 63), (367902, 64), (367902, 65), (367902, 66), (367902, 67), (367902, 68), (367902, 69), (367902, 70), (367902, 71), (367902, 72), (367902, 73), (367902, 74), (367902, 75), (367902, 76), (367902, 77), (367902, 78), (367902, 79), (367902, 80), (367902, 81), (367902, 82), (367902, 83), (367902, 84), (367902, 85), (367902, 86), (367902, 87), (367902, 88), (367902, 89), (367902, 90), (367902, 91), (367902, 92), (367902, 93), (367902, 94), (367902, 95), (367902, 96), (367902, 97), (367902, 98), (367902, 99), (367902, 100), (367902, 101), (367902, 102), (367902, 103), (367902, 104), (367902, 105), (367902, 106), (367902, 107), (367902, 108), (367902, 109), (367902, 110), (367902, 111), (367902, 112), (367902, 113), (367902, 114), (367902, 115), (367902, 116), (367902, 117), (367902, 118), (367902, 119), (367902, 120), (367902, 121), (367902, 122), (367902, 123), (367902, 124), (367902, 125), (367902, 126), (367902, 127), (367902, 128), (367902, 129), (367902, 130), (367902, 131), (367902, 132), (367902, 133), (367902, 134), (367902, 135), (367902, 136), (367902, 137), (367902, 138), (367902, 139), (367902, 140), (367902, 141), (367902, 142), (367902, 143), (367902, 144), (367902, 145), (367902, 146), (367902, 147), (367902, 148), (367902, 149), (367902, 150), (367902, 151), (367902, 152), (367902, 153), (367902, 154), (367902, 155), (367902, 156), (367902, 157), (367902, 158), (367902, 159), (367902, 160), (367902, 161), (367902, 162), (367902, 163), (367902, 164), (367902, 165), (367902, 166), (367902, 167), (367902, 168), (367902, 169), (367902, 170), (367902, 171), (367902, 172), (367902, 173), (367902, 174), (367902, 175), (367902, 176), (367902, 177), (367902, 178), (367902, 179), (367902, 180), (367902, 181), (367902, 182), (367902, 183), (367902, 184), (367902, 185), (367902, 186), (367902, 187), (367902, 188), (367902, 189), (367902, 190), (367902, 191), (367902, 192), (367902, 193), (367902, 194), (367902, 195), (367902, 196), (367902, 197), (367902, 198), (367902, 199), (367902, 200), (367902, 201), (367902, 202), (367902, 203), (367902, 204), (367902, 205), (367902, 206), (367902, 207), (367902, 208), (367902, 209), (367902, 210), (367902, 211), (367902, 212), (367902, 213), (367902, 214), (367902, 215), (367902, 216), (367902, 217), (367902, 218), (367902, 219), (367902, 220), (367902, 221), (367902, 222), (367902, 223), (367902, 224), (367902, 225), (367902, 226), (367902, 227), (367902, 228), (367902, 229), (367902, 230), (367902, 231), (367902, 232), (367902, 233), (367902, 234), (367902, 235), (367902, 236), (367902, 237), (367902, 238), (367902, 239), (367902, 240), (367902, 241), (367902, 242), (367902, 243), (367902, 244), (367902, 245), (367902, 246), (367902, 247), (367902, 248), (367902, 249), (367902, 250), (367902, 251), (367902, 252), (367902, 253), (367902, 254), (367902, 255), (367902, 256), (367902, 257), (367902, 258), (367902, 259), (367902, 260), (367902, 261), (367902, 262), (367902, 263), (367902, 264), (367902, 265), (367902, 266), (367902, 267), (367902, 268), (367902, 269), (367902, 270), (367902, 271), (367902, 272), (367902, 273), (367884, 1), (367884, 2), (367884, 3), (367884, 4), (367884, 5), (367884, 6), (367884, 7), (367884, 8), (367884, 9), (367884, 10), (367884, 11), (367884, 12), (367884, 13), (367884, 14), (367884, 15), (367884, 16), (367884, 17), (367884, 18), (367884, 19), (367884, 20), (367884, 21), (367884, 22), (367884, 23), (367884, 24), (367884, 25), (367884, 26), (367884, 27), (367884, 28), (367884, 29), (367884, 30), (367884, 31), (367884, 32), (367884, 33), (367884, 34), (367884, 35), (367884, 36), (367884, 37), (367884, 38), (367884, 39), (367884, 40), (367884, 41), (367884, 42), (367884, 43), (367884, 44), (367884, 45), (367884, 46), (367884, 47), (367884, 48), (367884, 49), (367884, 50), (367884, 51), (367884, 52), (367884, 53), (367884, 54), (367884, 55), (367884, 56), (367884, 57), (367884, 58), (367884, 59), (367884, 60), (367884, 61), (367884, 62), (367884, 63), (367884, 64), (367884, 65), (367884, 66), (367884, 67), (367884, 68), (367884, 69), (367884, 70), (367884, 71), (367884, 72), (367884, 73), (367884, 74), (367884, 75), (367884, 76), (367884, 77), (367884, 78), (367884, 79), (367884, 80), (367884, 81), (367884, 82), (367884, 83), (367884, 84), (367884, 85), (367884, 86), (367884, 87), (367884, 88), (367884, 89), (367884, 90), (367884, 91), (367884, 92), (367884, 93), (367884, 94), (367884, 95), (367884, 96), (367884, 97), (367884, 98), (367884, 99), (367884, 100), (367884, 101), (367884, 102), (367884, 103), (367884, 104), (367884, 105), (367884, 106), (367884, 107), (367884, 108), (367884, 109), (367884, 110), (367884, 111), (367884, 112), (367884, 113), (367884, 114), (367884, 115), (367884, 116), (367884, 117), (367884, 118), (367884, 119), (367884, 120), (367884, 121), (367884, 122), (367884, 123), (367884, 124), (367884, 125), (367884, 126), (367884, 127), (367884, 128), (367884, 129), (367884, 130), (367884, 131), (367884, 132), (367884, 133), (367884, 134), (367884, 135), (367884, 136), (367884, 137), (367884, 138), (367884, 139), (367884, 140), (367884, 141), (367884, 142), (367884, 143), (367884, 144), (367884, 145), (367884, 146), (367884, 147), (367884, 148), (367884, 149), (367884, 150), (367884, 151), (367884, 152), (367884, 153), (367884, 154), (367884, 155), (367884, 156), (367884, 157), (367884, 158), (367884, 159), (367884, 160), (367884, 161), (367884, 162), (367884, 163), (367884, 164), (367884, 165), (367884, 166), (367884, 167), (367884, 168), (367884, 169), (367884, 170), (367884, 171), (367884, 172), (367884, 173), (367884, 174), (367884, 175), (367884, 176), (367884, 177), (367884, 178), (367884, 179), (367884, 180), (367884, 181), (367884, 182), (367884, 183), (367884, 184), (367884, 185), (367884, 186), (367884, 187), (367884, 188), (367884, 189), (367884, 190), (367884, 191), (367884, 192), (367884, 193), (367884, 194), (367884, 195), (367884, 196), (367884, 197), (367884, 198), (367884, 199), (367884, 200), (367884, 201), (367884, 202), (367884, 203), (367884, 204), (367884, 205), (367884, 206), (367884, 207), (367884, 208), (367884, 209), (367884, 210), (367884, 211), (367884, 212), (367884, 213), (367884, 214), (367884, 215), (367884, 216), (367884, 217), (367884, 218), (367884, 219), (367884, 220), (367884, 221), (367884, 222), (367884, 223), (367884, 224), (367884, 225), (367884, 226), (367884, 227), (367884, 228), (367884, 229), (367884, 230), (367884, 231), (367884, 232), (367884, 233), (367884, 234), (367884, 235), (367884, 236), (367884, 237), (367884, 238), (367884, 239), (367884, 240), (367884, 241), (367884, 242), (367884, 243), (367884, 244), (367884, 245), (367884, 246), (367884, 247), (367884, 248), (367884, 249), (367884, 250), (367884, 251), (367884, 252), (367884, 253), (367884, 254), (367884, 255), (367884, 256), (367884, 257), (367884, 258), (367884, 259), (367884, 260), (367884, 261), (367884, 262), (367884, 263), (367884, 264), (367884, 265), (367884, 266), (367884, 267), (367884, 268), (367884, 269), (367884, 270), (367884, 271), (367884, 272), (367884, 273), (367884, 274), (367884, 275), (367884, 276), (367884, 277), (367884, 278), (367884, 279), (367884, 280), (367884, 281), (367884, 282), (367884, 283), (367884, 284), (367884, 285), (367884, 286), (367884, 287), (367884, 288), (367884, 289), (367884, 290), (367884, 291), (367884, 292), (367884, 293), (367884, 294), (367884, 295), (367884, 296), (367884, 297), (367884, 298), (367884, 299), (367884, 300), (367884, 301), (367884, 302), (367884, 303), (367884, 304), (367884, 305), (367884, 306), (367884, 307), (367884, 308), (367884, 309), (367884, 310), (367884, 311), (367884, 312), (367884, 313), (367884, 314), (367884, 315), (367884, 316), (367884, 317), (367884, 318), (367884, 319), (367884, 320), (367884, 321), (367884, 322), (367884, 323), (367884, 324), (367884, 325), (367884, 326), (367884, 327), (367884, 328), (367884, 329), (367884, 330), (367884, 331), (367884, 332), (367884, 333), (367884, 334), (367884, 335), (367884, 336), (367884, 337), (367884, 338), (367884, 339), (367884, 340), (367884, 341), (367884, 342), (367884, 343), (367884, 344), (367884, 345), (367884, 346), (367884, 347), (367884, 348), (367884, 349), (367884, 350), (367884, 351), (367884, 352), (367884, 353), (367884, 354), (367884, 355), (367884, 356), (367884, 357), (367884, 358), (367884, 359), (367884, 360), (367884, 361), (367884, 362), (367884, 363), (367884, 364), (367884, 365), (367884, 366), (367884, 367), (367884, 368), (367884, 369), (367884, 370), (367884, 371), (367884, 372), (367884, 373), (367884, 374), (367884, 375), (367884, 376), (367884, 377), (367884, 378), (367884, 379), (367884, 380), (367884, 381), (367884, 382), (367884, 383), (367884, 384), (367884, 385), (367884, 386), (367884, 387), (367884, 388), (367884, 389), (367884, 390), (367884, 391), (367884, 392), (367884, 393), (367884, 394), (367884, 395), (367884, 396), (367884, 397), (367884, 398), (367884, 399), (367884, 400), (367884, 401), (367884, 402), (367884, 403), (367884, 404), (367884, 405), (367884, 406), (367884, 407), (367884, 408), (367884, 409), (367884, 410), (367884, 411), (367884, 412), (367884, 413), (367884, 414), (367884, 415), (367884, 416), (367884, 417), (367884, 418), (367884, 419), (367884, 420), (367884, 421), (367884, 422), (367884, 423), (367884, 424), (367884, 425), (367884, 426), (367884, 427), (367884, 428), (367884, 429), (367884, 430), (367884, 431), (367884, 432), (367884, 433), (367884, 434), (367884, 435), (367884, 436), (367884, 437), (367884, 438), (367884, 439), (367884, 440), (367884, 441), (367884, 442), (367884, 443), (367884, 444), (367884, 445), (367884, 446), (367884, 447), (367884, 448), (367884, 449), (367884, 450), (367884, 451), (367884, 452), (367884, 453), (367884, 454), (367884, 455), (367884, 456), (367884, 457), (367884, 458), (367884, 459), (367884, 460), (367884, 461), (367884, 462), (367884, 463), (367884, 464), (367884, 465), (367884, 466), (367884, 467), (367884, 468), (367884, 469), (367884, 470), (367884, 471), (367884, 472), (367884, 473), (367884, 474), (367884, 475), (367884, 476), (367884, 477), (367884, 478), (367884, 479), (367884, 480), (367884, 481), (367884, 482), (367884, 483), (367884, 484), (367884, 485), (367884, 486), (367884, 487), (367884, 488), (367884, 489), (367884, 490), (367884, 491), (367884, 492), (367884, 493), (367884, 494), (367884, 495), (367884, 496), (367884, 497), (367884, 498), (367884, 499), (367884, 500), (367884, 501), (367884, 502), (367884, 503), (367884, 504), (367884, 505), (367884, 506), (367884, 507), (367884, 508), (367884, 509), (367884, 510), (367884, 511), (367884, 512), (367884, 513), (367884, 514), (367884, 515), (367884, 516), (367884, 517), (367884, 518), (367884, 519), (367884, 520), (367884, 521), (367884, 522), (367884, 523), (367884, 524), (367884, 525), (367884, 526), (367884, 527), (367884, 528), (367884, 529), (367884, 530), (367884, 531), (367884, 532), (367884, 533), (367884, 534), (367884, 535), (367884, 536), (367884, 537), (367884, 538), (367884, 539), (367884, 540), (367884, 541), (367884, 542), (367884, 543), (367884, 544), (367884, 545), (367884, 546), (367884, 547), (367884, 548), (367884, 549), (367884, 550), (367884, 551), (367884, 552), (367884, 553), (367884, 554), (367884, 555), (367884, 556), (367884, 557), (367884, 558), (367884, 559), (367884, 560), (367884, 561), (367884, 562), (367884, 563), (367884, 564), (367884, 565), (367884, 566), (367884, 567), (367884, 568), (367884, 569), (367884, 570), (367884, 571), (367884, 572), (367884, 573), (367884, 574), (367884, 575), (367884, 576), (367884, 577), (367884, 578), (367884, 579), (367884, 580), (367884, 581), (367884, 582), (367884, 583), (367884, 584), (367884, 585), (367884, 586), (367884, 587), (367884, 588), (367884, 589), (367884, 590), (367884, 591), (367884, 592), (367884, 593), (367884, 594), (367884, 595), (367884, 596), (367884, 597), (367884, 598), (367884, 599), (367884, 600), (367884, 601), (367884, 602), (367884, 603), (367884, 604), (367884, 605), (367884, 606), (367884, 607), (367884, 608), (367884, 609), (367884, 610), (367884, 611), (367884, 612), (367884, 613), (367884, 614), (367884, 615), (367884, 616), (367884, 617), (367884, 618), (367884, 619), (367884, 620), (367884, 621), (367884, 622), (367884, 623), (367884, 624), (367884, 625), (367884, 626), (367884, 627), (367884, 628), (367884, 629), (367884, 630), (367884, 631), (367884, 632), (367884, 633), (367884, 634), (367884, 635), (367884, 636), (367884, 637), (367884, 638), (367884, 639), (367884, 640), (367884, 641), (367884, 642), (367884, 643), (367884, 644), (367884, 645), (367884, 646), (367884, 647), (367884, 648), (367884, 649), (367884, 650), (367884, 651), (367884, 652), (367884, 653), (367884, 654), (367884, 655), (367884, 656), (367884, 657), (367884, 658), (367884, 659), (367884, 660), (367884, 661), (367884, 662), (367884, 663), (367884, 664), (367884, 665), (367884, 666), (367884, 667), (367884, 668), (367884, 669), (367884, 670), (367884, 671), (367884, 672), (367884, 673), (367884, 674), (367884, 675), (367884, 676), (367884, 677), (367884, 678), (367884, 679), (367884, 680), (367884, 681), (367884, 682), (367884, 683), (367884, 684), (367884, 685), (367884, 686), (367884, 687), (367884, 688), (367884, 689), (367884, 690), (367884, 691), (367884, 692), (367884, 693), (367884, 694), (367884, 695), (367884, 696), (367884, 697), (367884, 698), (367884, 699), (367884, 700), (367884, 701), (367884, 702), (367884, 703), (367884, 704), (367884, 705), (367884, 706), (367884, 707), (367884, 708), (367884, 709), (367884, 710), (367884, 711), (367884, 712), (367884, 713), (367884, 714), (367884, 715), (367884, 716), (367884, 717), (367884, 718), (367884, 719), (367884, 720), (367884, 721), (367884, 722), (367884, 723), (367884, 724), (367884, 725), (367884, 726), (367884, 727), (367884, 728), (367884, 729), (367884, 730), (367884, 731), (367884, 732), (367884, 733), (367884, 734), (367884, 735), (367884, 736), (367884, 737), (367884, 738), (367884, 739), (367884, 740), (367884, 741), (367884, 742), (367884, 743), (367884, 744), (367884, 745), (367884, 746), (367884, 747), (367884, 748), (367884, 749), (367884, 750), (367884, 751), (367884, 752), (367884, 753), (367884, 754), (367884, 755), (367884, 756), (367884, 757), (367884, 758), (367884, 759), (367884, 760), (367884, 761), (367884, 762), (367884, 763), (367884, 764), (367884, 765), (367884, 766), (367884, 767), (367884, 768), (367884, 769), (367884, 770), (367884, 771), (367884, 772), (367884, 773), (367884, 774), (367884, 775), (367884, 776), (367884, 777), (367884, 778), (367884, 779), (367884, 780), (367884, 781), (367884, 782), (367884, 783), (367884, 784), (367884, 785), (367884, 786), (367884, 787), (367884, 788), (367884, 789), (367884, 790), (367884, 791), (367884, 792), (367884, 793), (367884, 794), (367884, 795), (367884, 796), (367884, 797), (367884, 798), (367884, 799), (367884, 800), (367884, 801), (367884, 802), (367884, 803), (367884, 804), (367884, 805), (367884, 806), (367884, 807), (367884, 808), (367884, 809), (367884, 810), (367884, 811), (367884, 812), (367884, 813), (367884, 814), (367884, 815), (367884, 816), (367884, 817), (367884, 818), (367884, 819), (367884, 820), (367884, 821), (367884, 822), (367884, 823), (367884, 824), (367884, 825), (367884, 826), (367884, 827), (367884, 828), (367884, 829), (367884, 830), (367884, 831), (367884, 832), (367884, 833), (367884, 834), (367884, 835), (367884, 836), (367884, 837), (367884, 838), (367884, 839), (367884, 840), (367884, 841), (367884, 842), (367884, 843), (367884, 844), (367884, 845), (367884, 846), (367884, 847), (367884, 848), (367884, 849), (367884, 850), (367884, 851), (367884, 852), (367884, 853), (367884, 854), (367884, 855), (367884, 856), (367884, 857), (367884, 858), (367884, 859), (367884, 860), (367884, 861), (367884, 862), (367884, 863), (367884, 864), (367884, 865), (367884, 866), (367884, 867), (367884, 868), (367884, 869), (367884, 870), (367884, 871), (367884, 872), (367884, 873), (367884, 874), (367884, 875), (367884, 876), (367884, 877), (367884, 878), (367884, 879), (367884, 880), (367884, 881), (367884, 882), (367884, 883), (367884, 884), (367884, 885), (367884, 886), (367884, 887), (367884, 888), (367884, 889), (367884, 890), (367884, 891), (367884, 892), (367884, 893), (367884, 894), (367884, 895), (367884, 896), (367884, 897), (367884, 898), (367884, 899), (367884, 900), (367884, 901), (367884, 902), (367884, 903), (367884, 904), (367884, 905), (367884, 906), (367884, 907), (367884, 908), (367884, 909), (367884, 910), (367884, 911), (367884, 912), (367884, 913), (367884, 914), (367884, 915), (367884, 916), (367884, 917), (367884, 918), (367884, 919), (367884, 920), (367884, 921), (367884, 922), (367884, 923), (367884, 924), (367884, 925), (367884, 926), (367884, 927), (367884, 928), (367884, 929), (367884, 930), (367884, 931), (367884, 932), (367884, 933), (367884, 934), (367884, 935), (367884, 936), (367884, 937), (367884, 938), (367884, 939), (367884, 940), (367884, 941), (367884, 942), (367884, 943), (367884, 944), (367884, 945), (367884, 946), (367884, 947), (367884, 948), (367884, 949), (367884, 950), (367884, 951), (367884, 952), (367884, 953), (367884, 954), (367884, 955), (367884, 956), (367884, 957), (367884, 958), (367884, 959), (367884, 960), (367884, 961), (367884, 962), (367884, 963), (367884, 964), (367884, 965), (367884, 966), (367884, 967), (367884, 968), (367884, 969), (367884, 970), (367884, 971), (367884, 972), (367884, 973), (367884, 974), (367884, 975), (367884, 976), (367884, 977), (367884, 978), (367884, 979), (367884, 980), (367884, 981), (367884, 982), (367884, 983), (367884, 984), (367884, 985), (367884, 986), (367884, 987), (367884, 988), (367884, 989), (367884, 990), (367884, 991), (367884, 992), (367884, 993), (367884, 994), (367884, 995), (367884, 996), (367884, 997), (367884, 998), (367884, 999), (367884, 1000), (367884, 1001), (367884, 1002), (367884, 1003), (367884, 1004), (367884, 1005), (367884, 1006), (367884, 1007), (367884, 1008), (367884, 1009), (367884, 1010), (367884, 1011), (367883, 1), (367883, 2), (367883, 3), (367883, 4), (367883, 5), (367883, 6), (367883, 7), (367883, 8), (367883, 9), (367883, 10), (367883, 11), (367883, 12), (367883, 13), (367883, 14), (367883, 15), (367883, 16), (367883, 17), (367883, 18), (367883, 19), (367883, 20), (367883, 21), (367883, 22), (367883, 23), (367883, 24), (367883, 25), (367883, 26), (367883, 27), (367883, 28), (367883, 29), (367883, 30), (367883, 31), (367883, 32), (367883, 33), (367883, 34), (367883, 35), (367883, 36), (367883, 37), (367883, 38), (367883, 39), (367883, 40), (367883, 41), (367883, 42), (367883, 43), (367883, 44), (367883, 45), (367883, 46), (367883, 47), (367883, 48), (367883, 49), (367883, 50), (367883, 51), (367883, 52), (367883, 53), (367883, 54), (367883, 55), (367883, 56), (367883, 57), (367883, 58), (367883, 59), (367883, 60), (367883, 61), (367883, 62), (367883, 63), (367883, 64), (367883, 65), (367883, 66), (367883, 67), (367883, 68), (367883, 69), (367883, 70), (367883, 71), (367883, 72), (367883, 73), (367883, 74), (367883, 75), (367883, 76), (367883, 77), (367883, 78), (367883, 79), (367883, 80), (367883, 81), (367883, 82), (367883, 83), (367883, 84), (367883, 85), (367883, 86), (367883, 87), (367883, 88), (367883, 89), (367883, 90), (367883, 91), (367883, 92), (367883, 93), (367883, 94), (367883, 95), (367883, 96), (367883, 97), (367883, 98), (367883, 99), (367883, 100), (367883, 101), (367883, 102), (367883, 103), (367883, 104), (367883, 105), (367883, 106), (367883, 107), (367883, 108), (367883, 109), (367883, 110), (367883, 111), (367883, 112), (367883, 113), (367883, 114), (367883, 115), (367883, 116), (367883, 117), (367883, 118), (367883, 119), (367883, 120), (367883, 121), (367883, 122), (367883, 123), (367883, 124), (367883, 125), (367883, 126), (367883, 127), (367883, 128), (367883, 129), (367883, 130), (367883, 131), (367883, 132), (367883, 133), (367883, 134), (367883, 135), (367883, 136), (367883, 137), (367883, 138), (367883, 139), (367883, 140), (367883, 141), (367883, 142), (367883, 143), (367883, 144), (367883, 145), (367883, 146), (367883, 147), (367883, 148), (367883, 149), (367883, 150), (367883, 151), (367883, 152), (367883, 153), (367883, 154), (367883, 155), (367883, 156), (367883, 157), (367883, 158), (367883, 159), (367883, 160), (367883, 161), (367883, 162), (367883, 163), (367883, 164), (367883, 165), (367883, 166), (367883, 167), (367883, 168), (367883, 169), (367883, 170), (367883, 171), (367883, 172), (367883, 173), (367883, 174), (367883, 175), (367883, 176), (367883, 177), (367883, 178), (367883, 179), (367883, 180), (367883, 181), (367883, 182), (367883, 183), (367883, 184), (367883, 185), (367883, 186), (367883, 187), (367883, 188), (367883, 189), (367883, 190), (367883, 191), (367883, 192), (367883, 193), (367883, 194), (367883, 195), (367883, 196), (367883, 197), (367883, 198), (367883, 199), (367883, 200), (367883, 201), (367883, 202), (367883, 203), (367883, 204), (367883, 205), (367883, 206), (367883, 207), (367883, 208), (367883, 209), (367883, 210), (367883, 211), (367883, 212), (367883, 213), (367883, 214), (367883, 215), (367883, 216), (367883, 217), (367883, 218), (367883, 219), (367883, 220), (367883, 221), (367883, 222), (367883, 223), (367883, 224), (367883, 225), (367883, 226), (367883, 227), (367883, 228), (367883, 229), (367883, 230), (367883, 231), (367883, 232), (367883, 233), (367883, 234), (367883, 235), (367883, 236), (367883, 237), (367883, 238), (367883, 239), (367883, 240), (367883, 241), (367883, 242), (367883, 243), (367883, 244), (367883, 245), (367883, 246), (367883, 247), (367883, 248), (367883, 249), (367883, 250), (367883, 251), (367883, 252), (367883, 253), (367883, 254), (367883, 255), (367883, 256), (367883, 257), (367883, 258), (367883, 259), (367883, 260), (367883, 261), (367883, 262), (367883, 263), (367883, 264), (367883, 265), (367883, 266), (367883, 267), (367883, 268), (367883, 269), (367883, 270), (367883, 271), (367883, 272), (367883, 273), (367883, 274), (367883, 275), (367883, 276), (367883, 277), (367883, 278), (367883, 279), (367883, 280), (367883, 281), (367883, 282), (367883, 283), (367883, 284), (367883, 285), (367883, 286), (367883, 287), (367883, 288), (367883, 289), (367883, 290), (367883, 291), (367883, 292), (367883, 293), (367883, 294), (367883, 295), (367883, 296), (367883, 297), (367883, 298), (367883, 299), (367883, 300), (367883, 301), (367883, 302), (367883, 303), (367883, 304), (367883, 305), (367883, 306), (367883, 307), (367883, 308), (367883, 309), (367883, 310), (367883, 311), (367883, 312), (367883, 313), (367883, 314), (367883, 315), (367883, 316), (367883, 317), (367883, 318), (367883, 319), (367883, 320), (367883, 321), (367883, 322), (367883, 323), (367883, 324), (367883, 325), (367883, 326), (367883, 327), (367883, 328), (367883, 329), (367883, 330), (367883, 331), (367883, 332), (367883, 333), (367883, 334), (367883, 335), (367883, 336), (367883, 337), (367883, 338), (367883, 339), (367883, 340), (367883, 341), (367883, 342), (367883, 343), (367883, 344), (367883, 345), (367883, 346), (367883, 347), (367883, 348), (367883, 349), (367883, 350), (367883, 351), (367883, 352), (367883, 353), (367883, 354), (367883, 355), (367883, 356), (367883, 357), (367883, 358), (367883, 359), (367883, 360), (367883, 361), (367883, 362), (367883, 363), (367883, 364), (367883, 365), (367883, 366), (367883, 367), (367883, 368), (367883, 369), (367883, 370), (367883, 371), (367883, 372), (367883, 373), (367883, 374), (367883, 375), (367883, 376), (367883, 377), (367883, 378), (367883, 379), (367883, 380), (367883, 381), (367883, 382), (367883, 383), (367883, 384), (367883, 385), (367883, 386), (367883, 387), (367883, 388), (367883, 389), (367883, 390), (367883, 391), (367883, 392), (367883, 393), (367883, 394), (367883, 395), (367883, 396), (367883, 397), (367883, 398), (367883, 399), (367883, 400), (367883, 401), (367883, 402), (367883, 403), (367883, 404), (367883, 405), (367883, 406), (367883, 407), (367883, 408), (367883, 409), (367883, 410), (367883, 411), (367883, 412), (367883, 413), (367883, 414), (367883, 415), (367883, 416), (367883, 417), (367883, 418), (367883, 419), (367883, 420), (367883, 421), (367883, 422), (367883, 423), (367883, 424), (367883, 425), (367883, 426), (367883, 427), (367883, 428), (367883, 429), (367883, 430), (367883, 431), (367883, 432), (367883, 433), (367883, 434), (367883, 435), (367883, 436), (367883, 437), (367883, 438), (367883, 439), (367883, 440), (367883, 441), (367883, 442), (367883, 443), (367883, 444), (367883, 445), (367883, 446), (367883, 447), (367883, 448), (367883, 449), (367883, 450), (367883, 451), (367883, 452), (367883, 453), (367883, 454), (367883, 455), (367883, 456), (367883, 457), (367883, 458), (367883, 459), (367883, 460), (367883, 461), (367883, 462), (367883, 463), (367883, 464), (367883, 465), (367883, 466), (367883, 467), (367883, 468), (367883, 469), (367883, 470), (367883, 471), (367883, 472), (367883, 473), (367883, 474), (367883, 475), (367883, 476), (367883, 477), (367883, 478), (367883, 479), (367883, 480), (367883, 481), (367883, 482), (367883, 483), (367883, 484), (367883, 485), (367883, 486), (367883, 487), (367883, 488), (367883, 489), (367883, 490), (367883, 491), (367883, 492), (367883, 493), (367883, 494), (367883, 495), (367883, 496), (367883, 497), (367883, 498), (367883, 499), (367883, 500), (367883, 501), (367883, 502), (367883, 503), (367883, 504), (367883, 505), (367883, 506), (367883, 507), (367883, 508), (367883, 509), (367883, 510), (367883, 511), (367883, 512), (367883, 513), (367883, 514), (367883, 515), (367883, 516), (367883, 517), (367883, 518), (367883, 519), (367883, 520), (367883, 521), (367883, 522), (367883, 523), (367883, 524), (367883, 525), (367883, 526), (367883, 527), (367883, 528), (367883, 529), (367883, 530), (367883, 531), (367883, 532), (367883, 533), (367883, 534), (367883, 535), (367883, 536), (367883, 537), (367883, 538), (367883, 539), (367883, 540), (367883, 541), (367883, 542), (367883, 543), (367883, 544), (367883, 545), (367883, 546), (367883, 547), (367883, 548), (367883, 549), (367883, 550), (367883, 551), (367883, 552), (367883, 553), (367883, 554), (367883, 555), (367883, 556), (367883, 557), (367883, 558), (367883, 559), (367883, 560), (367883, 561), (367883, 562), (367883, 563), (367883, 564), (367883, 565), (367883, 566), (367883, 567), (367883, 568), (367883, 569), (367883, 570), (367883, 571), (367883, 572), (367883, 573), (367883, 574), (367883, 575), (367883, 576), (367883, 577), (367883, 578), (367883, 579), (367883, 580), (367883, 581), (367883, 582), (367883, 583), (367883, 584), (367883, 585), (367883, 586), (367883, 587), (367883, 588), (367883, 589), (367883, 590), (367883, 591), (367883, 592), (367883, 593), (367883, 594), (367883, 595), (367883, 596), (367883, 597), (367883, 598), (367883, 599), (367883, 600), (367883, 601), (367883, 602), (367883, 603), (367883, 604), (367883, 605), (367883, 606), (367883, 607), (367883, 608), (367883, 609), (367883, 610), (367883, 611), (367883, 612), (367883, 613), (367883, 614), (367883, 615), (367883, 616), (367883, 617), (367883, 618), (367883, 619), (367883, 620), (367883, 621), (367883, 622), (367883, 623), (367883, 624), (367883, 625), (367883, 626), (367883, 627), (367883, 628), (367883, 629), (367883, 630), (367883, 631), (367883, 632), (367883, 633), (367883, 634), (367883, 635), (367883, 636), (367883, 637), (367883, 638), (367883, 639), (367883, 640), (367883, 641), (367883, 642), (367883, 643), (367883, 644), (367883, 645), (367883, 646), (367883, 647), (367883, 648), (367883, 649), (367883, 650), (367883, 651), (367883, 652), (367883, 653), (367883, 654), (367883, 655), (367883, 656), (367883, 657), (367883, 658), (367883, 659), (367883, 660), (367883, 661), (367883, 662), (367883, 663), (367883, 664), (367883, 665), (367883, 666), (367883, 667), (367883, 668), (367883, 669), (367883, 670), (367883, 671), (367883, 672), (367883, 673), (367883, 674), (367883, 675), (367883, 676), (367883, 677), (367883, 678), (367883, 679), (367883, 680), (367883, 681), (367883, 682), (367883, 683), (367883, 684), (367883, 685), (367883, 686), (367883, 687), (367883, 688), (367883, 689), (367883, 690), (367883, 691), (367883, 692), (367883, 693), (367883, 694), (367883, 695), (367883, 696), (367883, 697), (367883, 698), (367883, 699), (367883, 700), (367883, 701), (367883, 702), (367883, 703), (367883, 704), (367883, 705), (367883, 706), (367883, 707), (367883, 708), (367883, 709), (367883, 710), (367883, 711), (367883, 712), (367883, 713), (367883, 714), (367883, 715), (367883, 716), (367883, 717), (367883, 718), (367883, 719), (367883, 720), (367883, 721), (367883, 722), (367883, 723), (367883, 724), (367883, 725), (367883, 726), (367883, 727), (367883, 728), (367883, 729), (367883, 730), (367883, 731), (367883, 732), (367883, 733), (367883, 734), (367883, 735), (367883, 736), (367883, 737), (367883, 738), (367883, 739), (367883, 740), (367883, 741), (367883, 742), (367883, 743), (367883, 744), (367883, 745), (367883, 746), (367883, 747), (367883, 748), (367883, 749), (367883, 750), (367883, 751), (367883, 752), (367883, 753), (367883, 754), (367883, 755), (367883, 756), (367883, 757), (367883, 758), (367883, 759), (367883, 760), (367883, 761), (367883, 762), (367883, 763), (367883, 764), (367883, 765), (367883, 766), (367883, 767), (367883, 768), (367883, 769), (367883, 770), (367883, 771), (367883, 772), (367883, 773), (367883, 774), (367883, 775), (367883, 776), (367883, 777), (367883, 778), (367883, 779), (367883, 780), (367883, 781), (367883, 782), (367883, 783), (367883, 784), (367883, 785), (367883, 786), (367883, 787), (367883, 788), (367883, 789), (367883, 790), (367883, 791), (367883, 792), (367883, 793), (367883, 794), (367883, 795), (367883, 796), (367883, 797), (367883, 798), (367883, 799), (367883, 800), (367883, 801), (367883, 802), (367883, 803), (367883, 804), (367883, 805), (367883, 806), (367883, 807), (367883, 808), (367883, 809), (367883, 810), (367883, 811), (367883, 812), (367883, 813), (367883, 814), (367883, 815), (367883, 816), (367883, 817), (367883, 818), (367883, 819), (367883, 820), (367883, 821), (367883, 822), (367883, 823), (367883, 824), (367883, 825), (367883, 826), (367883, 827), (367883, 828), (367883, 829), (367883, 830), (367883, 831), (367883, 832), (367883, 833), (367883, 834), (367883, 835), (367883, 836), (367883, 837), (367883, 838), (367883, 839), (367883, 840), (367883, 841), (367883, 842), (367883, 843), (367883, 844), (367883, 845), (367883, 846), (367883, 847), (367883, 848), (367883, 849), (367883, 850), (367883, 851), (367883, 852), (367883, 853), (367883, 854), (367883, 855), (367883, 856), (367883, 857), (367883, 858), (367883, 859), (367883, 860), (367883, 861), (367883, 862), (367883, 863), (367883, 864), (367883, 865), (367883, 866), (367883, 867), (367883, 868), (367883, 869), (367883, 870), (367883, 871), (367883, 872), (367883, 873), (367883, 874), (367883, 875), (367883, 876), (367883, 877), (367883, 878), (367883, 879), (367883, 880), (367883, 881), (367883, 882), (367883, 883), (367883, 884), (367883, 885), (367883, 886), (367883, 887), (367883, 888), (367883, 889), (367883, 890), (367883, 891), (367883, 892), (367883, 893), (367883, 894), (367883, 895), (367883, 896), (367883, 897), (367883, 898), (367883, 899), (367883, 900), (367883, 901), (367883, 902), (367883, 903), (367883, 904), (367883, 905), (367883, 906), (367883, 907), (367883, 908), (367883, 909), (367883, 910), (367883, 911), (367883, 912), (367883, 913), (367883, 914), (367883, 915), (367883, 916), (367883, 917), (367883, 918), (367883, 919), (367883, 920), (367883, 921), (367883, 922), (367883, 923), (367883, 924), (367883, 925), (367883, 926), (367883, 927), (367883, 928), (367883, 929), (367883, 930), (367883, 931), (367883, 932), (367883, 933), (367883, 934), (367883, 935), (367883, 936), (367883, 937), (367883, 938), (367883, 939), (367883, 940), (367883, 941), (367883, 942), (367883, 943), (367883, 944), (367883, 945), (367883, 946), (367883, 947), (367883, 948), (367883, 949), (367883, 950), (367883, 951), (367883, 952), (367883, 953), (367883, 954), (367883, 955), (367883, 956), (367883, 957), (367883, 958), (367883, 959), (367883, 960), (367883, 961), (367883, 962), (367883, 963), (367883, 964), (367883, 965), (367883, 966), (367883, 967), (367883, 968), (367883, 969), (367883, 970), (367883, 971), (367883, 972), (367883, 973), (367883, 974), (367883, 975), (367883, 976), (367883, 977), (367883, 978), (367883, 979), (367883, 980), (367883, 981), (367883, 982), (367883, 983), (367883, 984), (367883, 985), (367883, 986), (367883, 987), (367883, 988), (367883, 989), (367883, 990), (367883, 991), (367883, 992), (367883, 993), (367883, 994), (367883, 995), (367883, 996), (367883, 997), (367883, 998), (367883, 999), (367883, 1000), (367883, 1001), (367883, 1002), (367883, 1003), (367883, 1004), (367883, 1005), (367883, 1006), (367883, 1007), (367883, 1008), (367883, 1009), (367883, 1010), (367883, 1011), (367883, 1012), (367883, 1013), (367883, 1014), (367883, 1015), (367883, 1016), (367883, 1017), (367883, 1018), (367883, 1019), (367883, 1020), (367883, 1021), (367883, 1022), (367883, 1023), (367883, 1024), (367883, 1025), (367883, 1026), (367883, 1027), (367883, 1028), (367883, 1029), (367883, 1030), (367883, 1031), (367883, 1032), (367883, 1033), (367883, 1034), (367883, 1035), (367883, 1036), (367883, 1037), (367883, 1038), (367883, 1039), (367883, 1040), (367883, 1041), (367883, 1042), (367883, 1043), (367883, 1044), (367883, 1045), (367883, 1046), (367883, 1047), (367883, 1048), (367883, 1049), (367883, 1050), (367840, 1), (367840, 2), (367840, 3), (367840, 4), (367840, 5), (367840, 6), (367840, 7), (367840, 8), (367840, 9), (367840, 10), (367840, 11), (367840, 12), (367840, 13), (367840, 14), (367840, 15), (367840, 16), (367840, 17), (367840, 18), (367840, 19), (367840, 20), (367840, 21), (367840, 22), (367840, 23), (367840, 24), (367840, 25), (367840, 26), (367840, 27), (367840, 28), (367840, 29), (367840, 30), (367840, 31), (367840, 32), (367840, 33), (367840, 34), (367840, 35), (367840, 36), (367840, 37), (367840, 38), (367840, 39), (367840, 40), (367840, 41), (367840, 42), (367840, 43), (367840, 44), (367840, 45), (367840, 46), (367840, 47), (367840, 48), (367840, 49), (367840, 50), (367840, 51), (367840, 52), (367840, 53), (367840, 54), (367840, 55), (367840, 56), (367840, 57), (367840, 58), (367840, 59), (367840, 60), (367840, 61), (367840, 62), (367840, 63), (367840, 64), (367840, 65), (367840, 66), (367840, 67), (367840, 68), (367840, 69), (367840, 70), (367840, 71), (367840, 72), (367840, 73), (367840, 74), (367840, 75), (367840, 76), (367840, 77), (367840, 78), (367840, 79), (367840, 80), (367840, 81), (367840, 82), (367840, 83), (367840, 84), (367840, 85), (367840, 86), (367840, 87), (367840, 88), (367840, 89), (367840, 90), (367840, 91), (367840, 92), (367840, 93), (367840, 94), (367840, 95), (367840, 96), (367840, 97), (367840, 98), (367840, 99), (367840, 100), (367840, 101), (367840, 102), (367840, 103), (367840, 104), (367840, 105), (367840, 106), (367840, 107), (367840, 108), (367840, 109), (367840, 110), (367840, 111), (367840, 112), (367840, 113), (367840, 114), (367840, 115), (367840, 116), (367840, 117), (367840, 118), (367840, 119), (367840, 120), (367840, 121), (367840, 122), (367840, 123), (367840, 124), (367840, 125), (367840, 126), (367840, 127), (367840, 128), (367840, 129), (367840, 130), (367840, 131), (367840, 132), (367840, 133), (367840, 134), (367840, 135), (367840, 136), (367840, 137), (367840, 138), (367840, 139), (367840, 140), (367840, 141), (367840, 142), (367840, 143), (367840, 144), (367840, 145), (367840, 146), (367840, 147), (367840, 148), (367840, 149), (367840, 150), (367840, 151), (367840, 152), (367840, 153), (367840, 154), (367840, 155), (367840, 156), (367840, 157), (367840, 158), (367840, 159), (367840, 160), (367840, 161), (367840, 162), (367840, 163), (367840, 164), (367840, 165), (367840, 166), (367840, 167), (367840, 168), (367840, 169), (367840, 170), (367840, 171), (367840, 172), (367840, 173), (367840, 174), (367840, 175), (367840, 176), (367840, 177), (367840, 178), (367840, 179), (367840, 180), (367840, 181), (367840, 182), (367840, 183), (367840, 184), (367840, 185), (367840, 186), (367840, 187), (367840, 188), (367840, 189), (367840, 190), (367840, 191), (367840, 192), (367840, 193), (367840, 194), (367840, 195), (367840, 196), (367840, 197), (367840, 198), (367840, 199), (367840, 200), (367840, 201), (367840, 202), (367840, 203), (367840, 204), (367840, 205), (367840, 206), (367840, 207), (367840, 208), (367840, 209), (367840, 210), (367840, 211), (367840, 212), (367840, 213), (367840, 214), (367840, 215), (367840, 216), (367840, 217), (367840, 218), (367840, 219), (367840, 220), (367840, 221), (367840, 222), (367840, 223), (367840, 224), (367840, 225), (367840, 226), (367840, 227), (367840, 228), (367840, 229), (367840, 230), (367840, 231), (367840, 232), (367840, 233), (367840, 234), (367840, 235), (367840, 236), (367840, 237), (367840, 238), (367840, 239), (367840, 240), (367840, 241), (367840, 242), (367840, 243), (367840, 244), (367840, 245), (367840, 246), (367840, 247), (367840, 248), (367840, 249), (367840, 250), (367840, 251), (367840, 252), (367840, 253), (367840, 254), (367840, 255), (367840, 256), (367840, 257), (367840, 258), (367840, 259), (367840, 260), (367840, 261), (367840, 262), (367840, 263), (367840, 264), (367840, 265), (367840, 266), (367840, 267), (367840, 268), (367840, 269), (367840, 270), (367840, 271), (367840, 272), (367840, 273), (367840, 274), (367840, 275), (367840, 276), (367840, 277), (367840, 278), (367840, 279), (367840, 280), (367840, 281), (367840, 282), (367840, 283), (367840, 284), (367840, 285), (367840, 286), (367840, 287), (367840, 288), (367840, 289), (367840, 290), (367840, 291), (367840, 292), (367840, 293), (367840, 294), (367840, 295), (367840, 296), (367840, 297), (367840, 298), (367840, 299), (367840, 300), (367840, 301), (367840, 302), (367840, 303), (367840, 304), (367840, 305), (367840, 306), (367840, 307), (367840, 308), (367840, 309), (367840, 310), (367840, 311), (367840, 312), (367840, 313), (367840, 314), (367840, 315), (367840, 316), (367840, 317), (367840, 318), (367840, 319), (367840, 320), (367840, 321), (367840, 322), (367840, 323), (367840, 324), (367840, 325), (367840, 326), (367840, 327), (367840, 328), (367840, 329), (367840, 330), (367840, 331), (367840, 332), (367840, 333), (367840, 334), (367840, 335), (367840, 336), (367840, 337), (367840, 338), (367840, 339), (367840, 340), (367840, 341), (367840, 342), (367840, 343), (367840, 344), (367840, 345), (367840, 346), (367840, 347), (367840, 348), (367840, 349), (367840, 350), (367840, 351), (367840, 352), (367840, 353), (367840, 354), (367840, 355), (367840, 356), (367840, 357), (367840, 358), (367840, 359), (367840, 360), (367840, 361), (367840, 362), (367840, 363), (367840, 364), (367840, 365), (367840, 366), (367840, 367), (367840, 368), (367840, 369), (367840, 370), (367840, 371), (367840, 372), (367840, 373), (367840, 374), (367840, 375), (367840, 376), (367840, 377), (367840, 378), (367840, 379), (367840, 380), (367840, 381), (367840, 382), (367840, 383), (367840, 384), (367840, 385), (367840, 386), (367840, 387), (367840, 388), (367840, 389), (367840, 390), (367840, 391), (367840, 392), (367840, 393), (367840, 394), (367840, 395), (367840, 396), (367840, 397), (367840, 398), (367840, 399), (367840, 400), (367840, 401), (367840, 402), (367840, 403), (367840, 404), (367840, 405), (367840, 406), (367840, 407), (367840, 408), (367840, 409), (367840, 410), (367840, 411), (367840, 412), (367840, 413), (367840, 414), (367840, 415), (367840, 416), (367840, 417), (367840, 418), (367840, 419), (367840, 420), (367840, 421), (367840, 422), (367840, 423), (367840, 424), (367840, 425), (367840, 426), (367840, 427), (367840, 428), (367840, 429), (367840, 430), (367840, 431), (367840, 432), (367840, 433), (367840, 434), (367840, 435), (367840, 436), (367840, 437), (367840, 438), (367840, 439), (367840, 440), (367840, 441), (367840, 442), (367840, 443), (367840, 444), (367840, 445), (367840, 446), (367840, 447), (367840, 448), (367840, 449), (367840, 450), (367840, 451), (367840, 452), (367840, 453), (367840, 454), (367840, 455), (367840, 456), (367840, 457), (367840, 458), (367840, 459), (367840, 460), (367840, 461), (367840, 462), (367840, 463), (367840, 464), (367840, 465), (367840, 466), (367840, 467), (367840, 468), (367840, 469), (367840, 470), (367840, 471), (367840, 472), (367840, 473), (367840, 474), (367840, 475), (367840, 476), (367840, 477), (367840, 478), (367840, 479), (367840, 480), (367840, 481), (367840, 482), (367840, 483), (367840, 484), (367840, 485), (367840, 486), (367840, 487), (367840, 488), (367840, 489), (367840, 490), (367840, 491), (367840, 492), (367840, 493), (367840, 494), (367840, 495), (367840, 496), (367840, 497), (367840, 498), (367840, 499), (367840, 500), (367840, 501), (367840, 502), (367840, 503), (367840, 504), (367840, 505), (367840, 506), (367840, 507), (367840, 508), (367840, 509), (367840, 510), (367840, 511), (367840, 512), (367840, 513), (367840, 514), (367840, 515), (367840, 516), (367840, 517), (367840, 518), (367840, 519), (367840, 520), (367840, 521), (367840, 522), (367840, 523), (367840, 524), (367840, 525), (367840, 526), (367840, 527), (367840, 528), (367840, 529), (367840, 530), (367840, 531), (367840, 532), (367840, 533), (367840, 534), (367840, 535), (367840, 536), (367840, 537), (367840, 538), (367840, 539), (367840, 540), (367840, 541), (367840, 542), (367840, 543), (367840, 544), (367840, 545), (367840, 546), (367840, 547), (367840, 548), (367840, 549), (367840, 550), (367840, 551), (367840, 552), (367840, 553), (367840, 554), (367840, 555), (367840, 556), (367840, 557), (367840, 558), (367840, 559), (367840, 560), (367840, 561), (367840, 562), (367840, 563), (367840, 564), (367840, 565), (367840, 566), (367840, 567), (367840, 568), (367840, 569), (367840, 570), (367838, 1), (367838, 2), (367838, 3), (367838, 4), (367838, 5), (367838, 6), (367838, 7), (367838, 8), (367838, 9), (367838, 10), (367838, 11), (367838, 12), (367838, 13), (367838, 14), (367838, 15), (367838, 16), (367838, 17), (367838, 18), (367838, 19), (367838, 20), (367838, 21), (367838, 22), (367838, 23), (367838, 24), (367838, 25), (367838, 26), (367838, 27), (367838, 28), (367838, 29), (367838, 30), (367838, 31), (367838, 32), (367838, 33), (367838, 34), (367838, 35), (367838, 36), (367838, 37), (367838, 38), (367838, 39), (367838, 40), (367838, 41), (367838, 42), (367838, 43), (367838, 44), (367838, 45), (367838, 46), (367838, 47), (367838, 48), (367838, 49), (367838, 50), (367838, 51), (367838, 52), (367838, 53), (367838, 54), (367838, 55), (367838, 56), (367838, 57), (367838, 58), (367838, 59), (367838, 60), (367838, 61), (367838, 62), (367838, 63), (367838, 64), (367838, 65), (367838, 66), (367838, 67), (367838, 68), (367838, 69), (367838, 70), (367838, 71), (367838, 72), (367838, 73), (367838, 74), (367838, 75), (367838, 76), (367838, 77), (367838, 78), (367838, 79), (367838, 80), (367838, 81), (367838, 82), (367838, 83), (367838, 84), (367838, 85), (367838, 86), (367838, 87), (367838, 88), (367838, 89), (367838, 90), (367838, 91), (367838, 92), (367838, 93), (367838, 94), (367838, 95), (367838, 96), (367838, 97), (367838, 98), (367838, 99), (367838, 100), (367838, 101), (367838, 102), (367838, 103), (367838, 104), (367838, 105), (367838, 106), (367838, 107), (367838, 108), (367838, 109), (367838, 110), (367838, 111), (367838, 112), (367838, 113), (367838, 114), (367838, 115), (367838, 116), (367838, 117), (367838, 118), (367838, 119), (367838, 120), (367838, 121), (367838, 122), (367838, 123), (367838, 124), (367838, 125), (367838, 126), (367838, 127), (367838, 128), (367838, 129), (367838, 130), (367838, 131), (367838, 132), (367838, 133), (367838, 134), (367838, 135), (367838, 136), (367838, 137), (367838, 138), (367838, 139), (367838, 140), (367838, 141), (367838, 142), (367838, 143), (367838, 144), (367838, 145), (367838, 146), (367838, 147), (367838, 148), (367838, 149), (367838, 150), (367838, 151), (367838, 152), (367838, 153), (367838, 154), (367838, 155), (367838, 156), (367838, 157), (367838, 158), (367838, 159), (367838, 160), (367838, 161), (367838, 162), (367838, 163), (367838, 164), (367838, 165), (367838, 166), (367838, 167), (367838, 168), (367838, 169), (367838, 170), (367838, 171), (367838, 172), (367838, 173), (367838, 174), (367838, 175), (367838, 176), (367838, 177), (367838, 178), (367838, 179), (367838, 180), (367838, 181), (367838, 182), (367838, 183), (367838, 184), (367838, 185), (367838, 186), (367838, 187), (367838, 188), (367838, 189), (367838, 190), (367838, 191), (367838, 192), (367838, 193), (367838, 194), (367838, 195), (367838, 196), (367838, 197), (367838, 198), (367838, 199), (367838, 200), (367838, 201), (367838, 202), (367838, 203), (367838, 204), (367838, 205), (367838, 206), (367838, 207), (367838, 208), (367838, 209), (367838, 210), (367838, 211), (367838, 212), (367838, 213), (367838, 214), (367838, 215), (367838, 216), (367838, 217), (367838, 218), (367838, 219), (367838, 220), (367838, 221), (367838, 222), (367838, 223), (367838, 224), (367838, 225), (367838, 226), (367838, 227), (367838, 228), (367838, 229), (367838, 230), (367838, 231), (367838, 232), (367838, 233), (367838, 234), (367838, 235), (367838, 236), (367838, 237), (367838, 238), (367838, 239), (367838, 240), (367838, 241), (367838, 242), (367838, 243), (367838, 244), (367838, 245), (367838, 246), (367838, 247), (367838, 248), (367838, 249), (367838, 250), (367838, 251), (367838, 252), (367838, 253), (367838, 254), (367838, 255), (367838, 256), (367838, 257), (367838, 258), (367838, 259), (367838, 260), (367838, 261), (367838, 262), (367838, 263), (367838, 264), (367838, 265), (367838, 266), (367838, 267), (367838, 268), (367838, 269), (367838, 270), (367838, 271), (367838, 272), (367838, 273), (367838, 274), (367838, 275), (367838, 276), (367838, 277), (367838, 278), (367838, 279), (367838, 280), (367838, 281), (367838, 282), (367838, 283), (367838, 284), (367838, 285), (367838, 286), (367838, 287), (367838, 288), (367838, 289), (367838, 290), (367838, 291), (367838, 292), (367838, 293), (367838, 294), (367838, 295), (367838, 296), (367838, 297), (367838, 298), (367838, 299), (367838, 300), (367838, 301), (367838, 302), (367838, 303), (367838, 304), (367838, 305), (367838, 306), (367838, 307), (367838, 308), (367838, 309), (367838, 310), (367838, 311), (367838, 312), (367838, 313), (367838, 314), (367838, 315), (367838, 316), (367838, 317), (367838, 318), (367838, 319), (367838, 320), (367838, 321), (367838, 322), (367838, 323), (367838, 324), (367838, 325), (367838, 326), (367838, 327), (367838, 328), (367838, 329), (367838, 330), (367838, 331), (367838, 332), (367838, 333), (367838, 334), (367838, 335), (367838, 336), (367838, 337), (367838, 338), (367838, 339), (367838, 340), (367838, 341), (367838, 342), (367838, 343), (367838, 344), (367838, 345), (367838, 346), (367838, 347), (367838, 348), (367838, 349), (367838, 350), (367838, 351), (367838, 352), (367838, 353), (367838, 354), (367838, 355), (367838, 356), (367838, 357), (367838, 358), (367838, 359), (367838, 360), (367838, 361), (367838, 362), (367838, 363), (367838, 364), (367838, 365), (367838, 366), (367838, 367), (367838, 368), (367838, 369), (367838, 370), (367838, 371), (367838, 372), (367838, 373), (367838, 374), (367838, 375), (367838, 376), (367838, 377), (367838, 378), (367838, 379), (367838, 380), (367838, 381), (367838, 382), (367838, 383), (367838, 384), (367838, 385), (367838, 386), (367838, 387), (367838, 388), (367838, 389), (367838, 390), (367838, 391), (367838, 392), (367838, 393), (367838, 394), (367838, 395), (367838, 396), (367838, 397), (367838, 398), (367838, 399), (367838, 400), (367838, 401), (367838, 402), (367838, 403), (367838, 404), (367838, 405), (367838, 406), (367838, 407), (367838, 408), (367838, 409), (367838, 410), (367838, 411), (367838, 412), (367838, 413), (367838, 414), (367838, 415), (367838, 416), (367838, 417), (367838, 418), (367838, 419), (367838, 420), (367838, 421), (367838, 422), (367838, 423), (367838, 424), (367838, 425), (367838, 426), (367838, 427), (367838, 428), (367838, 429), (367838, 430), (367838, 431), (367838, 432), (367838, 433), (367838, 434), (367838, 435), (367838, 436), (367838, 437), (367838, 438), (367838, 439), (367838, 440), (367838, 441), (367838, 442), (367838, 443), (367838, 444), (367838, 445), (367838, 446), (367838, 447), (367838, 448), (367838, 449), (367838, 450), (367838, 451), (367838, 452), (367838, 453), (367838, 454), (367838, 455), (367838, 456), (367838, 457), (367838, 458), (367838, 459), (367838, 460), (367838, 461), (367838, 462), (367838, 463), (367838, 464), (367838, 465), (367838, 466), (367838, 467), (367838, 468), (367838, 469), (367838, 470), (367838, 471), (367838, 472), (367838, 473), (367838, 474), (367838, 475), (367838, 476), (367838, 477), (367838, 478), (367838, 479), (367838, 480), (367838, 481), (367838, 482), (367838, 483), (367838, 484), (367838, 485), (367838, 486), (367838, 487), (367838, 488), (367838, 489), (367838, 490), (367838, 491), (367838, 492), (367838, 493), (367838, 494), (367838, 495), (367838, 496), (367838, 497), (367838, 498), (367838, 499), (367838, 500), (367838, 501), (367838, 502), (367838, 503), (367838, 504), (367838, 505), (367838, 506), (367838, 507), (367838, 508), (367838, 509), (367838, 510), (367838, 511), (367838, 512), (367838, 513), (367838, 514), (367838, 515), (367838, 516), (367838, 517), (367838, 518), (367838, 519), (367838, 520), (367838, 521), (367838, 522), (367838, 523), (367838, 524), (367838, 525), (367838, 526), (367838, 527), (367838, 528), (367838, 529), (367838, 530), (367838, 531), (367838, 532), (367838, 533), (367838, 534), (367838, 535), (367838, 536), (367838, 537), (367838, 538), (367838, 539), (367838, 540), (367838, 541), (367838, 542), (367838, 543), (367838, 544), (367838, 545), (367838, 546), (367838, 547), (367838, 548), (367838, 549), (367838, 550), (367838, 551), (367838, 552), (367838, 553), (367838, 554), (367838, 555), (367838, 556), (367838, 557), (367838, 558), (367838, 559), (367838, 560), (367838, 561), (367838, 562), (367838, 563), (367838, 564), (367838, 565), (367838, 566), (367838, 567), (367838, 568), (367838, 569), (367838, 570), (367838, 571), (367838, 572), (367838, 573), (367838, 574), (367838, 575), (367838, 576), (367838, 577), (367838, 578), (367838, 579), (367838, 580), (367838, 581), (367838, 582), (367838, 583), (367838, 584), (367838, 585), (367838, 586), (367838, 587), (367838, 588), (367838, 589), (367838, 590), (367838, 591), (367838, 592), (367838, 593), (367838, 594), (367838, 595), (367838, 596), (367838, 597), (367838, 598), (367838, 599), (367838, 600), (367838, 601), (367838, 602), (367838, 603), (367838, 604), (367838, 605), (367838, 606), (367838, 607), (367838, 608), (367838, 609), (367838, 610), (367838, 611), (367838, 612), (367838, 613), (367838, 614), (367838, 615), (367838, 616), (367838, 617), (367838, 618), (367838, 619), (367838, 620), (367838, 621), (367838, 622), (367838, 623), (367838, 624), (367838, 625), (367838, 626), (367838, 627), (367838, 628), (367838, 629), (367838, 630), (367838, 631), (367838, 632), (367838, 633), (367838, 634), (367838, 635), (367838, 636), (367838, 637), (367838, 638), (367838, 639), (367838, 640), (367838, 641), (367838, 642), (367838, 643), (367838, 644), (367838, 645), (367838, 646), (367838, 647), (367838, 648), (367838, 649), (367838, 650), (367838, 651), (367838, 652), (367838, 653), (367838, 654), (367838, 655), (367838, 656), (367838, 657), (367838, 658), (367838, 659), (367838, 660), (367838, 661), (367838, 662), (367838, 663), (367838, 664), (367838, 665), (367838, 666), (367838, 667), (367838, 668), (367838, 669), (367838, 670), (367838, 671), (367838, 672), (367838, 673), (367838, 674), (367838, 675), (367838, 676), (367838, 677), (367838, 678), (367838, 679), (367838, 680), (367838, 681), (367838, 682), (367838, 683), (367838, 684), (367838, 685), (367838, 686), (367838, 687), (367838, 688), (367838, 689), (367838, 690), (367838, 691), (367838, 692), (367838, 693), (367838, 694), (367838, 695), (367838, 696), (367838, 697), (367838, 698), (367838, 699), (367838, 700), (367838, 701), (367838, 702), (367838, 703), (367838, 704), (367838, 705), (367838, 706), (367838, 707), (367838, 708), (367838, 709), (367838, 710), (367838, 711), (367838, 712), (367838, 713), (367838, 714), (367838, 715), (367838, 716), (367838, 717), (367838, 718), (367838, 719), (367838, 720), (367838, 721), (367838, 722), (367838, 723), (367838, 724), (367838, 725), (367838, 726), (367838, 727), (367838, 728), (367838, 729), (367838, 730), (367838, 731), (367838, 732), (367838, 733), (367838, 734), (367838, 735), (367838, 736), (367838, 737), (367838, 738), (367838, 739), (367838, 740), (367838, 741), (367838, 742), (367838, 743), (367838, 744), (367838, 745), (367838, 746), (367838, 747), (367838, 748), (367838, 749), (367838, 750), (367838, 751), (367838, 752), (367838, 753), (367838, 754), (367838, 755), (367838, 756), (367838, 757), (367838, 758), (367838, 759), (367838, 760), (367838, 761), (367838, 762), (367838, 763), (367838, 764), (367838, 765), (367838, 766), (367838, 767), (367838, 768), (367838, 769), (367838, 770), (367838, 771), (367838, 772), (367838, 773), (367838, 774), (367838, 775), (367838, 776), (367838, 777), (367838, 778), (367838, 779), (367838, 780), (367838, 781), (367838, 782), (367838, 783), (367838, 784), (367838, 785), (367838, 786), (367838, 787), (367838, 788), (367838, 789), (367838, 790), (367838, 791), (367838, 792), (367838, 793), (367836, 48), (367836, 49), (367836, 50), (367836, 51), (367836, 52), (367836, 53), (367836, 54), (367836, 55), (367836, 56), (367836, 57), (367836, 58), (367836, 59), (367836, 60), (367836, 61), (367836, 62), (367836, 63), (367836, 64), (367836, 65), (367836, 66), (367836, 67), (367836, 68), (367836, 69), (367836, 70), (367836, 71), (367836, 72), (367836, 73), (367836, 74), (367836, 75), (367836, 76), (367836, 77), (367836, 78), (367836, 79), (367836, 80), (367836, 81), (367836, 82), (367836, 83), (367836, 84), (367836, 85), (367836, 86), (367836, 87), (367836, 88), (367836, 89), (367836, 90), (367836, 91), (367836, 92), (367836, 93), (367836, 94), (367836, 95), (367836, 96), (367836, 97), (367836, 98), (367836, 99), (367836, 100), (367836, 101), (367836, 102), (367836, 103), (367836, 104), (367836, 105), (367836, 106), (367836, 107), (367836, 108), (367836, 109), (367836, 110), (367836, 111), (367836, 112), (367836, 113), (367836, 114), (367836, 115), (367836, 116), (367836, 117), (367836, 118), (367836, 119), (367836, 120), (367836, 121), (367836, 122), (367836, 123), (367836, 124), (367836, 125), (367836, 126), (367836, 127), (367836, 128), (367836, 129), (367836, 130), (367836, 131), (367836, 132), (367836, 133), (367836, 134), (367836, 135), (367836, 136), (367836, 137), (367836, 138), (367836, 139), (367836, 140), (367836, 141), (367836, 142), (367836, 143), (367836, 144), (367836, 145), (367836, 146), (367836, 147), (367836, 148), (367836, 149), (367836, 150), (367836, 151), (367836, 152), (367836, 153), (367836, 154), (367836, 155), (367836, 156), (367836, 157), (367836, 158), (367836, 159), (367836, 160), (367836, 161), (367836, 162), (367836, 163), (367836, 164), (367836, 165), (367836, 166), (367836, 167), (367836, 168), (367836, 169), (367836, 170), (367836, 171), (367836, 172), (367836, 173), (367836, 174), (367836, 175), (367836, 176), (367836, 177), (367836, 178), (367836, 179), (367836, 180), (367836, 181), (367836, 182), (367836, 183), (367836, 184), (367836, 185), (367836, 186), (367836, 187), (367836, 188), (367836, 189), (367836, 190), (367836, 191), (367836, 192), (367836, 193), (367836, 194), (367836, 195), (367836, 196), (367836, 197), (367836, 198), (367836, 199), (367836, 200), (367836, 201), (367836, 202), (367836, 203), (367836, 204), (367836, 205), (367836, 206), (367836, 207), (367836, 208), (367836, 209), (367836, 210), (367836, 211), (367836, 212), (367836, 213), (367836, 214), (367836, 215), (367836, 216), (367836, 217), (367836, 218), (367836, 219), (367836, 220), (367836, 221), (367836, 222), (367836, 223), (367836, 224), (367836, 225), (367836, 226), (367836, 227), (367836, 228), (367836, 229), (367836, 230), (367836, 231), (367836, 232), (367836, 233), (367836, 234), (367836, 235), (367836, 236), (367836, 237), (367836, 238), (367836, 239), (367836, 240), (367836, 241), (367836, 242), (367836, 243), (367836, 244), (367836, 245), (367836, 246), (367836, 247), (367836, 248), (367836, 249), (367836, 250), (367836, 251), (367836, 252), (367836, 253), (367836, 254), (367836, 255), (367836, 256), (367836, 257), (367836, 258), (367836, 259), (367836, 260), (367836, 261), (367836, 262), (367836, 263), (367836, 264), (367836, 265), (367836, 266), (367836, 267), (367836, 268), (367836, 269), (367836, 270), (367836, 271), (367836, 272), (367836, 273), (367836, 274), (367836, 275), (367836, 276), (367836, 277), (367836, 278), (367836, 279), (367836, 280), (367836, 281), (367836, 282), (367836, 283), (367836, 284), (367836, 285), (367836, 286), (367836, 287), (367836, 288), (367836, 289), (367836, 290), (367836, 291), (367836, 292), (367836, 293), (367836, 294), (367836, 295), (367836, 296), (367836, 297), (367836, 298), (367836, 299), (367836, 300), (367836, 301), (367836, 302), (367836, 303), (367836, 304), (367836, 305), (367836, 306), (367836, 307), (367836, 308), (367836, 309), (367836, 310), (367836, 311), (367836, 312), (367836, 313), (367836, 314), (367836, 315), (367836, 316), (367836, 317), (367836, 318), (367836, 319), (367836, 320), (367836, 321), (367836, 322), (367836, 323), (367836, 324), (367836, 325), (367836, 326), (367836, 327), (367836, 328), (367836, 329), (367836, 330), (367836, 331), (367836, 332), (367836, 333), (367836, 334), (367836, 335), (367836, 336), (367836, 337), (367836, 338), (367836, 339), (367836, 340), (367836, 341), (367836, 342), (367836, 343), (367836, 344), (367836, 345), (367836, 346), (367836, 347), (367836, 348), (367836, 349), (367836, 350), (367836, 351), (367836, 352), (367836, 353), (367836, 354), (367836, 355), (367836, 356), (367836, 357), (367836, 358), (367836, 359), (367836, 360), (367836, 361), (367836, 362), (367836, 363), (367836, 364), (367836, 365), (367836, 366), (367836, 367), (367836, 368), (367836, 369), (367836, 370), (367836, 371), (367836, 372), (367836, 373), (367836, 374), (367836, 375), (367836, 376), (367836, 377), (367836, 378), (367836, 379), (367836, 380), (367836, 381), (367836, 382), (367836, 383), (367836, 384), (367836, 385), (367836, 386), (367836, 387), (367836, 388), (367836, 389), (367836, 390), (367836, 391), (367836, 392), (367836, 393), (367836, 394), (367836, 395), (367836, 396), (367836, 397), (367836, 398), (367836, 399), (367836, 400), (367836, 401), (367836, 402), (367836, 403), (367836, 404), (367836, 405), (367836, 406), (367836, 407), (367836, 408), (367836, 409), (367836, 410), (367836, 411), (367836, 412), (367836, 413), (367836, 414), (367836, 415), (367836, 416), (367836, 417), (367836, 418), (367836, 419), (367836, 420), (367836, 421), (367836, 422), (367836, 423), (367836, 424), (367836, 425), (367836, 426), (367836, 427), (367836, 428), (367836, 429), (367836, 430), (367836, 431), (367836, 432), (367836, 433), (367836, 434), (367836, 435), (367836, 436), (367836, 437), (367836, 438), (367836, 439), (367836, 440), (367836, 441), (367836, 442), (367836, 443), (367836, 444), (367836, 445), (367836, 446), (367836, 447), (367836, 448), (367836, 449), (367836, 450), (367836, 451), (367836, 452), (367836, 453), (367836, 454), (367836, 455), (367836, 456), (367836, 457), (367836, 458), (367836, 459), (367836, 460), (367836, 461), (367836, 462), (367836, 463), (367836, 464), (367836, 465), (367836, 466), (367836, 467), (367836, 468), (367836, 469), (367836, 470), (367836, 471), (367836, 472), (367836, 473), (367836, 474), (367836, 475), (367836, 476), (367836, 477), (367836, 478), (367836, 479), (367836, 480), (367836, 481), (367836, 482), (367836, 483), (367836, 484), (367836, 485), (367836, 486), (367836, 487), (367836, 488), (367836, 489), (367836, 490), (367836, 491), (367836, 492), (367836, 493), (367836, 494), (367836, 495), (367836, 496), (367836, 497), (367836, 498), (367836, 499), (367836, 500), (367836, 501), (367836, 502), (367836, 503), (367836, 504), (367836, 505), (367836, 506), (367836, 507), (367836, 508), (367836, 509), (367836, 510), (367836, 511), (367836, 512), (367836, 513), (367836, 514), (367836, 515), (367836, 516), (367836, 517), (367836, 518), (367836, 519), (367836, 520), (367836, 521), (367836, 522), (367836, 523), (367836, 524), (367836, 525), (367836, 526), (367836, 527), (367836, 528), (367836, 529), (367836, 530), (367836, 531), (367836, 532), (367836, 533), (367836, 534), (367836, 535), (367836, 536), (367836, 537), (367836, 538), (367836, 539), (367836, 540), (367836, 541), (367836, 542), (367836, 543), (367836, 544), (367836, 545), (367836, 546), (367836, 547), (367836, 548), (367836, 549), (367836, 550), (367836, 551), (367836, 552), (367836, 553), (367836, 554), (367836, 555), (367836, 556), (367836, 557), (367836, 558), (367836, 559), (367836, 560), (367836, 561), (367836, 562), (367836, 563), (367836, 564), (367836, 565), (367836, 566), (367836, 567), (367836, 568), (367836, 569), (367836, 570), (367836, 571), (367836, 572), (367836, 573), (367836, 574), (367836, 575), (367836, 576), (367836, 577), (367836, 578), (367836, 579), (367836, 580), (367836, 581), (367836, 582), (367836, 583), (367836, 584), (367836, 585), (367836, 586), (367836, 587), (367836, 588), (367831, 53), (367831, 54), (367831, 55), (367831, 56), (367831, 57), (367831, 58), (367831, 59), (367831, 60), (367831, 61), (367831, 62), (367831, 63), (367831, 64), (367831, 65), (367831, 66), (367831, 67), (367831, 68), (367831, 69), (367831, 70), (367831, 71), (367831, 72), (367831, 73), (367831, 74), (367831, 75), (367831, 76), (367831, 77), (367831, 78), (367831, 79), (367831, 80), (367831, 81), (367831, 82), (367831, 83), (367831, 84), (367831, 85), (367831, 86), (367831, 87), (367831, 88), (367831, 89), (367831, 90), (367831, 91), (367831, 92), (367831, 93), (367831, 94), (367831, 95), (367831, 96), (367831, 97), (367831, 98), (367831, 99), (367831, 100), (367831, 101), (367831, 102), (367831, 103), (367831, 104), (367831, 105), (367831, 106), (367831, 107), (367831, 108), (367831, 109), (367831, 110), (367831, 111), (367831, 112), (367831, 113), (367831, 114), (367831, 115), (367831, 116), (367831, 117), (367831, 118), (367831, 119), (367831, 120), (367831, 121), (367831, 122), (367831, 123), (367831, 124), (367831, 125), (367831, 126), (367831, 127), (367831, 128), (367831, 129), (367831, 130), (367831, 131), (367831, 132), (367831, 133), (367831, 134), (367831, 135), (367831, 136), (367831, 137), (367831, 138), (367831, 139), (367831, 140), (367831, 141), (367831, 142), (367831, 143), (367831, 144), (367831, 145), (367831, 146), (367831, 147), (367831, 148), (367831, 149), (367831, 150), (367831, 151), (367831, 152), (367831, 153), (367831, 154), (367831, 155), (367831, 156), (367831, 157), (367831, 158), (367831, 159), (367831, 160), (367831, 161), (367831, 162), (367831, 163), (367831, 164), (367831, 165), (367831, 166), (367831, 167), (367831, 168), (367831, 169), (367831, 170), (367831, 171), (367831, 172), (367831, 173), (367831, 174), (367831, 175), (367831, 176), (367831, 177), (367831, 178), (367831, 179), (367831, 180), (367831, 181), (367831, 182), (367831, 183), (367831, 184), (367831, 185), (367831, 186), (367831, 187), (367831, 188), (367831, 189), (367831, 190), (367831, 191), (367831, 192), (367831, 193), (367831, 194), (367831, 195), (367831, 196), (367831, 197), (367831, 198), (367831, 199), (367831, 200), (367831, 201), (367831, 202), (367831, 203), (367831, 204), (367831, 205), (367831, 206), (367831, 207), (367831, 208), (367831, 209), (367831, 210), (367831, 211), (367831, 212), (367831, 213), (367831, 214), (367831, 215), (367831, 216), (367831, 217), (367831, 218), (367831, 219), (367831, 220), (367831, 221), (367831, 222), (367831, 223), (367831, 224), (367831, 225), (367831, 226), (367831, 227), (367831, 228), (367831, 229), (367831, 230), (367831, 231), (367831, 232), (367831, 233), (367831, 234), (367831, 235), (367831, 236), (367831, 237), (367831, 238), (367831, 239), (367831, 240), (367831, 241), (367831, 242), (367831, 243), (367831, 244), (367831, 245), (367831, 246), (367831, 247), (367831, 248), (367831, 249), (367831, 250), (367831, 251), (367831, 252), (367831, 253), (367831, 254), (367831, 255), (367831, 256), (367831, 257), (367831, 258), (367831, 259), (367831, 260), (367831, 261), (367831, 262), (367831, 263), (367831, 264), (367831, 265), (367831, 266), (367831, 267), (367831, 268), (367831, 269), (367831, 270), (367831, 271), (367831, 272), (367831, 273), (367831, 274), (367831, 275), (367831, 276), (367831, 277), (367831, 278), (367831, 279), (367831, 280), (367831, 281), (367831, 282), (367831, 283), (367831, 284), (367831, 285), (367831, 286), (367831, 287), (367831, 288), (367831, 289), (367831, 290), (367831, 291), (367831, 292), (367831, 293), (367831, 294), (367831, 295), (367831, 296), (367831, 297), (367831, 298), (367831, 299), (367831, 300), (367831, 301), (367831, 302), (367831, 303), (367831, 304), (367831, 305), (367831, 306), (367831, 307), (367831, 308), (367831, 309), (367831, 310), (367831, 311), (367831, 312), (367831, 313), (367831, 314), (367831, 315), (367831, 316), (367831, 317), (367831, 318), (367831, 319), (367831, 320), (367831, 321), (367831, 322), (367831, 323), (367831, 324), (367831, 325), (367831, 326), (367831, 327), (367831, 328), (367831, 329), (367831, 330), (367831, 331), (367831, 332), (367831, 333), (367831, 334), (367831, 335), (367831, 336), (367831, 337), (367831, 338), (367831, 339), (367831, 340), (367831, 341), (367831, 342), (367831, 343), (367831, 344), (367831, 345), (367831, 346), (367831, 347), (367831, 348), (367831, 349), (367831, 350), (367831, 351), (367831, 352), (367831, 353), (367831, 354), (367831, 355), (367831, 356), (367831, 357), (367831, 358), (367831, 359), (367831, 360), (367831, 361), (367831, 362), (367831, 363), (367831, 364), (367831, 365), (367831, 366), (367831, 367), (367831, 368), (367831, 369), (367831, 370), (367831, 371), (367831, 372), (367831, 373), (367831, 374), (367831, 375), (367831, 376), (367831, 377), (367831, 378), (367831, 379), (367831, 380), (367831, 381), (367831, 382), (367831, 383), (367831, 384), (367831, 385), (367831, 386), (367831, 387), (367831, 388), (367831, 389), (367831, 390), (367831, 391), (367831, 392), (367831, 393), (367831, 394), (367831, 395), (367831, 396), (367831, 397), (367831, 398), (367831, 399), (367831, 400), (367831, 401), (367831, 402), (367831, 403), (367831, 404), (367831, 405), (367831, 406), (367831, 407), (367831, 408), (367831, 409), (367831, 410), (367831, 411), (367831, 412), (367831, 413), (367831, 414), (367831, 415), (367831, 416), (367831, 417), (367831, 418), (367831, 419), (367831, 420), (367831, 421), (367831, 422), (367831, 423), (367831, 424), (367831, 425), (367831, 426), (367831, 427), (367831, 428), (367831, 429), (367831, 430), (367831, 431), (367831, 432), (367831, 433), (367831, 434), (367831, 435), (367831, 436), (367831, 437), (367831, 438), (367831, 439), (367831, 440), (367831, 441), (367831, 442), (367831, 443), (367831, 444), (367831, 445), (367831, 446), (367831, 447), (367831, 448), (367831, 449), (367831, 450), (367831, 451), (367831, 452), (367831, 453), (367831, 454), (367831, 455), (367831, 456), (367831, 457), (367831, 458), (367831, 459), (367831, 460), (367831, 461), (367831, 462), (367831, 463), (367831, 464), (367831, 465), (367831, 466), (367831, 467), (367831, 468), (367831, 469), (367831, 470), (367831, 471), (367831, 472), (367831, 473), (367831, 474), (367831, 475), (367831, 476), (367831, 477), (367831, 478), (367831, 479), (367831, 480), (367831, 481), (367831, 482), (367831, 483), (367831, 484), (367831, 485), (367831, 486), (367831, 487), (367831, 488), (367831, 489), (367831, 490), (367831, 491), (367831, 492), (367831, 493), (367831, 494), (367831, 495), (367831, 496), (367831, 497), (367831, 498), (367831, 499), (367831, 500), (367831, 501), (367831, 502), (367831, 503), (367831, 504), (367790, 1), (367790, 2), (367790, 3), (367790, 4), (367790, 5), (367790, 6), (367790, 7), (367790, 8), (367790, 9), (367790, 10), (367790, 11), (367790, 12), (367790, 13), (367790, 14), (367790, 15), (367790, 16), (367790, 17), (367790, 18), (367790, 19), (367790, 20), (367790, 21), (367790, 22), (367790, 23), (367790, 24), (367790, 25), (367790, 26), (367790, 27), (367790, 28), (367790, 29), (367790, 30), (367790, 31), (367790, 32), (367790, 33), (367790, 34), (367790, 35), (367790, 36), (367790, 37), (367790, 38), (367790, 39), (367790, 40), (367790, 41), (367790, 42), (367790, 43), (367790, 44), (367790, 45), (367790, 46), (367790, 47), (367790, 48), (367790, 49), (367790, 50), (367790, 51), (367790, 52), (367790, 53), (367790, 54), (367790, 55), (367790, 56), (367790, 57), (367790, 58), (367790, 59), (367790, 60), (367790, 61), (367790, 62), (367790, 63), (367790, 64), (367790, 65), (367790, 66), (367790, 67), (367790, 68), (367790, 69), (367790, 70), (367790, 71), (367790, 72), (367790, 73), (367790, 74), (367790, 75), (367790, 76), (367790, 77), (367790, 78), (367790, 79), (367790, 80), (367790, 81), (367790, 82), (367790, 83), (367790, 84), (367790, 85), (367790, 86), (367790, 87), (367790, 88), (367790, 89), (367790, 90), (367790, 91), (367790, 92), (367790, 93), (367790, 94), (367790, 95), (367790, 96), (367790, 97), (367790, 98), (367790, 99), (367790, 100), (367790, 101), (367790, 102), (367790, 103), (367790, 104), (367790, 105), (367790, 106), (367790, 107), (367790, 108), (367790, 109), (367790, 110), (367790, 111), (367790, 112), (367790, 113), (367790, 114), (367790, 115), (367790, 116), (367790, 117), (367790, 118), (367790, 119), (367790, 120), (367790, 121), (367790, 122), (367790, 123), (367790, 124), (367790, 125), (367790, 126), (367790, 127), (367790, 128), (367790, 129), (367790, 130), (367790, 131), (367790, 132), (367790, 133), (367790, 134), (367790, 135), (367790, 136), (367790, 137), (367790, 138), (367790, 139), (367790, 140), (367790, 141), (367790, 142), (367790, 143), (367790, 144), (367790, 145), (367790, 146), (367790, 147), (367790, 148), (367790, 149), (367790, 150), (367790, 151), (367790, 152), (367790, 153), (367790, 154), (367790, 155), (367790, 156), (367790, 157), (367790, 158), (367790, 159), (367790, 160), (367772, 1), (367772, 2), (367772, 3), (367772, 4), (367772, 5), (367772, 6), (367771, 1), (367771, 2), (367771, 3), (367771, 4), (367771, 5), (367771, 6), (367771, 7), (367771, 8), (367771, 9), (367771, 10), (367771, 11), (367771, 12), (367771, 13), (367771, 14), (367771, 15), (367771, 16), (367771, 17), (367771, 18), (367771, 19), (367771, 20), (367771, 21), (367771, 22), (367771, 23), (367771, 24), (367771, 25), (367771, 26), (367771, 27), (367771, 28), (367771, 29), (367771, 30), (367771, 31), (367771, 32), (367771, 33), (367771, 34), (367771, 35), (367771, 36), (367771, 37), (367771, 38), (367771, 39), (367771, 40), (367771, 41), (367771, 42), (367771, 43), (367771, 44), (367771, 45), (367771, 46), (367771, 47), (367771, 48), (367771, 49), (367771, 50), (367771, 51), (367771, 52), (367771, 53), (367771, 54), (367771, 55), (367771, 56), (367771, 57), (367771, 58), (367771, 59), (367771, 60), (367771, 61), (367771, 62), (367771, 63), (367771, 64), (367771, 65), (367771, 66), (367771, 67), (367771, 68), (367771, 69), (367771, 70), (367771, 71), (367771, 72), (367771, 73), (367771, 74), (367771, 75), (367771, 76), (367771, 77), (367771, 78), (367771, 79), (367771, 80), (367771, 81), (367771, 82), (367771, 83), (367771, 84), (367771, 85), (367771, 86), (367771, 87), (367771, 88), (367771, 89), (367771, 90), (367771, 91), (367770, 47), (367770, 48), (367770, 49), (367770, 50), (367770, 51), (367770, 52), (367770, 53), (367770, 54), (367770, 55), (367770, 56), (367770, 57), (367770, 58), (367770, 59), (367770, 60), (367770, 61), (367770, 62), (367770, 63), (367770, 64), (367770, 65), (367770, 66), (367770, 67), (367770, 68), (367770, 69), (367770, 70), (367770, 71), (367770, 72), (367770, 73), (367770, 74), (367770, 75), (367770, 76), (367770, 77), (367770, 78), (367770, 79), (367770, 80), (367770, 81), (367770, 82), (367770, 83), (367770, 84), (367770, 85), (367770, 86), (367770, 87), (367770, 88), (367770, 89), (367770, 90), (367770, 91), (367770, 92), (367770, 93), (367770, 94), (367770, 95), (367770, 96), (367770, 97), (367770, 98), (367770, 99), (367770, 100), (367770, 101), (367770, 102), (367770, 103), (367770, 104), (367770, 105), (367770, 106), (367770, 107), (367770, 108), (367770, 109), (367770, 110), (367770, 111), (367770, 112), (367770, 113), (367770, 114), (367770, 115), (367770, 116), (367770, 117), (367770, 118), (367770, 119), (367770, 120), (367770, 121), (367770, 122), (367770, 123), (367770, 124), (367770, 125), (367770, 126), (367770, 127), (367770, 128), (367770, 129), (367770, 130), (367770, 131), (367770, 132), (367770, 133), (367770, 134), (367770, 135), (367770, 136), (367770, 137), (367770, 138), (367770, 139), (367770, 140), (367770, 141), (367770, 142), (367770, 143), (367770, 144), (367770, 145), (367770, 146), (367770, 147), (367770, 148), (367770, 149), (367770, 150), (367770, 151), (367770, 152), (367770, 153), (367770, 154), (367770, 155), (367770, 156), (367770, 157), (367770, 158), (367770, 159), (367770, 160), (367770, 161), (367770, 162), (367770, 163), (367770, 164), (367770, 165), (367770, 166), (367770, 167), (367770, 168), (367770, 169), (367770, 170), (367770, 171), (367770, 172), (367770, 173), (367770, 174), (367770, 175), (367770, 176), (367770, 177), (367770, 178), (367770, 179), (367770, 180), (367770, 181), (367770, 182), (367770, 183), (367770, 184), (367770, 185), (367770, 186), (367770, 187), (367770, 188), (367770, 189), (367770, 190), (367770, 191), (367770, 192), (367770, 193), (367770, 194), (367770, 195), (367770, 196), (367770, 197), (367770, 198), (367730, 48), (367730, 49), (367730, 50), (367730, 51), (367730, 52), (367730, 53), (367730, 54), (367730, 55), (367730, 56), (367730, 57), (367730, 58), (367730, 59), (367730, 60), (367730, 61), (367730, 62), (367730, 63), (367730, 64), (367730, 65), (367730, 66), (367730, 67), (367730, 68), (367730, 69), (367730, 70), (367730, 71), (367730, 72), (367730, 73), (367730, 74), (367730, 75), (367730, 76), (367730, 77), (367730, 78), (367730, 79), (367730, 80), (367730, 81), (367730, 82), (367730, 83), (367730, 84), (367730, 85), (367730, 86), (367730, 87), (367730, 88), (367730, 89), (367730, 90), (367730, 91), (367730, 92), (367730, 93), (367730, 94), (367730, 95), (367730, 96), (367730, 97), (367730, 98), (367730, 99), (367730, 100), (367730, 101), (367730, 102), (367730, 103), (367730, 104), (367730, 105), (367730, 106), (367730, 107), (367730, 108), (367730, 109), (367730, 110), (367730, 111), (367730, 112), (367730, 113), (367730, 114), (367730, 115), (367730, 116), (367730, 117), (367730, 118), (367730, 119), (367730, 120), (367730, 121), (367730, 122), (367730, 123), (367730, 124), (367730, 125), (367730, 126), (367730, 127), (367730, 128), (367730, 129), (367730, 130), (367730, 131), (367730, 132), (367730, 133), (367730, 134), (367730, 135), (367730, 136), (367730, 137), (367730, 138), (367730, 139), (367730, 140), (367730, 141), (367730, 142), (367730, 143), (367730, 144), (367730, 145), (367730, 146), (367730, 147), (367730, 148), (367730, 149), (367730, 150), (367730, 151), (367730, 152), (367730, 153), (367730, 154), (367730, 155), (367730, 156), (367730, 157), (367730, 158), (367730, 159), (367730, 160), (367730, 161), (367730, 162), (367730, 163), (367730, 164), (367730, 165), (367730, 166), (367730, 167), (367730, 168), (367730, 169), (367730, 170), (367730, 171), (367730, 172), (367730, 173), (367730, 174), (367730, 175), (367730, 176), (367730, 177), (367730, 178), (367730, 179), (367730, 180), (367730, 181), (367730, 182), (367730, 183), (367730, 184), (367730, 185), (367730, 186), (367730, 187), (367730, 188), (367730, 189), (367730, 190), (367730, 191), (367730, 192), (367730, 193), (367730, 194), (367730, 195), (367730, 196), (367730, 197), (367730, 198), (367730, 199), (367730, 200), (367730, 201), (367730, 202), (367730, 203), (367730, 204), (367730, 205), (367730, 206), (367730, 207), (367730, 208), (367730, 209), (367730, 210), (367730, 211), (367730, 212), (367730, 213), (367730, 214), (367730, 215), (367730, 216), (367730, 217), (367730, 218), (367730, 219), (367730, 220), (367730, 221), (367730, 222), (367730, 223), (367730, 224), (367730, 225), (367730, 226), (367730, 227), (367730, 228), (367730, 229), (367730, 230), (367730, 231), (367730, 232), (367730, 233), (367730, 234), (367730, 235), (367730, 236), (367730, 237), (367730, 238), (367730, 239), (367730, 240), (367730, 241), (367730, 242), (367730, 243), (367730, 244), (367730, 245), (367730, 246), (367730, 247), (367730, 248), (367730, 249), (367730, 250), (367730, 251), (367730, 252), (367730, 253), (367730, 254), (367730, 255), (367730, 256), (367730, 257), (367730, 258), (367730, 259), (367730, 260), (367730, 261), (367730, 262), (367730, 263), (367730, 264), (367730, 265), (367730, 266), (367730, 267), (367730, 268), (367730, 269), (367730, 270), (367730, 271), (367730, 272), (367730, 273), (367730, 274), (367730, 275), (367730, 276), (367730, 277), (367730, 278), (367730, 279), (367730, 280), (367730, 281), (367730, 282), (367730, 283), (367730, 284), (367730, 285), (367730, 286), (367730, 287), (367730, 288), (367730, 289), (367730, 290), (367730, 291), (367730, 292), (367730, 293), (367730, 294), (367730, 295), (367730, 296), (367730, 297), (367730, 298), (367730, 299), (367730, 300), (367730, 301), (367730, 302), (367730, 303), (367730, 304), (367730, 305), (367730, 306), (367730, 307), (367730, 308), (367730, 309), (367730, 310), (367730, 311), (367730, 312), (367730, 313), (367730, 314), (367730, 315), (367730, 316), (367730, 317), (367730, 318), (367730, 319), (367730, 320), (367730, 321), (367730, 322), (367730, 323), (367730, 324), (367730, 325), (367730, 326), (367730, 327), (367730, 328), (367730, 329), (367730, 330), (367730, 331), (367730, 332), (367730, 333), (367730, 334), (367730, 335), (367730, 336), (367730, 337), (367730, 338), (367730, 339), (367730, 340), (367730, 341), (367730, 342), (367730, 343), (367730, 344), (367730, 345), (367730, 346), (367730, 347), (367730, 348), (367730, 349), (367730, 350), (367730, 351), (367730, 352), (367730, 353), (367730, 354), (367730, 355), (367730, 356), (367730, 357), (367730, 358), (367730, 359), (367730, 360), (367730, 361), (367730, 362), (367730, 363), (367730, 364), (367730, 365), (367730, 366), (367730, 367), (367730, 368), (367730, 369), (367730, 370), (367730, 371), (367730, 372), (367730, 373), (367730, 374), (367730, 375), (367730, 376), (367730, 377), (367730, 378), (367730, 379), (367730, 380), (367730, 381), (367730, 382), (367730, 383), (367730, 384), (367730, 385), (367730, 386), (367730, 387), (367730, 388), (367730, 389), (367730, 390), (367730, 391), (367730, 392), (367730, 393), (367730, 394), (367730, 395), (367730, 396), (367730, 397), (367730, 398), (367730, 399), (367730, 400), (367730, 401), (367730, 402), (367730, 403), (367730, 404), (367730, 405), (367730, 406), (367730, 407), (367730, 408), (367730, 409), (367730, 410), (367730, 411), (367730, 412), (367730, 413), (367730, 414), (367730, 415), (367730, 416), (367730, 417), (367730, 418), (367730, 419), (367730, 420), (367730, 421), (367730, 422), (367730, 423), (367730, 424), (367730, 425), (367730, 426), (367730, 427), (367730, 428), (367730, 429), (367730, 430), (367730, 431), (367730, 432), (367730, 433), (367730, 434), (367730, 435), (367730, 436), (367730, 437), (367730, 438), (367730, 439), (367730, 440), (367730, 441), (367730, 442), (367730, 443), (367730, 444), (367730, 445), (367730, 446), (367730, 447), (367730, 448), (367730, 449), (367730, 450), (367730, 451), (367730, 452), (367730, 453), (367730, 454), (367730, 455), (367730, 456), (367730, 457), (367730, 458), (367730, 459), (367730, 460), (367730, 461), (367730, 462), (367730, 463), (367730, 464), (367730, 465), (367730, 466), (367730, 467), (367730, 468), (367730, 469), (367730, 470), (367730, 471), (367730, 472), (367730, 473), (367730, 474), (367730, 475), (367730, 476), (367730, 477), (367730, 478), (367730, 479), (367730, 480), (367730, 481), (367730, 482), (367730, 483), (367730, 484), (367730, 485), (367730, 486), (367730, 487), (367730, 488), (367730, 489), (367730, 490), (367730, 491), (367730, 492), (367730, 493), (367730, 494), (367730, 495), (367730, 496), (367730, 497), (367730, 498), (367730, 499), (367730, 500), (367730, 501), (367730, 502), (367730, 503), (367730, 504), (367730, 505), (367730, 506), (367730, 507), (367730, 508), (367730, 509), (367730, 510), (367730, 511), (367730, 512), (367730, 513), (367730, 514), (367730, 515), (367730, 516), (367730, 517), (367730, 518), (367730, 519), (367730, 520), (367730, 521), (367730, 522), (367730, 523), (367730, 524), (367730, 525), (367730, 526), (367730, 527), (367730, 528), (367730, 529), (367730, 530), (367730, 531), (367730, 532), (367730, 533), (367730, 534), (367730, 535), (367730, 536), (367730, 537), (367730, 538), (367730, 539), (367730, 540), (367730, 541), (367730, 542), (367730, 543), (367730, 544), (367730, 545), (367730, 546), (367730, 547), (367730, 548), (367730, 549), (367730, 550), (367730, 551), (367730, 552), (367730, 553), (367730, 554), (367730, 555), (367730, 556), (367730, 557), (367730, 558), (367730, 559), (367730, 560), (367730, 561), (367730, 562), (367699, 1), (367699, 2), (367699, 3), (367699, 4), (367699, 5), (367699, 6), (367699, 7), (367699, 8), (367699, 9), (367699, 10), (367699, 11), (367699, 12), (367699, 13), (367699, 14), (367699, 15), (367699, 16), (367699, 17), (367699, 18), (367699, 19), (367699, 20), (367699, 21), (367699, 22), (367699, 23), (367699, 24), (367699, 25), (367699, 26), (367699, 27), (367699, 28), (367699, 29), (367699, 30), (367699, 31), (367699, 32), (367699, 33), (367699, 34), (367699, 35), (367699, 36), (367699, 37), (367699, 38), (367699, 39), (367699, 40), (367699, 41), (367699, 42), (367699, 43), (367699, 44), (367699, 45), (367699, 46), (367699, 47), (367699, 48), (367699, 49), (367699, 50), (367699, 51), (367699, 52), (367699, 53), (367699, 54), (367699, 55), (367699, 56), (367699, 57), (367699, 58), (367699, 59), (367699, 60), (367699, 61), (367699, 62), (367699, 63), (367699, 64), (367699, 65), (367699, 66), (367699, 67), (367699, 68), (367699, 69), (367699, 70), (367699, 71), (367699, 72), (367699, 73), (367699, 74), (367699, 75), (367699, 76), (367699, 77), (367699, 78), (367699, 79), (367699, 80), (367699, 81), (367699, 82), (367699, 83), (367699, 84), (367699, 85), (367699, 86), (367699, 87), (367699, 88), (367699, 89), (367699, 90), (367699, 91), (367699, 92), (367699, 93), (367699, 94), (367699, 95), (367699, 96), (367699, 97), (367699, 98), (367699, 99), (367699, 100), (367699, 101), (367699, 102), (367699, 103), (367699, 104), (367699, 105), (367699, 106), (367699, 107), (367699, 108), (367699, 109), (367699, 110), (367699, 111), (367699, 112), (367699, 113), (367699, 114), (367699, 115), (367699, 116), (367699, 117), (367699, 118), (367699, 119), (367699, 120), (367699, 121), (367699, 122), (367699, 123), (367699, 124), (367699, 125), (367699, 126), (367699, 127), (367699, 128), (367699, 129), (367699, 130), (367699, 131), (367699, 132), (367699, 133), (367699, 134), (367699, 135), (367699, 136), (367699, 137), (367699, 138), (367699, 139), (367699, 140), (367699, 141), (367699, 142), (367699, 143), (367699, 144), (367699, 145), (367699, 146), (367699, 147), (367699, 148), (367699, 149), (367699, 150), (367699, 151), (367696, 1), (367696, 2), (367696, 3), (367696, 4), (367696, 5), (367696, 6), (367696, 7), (367696, 8), (367696, 9), (367696, 10), (367696, 11), (367696, 12), (367696, 13), (367696, 14), (367696, 15), (367696, 16), (367696, 17), (367696, 18), (367696, 19), (367696, 20), (367696, 21), (367696, 22), (367696, 23), (367696, 24), (367696, 25), (367696, 26), (367696, 27), (367696, 28), (367696, 29), (367696, 30), (367696, 31), (367696, 32), (367696, 33), (367696, 34), (367696, 35), (367696, 36), (367696, 37), (367696, 38), (367696, 39), (367696, 40), (367696, 41), (367696, 42), (367696, 43), (367696, 44), (367696, 45), (367696, 46), (367696, 47), (367696, 48), (367696, 49), (367696, 50), (367696, 51), (367696, 52), (367696, 53), (367696, 54), (367696, 55), (367696, 56), (367696, 57), (367696, 58), (367696, 59), (367696, 60), (367696, 61), (367696, 62), (367696, 63), (367696, 64), (367696, 65), (367696, 66), (367696, 67), (367696, 68), (367696, 69), (367696, 70), (367696, 71), (367696, 72), (367696, 73), (367696, 74), (367696, 75), (367696, 76), (367696, 77), (367696, 78), (367696, 79), (367696, 80), (367696, 81), (367696, 82), (367696, 83), (367696, 84), (367696, 85), (367696, 86), (367696, 87), (367696, 88), (367696, 89), (367696, 90), (367696, 91), (367696, 92), (367696, 93), (367696, 94), (367696, 95), (367696, 96), (367696, 97), (367696, 98), (367696, 99), (367696, 100), (367696, 101), (367696, 102), (367696, 103), (367696, 104), (367696, 105), (367696, 106), (367696, 107), (367696, 108), (367696, 109), (367696, 110), (367696, 111), (367696, 112), (367696, 113), (367696, 114), (367696, 115), (367696, 116), (367696, 117), (367696, 118), (367696, 119), (367696, 120), (367696, 121), (367696, 122), (367696, 123), (367696, 124), (367696, 125), (367696, 126), (367696, 127), (367696, 128), (367696, 129), (367696, 130), (367696, 131), (367696, 132), (367696, 133), (367696, 134), (367696, 135), (367696, 136), (367696, 137), (367696, 138), (367696, 139), (367696, 140), (367696, 141), (367696, 142), (367696, 143), (367696, 144), (367696, 145), (367696, 146), (367696, 147), (367696, 148), (367696, 149), (367696, 150), (367696, 151), (367696, 152), (367696, 153), (367696, 154), (367696, 155), (367696, 156), (367696, 157), (367696, 158), (367696, 159), (367696, 160), (367696, 161), (367696, 162), (367696, 163), (367696, 164), (367696, 165), (367696, 166), (367696, 167), (367696, 168), (367696, 169), (367696, 170), (367696, 171), (367696, 172), (367696, 173), (367696, 174), (367696, 175), (367696, 176), (367696, 177), (367696, 178), (367696, 179), (367696, 180), (367696, 181), (367696, 182), (367696, 183), (367696, 184), (367696, 185), (367696, 186), (367696, 187), (367696, 188), (367696, 189), (367696, 190), (367696, 191), (367696, 192), (367696, 193), (367696, 194), (367696, 195), (367696, 196), (367696, 197), (367696, 198), (367696, 199), (367696, 200), (367696, 201), (367696, 202), (367696, 203), (367696, 204), (367696, 205), (367696, 206), (367696, 207), (367696, 208), (367696, 209), (367696, 210), (367696, 211), (367696, 212), (367696, 213), (367696, 214), (367696, 215), (367696, 216), (367696, 217), (367696, 218), (367696, 219), (367696, 220), (367696, 221), (367696, 222), (367696, 223), (367696, 224), (367696, 225), (367696, 226), (367696, 227), (367696, 228), (367696, 229), (367696, 230), (367696, 231), (367696, 232), (367696, 233), (367696, 234), (367696, 235), (367696, 236), (367696, 237), (367696, 238), (367696, 239), (367696, 240), (367696, 241), (367696, 242), (367696, 243), (367696, 244), (367696, 245), (367696, 246), (367696, 247), (367696, 248), (367696, 249), (367696, 250), (367696, 251), (367696, 252), (367696, 253), (367696, 254), (367696, 255), (367696, 256), (367696, 257), (367696, 258), (367696, 259), (367696, 260), (367696, 261), (367696, 262), (367696, 263), (367696, 264), (367696, 265), (367696, 266), (367696, 267), (367696, 268), (367696, 269), (367696, 270), (367696, 271), (367696, 272), (367696, 273), (367696, 274), (367696, 275), (367696, 276), (367696, 277), (367696, 278), (367696, 279), (367696, 280), (367696, 281), (367696, 282), (367696, 283), (367696, 284), (367696, 285), (367696, 286), (367696, 287), (367696, 288), (367696, 289), (367696, 290), (367696, 291), (367696, 292), (367696, 293), (367696, 294), (367696, 295), (367696, 296), (367696, 297), (367696, 298), (367696, 299), (367696, 300), (367696, 301), (367696, 302), (367696, 303), (367696, 304), (367696, 305), (367696, 306), (367696, 307), (367696, 308), (367696, 309), (367696, 310), (367696, 311), (367696, 312), (367696, 313), (367696, 314), (367696, 315), (367696, 316), (367696, 317), (367696, 318), (367696, 319), (367696, 320), (367696, 321), (367696, 322), (367696, 323), (367696, 324), (367696, 325), (367696, 326), (367696, 327), (367696, 328), (367696, 329), (367696, 330), (367696, 331), (367696, 332), (367696, 333), (367696, 334), (367696, 335), (367696, 336), (367696, 337), (367696, 338), (367696, 339), (367696, 340), (367696, 341), (367696, 342), (367696, 343), (367696, 344), (367696, 345), (367696, 346), (367696, 347), (367696, 348), (367696, 349), (367696, 350), (367696, 351), (367696, 352), (367696, 353), (367696, 354), (367696, 355), (367696, 356), (367696, 357), (367696, 358), (367696, 359), (367696, 360), (367696, 361), (367696, 362), (367696, 363), (367696, 364), (367696, 365), (367696, 366), (367696, 367), (367696, 368), (367696, 369), (367696, 370), (367696, 371), (367696, 372), (367696, 373), (367696, 374), (367696, 375), (367696, 376), (367696, 377), (367696, 378), (367696, 379), (367696, 380), (367696, 381), (367696, 382), (367696, 383), (367696, 384), (367696, 385), (367696, 386), (367696, 387), (367696, 388), (367696, 389), (367696, 390), (367696, 391), (367696, 392), (367696, 393), (367696, 394), (367696, 395), (367696, 396), (367696, 397), (367696, 398), (367696, 399), (367696, 400), (367696, 401), (367696, 402), (367696, 403), (367696, 404), (367696, 405), (367696, 406), (367696, 407), (367696, 408), (367696, 409), (367696, 410), (367696, 411), (367696, 412), (367696, 413), (367696, 414), (367696, 415), (367696, 416), (367696, 417), (367696, 418), (367696, 419), (367696, 420), (367696, 421), (367696, 422), (367696, 423), (367696, 424), (367696, 425), (367696, 426), (367696, 427), (367696, 428), (367696, 429), (367696, 430), (367696, 431), (367696, 432), (367696, 433), (367696, 434), (367696, 435), (367696, 436), (367696, 437), (367696, 438), (367696, 439), (367696, 440), (367696, 441), (367696, 442), (367696, 443), (367696, 444), (367696, 445), (367696, 446), (367696, 447), (367696, 448), (367696, 449), (367696, 450), (367696, 451), (367696, 452), (367696, 453), (367696, 454), (367696, 455), (367696, 456), (367696, 457), (367696, 458), (367696, 459), (367696, 460), (367696, 461), (367696, 462), (367696, 463), (367696, 464), (367696, 465), (367696, 466), (367696, 467), (367696, 468), (367696, 469), (367696, 470), (367696, 471), (367696, 472), (367696, 473), (367696, 474), (367696, 475), (367696, 476), (367696, 477), (367696, 478), (367696, 479), (367696, 480), (367696, 481), (367696, 482), (367696, 483), (367696, 484), (367696, 485), (367696, 486), (367696, 487), (367696, 488), (367696, 489), (367696, 490), (367696, 491), (367696, 492), (367696, 493), (367696, 494), (367696, 495), (367696, 496), (367696, 497), (367696, 498), (367696, 499), (367696, 500), (367696, 501), (367696, 502), (367696, 503), (367696, 504), (367696, 505), (367696, 506), (367696, 507), (367696, 508), (367696, 509), (367696, 510), (367696, 511), (367696, 512), (367696, 513), (367696, 514), (367696, 515), (367696, 516), (367696, 517), (367696, 518), (367696, 519), (367696, 520), (367696, 521), (367696, 522), (367696, 523), (367696, 524), (367696, 525), (367696, 526), (367696, 527), (367696, 528), (367696, 529), (367696, 530), (367696, 531), (367696, 532), (367696, 533), (367696, 534), (367696, 535), (367696, 536), (367696, 537), (367696, 538), (367696, 539), (367696, 540), (367696, 541), (367696, 542), (367696, 543), (367696, 544), (367696, 545), (367696, 546), (367696, 547), (367696, 548), (367696, 549), (367696, 550), (367696, 551), (367696, 552), (367696, 553), (367696, 554), (367696, 555), (367696, 556), (367696, 557), (367696, 558), (367696, 559), (367696, 560), (367696, 561), (367696, 562), (367696, 563), (367696, 564), (367696, 565), (367696, 566), (367696, 567), (367696, 568), (367696, 569), (367696, 570), (367696, 571), (367696, 572), (367696, 573), (367696, 574), (367696, 575), (367696, 576), (367696, 577), (367696, 578), (367696, 579), (367696, 580), (367696, 581), (367696, 582), (367696, 583), (367696, 584), (367696, 585), (367696, 586), (367696, 587), (367696, 588), (367696, 589), (367696, 590), (367696, 591), (367696, 592), (367696, 593), (367696, 594), (367696, 595), (367696, 596), (367696, 597), (367696, 598), (367696, 599), (367696, 600), (367696, 601), (367696, 602), (367696, 603), (367696, 604), (367696, 605), (367696, 606), (367696, 607), (367696, 608), (367696, 609), (367696, 610), (367696, 611), (367696, 612), (367696, 613), (367696, 614), (367696, 615), (367696, 616), (367696, 617), (367696, 618), (367696, 619), (367696, 620), (367696, 621), (367696, 622), (367696, 623), (367696, 624), (367696, 625), (367696, 626), (367696, 627), (367696, 628), (367696, 629), (367696, 630), (367696, 631), (367696, 632), (367696, 633), (367696, 634), (367696, 635), (367696, 636), (367696, 637), (367696, 638), (367696, 639), (367696, 640), (367696, 641), (367696, 642), (367696, 643), (367696, 644), (367696, 645), (367696, 646), (367696, 647), (367696, 648), (367696, 649), (367696, 650), (367696, 651), (367696, 652), (367696, 653), (367696, 654), (367696, 655), (367696, 656), (367696, 657), (367696, 658), (367696, 659), (367696, 660), (367696, 661), (367696, 662), (367696, 663), (367696, 664), (367696, 665), (367696, 666), (367696, 667), (367696, 668), (367696, 669), (367696, 670), (367696, 671), (367696, 672), (367696, 673), (367696, 674), (367696, 675), (367696, 676), (367696, 677), (367696, 678), (367696, 679), (367696, 680), (367696, 681), (367696, 682), (367696, 683), (367696, 684), (367696, 685), (367696, 686), (367696, 687), (367696, 688), (367696, 689), (367696, 690), (367696, 691), (367696, 692), (367696, 693), (367696, 694), (367696, 695), (367696, 696), (367696, 697), (367696, 698), (367696, 699), (367696, 700), (367696, 701), (367696, 702), (367696, 703), (367696, 704), (367696, 705), (367696, 706), (367696, 707), (367696, 708), (367696, 709), (367696, 710), (367696, 711), (367696, 712), (367696, 713), (367696, 714), (367696, 715), (367696, 716), (367696, 717), (367696, 718), (367696, 719), (367696, 720), (367696, 721), (367696, 722), (367696, 723), (367696, 724), (367696, 725), (367696, 726), (367696, 727), (367696, 728), (367696, 729), (367696, 730), (367696, 731), (367696, 732), (367696, 733), (367696, 734), (367696, 735), (367696, 736), (367696, 737), (367696, 738), (367696, 739), (367696, 740), (367696, 741), (367696, 742), (367696, 743), (367696, 744), (367696, 745), (367696, 746), (367696, 747), (367696, 748), (367696, 749), (367696, 750), (367696, 751), (367696, 752), (367696, 753), (367696, 754), (367696, 755), (367696, 756), (367696, 757), (367696, 758), (367696, 759), (367696, 760), (367696, 761), (367696, 762), (367696, 763), (367696, 764), (367696, 765), (367696, 766), (367696, 767), (367696, 768), (367696, 769), (367696, 770), (367696, 771), (367696, 772), (367696, 773), (367696, 774), (367696, 775), (367696, 776), (367696, 777), (367696, 778), (367696, 779), (367696, 780), (367696, 781), (367696, 782), (367696, 783), (367696, 784), (367696, 785), (367696, 786), (367696, 787), (367696, 788), (367696, 789), (367696, 790), (367696, 791), (367696, 792), (367696, 793), (367696, 794), (367696, 795), (367696, 796), (367696, 797), (367696, 798), (367696, 799), (367696, 800), (367696, 801), (367696, 802), (367696, 803), (367696, 804), (367696, 805), (367696, 806), (367696, 807), (367696, 808), (367696, 809), (367696, 810), (367696, 811), (367696, 812), (367696, 813), (367696, 814), (367696, 815), (367696, 816), (367696, 817), (367696, 818), (367696, 819), (367696, 820), (367696, 821), (367696, 822), (367696, 823), (367696, 824), (367696, 825), (367696, 826), (367696, 827), (367696, 828), (367696, 829), (367696, 830), (367696, 831), (367696, 832), (367696, 833), (367696, 834), (367696, 835), (367696, 836), (367696, 837), (367696, 838), (367696, 839), (367696, 840), (367696, 841), (367696, 842), (367696, 843), (367696, 844), (367696, 845), (367696, 846), (367696, 847), (367696, 848), (367696, 849), (367696, 850), (367696, 851), (367696, 852), (367696, 853), (367696, 854), (367696, 855), (367696, 856), (367696, 858), (367696, 859), (367696, 860), (367696, 861), (367696, 862), (367696, 863), (367696, 864), (367696, 865), (367696, 866), (367696, 867), (367696, 868), (367696, 869), (367696, 870), (367696, 871), (367696, 872), (367696, 873), (367696, 874), (367696, 875), (367696, 876), (367696, 877), (367696, 878), (367696, 879), (367696, 880), (367696, 881), (367696, 882), (367696, 883), (367696, 884), (367696, 885), (367696, 886), (367696, 887), (367696, 888), (367696, 889), (367696, 890), (367696, 891), (367696, 892), (367696, 893), (367696, 894), (367696, 895), (367696, 896), (367696, 897), (367696, 898), (367696, 899), (367696, 900), (367696, 901), (367696, 902), (367696, 903), (367696, 904), (367696, 905), (367696, 906), (367696, 907), (367696, 908), (367696, 909), (367696, 910), (367696, 911), (367696, 912), (367696, 913), (367696, 914), (367696, 915), (367696, 916), (367696, 917), (367696, 918), (367696, 919), (367696, 920), (367696, 921), (367696, 922), (367696, 923), (367696, 924), (367696, 925), (367696, 926), (367696, 927), (367696, 928), (367696, 929), (367696, 930), (367696, 931), (367696, 932), (367696, 933), (367696, 934), (367696, 935), (367696, 936), (367696, 937), (367696, 938), (367696, 939), (367696, 940), (367696, 941), (367696, 942), (367696, 943), (367696, 944), (367696, 945), (367696, 946), (367696, 947), (367696, 948), (367696, 949), (367696, 950), (367696, 951), (367696, 952), (367696, 953), (367696, 954), (367696, 955), (367696, 956), (367696, 957), (367696, 958), (367696, 959), (367696, 960), (367696, 961), (367696, 962), (367696, 963), (367696, 964), (367696, 965), (367696, 966), (367696, 967), (367696, 968), (367696, 969), (367696, 970), (367696, 971), (367696, 972), (367696, 973), (367696, 974), (367696, 975), (367696, 976), (367696, 977), (367696, 978), (367696, 979), (367696, 980), (367696, 981), (367696, 982), (367696, 983), (367696, 984), (367696, 985), (367696, 986), (367696, 987), (367696, 988), (367696, 989), (367696, 990), (367696, 991), (367696, 992), (367696, 993), (367696, 994), (367696, 995), (367696, 996), (367696, 997), (367696, 998), (367696, 999), (367696, 1000), (367696, 1001), (367696, 1002), (367696, 1003), (367696, 1004), (367696, 1005), (367696, 1006), (367696, 1007), (367696, 1008), (367696, 1009), (367696, 1010), (367696, 1011), (367696, 1012), (367696, 1013), (367696, 1014), (367696, 1015), (367696, 1016), (367696, 1017), (367696, 1018), (367696, 1019), (367696, 1020), (367696, 1021), (367696, 1022), (367696, 1023), (367696, 1024), (367696, 1025), (367696, 1026), (367696, 1027), (367696, 1028), (367696, 1029), (367696, 1030), (367696, 1031), (367696, 1032), (367696, 1033), (367696, 1034), (367696, 1035), (367696, 1036), (367696, 1037), (367696, 1038), (367696, 1039), (367696, 1040), (367696, 1041), (367696, 1042), (367696, 1043), (367696, 1044), (367696, 1045), (367696, 1046), (367696, 1047), (367696, 1048), (367696, 1049), (367696, 1050), (367696, 1051), (367696, 1052), (367696, 1053), (367696, 1054), (367696, 1055), (367696, 1056), (367696, 1057), (367696, 1058), (367696, 1059), (367696, 1060), (367696, 1061), (367696, 1062), (367696, 1063), (367696, 1064), (367696, 1065), (367696, 1066), (367696, 1067), (367696, 1068), (367696, 1069), (367696, 1070), (367696, 1071), (367696, 1072), (367696, 1073), (367696, 1074), (367696, 1075), (367696, 1076), (367696, 1077), (367696, 1078), (367696, 1079), (367696, 1080), (367696, 1081), (367696, 1082), (367696, 1083), (367696, 1084), (367696, 1085), (367696, 1086), (367696, 1087), (367696, 1088), (367696, 1089), (367696, 1090), (367696, 1091), (367696, 1092), (367696, 1093), (367696, 1094), (367696, 1095), (367696, 1096), (367696, 1097), (367696, 1098), (367696, 1099), (367696, 1100), (367696, 1101), (367696, 1102), (367696, 1103), (367696, 1104), (367696, 1105), (367696, 1106), (367696, 1107), (367696, 1108), (367696, 1109), (367696, 1110), (367696, 1111), (367696, 1112), (367696, 1113), (367696, 1114), (367696, 1115), (367696, 1116), (367696, 1117), (367696, 1118), (367696, 1119), (367696, 1120), (367696, 1121), (367696, 1122), (367696, 1123), (367696, 1124), (367696, 1125), (367696, 1126), (367696, 1127), (367696, 1128), (367696, 1129), (367696, 1130), (367696, 1131), (367696, 1132), (367696, 1133), (367696, 1134), (367696, 1135), (367696, 1136), (367696, 1137), (367696, 1138), (367696, 1139), (367696, 1140), (367696, 1141), (367696, 1142), (367696, 1143), (367696, 1144), (367696, 1145), (367696, 1146), (367696, 1147), (367696, 1148), (367696, 1149), (367696, 1150), (367696, 1151), (367696, 1152), (367696, 1153), (367696, 1154), (367696, 1155), (367696, 1156), (367696, 1157), (367696, 1158), (367696, 1159), (367696, 1160), (367696, 1161), (367696, 1162), (367696, 1163), (367696, 1164), (367696, 1165), (367696, 1166), (367696, 1167), (367696, 1168), (367696, 1169), (367696, 1170), (367696, 1171), (367696, 1172), (367696, 1173), (367696, 1174), (367696, 1175), (367696, 1176), (367696, 1177), (367696, 1178), (367696, 1179), (367696, 1180), (367696, 1181), (367696, 1182), (367696, 1183), (367696, 1184), (367696, 1185), (367696, 1186), (367696, 1187), (367696, 1188), (367696, 1189), (367696, 1190), (367696, 1191), (367696, 1192), (367696, 1193), (367696, 1194), (367696, 1195), (367696, 1196), (367696, 1197), (367696, 1198), (367696, 1199), (367696, 1200), (367696, 1201), (367696, 1202), (367696, 1203), (367696, 1204), (367696, 1205), (367696, 1206), (367696, 1207), (367696, 1208), (367696, 1209), (367696, 1210), (367696, 1211), (367696, 1212), (367696, 1213), (367696, 1214), (367696, 1215), (367696, 1216), (367696, 1217), (367696, 1218), (367696, 1219), (367696, 1220), (367696, 1221), (367696, 1222), (367696, 1223), (367696, 1224), (367696, 1225), (367696, 1226), (367696, 1227), (367696, 1228), (367696, 1229), (367696, 1230), (367696, 1231), (367696, 1232), (367696, 1233), (367696, 1234), (367696, 1235), (367696, 1236), (367696, 1237), (367696, 1238), (367696, 1239), (367696, 1240), (367696, 1241), (367696, 1242), (367696, 1243), (367696, 1244), (367696, 1245), (367696, 1246), (367696, 1247), (367696, 1248), (367696, 1249), (367696, 1250), (367696, 1251), (367696, 1252), (367696, 1253), (367696, 1254), (367696, 1255), (367696, 1256), (367696, 1257), (367696, 1258), (367696, 1259), (367696, 1260), (367696, 1261), (367696, 1262), (367696, 1263), (367696, 1264), (367696, 1265), (367696, 1266), (367696, 1267), (367696, 1268), (367696, 1269), (367696, 1270), (367696, 1271), (367696, 1272), (367696, 1273), (367696, 1274), (367696, 1275), (367696, 1276), (367696, 1277), (367696, 1278), (367696, 1279), (367696, 1280), (367696, 1281), (367696, 1282), (367696, 1283), (367696, 1284), (367696, 1285), (367696, 1286), (367696, 1287), (367696, 1288), (367696, 1289), (367696, 1290), (367696, 1291), (367696, 1292), (367696, 1293), (367696, 1294), (367696, 1295), (367696, 1296), (367696, 1297), (367696, 1298), (367696, 1299), (367696, 1300), (367696, 1301), (367696, 1302), (367696, 1303), (367696, 1304), (367696, 1305), (367696, 1306), (367696, 1307), (367696, 1308), (367696, 1309), (367696, 1310), (367696, 1311), (367696, 1312), (367696, 1313), (367696, 1314), (367696, 1315), (367696, 1316), (367696, 1317), (367696, 1318), (367696, 1319), (367696, 1320), (367696, 1321), (367696, 1322), (367696, 1323), (367696, 1324), (367696, 1325), (367696, 1326), (367696, 1327), (367696, 1328), (367696, 1329), (367696, 1330), (367696, 1331), (367696, 1332), (367696, 1333), (367696, 1334), (367696, 1335), (367696, 1336), (367696, 1337), (367696, 1338), (367696, 1339), (367696, 1340), (367696, 1341), (367696, 1342), (367696, 1343), (367696, 1344), (367696, 1345), (367696, 1346), (367696, 1347), (367696, 1348), (367696, 1349), (367696, 1350), (367696, 1351), (367696, 1352), (367696, 1353), (367696, 1354), (367696, 1355), (367696, 1356), (367696, 1357), (367696, 1358), (367696, 1359), (367696, 1360), (367696, 1361), (367696, 1362), (367696, 1363), (367696, 1364), (367696, 1365), (367696, 1366), (367696, 1367), (367696, 1368), (367696, 1369), (367696, 1370), (367696, 1371), (367696, 1372), (367696, 1373), (367696, 1374), (367696, 1375), (367696, 1376), (367696, 1377), (367696, 1378), (367696, 1379), (367696, 1380), (367696, 1381), (367696, 1382), (367696, 1383), (367696, 1384), (367696, 1385), (367696, 1386), (367696, 1387), (367696, 1388), (367696, 1389), (367696, 1390), (367696, 1391), (367696, 1392), (367696, 1393), (367696, 1394), (367696, 1395), (367696, 1396), (367696, 1397), (367696, 1398), (367696, 1399), (367696, 1400), (367696, 1401), (367696, 1402), (367696, 1403), (367696, 1404), (367696, 1405), (367696, 1406), (367696, 1407), (367696, 1408), (367696, 1409), (367696, 1410), (367696, 1411), (367696, 1412), (367696, 1413), (367696, 1414), (367696, 1415), (367696, 1416), (367696, 1417), (367696, 1418), (367696, 1419), (367696, 1420), (367696, 1421), (367696, 1422), (367696, 1423), (367696, 1424), (367696, 1425), (367696, 1426), (367696, 1427), (367696, 1428), (367696, 1429), (367696, 1430), (367696, 1431), (367696, 1432), (367696, 1433), (367696, 1434), (367696, 1435), (367696, 1436), (367696, 1437), (367696, 1438), (367696, 1439), (367696, 1440), (367696, 1441), (367696, 1442), (367696, 1443), (367696, 1444), (367696, 1445), (367696, 1446), (367696, 1447), (367696, 1448), (367696, 1449), (367696, 1450), (367696, 1451), (367696, 1452), (367696, 1453), (367696, 1454), (367696, 1455), (367696, 1456), (367696, 1457), (367696, 1458), (367696, 1459), (367696, 1460), (367696, 1461), (367696, 1462), (367696, 1463), (367696, 1464), (367696, 1465), (367696, 1466), (367696, 1467), (367696, 1468), (367696, 1469), (367696, 1470), (367696, 1471), (367696, 1472), (367696, 1473), (367696, 1474), (367696, 1475), (367696, 1476), (367696, 1477), (367696, 1478), (367696, 1479), (367696, 1480), (367696, 1481), (367696, 1482), (367696, 1483), (367696, 1484), (367696, 1485), (367696, 1486), (367696, 1487), (367696, 1488), (367696, 1489), (367696, 1490), (367696, 1491), (367696, 1492), (367696, 1493), (367696, 1494), (367696, 1495), (367696, 1496), (367696, 1497), (367696, 1498), (367696, 1499), (367696, 1500), (367696, 1501), (367696, 1502), (367696, 1503), (367696, 1504), (367696, 1505), (367696, 1506), (367696, 1507), (367696, 1508), (367696, 1509), (367696, 1510), (367696, 1511), (367696, 1512), (367696, 1513), (367696, 1514), (367696, 1515), (367696, 1516), (367696, 1517), (367696, 1518), (367696, 1519), (367696, 1520), (367696, 1521), (367696, 1522), (367696, 1523), (367696, 1524), (367696, 1525), (367696, 1526), (367696, 1527), (367696, 1528), (367696, 1529), (367696, 1530), (367696, 1531), (367696, 1532), (367696, 1533), (367696, 1534), (367696, 1535), (367696, 1536), (367696, 1537), (367696, 1538), (367696, 1539), (367696, 1540), (367696, 1541), (367696, 1542), (367696, 1543), (367696, 1544), (367696, 1545), (367696, 1546), (367696, 1547), (367696, 1548), (367696, 1549), (367696, 1550), (367696, 1551), (367696, 1552), (367696, 1553), (367696, 1554), (367696, 1555), (367696, 1556), (367696, 1557), (367696, 1558), (367696, 1559), (367696, 1560), (367696, 1561), (367696, 1562), (367696, 1563), (367696, 1564), (367696, 1565), (367696, 1566), (367696, 1567), (367696, 1568), (367696, 1569), (367696, 1570), (367696, 1571), (367696, 1572), (367696, 1573), (367696, 1574), (367696, 1575), (367696, 1576), (367696, 1577), (367696, 1578), (367696, 1579), (367696, 1580), (367696, 1581), (367696, 1582), (367696, 1583), (367696, 1584), (367696, 1585), (367696, 1586), (367696, 1587), (367696, 1588), (367696, 1589), (367696, 1590), (367696, 1591), (367696, 1592), (367696, 1593), (367696, 1594), (367696, 1595), (367696, 1596), (367696, 1597), (367696, 1598), (367696, 1599), (367696, 1600), (367696, 1601), (367696, 1602), (367696, 1603), (367696, 1604), (367696, 1605), (367696, 1606), (367696, 1607), (367696, 1608), (367696, 1609), (367696, 1610), (367696, 1611), (367696, 1612), (367696, 1613), (367696, 1614), (367696, 1615), (367696, 1616), (367696, 1617), (367696, 1618), (367696, 1619), (367696, 1620), (367696, 1621), (367696, 1622), (367696, 1623), (367696, 1624), (367696, 1625), (367696, 1626), (367696, 1627), (367696, 1628), (367696, 1629), (367696, 1630), (367696, 1631), (367696, 1632), (367696, 1633), (367696, 1634), (367696, 1635), (367696, 1636), (367696, 1637), (367696, 1638), (367696, 1639), (367696, 1640), (367696, 1641), (367696, 1642), (367696, 1643), (367696, 1644), (367696, 1645), (367696, 1646), (367696, 1647), (367696, 1648), (367696, 1649), (367696, 1650), (367696, 1651), (367696, 1652), (367696, 1653), (367696, 1654), (367696, 1655), (367696, 1656), (367696, 1657), (367696, 1658), (367696, 1659), (367696, 1660), (367696, 1661), (367696, 1662), (367696, 1663), (367696, 1664), (367696, 1665), (367696, 1666), (367696, 1667), (367696, 1668), (367696, 1669), (367696, 1670), (367696, 1671), (367696, 1672), (367696, 1673), (367696, 1674), (367696, 1675), (367696, 1676), (367696, 1677), (367696, 1678), (367696, 1679), (367696, 1680), (367696, 1681), (367696, 1682), (367696, 1683), (367696, 1684), (367696, 1685), (367696, 1686), (367696, 1687), (367696, 1688), (367696, 1689), (367696, 1690), (367696, 1691), (367696, 1692), (367696, 1693), (367696, 1694), (367696, 1695), (367696, 1696), (367696, 1697), (367696, 1698), (367696, 1699), (367696, 1700), (367696, 1701), (367696, 1702), (367696, 1703), (367696, 1704), (367696, 1705), (367696, 1706), (367696, 1707), (367696, 1708), (367696, 1709), (367696, 1710), (367696, 1711), (367696, 1712), (367696, 1713), (367696, 1714), (367696, 1715), (367696, 1716), (367696, 1717), (367696, 1718), (367696, 1719), (367696, 1720), (367696, 1721), (367696, 1722), (367696, 1723), (367696, 1724), (367696, 1725), (367696, 1726), (367696, 1727), (367696, 1728), (367696, 1729), (367696, 1730), (367696, 1731), (367696, 1732), (367696, 1733), (367696, 1734), (367696, 1735), (367696, 1736), (367696, 1737), (367696, 1738), (367696, 1739), (367696, 1740), (367696, 1741), (367696, 1742), (367696, 1743), (367696, 1744), (367696, 1745), (367696, 1746), (367696, 1747), (367696, 1748), (367696, 1749), (367696, 1750), (367696, 1751), (367696, 1752), (367696, 1753), (367696, 1754), (367696, 1755), (367696, 1756), (367696, 1757), (367696, 1758), (367696, 1759), (367696, 1760), (367696, 1761), (367696, 1762), (367696, 1763), (367696, 1764), (367696, 1765), (367696, 1766), (367696, 1767), (367696, 1768), (367696, 1769), (367696, 1770), (367696, 1771), (367696, 1772), (367696, 1773), (367696, 1774), (367696, 1775), (367696, 1776), (367696, 1777), (367696, 1778), (367696, 1779), (367696, 1780), (367696, 1781), (367696, 1782), (367696, 1783), (367696, 1784), (367696, 1785), (367696, 1786), (367696, 1787), (367696, 1788), (367696, 1789), (367696, 1790), (367696, 1791), (367696, 1792), (367696, 1793), (367696, 1794), (367696, 1795), (367696, 1796), (367696, 1797), (367696, 1798), (367696, 1799), (367696, 1800), (367696, 1801), (367696, 1802), (367696, 1803), (367696, 1804), (367696, 1805), (367696, 1806), (367696, 1807), (367696, 1808), (367696, 1809), (367696, 1810), (367696, 1811), (367696, 1812), (367696, 1813), (367696, 1814), (367696, 1815), (367696, 1816), (367696, 1817), (367696, 1818), (367696, 1819), (367696, 1820), (367696, 1821), (367696, 1822), (367696, 1823), (367696, 1824), (367696, 1825), (367696, 1826), (367696, 1827), (367696, 1828), (367696, 1829), (367696, 1830), (367696, 1831), (367696, 1832), (367696, 1833), (367696, 1834), (367696, 1835), (367696, 1836), (367696, 1837), (367696, 1838), (367696, 1839), (367696, 1840), (367696, 1841), (367696, 1842), (367696, 1843), (367696, 1844), (367696, 1845), (367696, 1846), (367696, 1847), (367696, 1848), (367696, 1849), (367696, 1850), (367696, 1851), (367696, 1852), (367696, 1853), (367696, 1854), (367696, 1855), (367696, 1856), (367696, 1857), (367696, 1858), (367696, 1859), (367696, 1860), (367696, 1861), (367696, 1862), (367696, 1863), (367696, 1864), (367696, 1865), (367696, 1866), (367696, 1867), (367696, 1868), (367696, 1869), (367696, 1870), (367696, 1871), (367696, 1872), (367696, 1873), (367696, 1874), (367696, 1875), (367696, 1876), (367696, 1877), (367696, 1878), (367696, 1879), (367696, 1880), (367696, 1881), (367696, 1882), (367696, 1883), (367696, 1884), (367696, 1885), (367696, 1886), (367696, 1887), (367696, 1888), (367696, 1889), (367696, 1890), (367696, 1891), (367696, 1892), (367696, 1893), (367696, 1894), (367696, 1895), (367696, 1896), (367696, 1897), (367696, 1898), (367696, 1899), (367696, 1900), (367696, 1901), (367696, 1902), (367696, 1903), (367696, 1904), (367696, 1905), (367696, 1906), (367696, 1907), (367696, 1908), (367696, 1909), (367696, 1910), (367696, 1911), (367696, 1912), (367696, 1913), (367696, 1914), (367696, 1915), (367696, 1916), (367696, 1917), (367696, 1918), (367696, 1919), (367696, 1920), (367691, 46), (367691, 47), (367691, 48), (367691, 49), (367691, 50), (367691, 51), (367691, 52), (367691, 53), (367691, 54), (367691, 55), (367691, 56), (367691, 57), (367691, 58), (367691, 59), (367691, 60), (367691, 61), (367691, 62), (367691, 63), (367691, 64), (367691, 65), (367691, 66), (367691, 67), (367691, 68), (367691, 69), (367691, 70), (367691, 71), (367691, 72), (367691, 73), (367691, 74), (367691, 75), (367691, 76), (367691, 77), (367691, 78), (367691, 79), (367691, 80), (367691, 81), (367691, 82), (367691, 83), (367691, 84), (367691, 85), (367691, 86), (367691, 87), (367691, 88), (367691, 89), (367691, 90), (367691, 91), (367691, 92), (367691, 93), (367691, 94), (367691, 95), (367691, 96), (367691, 97), (367691, 98), (367691, 99), (367691, 100), (367691, 101), (367691, 102), (367691, 103), (367691, 104), (367691, 105), (367691, 106), (367691, 107), (367691, 108), (367691, 109), (367691, 110), (367691, 111), (367691, 112), (367691, 113), (367691, 114), (367691, 115), (367691, 116), (367691, 117), (367691, 118), (367691, 119), (367691, 120), (367691, 121), (367691, 122), (367691, 123), (367691, 124), (367691, 125), (367691, 126), (367691, 127), (367691, 128), (367691, 129), (367691, 130), (367691, 131), (367691, 132), (367691, 133), (367691, 134), (367691, 135), (367691, 136), (367691, 137), (367691, 138), (367691, 139), (367691, 140), (367691, 141), (367691, 142), (367691, 143), (367691, 144), (367691, 145), (367691, 146), (367691, 147), (367691, 148), (367691, 149), (367691, 150), (367691, 151), (367691, 152), (367691, 153), (367691, 154), (367691, 155), (367691, 156), (367691, 157), (367691, 158), (367691, 159), (367691, 160), (367691, 161), (367691, 162), (367691, 163), (367691, 164), (367691, 165), (367691, 166), (367691, 167), (367691, 168), (367691, 169), (367691, 170), (367691, 171), (367691, 172), (367691, 173), (367691, 174), (367691, 175), (367691, 176), (367691, 177), (367691, 178), (367691, 179), (367691, 180), (367691, 181), (367691, 182), (367691, 183), (367691, 184), (367691, 185), (367691, 186), (367691, 187), (367691, 188), (367691, 189), (367691, 190), (367691, 191), (367691, 192), (367691, 193), (367691, 194), (367691, 195), (367691, 196), (367691, 197), (367691, 198), (367691, 199), (367691, 200), (367691, 201), (367691, 202), (367691, 203), (367691, 204), (367666, 1), (367666, 2), (367666, 3), (367666, 4), (367666, 5), (367666, 6), (367666, 7), (367666, 8), (367666, 9), (367666, 10), (367666, 11), (367666, 16), (367666, 17), (367666, 18), (367666, 19), (367666, 20), (367666, 21), (367666, 22), (367666, 23), (367666, 24), (367666, 25), (367666, 26), (367666, 27), (367666, 28), (367666, 29), (367666, 30), (367666, 31), (367666, 32), (367666, 33), (367666, 34), (367666, 35), (367666, 36), (367666, 37), (367666, 38), (367666, 39), (367666, 40), (367666, 41), (367666, 42), (367666, 43), (367666, 44), (367666, 45), (367666, 46), (367666, 47), (367666, 48), (367666, 49), (367666, 50), (367666, 51), (367666, 52), (367666, 53), (367666, 54), (367666, 55), (367666, 56), (367666, 57), (367666, 58), (367666, 59), (367666, 60), (367666, 61), (367666, 62), (367666, 63), (367666, 64), (367666, 65), (367666, 66), (367666, 67), (367666, 68), (367666, 69), (367666, 70), (367666, 71), (367666, 72), (367666, 73), (367666, 74), (367666, 75), (367666, 76), (367666, 77), (367666, 78), (367666, 79), (367666, 80), (367666, 81), (367666, 82), (367666, 83), (367666, 84), (367666, 85), (367666, 86), (367665, 1), (367665, 2), (367665, 3), (367665, 4), (367665, 5), (367665, 6), (367665, 7), (367665, 8), (367665, 9), (367665, 10), (367665, 11), (367665, 12), (367665, 13), (367665, 14), (367665, 15), (367665, 16), (367665, 17), (367665, 18), (367665, 19), (367665, 20), (367665, 21), (367665, 22), (367665, 23), (367665, 24), (367665, 25), (367665, 26), (367665, 27), (367665, 28), (367665, 29), (367665, 30), (367665, 31), (367665, 32), (367665, 33), (367665, 34), (367665, 35), (367665, 36), (367665, 37), (367665, 38), (367665, 39), (367665, 40), (367665, 41), (367665, 42), (367665, 43), (367665, 44), (367665, 45), (367665, 46), (367665, 47), (367665, 48), (367665, 49), (367665, 50), (367665, 51), (367665, 52), (367665, 53), (367665, 54), (367665, 55), (367665, 56), (367665, 57), (367665, 58), (367665, 59), (367665, 60), (367665, 61), (367665, 62), (367665, 63), (367665, 64), (367665, 65), (367665, 66), (367665, 67), (367665, 68), (367665, 69), (367665, 70), (367665, 71), (367665, 72), (367665, 73), (367665, 74), (367665, 75), (367665, 76), (367665, 77), (367665, 78), (367665, 79), (367665, 80), (367665, 81), (367665, 82), (367665, 83), (367665, 84), (367665, 85), (367665, 86), (367665, 87), (367665, 88), (367665, 89), (367665, 90), (367665, 91), (367665, 92), (367665, 93), (367665, 94), (367665, 95), (367665, 96), (367665, 97), (367665, 98), (367665, 99), (367665, 100), (367665, 101), (367665, 102), (367665, 103), (367665, 104), (367665, 105), (367665, 106), (367665, 107), (367665, 108), (367665, 109), (367665, 110), (367665, 111), (367665, 112), (367665, 113), (367665, 114), (367665, 115), (367665, 116), (367665, 117), (367665, 118), (367665, 119), (367665, 120), (367665, 121), (367665, 122), (367665, 123), (367665, 124), (367665, 125), (367665, 126), (367665, 127), (367665, 128), (367665, 129), (367665, 130), (367665, 131), (367665, 132), (367665, 133), (367665, 134), (367665, 135), (367665, 136), (367665, 137), (367665, 138), (367665, 139), (367665, 140), (367665, 141), (367665, 142), (367665, 143), (367665, 144), (367665, 145), (367665, 146), (367665, 147), (367665, 148), (367665, 149), (367665, 150), (367665, 151), (367665, 152), (367665, 153), (367665, 154), (367665, 155), (367665, 156), (367665, 157), (367665, 158), (367665, 159), (367665, 160), (367665, 161), (367665, 162), (367665, 163), (367665, 164), (367665, 165), (367665, 166), (367665, 167), (367665, 168), (367665, 169), (367665, 170), (367665, 171), (367665, 172), (367665, 173), (367665, 174), (367665, 175), (367665, 176), (367665, 177), (367665, 178), (367665, 179), (367665, 180), (367665, 181), (367665, 182), (367665, 183), (367665, 184), (367665, 185), (367665, 186), (367665, 187), (367665, 188), (367665, 189), (367665, 190), (367665, 191), (367665, 192), (367665, 193), (367665, 194), (367665, 195), (367665, 196), (367665, 197), (367665, 198), (367665, 199), (367665, 200), (367665, 201), (367665, 202), (367665, 203), (367665, 204), (367665, 205), (367665, 206), (367665, 207), (367665, 208), (367665, 209), (367665, 210), (367665, 211), (367665, 212), (367665, 213), (367665, 214), (367665, 215), (367665, 216), (367665, 217), (367665, 218), (367665, 219), (367665, 220), (367665, 221), (367665, 222), (367665, 223), (367665, 224), (367665, 225), (367665, 226), (367665, 227), (367665, 228), (367665, 229), (367665, 230), (367665, 231), (367665, 232), (367665, 233), (367665, 234), (367665, 235), (367665, 236), (367665, 237), (367665, 238), (367665, 239), (367665, 240), (367665, 241), (367665, 242), (367665, 243), (367665, 244), (367665, 245), (367665, 246), (367665, 247), (367665, 248), (367665, 249), (367665, 250), (367665, 251), (367665, 252), (367665, 253), (367665, 254), (367665, 255), (367665, 256), (367665, 257), (367665, 258), (367665, 259), (367665, 260), (367665, 261), (367665, 262), (367665, 263), (367665, 264), (367665, 265), (367665, 266), (367665, 267), (367665, 268), (367665, 269), (367665, 270), (367665, 271), (367662, 1), (367662, 2), (367662, 3), (367662, 4), (367662, 5), (367662, 6), (367662, 7), (367662, 8), (367662, 9), (367662, 10), (367662, 11), (367662, 12), (367662, 13), (367662, 14), (367662, 15), (367662, 16), (367662, 17), (367662, 18), (367619, 1), (367619, 2), (367619, 3), (367619, 4), (367619, 5), (367619, 6), (367619, 7), (367619, 8), (367619, 9), (367619, 10), (367619, 11), (367619, 12), (367619, 13), (367619, 14), (367619, 15), (367619, 16), (367619, 17), (367619, 18), (367619, 19), (367619, 20), (367619, 21), (367619, 22), (367619, 23), (367619, 24), (367619, 25), (367619, 26), (367619, 27), (367619, 28), (367619, 29), (367619, 30), (367619, 31), (367619, 32), (367619, 33), (367619, 34), (367619, 35), (367619, 36), (367619, 37), (367619, 38), (367619, 39), (367619, 40), (367619, 41), (367619, 42), (367619, 43), (367619, 44), (367619, 45), (367619, 46), (367619, 47), (367619, 48), (367619, 49), (367619, 50), (367619, 51), (367619, 52), (367619, 53), (367619, 54), (367619, 55), (367619, 56), (367619, 57), (367619, 58), (367619, 59), (367619, 60), (367619, 61), (367619, 62), (367619, 63), (367619, 64), (367619, 65), (367619, 66), (367619, 67), (367619, 68), (367619, 69), (367619, 70), (367619, 71), (367619, 72), (367619, 73), (367619, 74), (367619, 75), (367619, 76), (367619, 77), (367619, 78), (367619, 79), (367619, 80), (367619, 81), (367619, 82), (367619, 83), (367619, 84), (367619, 85), (367619, 86), (367619, 87), (367619, 88), (367619, 89), (367619, 90), (367619, 91), (367619, 92), (367619, 93), (367619, 94), (367619, 95), (367619, 96), (367619, 97), (367619, 98), (367619, 99), (367619, 100), (367619, 101), (367619, 102), (367619, 103), (367619, 104), (367619, 105), (367619, 106), (367619, 107), (367619, 108), (367619, 109), (367619, 110), (367619, 111), (367619, 112), (367619, 113), (367619, 114), (367619, 115), (367619, 116), (367619, 117), (367619, 118), (367619, 119), (367619, 120), (367619, 121), (367619, 122), (367619, 123), (367619, 124), (367619, 125), (367619, 126), (367619, 127), (367619, 128), (367619, 129), (367619, 130), (367619, 131), (367619, 132), (367619, 133), (367619, 134), (367619, 135), (367619, 136), (367619, 137), (367619, 138), (367619, 139), (367619, 140), (367619, 141), (367619, 142), (367619, 143), (367619, 144), (367619, 145), (367619, 146), (367619, 147), (367619, 148), (367619, 149), (367619, 150), (367619, 151), (367619, 152), (367619, 153), (367619, 154), (367619, 155), (367619, 156), (367619, 157), (367619, 158), (367619, 159), (367619, 160), (367619, 161), (367619, 162), (367619, 163), (367619, 164), (367619, 165), (367619, 166), (367619, 167), (367619, 168), (367619, 169), (367619, 170), (367619, 171), (367619, 172), (367619, 173), (367619, 174), (367619, 175), (367619, 176), (367619, 177), (367619, 178), (367619, 179), (367619, 180), (367619, 181), (367619, 182), (367619, 183), (367619, 184), (367619, 185), (367619, 186), (367619, 187), (367619, 188), (367619, 189), (367619, 190), (367619, 191), (367619, 192), (367619, 193), (367619, 194), (367619, 195), (367619, 196), (367619, 197), (367619, 198), (367619, 199), (367619, 200), (367619, 201), (367619, 202), (367619, 203), (367619, 204), (367619, 205), (367619, 206), (367619, 207), (367619, 208), (367619, 209), (367619, 210), (367619, 211), (367619, 212), (367619, 213), (367619, 214), (367619, 215), (367619, 216), (367619, 217), (367619, 218), (367619, 219), (367619, 220), (367619, 221), (367619, 222), (367619, 223), (367619, 224), (367619, 225), (367619, 226), (367619, 227), (367619, 228), (367619, 229), (367619, 230), (367619, 231), (367619, 232), (367619, 233), (367619, 234), (367619, 235), (367619, 236), (367619, 237), (367619, 238), (367619, 239), (367619, 240), (367619, 241), (367619, 242), (367619, 243), (367619, 244), (367619, 245), (367619, 246), (367619, 247), (367619, 248), (367619, 249), (367619, 250), (367619, 251), (367619, 252), (367619, 253), (367619, 254), (367619, 255), (367619, 256), (367619, 257), (367619, 258), (367619, 259), (367619, 260), (367619, 261), (367619, 262), (367619, 263), (367619, 264), (367619, 265), (367619, 266), (367619, 267), (367619, 268), (367619, 269), (367619, 270), (367619, 271), (367619, 272), (367619, 273), (367619, 274), (367619, 275), (367619, 276), (367619, 277), (367619, 278), (367619, 279), (367619, 280), (367619, 281), (367619, 282), (367619, 283), (367619, 284), (367619, 285), (367619, 286), (367619, 287), (367619, 288), (367619, 289), (367619, 290), (367619, 291), (367619, 292), (367619, 293), (367619, 294), (367619, 295), (367619, 296), (367619, 297), (367619, 298), (367619, 299), (367619, 300), (367619, 302), (367619, 303), (367619, 304), (367619, 305), (367619, 306), (367619, 307), (367619, 308), (367619, 309), (367619, 310), (367619, 311), (367619, 312), (367619, 313), (367619, 314), (367619, 315), (367619, 316), (367619, 317), (367619, 318), (367619, 319), (367619, 320), (367619, 321), (367619, 322), (367619, 323), (367619, 324), (367619, 325), (367619, 326), (367619, 327), (367619, 328), (367619, 329), (367619, 330), (367619, 331), (367619, 332), (367619, 333), (367619, 334), (367619, 335), (367619, 336), (367619, 337), (367619, 338), (367619, 339), (367619, 340), (367619, 341), (367619, 342), (367619, 343), (367619, 344), (367619, 345), (367619, 346), (367619, 347), (367619, 348), (367619, 349), (367619, 350), (367619, 351), (367619, 352), (367619, 353), (367619, 354), (367619, 355), (367619, 356), (367619, 357), (367619, 358), (367619, 359), (367619, 360), (367619, 361), (367619, 362), (367619, 363), (367619, 364), (367619, 365), (367619, 366), (367619, 367), (367619, 368), (367619, 369), (367619, 370), (367619, 371), (367619, 372), (367619, 373), (367619, 374), (367619, 375), (367619, 376), (367619, 377), (367619, 378), (367619, 379), (367619, 380), (367619, 381), (367619, 382), (367619, 383), (367619, 384), (367619, 385), (367619, 386), (367619, 387), (367619, 388), (367619, 389), (367619, 390), (367619, 391), (367619, 392), (367619, 393), (367619, 394), (367619, 395), (367619, 396), (367619, 397), (367619, 398), (367619, 399), (367619, 400), (367619, 401), (367619, 402), (367619, 403), (367619, 404), (367619, 405), (367619, 406), (367619, 407), (367619, 408), (367619, 409), (367619, 410), (367619, 411), (367619, 412), (367619, 413), (367619, 414), (367619, 415), (367619, 416), (367619, 417), (367619, 418), (367619, 419), (367619, 420), (367619, 421), (367619, 422), (367619, 423), (367619, 424), (367619, 425), (367619, 426), (367619, 427), (367619, 428), (367619, 429), (367619, 430), (367619, 431), (367619, 432), (367619, 433), (367619, 434), (367619, 435), (367619, 436), (367619, 437), (367619, 438), (367619, 439), (367619, 440), (367619, 441), (367619, 442), (367619, 443), (367619, 444), (367619, 445), (367619, 446), (367619, 447), (367619, 448), (367619, 449), (367619, 450), (367619, 451), (367619, 452), (367619, 453), (367619, 454), (367619, 455), (367619, 456), (367619, 457), (367619, 458), (367619, 459), (367619, 460), (367619, 461), (367619, 462), (367619, 463), (367619, 464), (367619, 465), (367619, 466), (367619, 467), (367619, 468), (367619, 469), (367619, 470), (367619, 471), (367619, 472), (367619, 473), (367619, 474), (367619, 475), (367619, 476), (367619, 477), (367619, 478), (367619, 479), (367619, 480), (367619, 481), (367619, 482), (367619, 483), (367619, 484), (367619, 485), (367619, 486), (367619, 487), (367619, 488), (367619, 489), (367619, 490), (367619, 491), (367619, 492), (367619, 493), (367619, 494), (367619, 495), (367619, 496), (367619, 497), (367619, 498), (367619, 499), (367619, 500), (367619, 501), (367619, 503), (367619, 504), (367619, 505), (367619, 506), (367619, 507), (367619, 508), (367619, 509), (367619, 510), (367619, 511), (367619, 512), (367619, 513), (367619, 514), (367619, 515), (367619, 516), (367619, 517), (367619, 518), (367619, 519), (367619, 520), (367619, 521), (367619, 522), (367619, 523), (367619, 524), (367619, 525), (367619, 526), (367619, 527), (367619, 528), (367619, 529), (367619, 530), (367619, 531), (367619, 532), (367619, 533), (367619, 534), (367619, 535), (367619, 536), (367619, 537), (367619, 538), (367619, 539), (367619, 540), (367619, 541), (367619, 542), (367619, 543), (367619, 544), (367619, 545), (367619, 546), (367619, 547), (367619, 548), (367619, 549), (367619, 550), (367619, 551), (367619, 552), (367619, 553), (367619, 554), (367619, 555), (367619, 556), (367619, 557), (367619, 558), (367619, 559), (367619, 560), (367619, 561), (367619, 562), (367619, 563), (367619, 564), (367619, 565), (367619, 566), (367619, 567), (367619, 568), (367619, 569), (367619, 570), (367619, 571), (367619, 572), (367619, 573), (367619, 574), (367619, 575), (367619, 576), (367619, 577), (367619, 578), (367619, 579), (367615, 53), (367615, 54), (367615, 55), (367615, 56), (367615, 57), (367615, 58), (367615, 59), (367615, 60), (367615, 61), (367615, 62), (367615, 63), (367615, 64), (367615, 65), (367615, 66), (367615, 67), (367615, 68), (367615, 69), (367615, 70), (367615, 71), (367615, 72), (367615, 73), (367615, 74), (367615, 75), (367615, 76), (367615, 77), (367615, 78), (367615, 79), (367615, 80), (367615, 81), (367615, 82), (367615, 83), (367615, 84), (367615, 85), (367615, 86), (367615, 87), (367615, 88), (367615, 89), (367615, 90), (367615, 91), (367615, 92), (367615, 93), (367615, 94), (367615, 95), (367615, 96), (367615, 97), (367615, 98), (367615, 99), (367615, 100), (367615, 101), (367615, 102), (367615, 103), (367615, 104), (367615, 105), (367615, 106), (367615, 107), (367615, 108), (367615, 109), (367615, 110), (367615, 111), (367615, 112), (367615, 113), (367615, 114), (367615, 115), (367615, 116), (367615, 117), (367615, 118), (367615, 119), (367615, 120), (367615, 121), (367615, 122), (367615, 123), (367615, 124), (367615, 125), (367615, 126), (367615, 127), (367615, 128), (367615, 129), (367615, 130), (367615, 131), (367615, 132), (367615, 133), (367615, 134), (367615, 135), (367615, 136), (367615, 137), (367615, 138), (367615, 139), (367615, 140), (367615, 141), (367615, 142), (367615, 143), (367615, 144), (367615, 145), (367615, 146), (367615, 147), (367615, 148), (367615, 149), (367615, 150), (367615, 151), (367615, 152), (367615, 153), (367615, 154), (367615, 155), (367615, 156), (367615, 157), (367615, 158), (367615, 159), (367615, 160), (367615, 161), (367615, 162), (367615, 163), (367615, 164), (367615, 165), (367615, 166), (367615, 167), (367615, 168), (367615, 169), (367615, 170), (367615, 171), (367615, 172), (367615, 173), (367615, 174), (367615, 175), (367615, 176), (367615, 177), (367615, 178), (367615, 179), (367615, 180), (367615, 181), (367615, 182), (367615, 183), (367615, 184), (367615, 185), (367615, 186), (367615, 187), (367615, 188), (367615, 189), (367615, 190), (367615, 191), (367615, 192), (367615, 193), (367615, 194), (367615, 195), (367615, 196), (367615, 197), (367615, 198), (367615, 199), (367615, 200), (367615, 201), (367615, 202), (367615, 203), (367615, 204), (367615, 205), (367615, 206), (367615, 207), (367615, 208), (367615, 209), (367615, 210), (367615, 211), (367615, 212), (367615, 213), (367615, 214), (367615, 215), (367615, 216), (367615, 217), (367615, 218), (367615, 219), (367615, 220), (367615, 221), (367615, 222), (367615, 223), (367615, 224), (367615, 225), (367615, 226), (367615, 227), (367615, 228), (367615, 229), (367615, 230), (367615, 231), (367615, 232), (367615, 233), (367615, 234), (367615, 235), (367615, 236), (367615, 237), (367615, 238), (367615, 239), (367615, 240), (367615, 241), (367615, 242), (367615, 243), (367615, 244), (367615, 245), (367615, 246), (367615, 247), (367615, 248), (367615, 249), (367615, 250), (367615, 251), (367615, 252), (367615, 253), (367615, 254), (367615, 255), (367615, 256), (367615, 257), (367615, 258), (367615, 259), (367615, 260), (367615, 261), (367615, 262), (367615, 263), (367615, 264), (367615, 265), (367615, 266), (367615, 267), (367615, 268), (367615, 269), (367615, 270), (367615, 271), (367615, 272), (367615, 273), (367615, 274), (367615, 275), (367615, 276), (367615, 277), (367615, 278), (367615, 279), (367615, 280), (367615, 281), (367615, 282), (367615, 283), (367615, 284), (367615, 285), (367615, 286), (367615, 287), (367615, 288), (367615, 289), (367615, 290), (367615, 291), (367615, 292), (367615, 293), (367615, 294), (367615, 295), (367615, 296), (367615, 297), (367615, 298), (367615, 299), (367615, 300), (367615, 301), (367615, 302), (367615, 303), (367615, 304), (367615, 305), (367615, 306), (367615, 307), (367615, 308), (367615, 309), (367615, 310), (367615, 311), (367615, 312), (367615, 313), (367615, 314), (367615, 315), (367615, 316), (367615, 317), (367615, 318), (367615, 319), (367615, 320), (367615, 321), (367615, 322), (367615, 323), (367615, 324), (367615, 325), (367615, 326), (367615, 327), (367615, 328), (367615, 329), (367615, 330), (367615, 331), (367615, 332), (367615, 333), (367615, 334), (367615, 335), (367615, 336), (367615, 337), (367615, 338), (367615, 339), (367615, 340), (367615, 341), (367615, 342), (367615, 343), (367615, 344), (367615, 345), (367615, 346), (367615, 347), (367615, 348), (367615, 349), (367615, 350), (367615, 351), (367615, 352), (367615, 353), (367615, 354), (367615, 355), (367615, 356), (367615, 357), (367615, 358), (367615, 359), (367615, 360), (367615, 361), (367615, 362), (367615, 363), (367615, 364), (367615, 365), (367615, 366), (367615, 367), (367615, 368), (367615, 369), (367615, 370), (367615, 371), (367615, 372), (367615, 373), (367615, 374), (367615, 375), (367615, 376), (367615, 377), (367615, 378), (367615, 379), (367615, 380), (367615, 381), (367615, 382), (367615, 383), (367615, 384), (367615, 385), (367615, 386), (367615, 387), (367615, 388), (367615, 389), (367615, 390), (367615, 391), (367615, 392), (367615, 393), (367615, 394), (367615, 395), (367615, 396), (367615, 397), (367615, 398), (367615, 399), (367615, 400), (367615, 401), (367615, 402), (367615, 403), (367615, 404), (367615, 405), (367615, 406), (367615, 407), (367615, 408), (367615, 409), (367615, 410), (367615, 411), (367615, 412), (367615, 413), (367615, 414), (367615, 415), (367615, 416), (367615, 417), (367615, 418), (367615, 419), (367615, 420), (367615, 421), (367615, 422), (367615, 423), (367615, 424), (367615, 425), (367615, 426), (367615, 427), (367615, 428), (367615, 429), (367615, 430), (367615, 431), (367615, 432), (367615, 433), (367615, 434), (367615, 435), (367615, 436), (367615, 437), (367615, 438), (367615, 439), (367615, 440), (367615, 441), (367615, 442), (367615, 443), (367615, 444), (367615, 445), (367615, 446), (367615, 447), (367615, 448), (367615, 449), (367615, 450), (367615, 451), (367615, 452), (367615, 453), (367615, 454), (367615, 455), (367615, 456), (367615, 457), (367615, 458), (367615, 459), (367615, 460), (367615, 461), (367615, 462), (367615, 463), (367615, 464), (367615, 465), (367615, 466), (367615, 467), (367615, 468), (367615, 469), (367615, 470), (367615, 471), (367615, 472), (367615, 473), (367615, 474), (367615, 475), (367615, 476), (367615, 477), (367615, 478), (367615, 479), (367615, 480), (367615, 481), (367615, 482), (367615, 483), (367615, 484), (367554, 1), (367554, 2), (367554, 3), (367554, 4), (367554, 5), (367554, 6), (367554, 7), (367554, 8), (367554, 9), (367554, 10), (367554, 11), (367554, 12), (367554, 13), (367554, 14), (367554, 15), (367554, 16), (367554, 17), (367554, 18), (367554, 19), (367554, 20), (367554, 21), (367554, 22), (367554, 23), (367554, 24), (367554, 25), (367554, 26), (367554, 27), (367554, 28), (367554, 29), (367554, 30), (367554, 31), (367554, 32), (367554, 33), (367554, 34), (367554, 35), (367554, 36), (367554, 37), (367554, 38), (367554, 39), (367554, 40), (367554, 41), (367554, 42), (367554, 43), (367554, 44), (367554, 45), (367554, 46), (367554, 47), (367554, 48), (367554, 49), (367554, 50), (367554, 51), (367554, 52), (367554, 53), (367554, 54), (367554, 55), (367554, 56), (367554, 57), (367554, 58), (367554, 59), (367554, 60), (367554, 61), (367554, 62), (367554, 63), (367554, 64), (367554, 65), (367554, 66), (367554, 67), (367554, 68), (367554, 69), (367554, 70), (367554, 71), (367554, 72), (367554, 73), (367554, 74), (367554, 75), (367554, 76), (367554, 77), (367554, 78), (367554, 79), (367554, 80), (367554, 81), (367554, 82), (367554, 83), (367554, 84), (367554, 85), (367554, 86), (367554, 87), (367554, 88), (367554, 89), (367554, 90), (367554, 91), (367554, 92), (367554, 93), (367554, 94), (367554, 95), (367554, 96), (367554, 97), (367554, 98), (367554, 99), (367554, 100), (367554, 101), (367554, 102), (367554, 103), (367554, 104), (367554, 105), (367554, 106), (367554, 107), (367554, 108), (367554, 109), (367554, 110), (367554, 111), (367554, 112), (367554, 113), (367554, 114), (367554, 115), (367554, 116), (367554, 117), (367554, 118), (367554, 119), (367554, 120), (367554, 121), (367554, 122), (367554, 123), (367554, 124), (367554, 125), (367554, 126), (367554, 127), (367554, 128), (367554, 129), (367554, 130), (367554, 131), (367554, 132), (367554, 133), (367554, 134), (367554, 135), (367554, 136), (367554, 137), (367554, 138), (367554, 139), (367554, 140), (367554, 141), (367554, 142), (367554, 143), (367554, 144), (367554, 145), (367554, 146), (367554, 147), (367554, 148), (367554, 149), (367554, 150), (367554, 151), (367554, 152), (367554, 153), (367554, 154), (367554, 155), (367554, 156), (367554, 157), (367554, 158), (367554, 159), (367554, 160), (367554, 161), (367554, 162), (367554, 163), (367554, 164), (367554, 165), (367554, 166), (367554, 167), (367554, 168), (367554, 169), (367554, 170), (367554, 171), (367554, 172), (367554, 173), (367554, 174), (367554, 175), (367554, 176), (367554, 177), (367554, 178), (367554, 179), (367554, 180), (367554, 181), (367554, 182), (367554, 183), (367554, 184), (367554, 185), (367554, 186), (367554, 187), (367554, 188), (367554, 189), (367554, 190), (367554, 191), (367554, 192), (367554, 193), (367554, 194), (367554, 195), (367554, 196), (367554, 197), (367554, 198), (367554, 199), (367554, 200), (367554, 201), (367554, 202), (367554, 203), (367554, 204), (367554, 205), (367554, 206), (367554, 207), (367554, 208), (367554, 209), (367554, 210), (367554, 211), (367554, 212), (367554, 213), (367554, 214), (367554, 215), (367554, 216), (367554, 217), (367554, 218), (367554, 219), (367554, 220), (367554, 221), (367554, 222), (367554, 223), (367554, 224), (367554, 225), (367554, 226), (367554, 227), (367554, 228), (367554, 229), (367554, 230), (367554, 231), (367554, 232), (367554, 233), (367554, 234), (367554, 235), (367554, 236), (367554, 237), (367554, 238), (367554, 239), (367554, 240), (367554, 241), (367554, 242), (367554, 243), (367554, 244), (367554, 245), (367554, 246), (367554, 247), (367554, 248), (367554, 249), (367554, 250), (367554, 251), (367554, 252), (367554, 253), (367554, 254), (367554, 255), (367554, 256), (367554, 257), (367554, 258), (367554, 259), (367554, 260), (367554, 261), (367554, 262), (367554, 263), (367554, 264), (367554, 265), (367554, 266), (367554, 267), (367554, 268), (367554, 269), (367554, 270), (367554, 271), (367554, 272), (367554, 273), (367554, 274), (367554, 275), (367554, 276), (367554, 277), (367554, 278), (367554, 279), (367554, 280), (367554, 281), (367554, 282), (367554, 283), (367554, 284), (367554, 285), (367554, 286), (367554, 287), (367554, 288), (367554, 289), (367554, 290), (367554, 291), (367554, 292), (367554, 293), (367554, 294), (367554, 295), (367554, 296), (367554, 297), (367554, 298), (367554, 299), (367554, 300), (367554, 301), (367554, 302), (367554, 303), (367554, 304), (367554, 305), (367554, 306), (367554, 307), (367554, 308), (367554, 309), (367554, 310), (367554, 311), (367554, 312), (367553, 1), (367553, 2), (367553, 3), (367553, 4), (367553, 5), (367553, 6), (367553, 7), (367553, 8), (367553, 9), (367553, 10), (367553, 11), (367553, 12), (367553, 13), (367553, 14), (367553, 15), (367553, 16), (367553, 17), (367553, 18), (367553, 19), (367553, 20), (367553, 21), (367553, 22), (367553, 23), (367553, 24), (367553, 25), (367553, 26), (367553, 27), (367553, 28), (367553, 29), (367553, 30), (367553, 31), (367553, 32), (367553, 33), (367553, 34), (367553, 35), (367553, 36), (367553, 37), (367553, 38), (367553, 39), (367553, 40), (367553, 41), (367553, 42), (367553, 43), (367553, 44), (367553, 45), (367553, 46), (367553, 47), (367553, 48), (367553, 49), (367553, 50), (367553, 51), (367553, 52), (367553, 53), (367553, 54), (367553, 55), (367553, 56), (367553, 57), (367553, 58), (367553, 59), (367553, 60), (367553, 61), (367553, 62), (367553, 63), (367553, 64), (367553, 65), (367553, 66), (367553, 67), (367553, 68), (367553, 69), (367553, 70), (367553, 71), (367553, 72), (367553, 73), (367553, 74), (367553, 75), (367553, 76), (367553, 77), (367553, 78), (367553, 79), (367553, 80), (367553, 81), (367553, 82), (367553, 83), (367553, 84), (367553, 85), (367553, 86), (367553, 87), (367553, 88), (367553, 89), (367553, 90), (367553, 91), (367553, 92), (367553, 93), (367553, 94), (367553, 95), (367553, 96), (367553, 97), (367553, 98), (367553, 99), (367553, 100), (367553, 101), (367553, 102), (367553, 103), (367553, 104), (367553, 105), (367553, 106), (367553, 107), (367553, 108), (367553, 109), (367553, 110), (367553, 111), (367553, 112), (367553, 113), (367553, 114), (367553, 115), (367553, 116), (367553, 117), (367553, 118), (367553, 119), (367553, 120), (367553, 121), (367553, 122), (367553, 123), (367553, 124), (367553, 125), (367553, 126), (367553, 127), (367553, 128), (367553, 129), (367553, 130), (367553, 131), (367553, 132), (367553, 133), (367553, 134), (367553, 135), (367553, 136), (367553, 137), (367553, 138), (367553, 139), (367553, 140), (367553, 141), (367553, 142), (367553, 143), (367553, 144), (367553, 145), (367553, 146), (367553, 147), (367553, 148), (367553, 149), (367553, 150), (367553, 151), (367553, 152), (367553, 153), (367553, 154), (367553, 155), (367553, 156), (367553, 157), (367553, 158), (367553, 159), (367553, 160), (367553, 161), (367553, 162), (367553, 163), (367553, 164), (367553, 165), (367553, 166), (367553, 167), (367553, 168), (367553, 169), (367553, 170), (367553, 171), (367553, 172), (367553, 173), (367553, 174), (367553, 175), (367553, 176), (367553, 177), (367553, 178), (367553, 179), (367553, 180), (367553, 181), (367553, 182), (367553, 183), (367553, 184), (367553, 185), (367553, 186), (367553, 187), (367553, 188), (367553, 189), (367553, 190), (367553, 191), (367553, 192), (367553, 193), (367553, 194), (367553, 195), (367553, 196), (367553, 197), (367553, 198), (367553, 199), (367553, 200), (367553, 201), (367553, 202), (367553, 203), (367553, 204), (367553, 205), (367553, 206), (367553, 207), (367553, 208), (367553, 209), (367553, 210), (367553, 211), (367553, 212), (367553, 213), (367553, 214), (367553, 215), (367553, 216), (367553, 217), (367553, 218), (367553, 219), (367553, 220), (367553, 221), (367553, 222), (367553, 223), (367553, 224), (367553, 225), (367553, 226), (367553, 227), (367553, 228), (367553, 229), (367553, 230), (367553, 231), (367553, 232), (367553, 233), (367553, 234), (367553, 235), (367553, 236), (367553, 237), (367553, 238), (367553, 239), (367553, 240), (367553, 241), (367553, 242), (367553, 243), (367553, 244), (367553, 245), (367553, 246), (367553, 247), (367553, 248), (367553, 249), (367553, 250), (367553, 251), (367553, 252), (367553, 253), (367553, 254), (367553, 255), (367553, 256), (367553, 257), (367553, 258), (367553, 259), (367553, 260), (367553, 261), (367553, 262), (367553, 263), (367553, 264), (367553, 265), (367553, 266), (367553, 267), (367553, 268), (367553, 269), (367553, 270), (367553, 271), (367553, 272), (367553, 273), (367553, 274), (367553, 275), (367553, 276), (367553, 277), (367553, 278), (367553, 279), (367553, 280), (367553, 281), (367553, 282), (367553, 283), (367553, 284), (367553, 285), (367553, 286), (367553, 287), (367553, 288), (367553, 289), (367553, 290), (367553, 291), (367553, 292), (367553, 293), (367553, 294), (367553, 295), (367553, 296), (367553, 297), (367553, 298), (367553, 299), (367553, 300), (367553, 301), (367553, 302), (367553, 303), (367553, 304), (367553, 305), (367553, 306), (367553, 307), (367553, 308), (367553, 309), (367553, 310), (367553, 311), (367553, 312), (367553, 313), (367553, 314), (367553, 315), (367553, 316), (367553, 317), (367553, 318), (367553, 319), (367553, 320), (367553, 321), (367553, 322), (367553, 323), (367553, 324), (367553, 325), (367553, 326), (367553, 327), (367553, 328), (367553, 329), (367553, 330), (367553, 331), (367553, 332), (367553, 333), (367553, 334), (367553, 335), (367553, 336), (367553, 337), (367553, 338), (367553, 339), (367553, 340), (367553, 341), (367553, 342), (367553, 343), (367553, 344), (367553, 345), (367553, 346), (367553, 347), (367553, 348), (367553, 349), (367553, 350), (367553, 351), (367553, 352), (367553, 353), (367553, 354), (367553, 355), (367553, 356), (367553, 357), (367553, 358), (367553, 359), (367553, 360), (367553, 361), (367553, 362), (367553, 363), (367553, 364), (367553, 365), (367553, 366), (367553, 367), (367553, 368), (367553, 369), (367553, 370), (367553, 371), (367553, 372), (367553, 373), (367553, 374), (367553, 375), (367553, 376), (367553, 377), (367553, 378), (367553, 379), (367553, 380), (367553, 381), (367553, 382), (367553, 383), (367553, 384), (367553, 385), (367553, 386), (367553, 387), (367553, 388), (367553, 389), (367553, 390), (367553, 391), (367553, 392), (367553, 393), (367553, 394), (367553, 395), (367553, 396), (367553, 397), (367553, 398), (367553, 399), (367553, 400), (367553, 401), (367553, 402), (367553, 403), (367553, 404), (367553, 405), (367553, 406), (367553, 407), (367553, 408), (367553, 409), (367553, 410), (367553, 411), (367553, 412), (367553, 413), (367553, 414), (367553, 415), (367553, 416), (367553, 417), (367553, 418), (367553, 419), (367553, 420), (367553, 421), (367553, 422), (367553, 423), (367553, 424), (367553, 425), (367553, 426), (367553, 427), (367553, 428), (367553, 429), (367553, 430), (367553, 431), (367553, 432), (367553, 433), (367553, 434), (367553, 435), (367553, 436), (367553, 437), (367553, 438), (367553, 439), (367553, 440), (367553, 441), (367553, 442), (367553, 443), (367553, 444), (367553, 445), (367553, 446), (367553, 447), (367553, 448), (367553, 449), (367553, 450), (367553, 451), (367553, 452), (367553, 453), (367553, 454), (367553, 455), (367553, 456), (367553, 457), (367553, 458), (367553, 459), (367553, 460), (367553, 461), (367553, 462), (367553, 463), (367553, 464), (367553, 465), (367553, 466), (367553, 467), (367553, 468), (367553, 469), (367553, 470), (367553, 471), (367553, 472), (367553, 473), (367553, 474), (367553, 475), (367553, 476), (367553, 477), (367553, 478), (367553, 479), (367553, 480), (367553, 481), (367553, 482), (367553, 483), (367553, 484), (367553, 485), (367553, 486), (367553, 487), (367553, 488), (367553, 489), (367553, 490), (367553, 491), (367553, 492), (367553, 493), (367553, 494), (367553, 495), (367553, 496), (367553, 497), (367553, 498), (367553, 499), (367553, 500), (367553, 501), (367553, 502), (367553, 503), (367553, 504), (367553, 505), (367553, 506), (367553, 507), (367553, 508), (367553, 509), (367553, 510), (367553, 511), (367553, 512), (367553, 513), (367553, 514), (367553, 515), (367553, 516), (367553, 517), (367553, 518), (367553, 519), (367553, 520), (367553, 521), (367553, 522), (367553, 523), (367553, 524), (367553, 525), (367553, 526), (367553, 527), (367553, 528), (367553, 529), (367553, 530), (367553, 531), (367553, 532), (367553, 533), (367553, 534), (367553, 535), (367553, 536), (367553, 537), (367553, 538), (367553, 539), (367553, 540), (367553, 541), (367553, 542), (367553, 543), (367553, 544), (367553, 545), (367553, 546), (367553, 547), (367553, 548), (367553, 549), (367553, 550), (367553, 551), (367553, 552), (367553, 553), (367553, 554), (367553, 555), (367553, 556), (367553, 557), (367553, 558), (367553, 559), (367553, 560), (367553, 561), (367553, 562), (367553, 563), (367553, 564), (367553, 565), (367553, 566), (367553, 567), (367553, 568), (367553, 569), (367553, 570), (367553, 571), (367553, 572), (367553, 573), (367553, 574), (367553, 575), (367553, 576), (367553, 577), (367553, 578), (367553, 579), (367553, 580), (367553, 581), (367553, 582), (367553, 583), (367553, 584), (367553, 585), (367553, 586), (367553, 587), (367553, 588), (367553, 589), (367553, 590), (367553, 591), (367553, 592), (367553, 593), (367553, 594), (367553, 595), (367553, 596), (367553, 597), (367553, 598), (367553, 599), (367553, 600), (367553, 601), (367553, 602), (367553, 603), (367553, 604), (367553, 605), (367553, 606), (367553, 607), (367553, 608), (367553, 609), (367553, 610), (367553, 611), (367553, 612), (367553, 613), (367553, 614), (367553, 615), (367553, 616), (367553, 617), (367553, 618), (367553, 619), (367553, 620), (367553, 621), (367553, 622), (367553, 623), (367553, 624), (367553, 625), (367553, 626), (367553, 627), (367553, 628), (367553, 629), (367553, 630), (367553, 631), (367553, 632), (367553, 633), (367553, 634), (367553, 635), (367553, 636), (367553, 637), (367553, 638), (367553, 639), (367553, 640), (367553, 641), (367553, 642), (367553, 643), (367553, 644), (367552, 49), (367552, 50), (367552, 51), (367552, 52), (367552, 53), (367552, 54), (367552, 55), (367552, 56), (367552, 57), (367552, 58), (367552, 59), (367516, 1), (367516, 2), (367516, 3), (367516, 4), (367516, 5), (367516, 6), (367516, 7), (367516, 8), (367516, 9), (367516, 10), (367516, 11), (367516, 12), (367516, 13), (367516, 14), (367516, 15), (367516, 16), (367516, 17), (367516, 18), (367516, 19), (367516, 20), (367516, 21), (367516, 22), (367516, 23), (367516, 24), (367516, 25), (367516, 26), (367516, 27), (367516, 28), (367516, 29), (367516, 30), (367516, 31), (367516, 32), (367516, 33), (367516, 34), (367516, 35), (367516, 36), (367516, 37), (367516, 38), (367516, 39), (367516, 40), (367516, 41), (367516, 42), (367516, 43), (367516, 44), (367516, 45), (367516, 46), (367516, 47), (367516, 48), (367516, 49), (367516, 50), (367516, 51), (367516, 52), (367516, 53), (367516, 54), (367516, 55), (367516, 56), (367516, 57), (367516, 58), (367516, 59), (367516, 60), (367516, 61), (367516, 62), (367516, 63), (367516, 64), (367516, 65), (367516, 66), (367516, 67), (367516, 68), (367516, 69), (367516, 70), (367516, 71), (367516, 72), (367516, 73), (367516, 74), (367516, 75), (367516, 76), (367516, 77), (367516, 78), (367516, 79), (367516, 80), (367516, 81), (367516, 82), (367516, 83), (367516, 84), (367516, 85), (367516, 86), (367516, 87), (367516, 88), (367516, 89), (367516, 90), (367516, 91), (367516, 92), (367516, 93), (367516, 94), (367516, 95), (367516, 96), (367516, 97), (367516, 98), (367516, 99), (367516, 100), (367516, 101), (367516, 102), (367516, 103), (367516, 104), (367516, 105), (367516, 106), (367516, 107), (367516, 108), (367516, 109), (367516, 110), (367516, 111), (367516, 112), (367516, 113), (367516, 114), (367516, 115), (367516, 116), (367516, 117), (367516, 118), (367516, 119), (367516, 120), (367516, 121), (367516, 122), (367516, 123), (367516, 124), (367516, 125), (367516, 126), (367516, 127), (367516, 128), (367516, 129), (367516, 130), (367516, 131), (367516, 132), (367516, 133), (367516, 134), (367516, 135), (367516, 136), (367516, 137), (367516, 138), (367516, 139), (367516, 140), (367516, 141), (367516, 142), (367516, 143), (367516, 144), (367516, 145), (367516, 146), (367516, 147), (367516, 148), (367516, 149), (367516, 150), (367516, 151), (367516, 152), (367516, 153), (367516, 154), (367516, 155), (367516, 156), (367516, 157), (367516, 158), (367516, 159), (367516, 160), (367516, 161), (367516, 162), (367516, 163), (367516, 164), (367516, 165), (367516, 166), (367516, 167), (367516, 168), (367516, 169), (367516, 170), (367516, 171), (367516, 172), (367516, 173), (367516, 174), (367516, 175), (367516, 176), (367516, 177), (367516, 178), (367516, 179), (367516, 180), (367516, 181), (367516, 182), (367516, 183), (367516, 184), (367516, 185), (367516, 186), (367516, 187), (367516, 188), (367516, 189), (367516, 190), (367516, 191), (367516, 192), (367516, 193), (367516, 194), (367516, 195), (367516, 196), (367516, 197), (367516, 198), (367516, 199), (367516, 200), (367516, 201), (367516, 202), (367516, 203), (367516, 204), (367516, 205), (367516, 206), (367516, 207), (367516, 208), (367516, 209), (367516, 210), (367516, 211), (367516, 212), (367516, 213), (367516, 214), (367516, 215), (367516, 216), (367516, 217), (367516, 218), (367516, 219), (367516, 220), (367516, 221), (367516, 222), (367516, 223), (367516, 224), (367516, 225), (367516, 226), (367516, 227), (367516, 228), (367516, 229), (367516, 230), (367516, 231), (367516, 232), (367516, 233), (367516, 234), (367516, 235), (367516, 236), (367516, 237), (367516, 238), (367516, 239), (367516, 240), (367516, 241), (367516, 242), (367516, 243), (367516, 244), (367516, 245), (367516, 246), (367516, 247), (367516, 248), (367516, 249), (367516, 250), (367516, 251), (367516, 252), (367516, 253), (367516, 254), (367516, 255), (367516, 256), (367516, 257), (367516, 258), (367516, 259), (367516, 260), (367516, 261), (367516, 262), (367516, 263), (367516, 264), (367516, 265), (367516, 266), (367516, 267), (367516, 268), (367516, 269), (367516, 270), (367516, 271), (367516, 272), (367516, 273), (367516, 274), (367516, 275), (367516, 276), (367516, 277), (367516, 278), (367516, 279), (367516, 280), (367516, 281), (367516, 282), (367516, 283), (367516, 284), (367516, 285), (367516, 286), (367516, 287), (367516, 288), (367516, 289), (367516, 290), (367516, 291), (367516, 292), (367516, 293), (367516, 294), (367516, 295), (367516, 296), (367516, 297), (367516, 298), (367516, 299), (367516, 300), (367516, 301), (367516, 302), (367516, 303), (367516, 304), (367516, 305), (367516, 306), (367516, 307), (367516, 308), (367516, 309), (367516, 310), (367516, 311), (367516, 312), (367516, 313), (367516, 314), (367516, 315), (367516, 316), (367516, 317), (367516, 318), (367516, 319), (367516, 320), (367516, 321), (367516, 322), (367516, 323), (367516, 324), (367516, 325), (367516, 326), (367516, 327), (367516, 328), (367516, 329), (367516, 330), (367516, 331), (367516, 332), (367516, 333), (367516, 334), (367516, 335), (367516, 336), (367516, 337), (367516, 338), (367516, 339), (367516, 340), (367516, 341), (367516, 342), (367516, 343), (367516, 344), (367516, 345), (367516, 346), (367516, 347), (367516, 348), (367516, 349), (367516, 350), (367516, 351), (367516, 352), (367516, 353), (367516, 354), (367516, 355), (367516, 356), (367516, 357), (367516, 358), (367516, 359), (367516, 360), (367516, 361), (367516, 362), (367516, 363), (367516, 364), (367516, 365), (367516, 366), (367516, 367), (367516, 368), (367516, 369), (367516, 370), (367516, 371), (367516, 372), (367516, 373), (367516, 374), (367516, 375), (367516, 376), (367516, 377), (367516, 378), (367516, 379), (367516, 380), (367516, 381), (367516, 382), (367516, 383), (367516, 384), (367516, 385), (367516, 386), (367516, 387), (367516, 388), (367516, 389), (367516, 390), (367516, 391), (367516, 392), (367516, 393), (367516, 394), (367516, 395), (367516, 396), (367516, 397), (367516, 398), (367516, 399), (367516, 400), (367516, 401), (367516, 402), (367516, 403), (367516, 404), (367516, 405), (367516, 406), (367516, 407), (367516, 408), (367516, 409), (367516, 410), (367516, 411), (367516, 412), (367516, 413), (367516, 414), (367516, 415), (367516, 416), (367516, 417), (367516, 418), (367516, 419), (367516, 420), (367516, 421), (367516, 422), (367516, 423), (367516, 424), (367516, 425), (367516, 426), (367516, 427), (367516, 428), (367516, 429), (367516, 430), (367516, 431), (367516, 432), (367516, 433), (367516, 434), (367516, 435), (367516, 436), (367516, 437), (367516, 438), (367516, 439), (367516, 440), (367516, 441), (367516, 442), (367516, 443), (367516, 444), (367516, 445), (367516, 446), (367516, 447), (367516, 448), (367516, 449), (367516, 450), (367516, 451), (367516, 452), (367516, 453), (367516, 454), (367516, 455), (367516, 456), (367516, 457), (367516, 458), (367516, 459), (367516, 460), (367516, 461), (367516, 462), (367516, 463), (367516, 464), (367516, 465), (367516, 466), (367516, 467), (367516, 468), (367516, 469), (367516, 470), (367516, 471), (367516, 472), (367516, 473), (367516, 474), (367516, 475), (367516, 476), (367516, 477), (367516, 478), (367516, 479), (367516, 480), (367516, 481), (367516, 482), (367516, 483), (367516, 484), (367516, 485), (367516, 486), (367516, 487), (367516, 488), (367516, 489), (367516, 490), (367516, 491), (367516, 492), (367516, 493), (367516, 494), (367516, 495), (367516, 496), (367516, 497), (367516, 498), (367516, 499), (367516, 500), (367516, 501), (367516, 502), (367516, 503), (367516, 504), (367516, 505), (367516, 506), (367516, 507), (367516, 508), (367516, 509), (367516, 510), (367516, 511), (367516, 512), (367516, 513), (367516, 514), (367516, 515), (367516, 516), (367516, 517), (367516, 518), (367516, 519), (367516, 520), (367516, 521), (367516, 522), (367516, 523), (367516, 524), (367516, 525), (367516, 526), (367516, 527), (367516, 528), (367516, 529), (367516, 530), (367516, 531), (367516, 532), (367516, 533), (367516, 534), (367516, 535), (367516, 536), (367516, 537), (367516, 538), (367516, 539), (367516, 540), (367516, 541), (367516, 542), (367516, 543), (367516, 544), (367516, 545), (367516, 546), (367516, 547), (367516, 548), (367516, 549), (367516, 550), (367516, 551), (367516, 552), (367516, 553), (367516, 554), (367516, 555), (367516, 556), (367516, 557), (367516, 558), (367516, 559), (367516, 560), (367516, 561), (367516, 562), (367516, 563), (367516, 564), (367516, 565), (367516, 566), (367516, 567), (367516, 568), (367516, 569), (367516, 570), (367516, 571), (367516, 572), (367516, 573), (367516, 574), (367516, 575), (367516, 576), (367516, 577), (367516, 578), (367516, 579), (367516, 580), (367516, 581), (367516, 582), (367516, 583), (367516, 584), (367516, 585), (367516, 586), (367516, 587), (367516, 588), (367516, 589), (367516, 590), (367516, 591), (367516, 592), (367516, 593), (367516, 594), (367516, 595), (367516, 596), (367516, 597), (367516, 598), (367516, 599), (367516, 600), (367516, 601), (367516, 602), (367516, 603), (367516, 604), (367516, 605), (367516, 606), (367516, 607), (367516, 608), (367516, 609), (367516, 610), (367516, 611), (367516, 612), (367516, 613), (367516, 614), (367516, 615), (367516, 616), (367516, 617), (367516, 618), (367516, 619), (367516, 620), (367516, 621), (367516, 622), (367516, 623), (367516, 624), (367516, 625), (367516, 626), (367516, 627), (367516, 628), (367516, 629), (367516, 630), (367516, 631), (367516, 632), (367516, 633), (367516, 634), (367516, 635), (367516, 636), (367516, 637), (367516, 638), (367516, 639), (367516, 640), (367516, 641), (367516, 642), (367516, 643), (367516, 644), (367516, 645), (367516, 646), (367516, 647), (367516, 648), (367516, 649), (367516, 650), (367516, 651), (367516, 652), (367516, 653), (367516, 654), (367516, 655), (367516, 656), (367516, 657), (367516, 658), (367516, 659), (367516, 660), (367516, 661), (367516, 662), (367516, 663), (367516, 664), (367516, 665), (367516, 666), (367516, 667), (367516, 668), (367516, 669), (367516, 670), (367516, 671), (367516, 672), (367516, 673), (367516, 674), (367516, 675), (367516, 676), (367516, 677), (367516, 678), (367516, 679), (367516, 680), (367516, 681), (367516, 682), (367516, 683), (367516, 684), (367516, 685), (367516, 686), (367516, 687), (367516, 688), (367516, 689), (367516, 690), (367516, 691), (367516, 692), (367516, 693), (367516, 694), (367516, 695), (367516, 696), (367516, 697), (367516, 698), (367516, 699), (367516, 700), (367516, 701), (367516, 702), (367516, 703), (367516, 704), (367516, 705), (367516, 706), (367516, 707), (367516, 708), (367516, 709), (367516, 710), (367516, 711), (367516, 712), (367516, 713), (367516, 714), (367516, 715), (367516, 716), (367516, 717), (367516, 718), (367516, 719), (367516, 720), (367516, 721), (367516, 722), (367516, 723), (367516, 724), (367516, 725), (367516, 726), (367516, 727), (367516, 728), (367516, 729), (367516, 730), (367516, 731), (367516, 732), (367516, 733), (367516, 734), (367516, 735), (367516, 736), (367516, 737), (367516, 738), (367516, 739), (367516, 740), (367516, 741), (367516, 742), (367516, 743), (367516, 744), (367516, 745), (367516, 746), (367516, 747), (367516, 748), (367516, 749), (367516, 750), (367516, 751), (367516, 752), (367516, 753), (367516, 754), (367516, 755), (367516, 756), (367516, 757), (367516, 758), (367516, 759), (367516, 760), (367516, 761), (367516, 762), (367516, 763), (367516, 764), (367516, 765), (367516, 766), (367516, 767), (367516, 768), (367516, 769), (367516, 770), (367516, 771), (367516, 772), (367516, 773), (367516, 774), (367516, 775), (367516, 776), (367516, 777), (367516, 778), (367516, 779), (367516, 780), (367516, 781), (367516, 782), (367516, 783), (367516, 784), (367516, 785), (367516, 786), (367516, 787), (367516, 788), (367516, 789), (367516, 790), (367516, 791), (367516, 792), (367516, 793), (367516, 794), (367516, 795), (367516, 796), (367516, 797), (367516, 798), (367516, 799), (367516, 800), (367516, 801), (367516, 802), (367516, 803), (367516, 804), (367516, 805), (367516, 806), (367516, 807), (367516, 808), (367516, 809), (367516, 810), (367516, 811), (367516, 812), (367516, 813), (367516, 814), (367516, 815), (367516, 816), (367516, 817), (367516, 818), (367516, 819), (367516, 820), (367516, 821), (367516, 822), (367516, 823), (367516, 824), (367516, 825), (367516, 826), (367516, 827), (367516, 828), (367516, 829), (367516, 830), (367516, 831), (367516, 832), (367516, 833), (367516, 834), (367516, 835), (367516, 836), (367516, 837), (367516, 838), (367516, 839), (367516, 840), (367516, 841), (367516, 842), (367516, 843), (367516, 844), (367516, 845), (367516, 846), (367516, 847), (367516, 848), (367516, 849), (367516, 850), (367516, 851), (367516, 852), (367516, 853), (367516, 854), (367516, 855), (367516, 856), (367516, 857), (367516, 858), (367516, 859), (367516, 860), (367516, 861), (367516, 862), (367516, 863), (367516, 864), (367516, 865), (367516, 866), (367516, 867), (367516, 868), (367516, 869), (367516, 870), (367516, 871), (367516, 872), (367516, 873), (367516, 874), (367516, 875), (367516, 876), (367516, 877), (367516, 878), (367516, 879), (367516, 880), (367516, 881), (367516, 882), (367516, 883), (367516, 884), (367516, 885), (367516, 886), (367516, 887), (367516, 888), (367516, 889), (367516, 890), (367516, 891), (367516, 892), (367516, 893), (367516, 894), (367516, 895), (367516, 896), (367516, 897), (367516, 898), (367516, 899), (367516, 900), (367516, 901), (367516, 902), (367516, 903), (367516, 904), (367516, 905), (367516, 906), (367516, 907), (367516, 908), (367516, 909), (367516, 910), (367516, 911), (367516, 912), (367516, 913), (367516, 914), (367516, 915), (367516, 916), (367516, 917), (367516, 918), (367516, 919), (367516, 920), (367516, 921), (367516, 922), (367516, 923), (367516, 924), (367516, 925), (367516, 926), (367516, 927), (367516, 928), (367516, 929), (367516, 930), (367516, 931), (367516, 932), (367516, 933), (367516, 934), (367516, 935), (367516, 936), (367516, 937), (367516, 938), (367516, 939), (367516, 940), (367516, 941), (367516, 942), (367516, 943), (367516, 944), (367516, 945), (367516, 946), (367516, 947), (367516, 948), (367516, 949), (367516, 950), (367516, 951), (367516, 952), (367516, 953), (367516, 954), (367516, 955), (367516, 956), (367516, 957), (367516, 958), (367516, 959), (367516, 960), (367516, 961), (367516, 962), (367516, 963), (367516, 964), (367516, 965), (367516, 966), (367516, 967), (367516, 968), (367516, 969), (367516, 970), (367516, 971), (367516, 972), (367516, 973), (367516, 974), (367516, 975), (367516, 976), (367516, 977), (367516, 978), (367516, 979), (367516, 980), (367516, 981), (367516, 982), (367516, 983), (367516, 984), (367516, 985), (367516, 986), (367516, 987), (367516, 988), (367516, 989), (367516, 990), (367516, 991), (367516, 992), (367516, 993), (367516, 994), (367516, 995), (367516, 996), (367516, 997), (367516, 998), (367516, 999), (367516, 1000), (367516, 1001), (367516, 1002), (367516, 1003), (367516, 1004), (367516, 1005), (367516, 1006), (367516, 1007), (367516, 1008), (367516, 1009), (367516, 1010), (367516, 1011), (367516, 1012), (367516, 1013), (367516, 1014), (367516, 1015), (367516, 1016), (367516, 1017), (367516, 1018), (367516, 1019), (367516, 1020), (367516, 1021), (367516, 1022), (367516, 1023), (367516, 1024), (367516, 1025), (367516, 1026), (367516, 1027), (367516, 1028), (367516, 1029), (367516, 1030), (367516, 1031), (367516, 1032), (367516, 1033), (367516, 1034), (367516, 1035), (367516, 1036), (367516, 1037), (367516, 1038), (367516, 1039), (367516, 1040), (367516, 1041), (367516, 1042), (367516, 1043), (367516, 1044), (367516, 1045), (367516, 1046), (367516, 1047), (367516, 1048), (367516, 1049), (367516, 1050), (367516, 1051), (367516, 1052), (367516, 1053), (367516, 1054), (367516, 1055), (367516, 1056), (367516, 1057), (367516, 1058), (367516, 1059), (367516, 1060), (367516, 1061), (367516, 1062), (367516, 1063), (367516, 1064), (367516, 1065), (367516, 1066), (367516, 1067), (367516, 1068), (367516, 1069), (367516, 1070), (367516, 1071), (367516, 1072), (367516, 1073), (367516, 1074), (367516, 1075), (367516, 1076), (367516, 1077), (367516, 1078), (367516, 1079), (367516, 1080), (367516, 1081), (367516, 1082), (367516, 1083), (367516, 1084), (367516, 1085), (367516, 1086), (367516, 1087), (367516, 1088), (367516, 1089), (367516, 1090), (367516, 1091), (367516, 1092), (367516, 1093), (367516, 1094), (367516, 1095), (367516, 1096), (367516, 1097), (367516, 1098), (367516, 1099), (367516, 1100), (367516, 1101), (367516, 1102), (367516, 1103), (367516, 1104), (367516, 1105), (367516, 1106), (367516, 1107), (367516, 1108), (367516, 1109), (367516, 1110), (367516, 1111), (367516, 1112), (367516, 1113), (367516, 1114), (367516, 1115), (367516, 1116), (367516, 1117), (367516, 1118), (367516, 1119), (367516, 1120), (367516, 1121), (367516, 1122), (367516, 1123), (367516, 1124), (367516, 1125), (367516, 1126), (367516, 1127), (367516, 1128), (367516, 1129), (367516, 1130), (367516, 1131), (367516, 1132), (367516, 1133), (367516, 1134), (367516, 1135), (367516, 1136), (367516, 1137), (367516, 1138), (367516, 1139), (367516, 1140), (367516, 1141), (367516, 1142), (367516, 1143), (367516, 1144), (367516, 1145), (367516, 1146), (367516, 1147), (367516, 1148), (367516, 1149), (367516, 1150), (367516, 1151), (367516, 1152), (367516, 1153), (367516, 1154), (367516, 1155), (367516, 1156), (367516, 1157), (367516, 1158), (367516, 1159), (367516, 1160), (367516, 1161), (367516, 1162), (367516, 1163), (367516, 1164), (367516, 1165), (367516, 1166), (367516, 1167), (367516, 1168), (367516, 1169), (367516, 1170), (367516, 1171), (367516, 1172), (367516, 1173), (367516, 1174), (367516, 1175), (367516, 1176), (367516, 1177), (367516, 1178), (367516, 1179), (367516, 1180), (367516, 1181), (367516, 1182), (367516, 1183), (367516, 1184), (367516, 1185), (367516, 1186), (367516, 1187), (367516, 1188), (367516, 1189), (367516, 1190), (367516, 1191), (367516, 1192), (367516, 1193), (367516, 1194), (367516, 1195), (367516, 1196), (367516, 1197), (367516, 1198), (367516, 1199), (367516, 1200), (367516, 1201), (367516, 1202), (367516, 1203), (367516, 1204), (367516, 1205), (367516, 1206), (367516, 1207), (367516, 1208), (367516, 1209), (367516, 1210), (367516, 1211), (367516, 1212), (367516, 1213), (367516, 1214), (367516, 1215), (367516, 1216), (367516, 1217), (367516, 1218), (367516, 1219), (367516, 1220), (367516, 1221), (367516, 1222), (367516, 1223), (367516, 1224), (367516, 1225), (367516, 1226), (367516, 1227), (367516, 1228), (367516, 1229), (367516, 1230), (367516, 1231), (367516, 1232), (367516, 1233), (367516, 1234), (367516, 1235), (367516, 1236), (367515, 44), (367515, 45), (367515, 46), (367515, 47), (367515, 48), (367515, 49), (367515, 50), (367515, 51), (367515, 52), (367515, 53), (367515, 54), (367515, 55), (367515, 56), (367515, 57), (367515, 58), (367515, 59), (367515, 60), (367515, 61), (367515, 62), (367515, 63), (367515, 64), (367515, 65), (367515, 66), (367515, 67), (367515, 68), (367515, 69), (367515, 70), (367515, 71), (367515, 72), (367515, 73), (367515, 74), (367515, 75), (367515, 76), (367515, 77), (367515, 78), (367515, 79), (367515, 80), (367515, 81), (367515, 82), (367515, 83), (367515, 84), (367515, 85), (367515, 86), (367515, 87), (367515, 88), (367515, 89), (367515, 90), (367515, 91), (367515, 92), (367515, 93), (367515, 94), (367515, 95), (367515, 96), (367515, 97), (367515, 98), (367515, 99), (367515, 100), (367515, 101), (367515, 102), (367515, 103), (367515, 104), (367515, 105), (367515, 106), (367515, 107), (367515, 108), (367515, 109), (367515, 110), (367515, 111), (367515, 112), (367515, 113), (367515, 114), (367515, 115), (367515, 116), (367515, 117), (367515, 118), (367515, 119), (367515, 120), (367515, 121), (367515, 122), (367515, 123), (367515, 124), (367515, 125), (367515, 126), (367515, 127), (367515, 128), (367515, 129), (367515, 130), (367515, 131), (367515, 132), (367515, 133), (367515, 134), (367515, 135), (367515, 136), (367515, 137), (367515, 138), (367515, 139), (367515, 140), (367515, 141), (367515, 142), (367515, 143), (367515, 144), (367515, 145), (367515, 146), (367515, 147), (367515, 148), (367515, 149), (367515, 150), (367515, 151), (367515, 152), (367515, 153), (367515, 154), (367515, 155), (367515, 156), (367515, 157), (367515, 158), (367515, 159), (367515, 160), (367515, 161), (367515, 162), (367515, 163), (367515, 164), (367515, 165), (367515, 166), (367515, 167), (367515, 168), (367515, 169), (367515, 170), (367515, 171), (367515, 172), (367515, 173), (367515, 174), (367515, 175), (367515, 176), (367515, 177), (367515, 178), (367515, 179), (367515, 180), (367515, 181), (367515, 182), (367515, 183), (367515, 184), (367515, 185), (367515, 186), (367515, 187), (367515, 188), (367515, 189), (367515, 190), (367515, 191), (367515, 192), (367515, 193), (367515, 194), (367515, 195), (367515, 196), (367515, 197), (367515, 198), (367515, 199), (367515, 200), (367515, 201), (367515, 202), (367515, 203), (367515, 204), (367515, 205), (367515, 206), (367515, 207), (367515, 208), (367515, 209), (367515, 210), (367515, 211), (367515, 212), (367515, 213), (367515, 214), (367515, 215), (367515, 216), (367515, 217), (367515, 218), (367515, 219), (367515, 220), (367515, 221), (367515, 222), (367515, 223), (367515, 224), (367515, 225), (367515, 226), (367515, 227), (367515, 228), (367515, 229), (367515, 230), (367515, 231), (367515, 232), (367515, 233), (367515, 234), (367515, 235), (367515, 236), (367515, 237), (367515, 238), (367515, 239), (367515, 240), (367515, 241), (367515, 242), (367515, 243), (367515, 244), (367515, 245), (367515, 246), (367515, 247), (367515, 248), (367515, 249), (367515, 250), (367515, 251), (367515, 252), (367515, 253), (367515, 254), (367515, 255), (367515, 256), (367515, 257), (367515, 258), (367515, 259), (367515, 260), (367515, 261), (367515, 262), (367515, 263), (367515, 264), (367515, 265), (367515, 266), (367515, 267), (367515, 268), (367515, 269), (367515, 270), (367515, 271), (367515, 272), (367515, 273), (367515, 274), (367515, 275), (367515, 276), (367515, 277), (367515, 278), (367515, 279), (367515, 280), (367515, 281), (367515, 282), (367515, 283), (367515, 284), (367515, 285), (367515, 286), (367515, 287), (367515, 288), (367515, 289), (367515, 290), (367515, 291), (367515, 292), (367515, 293), (367515, 294), (367515, 295), (367515, 296), (367515, 297), (367515, 298), (367515, 299), (367515, 300), (367515, 301), (367515, 302), (367515, 303), (367515, 304), (367515, 305), (367515, 306), (367515, 307), (367515, 308), (367515, 309), (367515, 310), (367515, 311), (367515, 312), (367515, 313), (367515, 314), (367515, 315), (367515, 316), (367515, 317), (367515, 318), (367515, 319), (367515, 320), (367515, 321), (367515, 322), (367515, 323), (367515, 324), (367515, 325), (367515, 326), (367515, 327), (367515, 328), (367515, 329), (367515, 330), (367515, 331), (367515, 332), (367515, 333), (367515, 334), (367515, 335), (367515, 336), (367515, 337), (367515, 338), (367515, 339), (367515, 340), (367515, 341), (367515, 342), (367515, 343), (367515, 344), (367515, 345), (367515, 346), (367515, 347), (367515, 348), (367515, 349), (367515, 350), (367515, 351), (367515, 352), (367515, 353), (367515, 354), (367515, 355), (367515, 356), (367515, 357), (367515, 358), (367515, 359), (367515, 360), (367515, 361), (367515, 362), (367515, 363), (367515, 364), (367515, 365), (367515, 366), (367515, 367), (367515, 368), (367515, 369), (367515, 370), (367515, 371), (367515, 372), (367515, 373), (367515, 374), (367515, 375), (367515, 376), (367515, 377), (367515, 378), (367515, 379), (367515, 380), (367515, 381), (367515, 382), (367515, 383), (367515, 384), (367515, 385), (367515, 386), (367515, 387), (367515, 388), (367515, 389), (367515, 390), (367515, 391), (367515, 392), (367515, 393), (367515, 394), (367515, 395), (367515, 396), (367515, 397), (367515, 398), (367515, 399), (367515, 400), (367515, 401), (367515, 402), (367515, 403), (367515, 404), (367515, 405), (367515, 406), (367515, 407), (367515, 408), (367515, 409), (367515, 410), (367515, 411), (367515, 412), (367515, 413), (367515, 414), (367515, 415), (367515, 416), (367515, 417), (367515, 418), (367515, 419), (367515, 420), (367515, 421), (367515, 422), (367515, 423), (367515, 424), (367515, 425), (367515, 426), (367515, 427), (367515, 428), (367515, 429), (367515, 430), (367515, 431), (367515, 432), (367515, 433), (367515, 434), (367515, 435), (367515, 436), (367515, 437), (367515, 438), (367515, 439), (367515, 440), (367515, 441), (367515, 442), (367515, 443), (367515, 444), (367515, 445), (367515, 446), (367515, 447), (367515, 448), (367515, 449), (367515, 450), (367515, 451), (367515, 452), (367515, 453), (367515, 454), (367515, 455), (367515, 456), (367515, 457), (367515, 458), (367515, 459), (367515, 460), (367515, 461), (367515, 462), (367515, 463), (367515, 464), (367515, 465), (367515, 466), (367515, 467), (367515, 468), (367515, 469), (367515, 470), (367515, 471), (367515, 472), (367515, 473), (367515, 474), (367515, 475), (367515, 476), (367515, 477), (367515, 478), (367515, 479), (367515, 480), (367515, 481), (367515, 482), (367515, 483), (367515, 484), (367515, 485), (367515, 486), (367515, 487), (367515, 488), (367515, 489), (367515, 490), (367515, 491), (367515, 492), (367515, 493), (367515, 494), (367515, 495), (367515, 496), (367515, 497), (367515, 498), (367515, 499), (367515, 500), (367515, 501), (367515, 502), (367515, 503), (367515, 504), (367515, 505), (367515, 506), (367515, 507), (367515, 508), (367515, 509), (367515, 510), (367515, 511), (367515, 512), (367515, 513), (367515, 514), (367515, 515), (367515, 516), (367515, 517), (367515, 518), (367515, 519), (367515, 520), (367515, 521), (367515, 522), (367515, 523), (367515, 524), (367515, 525), (367515, 526), (367515, 527), (367515, 528), (367515, 529), (367515, 530), (367515, 531), (367515, 532), (367515, 533), (367515, 534), (367515, 535), (367515, 536), (367515, 537), (367515, 538), (367515, 539), (367515, 540), (367515, 541), (367515, 542), (367515, 543), (367515, 544), (367515, 545), (367515, 546), (367515, 547), (367515, 548), (367515, 549), (367515, 550), (367515, 551), (367515, 552), (367515, 553), (367515, 554), (367515, 555), (367515, 556), (367515, 557), (367515, 558), (367515, 559), (367515, 560), (367515, 561), (367515, 562), (367515, 563), (367515, 564), (367515, 565), (367515, 566), (367515, 567), (367515, 568), (367515, 569), (367515, 570), (367515, 571), (367515, 572), (367515, 573), (367515, 574), (367515, 575), (367515, 576), (367515, 577), (367515, 578), (367515, 579), (367515, 580), (367515, 581), (367515, 582), (367515, 583), (367515, 584), (367515, 585), (367515, 586), (367515, 587), (367515, 588), (367515, 589), (367515, 590), (367515, 591), (367515, 592), (367515, 593), (367515, 594), (367515, 595), (367515, 596), (367515, 597), (367515, 598), (367515, 599), (367515, 600), (367515, 601), (367515, 602), (367515, 603), (367515, 604), (367515, 605), (367515, 606), (367515, 607), (367515, 608), (367515, 609), (367515, 610), (367515, 611), (367515, 612), (367515, 613), (367515, 614), (367515, 615), (367515, 616), (367515, 617), (367515, 618), (367515, 619), (367515, 620), (367515, 621), (367515, 622), (367515, 623), (367515, 624), (367515, 625), (367515, 626), (367515, 627), (367515, 628), (367515, 629), (367515, 630), (367515, 631), (367515, 632), (367515, 633), (367515, 634), (367515, 635), (367515, 636), (367515, 637), (367515, 638), (367515, 639), (367515, 640), (367515, 641), (367515, 642), (367515, 643), (367515, 644), (367515, 645), (367515, 646), (367515, 647), (367515, 648), (367515, 649), (367515, 650), (367515, 651), (367515, 652), (367515, 653), (367515, 654), (367515, 655), (367515, 656), (367515, 657), (367515, 658), (367515, 659), (367515, 660), (367515, 661), (367515, 662), (367515, 663), (367515, 664), (367515, 665), (367515, 666), (367515, 667), (367515, 668), (367477, 1), (367477, 2), (367477, 3), (367477, 4), (367477, 5), (367477, 6), (367477, 7), (367477, 8), (367477, 9), (367477, 10), (367477, 11), (367477, 12), (367477, 13), (367477, 14), (367477, 15), (367477, 16), (367477, 17), (367477, 18), (367477, 19), (367477, 20), (367477, 21), (367477, 22), (367477, 23), (367477, 24), (367477, 25), (367477, 26), (367477, 27), (367477, 28), (367477, 29), (367477, 30), (367477, 31), (367477, 32), (367477, 33), (367477, 34), (367477, 35), (367477, 36), (367477, 37), (367477, 38), (367477, 39), (367477, 40), (367477, 41), (367477, 42), (367477, 43), (367477, 44), (367477, 45), (367477, 46), (367477, 47), (367477, 48), (367477, 49), (367477, 50), (367477, 51), (367477, 52), (367477, 53), (367477, 54), (367477, 55), (367477, 56), (367477, 57), (367477, 58), (367477, 59), (367477, 60), (367477, 61), (367477, 62), (367477, 63), (367477, 64), (367477, 65), (367477, 66), (367477, 67), (367477, 68), (367477, 69), (367477, 70), (367477, 71), (367477, 72), (367477, 73), (367477, 74), (367477, 75), (367477, 76), (367477, 77), (367477, 78), (367477, 79), (367477, 80), (367477, 81), (367477, 82), (367477, 83), (367477, 84), (367477, 85), (367477, 86), (367477, 87), (367477, 88), (367477, 89), (367477, 90), (367477, 91), (367477, 92), (367477, 93), (367477, 94), (367477, 95), (367477, 96), (367477, 97), (367477, 98), (367477, 99), (367477, 100), (367477, 101), (367477, 102), (367477, 103), (367477, 104), (367477, 105), (367477, 106), (367477, 107), (367477, 108), (367477, 109), (367477, 110), (367477, 111), (367477, 112), (367477, 113), (367477, 114), (367477, 115), (367477, 116), (367477, 117), (367477, 118), (367477, 119), (367477, 120), (367477, 121), (367477, 122), (367477, 123), (367477, 124), (367477, 125), (367477, 126), (367477, 127), (367477, 128), (367477, 129), (367477, 130), (367477, 131), (367477, 132), (367477, 133), (367477, 134), (367477, 135), (367477, 136), (367477, 137), (367477, 138), (367477, 139), (367477, 140), (367477, 141), (367477, 142), (367477, 143), (367477, 144), (367477, 145), (367477, 146), (367477, 147), (367477, 148), (367477, 149), (367477, 150), (367477, 151), (367477, 152), (367477, 153), (367477, 154), (367477, 155), (367477, 156), (367477, 157), (367477, 158), (367477, 159), (367477, 160), (367477, 161), (367477, 162), (367477, 163), (367477, 164), (367477, 165), (367477, 166), (367477, 167), (367477, 168), (367477, 169), (367477, 170), (367477, 171), (367477, 172), (367477, 173), (367477, 174), (367477, 175), (367477, 176), (367477, 177), (367477, 178), (367477, 179), (367477, 180), (367477, 181), (367477, 182), (367477, 183), (367477, 184), (367477, 185), (367477, 186), (367477, 187), (367477, 188), (367477, 189), (367477, 190), (367477, 191), (367477, 192), (367477, 193), (367477, 194), (367477, 195), (367477, 196), (367477, 197), (367477, 198), (367477, 199), (367477, 200), (367477, 201), (367477, 202), (367477, 203), (367477, 204), (367477, 205), (367477, 206), (367477, 207), (367477, 208), (367477, 209), (367477, 210), (367477, 211), (367477, 212), (367477, 213), (367477, 214), (367477, 215), (367477, 216), (367477, 217), (367477, 218), (367477, 219), (367477, 220), (367477, 221), (367477, 222), (367477, 223), (367477, 224), (367477, 225), (367477, 226), (367477, 227), (367477, 228), (367477, 229), (367477, 230), (367477, 231), (367477, 232), (367477, 233), (367477, 234), (367477, 235), (367477, 236), (367477, 237), (367477, 238), (367477, 239), (367477, 240), (367477, 241), (367477, 242), (367477, 243), (367477, 244), (367477, 245), (367477, 246), (367477, 247), (367477, 248), (367477, 249), (367477, 250), (367477, 251), (367477, 252), (367477, 253), (367477, 254), (367477, 255), (367477, 256), (367477, 257), (367477, 258), (367477, 259), (367477, 260), (367477, 261), (367477, 262), (367477, 263), (367477, 264), (367477, 265), (367477, 266), (367477, 267), (367477, 268), (367477, 269), (367477, 270), (367477, 271), (367477, 272), (367477, 273), (367477, 274), (367477, 275), (367477, 276), (367477, 277), (367477, 278), (367477, 279), (367477, 280), (367477, 281), (367477, 282), (367477, 283), (367477, 284), (367477, 285), (367477, 286), (367477, 287), (367477, 288), (367477, 289), (367477, 290), (367477, 291), (367477, 292), (367477, 293), (367477, 294), (367477, 295), (367477, 296), (367477, 297), (367477, 298), (367477, 299), (367477, 300), (367477, 301), (367477, 302), (367477, 303), (367477, 304), (367477, 305), (367477, 306), (367477, 307), (367477, 308), (367477, 309), (367477, 310), (367477, 311), (367477, 312), (367477, 313), (367477, 314), (367477, 315), (367477, 316), (367477, 317), (367477, 318), (367477, 319), (367477, 320), (367477, 321), (367477, 322), (367477, 323), (367477, 324), (367477, 325), (367477, 326), (367477, 327), (367477, 328), (367477, 329), (367477, 330), (367477, 331), (367477, 332), (367477, 333), (367477, 334), (367477, 335), (367477, 336), (367477, 337), (367477, 338), (367477, 339), (367477, 340), (367477, 341), (367477, 342), (367477, 343), (367477, 344), (367477, 345), (367477, 346), (367477, 347), (367477, 348), (367477, 349), (367477, 350), (367477, 351), (367477, 352), (367477, 353), (367477, 354), (367477, 355), (367477, 356), (367477, 357), (367477, 358), (367477, 359), (367477, 360), (367477, 361), (367477, 362), (367477, 363), (367477, 364), (367477, 365), (367477, 366), (367477, 367), (367477, 368), (367477, 369), (367477, 370), (367477, 371), (367477, 372), (367477, 373), (367477, 374), (367477, 375), (367477, 376), (367477, 377), (367477, 378), (367477, 379), (367477, 380), (367477, 381), (367477, 382), (367477, 383), (367477, 384), (367477, 385), (367477, 386), (367477, 387), (367477, 388), (367477, 389), (367477, 390), (367477, 391), (367477, 392), (367477, 393), (367477, 394), (367477, 395), (367477, 396), (367477, 397), (367477, 398), (367477, 399), (367477, 400), (367477, 401), (367477, 402), (367477, 403), (367477, 404), (367477, 405), (367477, 406), (367477, 407), (367477, 408), (367477, 409), (367477, 410), (367477, 411), (367477, 412), (367477, 413), (367477, 414), (367477, 415), (367477, 416), (367477, 417), (367477, 418), (367477, 419), (367477, 420), (367477, 421), (367477, 422), (367477, 423), (367477, 424), (367477, 425), (367477, 426), (367477, 427), (367477, 428), (367477, 429), (367477, 430), (367477, 431), (367477, 432), (367477, 433), (367477, 434), (367477, 435), (367477, 436), (367477, 437), (367477, 438), (367477, 439), (367477, 440), (367477, 441), (367477, 442), (367477, 443), (367477, 444), (367477, 445), (367477, 446), (367477, 447), (367477, 448), (367477, 449), (367477, 450), (367477, 451), (367477, 452), (367477, 453), (367477, 454), (367477, 455), (367477, 456), (367477, 457), (367477, 458), (367477, 459), (367477, 460), (367477, 461), (367477, 462), (367477, 463), (367477, 464), (367477, 465), (367477, 466), (367477, 467), (367477, 468), (367477, 469), (367477, 470), (367477, 471), (367477, 472), (367477, 473), (367477, 474), (367477, 475), (367477, 476), (367477, 477), (367477, 478), (367477, 479), (367477, 480), (367477, 481), (367477, 482), (367477, 483), (367477, 484), (367477, 485), (367477, 486), (367477, 487), (367477, 488), (367477, 489), (367477, 490), (367477, 491), (367477, 492), (367477, 493), (367477, 494), (367477, 495), (367477, 496), (367477, 497), (367477, 498), (367477, 499), (367477, 500), (367477, 501), (367477, 502), (367477, 503), (367477, 504), (367477, 505), (367477, 506), (367477, 507), (367477, 508), (367477, 509), (367477, 510), (367477, 511), (367477, 512), (367477, 513), (367477, 514), (367477, 515), (367477, 516), (367477, 517), (367477, 518), (367477, 519), (367477, 520), (367477, 521), (367477, 522), (367477, 523), (367477, 524), (367477, 525), (367477, 526), (367477, 527), (367477, 528), (367477, 529), (367477, 530), (367477, 531), (367477, 532), (367477, 533), (367477, 534), (367477, 535), (367477, 536), (367477, 537), (367477, 538), (367477, 539), (367477, 540), (367477, 541), (367477, 542), (367477, 543), (367477, 544), (367477, 545), (367477, 546), (367477, 547), (367477, 548), (367477, 549), (367477, 550), (367477, 551), (367477, 552), (367477, 553), (367477, 554), (367477, 555), (367477, 556), (367477, 557), (367477, 558), (367477, 559), (367477, 560), (367477, 561), (367477, 562), (367477, 563), (367477, 564), (367477, 565), (367477, 566), (367477, 567), (367477, 568), (367477, 569), (367477, 570), (367477, 571), (367477, 572), (367477, 573), (367477, 574), (367477, 575), (367477, 576), (367477, 577), (367477, 578), (367477, 579), (367477, 580), (367477, 581), (367477, 582), (367477, 583), (367477, 584), (367477, 585), (367477, 586), (367477, 587), (367477, 588), (367477, 589), (367477, 590), (367477, 591), (367477, 592), (367477, 593), (367477, 594), (367477, 595), (367477, 596), (367477, 597), (367477, 598), (367477, 599), (367477, 600), (367477, 601), (367477, 602), (367477, 603), (367477, 604), (367477, 605), (367477, 606), (367477, 607), (367477, 608), (367477, 609), (367477, 610), (367477, 611), (367477, 612), (367477, 613), (367477, 614), (367477, 615), (367477, 616), (367477, 617), (367477, 618), (367477, 619), (367477, 620), (367477, 621), (367477, 622), (367477, 623), (367477, 624), (367477, 625), (367477, 626), (367477, 627), (367477, 628), (367477, 629), (367477, 630), (367477, 631), (367477, 632), (367477, 633), (367477, 634), (367477, 635), (367477, 636), (367477, 637), (367477, 638), (367477, 639), (367477, 640), (367477, 641), (367477, 642), (367477, 643), (367477, 644), (367477, 645), (367477, 646), (367477, 647), (367477, 648), (367477, 649), (367477, 650), (367477, 651), (367477, 652), (367477, 653), (367477, 654), (367477, 655), (367477, 656), (367477, 657), (367477, 658), (367477, 659), (367477, 660), (367477, 661), (367477, 662), (367477, 663), (367477, 664), (367477, 665), (367477, 666), (367477, 667), (367477, 668), (367477, 669), (367477, 670), (367477, 671), (367477, 672), (367477, 673), (367477, 674), (367477, 675), (367477, 676), (367477, 677), (367477, 678), (367477, 679), (367477, 680), (367477, 681), (367477, 682), (367477, 683), (367477, 684), (367477, 685), (367477, 686), (367477, 687), (367477, 688), (367477, 689), (367477, 690), (367477, 691), (367477, 692), (367477, 693), (367477, 694), (367477, 695), (367477, 696), (367477, 697), (367477, 698), (367477, 699), (367477, 700), (367477, 701), (367477, 702), (367477, 703), (367477, 704), (367477, 705), (367477, 706), (367477, 707), (367477, 708), (367477, 709), (367477, 710), (367477, 711), (367477, 712), (367477, 713), (367477, 714), (367477, 715), (367477, 716), (367477, 717), (367477, 718), (367477, 719), (367477, 720), (367477, 721), (367477, 722), (367477, 723), (367477, 724), (367477, 725), (367477, 726), (367477, 727), (367477, 728), (367477, 729), (367477, 730), (367477, 731), (367477, 732), (367477, 733), (367477, 734), (367477, 735), (367477, 736), (367477, 737), (367477, 738), (367477, 739), (367477, 740), (367477, 741), (367477, 742), (367477, 743), (367477, 744), (367477, 745), (367477, 746), (367477, 747), (367477, 748), (367477, 749), (367477, 750), (367477, 751), (367477, 752), (367477, 753), (367477, 754), (367477, 755), (367477, 756), (367477, 757), (367477, 758), (367477, 759), (367477, 760), (367477, 761), (367477, 762), (367477, 763), (367477, 764), (367477, 765), (367477, 766), (367477, 767), (367477, 768), (367477, 769), (367477, 770), (367477, 771), (367477, 772), (367477, 773), (367477, 774), (367477, 775), (367477, 776), (367477, 777), (367477, 778), (367477, 779), (367477, 780), (367477, 781), (367477, 782), (367477, 783), (367477, 784), (367477, 785), (367477, 786), (367477, 787), (367477, 788), (367477, 789), (367477, 790), (367477, 791), (367477, 792), (367477, 793), (367477, 794), (367477, 795), (367477, 796), (367477, 797), (367477, 798), (367477, 799), (367477, 800), (367477, 801), (367477, 802), (367477, 803), (367477, 804), (367477, 805), (367477, 806), (367477, 807), (367477, 808), (367477, 809), (367477, 810), (367477, 811), (367477, 812), (367477, 813), (367477, 814), (367477, 815), (367477, 816), (367477, 817), (367477, 818), (367477, 819), (367477, 820), (367477, 821), (367477, 822), (367477, 823), (367477, 824), (367477, 825), (367477, 826), (367477, 827), (367477, 828), (367477, 829), (367477, 830), (367477, 831), (367477, 832), (367477, 833), (367477, 834), (367477, 835), (367477, 836), (367477, 837), (367477, 838), (367477, 839), (367477, 840), (367477, 841), (367477, 842), (367477, 843), (367477, 844), (367477, 845), (367477, 846), (367477, 847), (367477, 848), (367477, 849), (367477, 850), (367477, 851), (367477, 852), (367477, 853), (367477, 854), (367477, 855), (367477, 856), (367477, 857), (367477, 858), (367477, 859), (367477, 860), (367477, 861), (367477, 862), (367477, 863), (367477, 864), (367477, 865), (367477, 866), (367477, 867), (367477, 868), (367477, 869), (367477, 870), (367477, 871), (367477, 872), (367477, 873), (367477, 874), (367477, 875), (367477, 876), (367477, 877), (367477, 878), (367477, 879), (367477, 880), (367477, 881), (367477, 882), (367477, 883), (367477, 884), (367477, 885), (367477, 886), (367477, 887), (367477, 888), (367477, 889), (367477, 890), (367477, 891), (367477, 892), (367477, 893), (367477, 894), (367477, 895), (367477, 896), (367477, 897), (367477, 898), (367477, 899), (367477, 900), (367477, 901), (367477, 902), (367477, 903), (367477, 904), (367477, 905), (367477, 906), (367477, 907), (367477, 908), (367477, 909), (367477, 910), (367477, 911), (367477, 912), (367477, 913), (367477, 914), (367477, 915), (367477, 916), (367477, 917), (367477, 918), (367477, 919), (367477, 920), (367477, 921), (367477, 922), (367477, 923), (367477, 924), (367477, 925), (367477, 926), (367477, 927), (367477, 928), (367477, 929), (367477, 930), (367477, 931), (367477, 932), (367477, 933), (367477, 934), (367477, 935), (367477, 936), (367477, 937), (367477, 938), (367477, 939), (367477, 940), (367477, 941), (367477, 942), (367477, 943), (367477, 944), (367477, 945), (367477, 946), (367477, 947), (367477, 948), (367477, 949), (367477, 950), (367477, 951), (367477, 952), (367477, 953), (367477, 954), (367477, 955), (367477, 956), (367477, 957), (367477, 958), (367477, 959), (367477, 960), (367477, 961), (367477, 962), (367477, 963), (367477, 964), (367477, 965), (367477, 966), (367477, 967), (367477, 968), (367477, 969), (367477, 970), (367477, 971), (367477, 972), (367477, 973), (367477, 974), (367477, 975), (367477, 976), (367477, 977), (367477, 978), (367477, 979), (367477, 980), (367477, 981), (367477, 982), (367477, 983), (367477, 984), (367477, 985), (367477, 986), (367477, 987), (367477, 988), (367477, 989), (367477, 990), (367477, 991), (367477, 992), (367477, 993), (367477, 994), (367477, 995), (367477, 996), (367477, 997), (367477, 998), (367477, 999), (367477, 1000), (367477, 1001), (367477, 1002), (367477, 1003), (367477, 1004), (367477, 1005), (367477, 1006), (367477, 1007), (367477, 1008), (367477, 1009), (367477, 1010), (367477, 1011), (367477, 1012), (367477, 1013), (367477, 1014), (367477, 1015), (367477, 1016), (367477, 1017), (367477, 1018), (367477, 1019), (367477, 1020), (367477, 1021), (367477, 1022), (367477, 1023), (367477, 1024), (367477, 1025), (367477, 1026), (367477, 1027), (367477, 1028), (367477, 1029), (367477, 1030), (367477, 1031), (367477, 1032), (367477, 1033), (367477, 1034), (367477, 1035), (367477, 1036), (367477, 1037), (367477, 1038), (367477, 1039), (367477, 1040), (367477, 1041), (367477, 1042), (367477, 1043), (367477, 1044), (367477, 1045), (367477, 1046), (367477, 1047), (367477, 1048), (367477, 1049), (367477, 1050), (367477, 1051), (367477, 1052), (367477, 1053), (367477, 1054), (367477, 1055), (367477, 1056), (367477, 1057), (367477, 1058), (367477, 1059), (367477, 1060), (367477, 1061), (367477, 1062), (367477, 1063), (367477, 1064), (367477, 1065), (367477, 1066), (367477, 1067), (367477, 1068), (367477, 1069), (367477, 1070), (367477, 1071), (367477, 1072), (367477, 1073), (367477, 1074), (367477, 1075), (367477, 1076), (367477, 1077), (367477, 1078), (367477, 1079), (367477, 1080), (367477, 1081), (367477, 1082), (367477, 1083), (367477, 1084), (367477, 1085), (367477, 1086), (367477, 1087), (367477, 1088), (367477, 1089), (367477, 1090), (367477, 1091), (367477, 1092), (367477, 1093), (367477, 1094), (367477, 1095), (367477, 1096), (367477, 1097), (367477, 1098), (367477, 1099), (367477, 1100), (367477, 1101), (367477, 1102), (367477, 1103), (367477, 1104), (367477, 1105), (367477, 1106), (367477, 1107), (367477, 1108), (367477, 1109), (367477, 1110), (367477, 1111), (367477, 1112), (367477, 1113), (367477, 1114), (367477, 1115), (367477, 1116), (367477, 1117), (367477, 1118), (367477, 1119), (367477, 1120), (367477, 1121), (367477, 1122), (367477, 1123), (367477, 1124), (367477, 1125), (367477, 1126), (367477, 1127), (367477, 1128), (367477, 1129), (367477, 1130), (367477, 1131), (367477, 1132), (367477, 1133), (367477, 1134), (367477, 1135), (367477, 1136), (367477, 1137), (367477, 1138), (367477, 1139), (367477, 1140), (367477, 1141), (367477, 1142), (367477, 1143), (367477, 1144), (367477, 1145), (367477, 1146), (367477, 1147), (367477, 1148), (367477, 1149), (367477, 1150), (367477, 1151), (367477, 1152), (367477, 1153), (367477, 1154), (367477, 1155), (367477, 1156), (367477, 1157), (367477, 1158), (367477, 1159), (367477, 1160), (367477, 1161), (367477, 1162), (367477, 1163), (367477, 1164), (367477, 1165), (367477, 1166), (367477, 1167), (367477, 1168), (367477, 1169), (367477, 1170), (367477, 1171), (367477, 1172), (367477, 1173), (367477, 1174), (367477, 1175), (367477, 1176), (367477, 1177), (367477, 1178), (367477, 1179), (367477, 1180), (367477, 1181), (367477, 1182), (367477, 1183), (367477, 1184), (367477, 1185), (367477, 1186), (367477, 1187), (367477, 1188), (367477, 1189), (367477, 1190), (367477, 1191), (367477, 1192), (367477, 1193), (367477, 1194), (367477, 1195), (367477, 1196), (367477, 1197), (367477, 1198), (367477, 1199), (367477, 1200), (367477, 1201), (367477, 1202), (367477, 1203), (367477, 1204), (367477, 1205), (367477, 1206), (367477, 1207), (367477, 1208), (367477, 1209), (367477, 1210), (367477, 1211), (367477, 1212), (367477, 1213), (367477, 1214), (367477, 1215), (367477, 1216), (367477, 1217), (367477, 1218), (367477, 1219), (367477, 1220), (367477, 1221), (367477, 1222), (367477, 1223), (367477, 1224), (367477, 1225), (367477, 1226), (367477, 1227), (367477, 1228), (367477, 1229), (367477, 1230), (367477, 1231), (367477, 1232), (367477, 1233), (367477, 1234), (367477, 1235), (367477, 1236), (367477, 1237), (367477, 1238), (367477, 1239), (367477, 1240), (367477, 1241), (367477, 1242), (367477, 1243), (367477, 1244), (367477, 1245), (367477, 1246), (367477, 1247), (367477, 1248), (367477, 1249), (367477, 1250), (367477, 1251), (367477, 1252), (367477, 1253), (367477, 1254), (367477, 1255), (367477, 1256), (367477, 1257), (367477, 1258), (367477, 1259), (367477, 1260), (367477, 1261), (367477, 1262), (367477, 1263), (367477, 1264), (367477, 1265), (367477, 1266), (367477, 1267), (367477, 1268), (367477, 1269), (367477, 1270), (367477, 1271), (367477, 1272), (367477, 1273), (367477, 1274), (367477, 1275), (367477, 1276), (367477, 1277), (367477, 1278), (367477, 1279), (367477, 1280), (367477, 1281), (367477, 1282), (367477, 1283), (367477, 1284), (367477, 1285), (367477, 1286), (367477, 1287), (367477, 1288), (367477, 1289), (367475, 56), (367475, 57), (367475, 58), (367475, 59), (367475, 60), (367475, 61), (367475, 62), (367475, 63), (367475, 64), (367475, 65), (367475, 66), (367475, 67), (367475, 68), (367475, 69), (367475, 70), (367475, 71), (367475, 72), (367475, 73), (367475, 74), (367475, 75), (367475, 76), (367475, 77), (367475, 78), (367475, 79), (367475, 80), (367475, 81), (367475, 82), (367475, 83), (367475, 84), (367475, 85), (367475, 86), (367475, 87), (367475, 88), (367475, 89), (367475, 90), (367475, 91), (367475, 92), (367475, 93), (367475, 94), (367475, 95), (367475, 96), (367475, 97), (367475, 98), (367475, 99), (367475, 100), (367475, 101), (367475, 102), (367475, 103), (367475, 104), (367475, 105), (367475, 106), (367475, 107), (367475, 108), (367475, 109), (367475, 110), (367475, 111), (367475, 112), (367475, 113), (367475, 114), (367475, 115), (367475, 116), (367475, 117), (367475, 118), (367475, 119), (367475, 120), (367475, 121), (367475, 122), (367475, 123), (367475, 124), (367475, 125), (367475, 126), (367475, 127), (367475, 128), (367475, 129), (367475, 130), (367475, 131), (367475, 132), (367475, 133), (367475, 134), (367475, 135), (367475, 136), (367475, 137), (367475, 138), (367475, 139), (367475, 140), (367475, 141), (367475, 142), (367475, 143), (367475, 144), (367475, 145), (367475, 146), (367475, 147), (367475, 148), (367475, 149), (367475, 150), (367475, 151), (367475, 152), (367475, 153), (367475, 154), (367475, 155), (367475, 156), (367475, 157), (367475, 158), (367475, 159), (367475, 160), (367475, 161), (367475, 162), (367475, 163), (367475, 164), (367475, 165), (367475, 166), (367475, 167), (367475, 168), (367475, 169), (367475, 170), (367475, 171), (367475, 172), (367475, 173), (367475, 174), (367475, 175), (367475, 176), (367475, 177), (367475, 178), (367475, 179), (367475, 180), (367475, 181), (367475, 182), (367475, 183), (367475, 184), (367475, 185), (367475, 186), (367475, 187), (367475, 188), (367475, 189), (367475, 190), (367475, 191), (367475, 192), (367475, 193), (367475, 194), (367475, 195), (367475, 196), (367475, 197), (367475, 198), (367475, 199), (367475, 200), (367475, 201), (367475, 202), (367475, 203), (367475, 204), (367475, 205), (367475, 206), (367475, 207), (367475, 208), (367475, 209), (367475, 210), (367475, 211), (367475, 212), (367475, 213), (367475, 214), (367475, 215), (367475, 216), (367475, 217), (367475, 218), (367475, 219), (367475, 220), (367475, 221), (367475, 222), (367475, 223), (367475, 224), (367475, 225), (367475, 226), (367475, 227), (367475, 228), (367475, 229), (367475, 230), (367475, 231), (367475, 232), (367475, 233), (367475, 234), (367475, 235), (367475, 236), (367475, 237), (367475, 238), (367475, 239), (367475, 240), (367475, 241), (367475, 242), (367475, 243), (367475, 244), (367475, 245), (367475, 246), (367475, 247), (367475, 248), (367475, 249), (367475, 250), (367475, 251), (367475, 252), (367475, 253), (367475, 254), (367475, 255), (367475, 256), (367475, 257), (367475, 258), (367475, 259), (367475, 260), (367475, 261), (367475, 262), (367475, 263), (367475, 264), (367475, 265), (367475, 266), (367475, 267), (367475, 268), (367475, 269), (367475, 270), (367475, 271), (367475, 272), (367475, 273), (367475, 274), (367475, 275), (367475, 276), (367475, 277), (367475, 278), (367475, 279), (367475, 280), (367475, 281), (367475, 282), (367475, 283), (367475, 284), (367475, 285), (367475, 286), (367475, 287), (367475, 288), (367475, 289), (367475, 290), (367475, 291), (367475, 292), (367475, 293), (367475, 294), (367475, 295), (367475, 296), (367475, 297), (367475, 298), (367475, 299), (367475, 300), (367475, 301), (367475, 302), (367475, 303), (367475, 304), (367475, 305), (367475, 306), (367475, 307), (367475, 308), (367475, 309), (367475, 310), (367475, 311), (367475, 312), (367475, 313), (367475, 314), (367475, 315), (367475, 316), (367475, 317), (367475, 318), (367475, 319), (367475, 320), (367475, 321), (367475, 322), (367475, 323), (367475, 324), (367475, 325), (367475, 326), (367475, 327), (367475, 328), (367475, 329), (367475, 330), (367475, 331), (367475, 332), (367475, 333), (367475, 334), (367475, 335), (367475, 336), (367475, 337), (367475, 338), (367475, 339), (367475, 340), (367475, 341), (367475, 342), (367475, 343), (367475, 344), (367475, 345), (367475, 346), (367475, 347), (367475, 348), (367475, 349), (367475, 350), (367475, 351), (367475, 352), (367475, 353), (367475, 354), (367475, 355), (367475, 356), (367475, 357), (367475, 358), (367475, 359), (367475, 360), (367475, 361), (367475, 362), (367475, 363), (367475, 364), (367475, 365), (367475, 366), (367475, 367), (367475, 368), (367475, 369), (367475, 370), (367475, 371), (367475, 372), (367475, 373), (367475, 374), (367475, 375), (367475, 376), (367475, 377), (367475, 378), (367475, 379), (367475, 380), (367475, 381), (367475, 382), (367475, 383), (367475, 384), (367475, 385), (367475, 386), (367475, 387), (367475, 388), (367475, 389), (367475, 390), (367475, 391), (367475, 392), (367475, 393), (367475, 394), (367475, 395), (367475, 396), (367475, 397), (367475, 398), (367475, 399), (367475, 400), (367475, 401), (367475, 402), (367475, 403), (367475, 404), (367475, 405), (367475, 406), (367475, 407), (367475, 408), (367475, 409), (367475, 410), (367475, 411), (367475, 412), (367475, 413), (367475, 414), (367475, 415), (367475, 416), (367475, 417), (367475, 418), (367475, 419), (367475, 420), (367475, 421), (367475, 422), (367475, 423), (367475, 424), (367475, 425), (367475, 426), (367475, 427), (367475, 428), (367475, 429), (367475, 430), (367475, 431), (367475, 432), (367475, 433), (367475, 434), (367475, 435), (367475, 436), (367475, 437), (367475, 438), (367475, 439), (367475, 440), (367475, 441), (367475, 442), (367475, 443), (367475, 444), (367475, 445), (367475, 446), (367475, 447), (367475, 448), (367475, 449), (367475, 450), (367475, 451), (367475, 452), (367475, 453), (367475, 454), (367475, 455), (367475, 456), (367475, 457), (367475, 458), (367475, 459), (367475, 460), (367475, 461), (367475, 462), (367475, 463), (367475, 464), (367475, 465), (367475, 466), (367475, 467), (367475, 468), (367475, 469), (367475, 470), (367475, 471), (367475, 472), (367475, 473), (367475, 474), (367475, 475), (367475, 476), (367475, 477), (367475, 478), (367475, 479), (367475, 480), (367475, 481), (367475, 482), (367475, 483), (367475, 484), (367475, 485), (367475, 486), (367475, 487), (367475, 488), (367475, 489), (367475, 490), (367475, 491), (367475, 492), (367475, 493), (367475, 494), (367475, 495), (367475, 496), (367475, 497), (367475, 498), (367475, 499), (367475, 500), (367475, 501), (367475, 502), (367475, 503), (367475, 504), (367475, 505), (367475, 506), (367475, 507), (367475, 508), (367475, 509), (367475, 510), (367475, 511), (367475, 512), (367475, 513), (367475, 514), (367475, 515), (367475, 516), (367475, 517), (367475, 518), (367475, 519), (367475, 520), (367475, 521), (367475, 522), (367475, 523), (367475, 524), (367475, 525), (367475, 526), (367475, 527), (367475, 528), (367475, 529), (367475, 530), (367475, 531), (367475, 532), (367475, 533), (367475, 534), (367475, 535), (367475, 536), (367475, 537), (367475, 538), (367475, 539), (367475, 540), (367475, 541), (367475, 542), (367475, 543), (367475, 544), (367475, 545), (367475, 546), (367475, 547), (367475, 548), (367475, 549), (367475, 550), (367475, 551), (367475, 552), (367475, 553), (367475, 554), (367475, 555), (367475, 556), (367475, 557), (367475, 558), (367475, 559), (367475, 560), (367475, 561), (367475, 562), (367475, 563), (367475, 564), (367475, 565), (367475, 566), (367475, 567), (367475, 568), (367475, 569), (367475, 570), (367475, 571), (367475, 572), (367475, 573), (367475, 574), (367475, 575), (367475, 576), (367475, 577), (367475, 578), (367475, 579), (367475, 580), (367475, 581), (367475, 582), (367475, 583), (367475, 584), (367475, 585), (367475, 586), (367475, 587), (367475, 588), (367475, 589), (367475, 590), (367475, 591), (367475, 592), (367475, 593), (367475, 594), (367475, 595), (367475, 596), (367475, 597), (367475, 598), (367475, 599), (367475, 600), (367475, 601), (367475, 602), (367475, 603), (367475, 604), (367475, 605), (367475, 606), (367475, 607), (367475, 608), (367475, 609), (367475, 610), (367475, 611), (367475, 612), (367475, 613), (367475, 614), (367475, 615), (367475, 616), (367475, 617), (367475, 618), (367475, 619), (367475, 620), (367475, 621), (367475, 622), (367475, 623), (367475, 624), (367475, 625), (367475, 626), (367475, 627), (367475, 628), (367475, 629), (367475, 630), (367475, 631), (367475, 632), (367475, 633), (367475, 634), (367416, 1), (367416, 2), (367416, 3), (367416, 4), (367416, 5), (367416, 6), (367416, 7), (367416, 8), (367416, 9), (367416, 10), (367416, 11), (367416, 12), (367416, 13), (367416, 14), (367416, 15), (367416, 16), (367416, 17), (367416, 18), (367416, 19), (367416, 20), (367416, 21), (367416, 22), (367416, 23), (367416, 24), (367416, 25), (367416, 26), (367416, 27), (367416, 28), (367416, 29), (367416, 30), (367416, 31), (367416, 32), (367416, 33), (367416, 34), (367416, 35), (367416, 36), (367416, 37), (367416, 38), (367416, 39), (367416, 40), (367416, 41), (367416, 42), (367416, 43), (367416, 44), (367416, 45), (367416, 46), (367416, 47), (367416, 48), (367416, 49), (367416, 50), (367416, 51), (367416, 52), (367416, 53), (367416, 54), (367416, 55), (367415, 1), (367415, 2), (367415, 3), (367415, 4), (367415, 5), (367415, 6), (367415, 7), (367415, 8), (367415, 9), (367415, 10), (367415, 11), (367415, 12), (367415, 13), (367415, 14), (367415, 15), (367415, 16), (367415, 17), (367415, 18), (367415, 19), (367415, 20), (367415, 21), (367415, 22), (367415, 23), (367415, 24), (367415, 25), (367415, 26), (367415, 27), (367415, 28), (367415, 29), (367415, 30), (367415, 31), (367415, 32), (367415, 33), (367415, 34), (367415, 35), (367415, 36), (367415, 37), (367415, 38), (367415, 39), (367415, 40), (367415, 41), (367415, 42), (367415, 43), (367415, 44), (367415, 45), (367415, 46), (367415, 47), (367415, 48), (367415, 49), (367415, 50), (367415, 51), (367415, 52), (367415, 53), (367415, 54), (367415, 55), (367415, 56), (367415, 57), (367415, 58), (367415, 59), (367415, 60), (367415, 61), (367415, 62), (367415, 63), (367415, 64), (367415, 65), (367415, 66), (367415, 67), (367415, 68), (367415, 69), (367415, 70), (367415, 71), (367415, 72), (367415, 73), (367415, 74), (367415, 75), (367415, 76), (367415, 77), (367415, 78), (367415, 79), (367415, 80), (367415, 81), (367415, 82), (367415, 83), (367415, 84), (367415, 85), (367415, 86), (367415, 87), (367415, 88), (367415, 89), (367415, 90), (367415, 91), (367415, 92), (367415, 93), (367415, 94), (367415, 95), (367415, 96), (367415, 97), (367413, 68), (367413, 69), (367413, 70), (367413, 71), (367413, 72), (367413, 73), (367413, 74), (367413, 75), (367413, 76), (367413, 77), (367413, 78), (367413, 79), (367413, 80), (367413, 81), (367413, 82), (367413, 83), (367413, 84), (367413, 85), (367413, 86), (367413, 87), (367413, 88), (367413, 89), (367413, 90), (367413, 91), (367413, 92), (367413, 93), (367413, 94), (367413, 95), (367413, 96), (367413, 97), (367413, 98), (367413, 99), (367413, 100), (367413, 101), (367413, 102), (367413, 103), (367413, 104), (367413, 105), (367413, 106), (367413, 107), (367413, 108), (367413, 109), (367413, 110), (367413, 111), (367413, 112), (367413, 113), (367413, 114), (367413, 115), (367413, 116), (367413, 117), (367413, 118), (367413, 119), (367413, 120), (367413, 121), (367413, 122), (367413, 123), (367413, 124), (367413, 125), (367413, 126), (367413, 127), (367413, 128), (367413, 129), (367413, 130), (367413, 131), (367413, 132), (367413, 133), (367413, 134), (367413, 135), (367413, 136), (367413, 137), (367413, 138), (367413, 139), (367413, 140), (367413, 141), (367413, 142), (367413, 143), (367413, 144), (367413, 145), (367413, 146), (367413, 147), (367413, 148), (367413, 149), (367413, 150), (367413, 151), (367413, 152), (367413, 153), (367413, 154), (367413, 155), (367413, 156), (367413, 157), (367413, 158), (367413, 159), (367413, 160), (367413, 161), (367413, 162), (367413, 163), (367413, 164), (367413, 165), (367413, 166), (367413, 167), (367413, 168), (367413, 169), (367413, 170), (367413, 171), (367413, 172), (367413, 173), (367413, 174), (367413, 175), (367413, 176), (367413, 177), (367413, 178), (367413, 179), (367413, 180), (367413, 181), (367413, 182), (367413, 183), (367413, 184), (367413, 185), (367413, 186), (367413, 187), (367413, 188), (367413, 189), (367413, 190), (367413, 191), (367413, 192), (367413, 193), (367413, 194), (367413, 195), (367413, 196), (367413, 197), (367413, 198), (367413, 199), (367413, 200), (367413, 201), (367413, 202), (367413, 203), (367413, 204), (367413, 205), (367413, 206), (367413, 207), (367413, 208), (367413, 209), (367413, 210), (367413, 211), (367413, 212), (367413, 213), (367413, 214), (367413, 215), (367413, 216), (367413, 217), (367413, 218), (367413, 219), (367413, 220), (367413, 221), (367413, 222), (367413, 223), (367413, 224), (367413, 225), (367413, 226), (367413, 227), (367413, 228), (367413, 229), (367413, 230), (367413, 231), (367413, 232), (367413, 233), (367413, 234), (367413, 235), (367413, 236), (367413, 237), (367413, 238), (367413, 239), (367413, 240), (367413, 241), (367413, 242), (367413, 243), (367413, 244), (367413, 245), (367413, 246), (367413, 247), (367413, 248), (367413, 249), (367413, 250), (367413, 251), (367413, 252), (367413, 253), (367413, 254), (367413, 255), (367413, 256), (367413, 257), (367413, 258), (367413, 259), (367413, 260), (367413, 261), (367413, 262), (367413, 263), (367413, 264), (367413, 265), (367413, 266), (367413, 267), (367413, 268), (367413, 269), (367413, 270), (367413, 271), (367413, 272), (367413, 273), (367413, 274), (367413, 275), (367413, 276), (367413, 277), (367413, 278), (367413, 279), (367413, 280), (367413, 281), (367413, 282), (367413, 283), (367413, 284), (367413, 285), (367413, 286), (367413, 287), (367413, 288), (367413, 289), (367413, 290), (367413, 291), (367413, 292), (367413, 293), (367413, 294), (367413, 295), (367413, 296), (367413, 297), (367413, 298), (367413, 299), (367413, 300), (367413, 301), (367413, 302), (367413, 303), (367413, 304), (367413, 305), (367413, 306), (367413, 307), (367413, 308), (367413, 309), (367413, 310), (367413, 311), (367413, 312), (367413, 313), (367413, 314), (367413, 315), (367413, 316), (367413, 317), (367413, 318), (367413, 319), (367413, 320), (367413, 321), (367413, 322), (367413, 323), (367413, 324), (367413, 325), (367413, 326), (367413, 327), (367413, 328), (367413, 329), (367413, 330), (367413, 331), (367413, 332), (367413, 333), (367413, 334), (367413, 335), (367413, 336), (367413, 337), (367413, 338), (367413, 339), (367413, 340), (367413, 341), (367413, 342), (367413, 343), (367413, 344), (367413, 345), (367413, 346), (367413, 347), (367413, 348), (367413, 349), (367413, 350), (367413, 351), (367413, 352), (367413, 353), (367413, 354), (367413, 355), (367413, 356), (367413, 357), (367413, 358), (367413, 359), (367413, 360), (367413, 361), (367413, 362), (367413, 363), (367413, 364), (367413, 365), (367413, 366), (367413, 367), (367413, 368), (367413, 369), (367413, 370), (367413, 371), (367413, 372), (367413, 373), (367413, 374), (367413, 375), (367413, 376), (367413, 377), (367413, 378), (367413, 379), (367413, 380), (367413, 381), (367413, 382), (367413, 383), (367413, 384), (367413, 385), (367413, 386), (367413, 387), (367413, 388), (367413, 389), (367413, 390), (367413, 391), (367413, 392), (367413, 393), (367413, 394), (367413, 395), (367413, 396), (367413, 397), (367413, 398), (367413, 399), (367413, 400), (367413, 401), (367413, 402), (367413, 403), (367413, 404), (367413, 405), (367413, 406), (367413, 407), (367413, 408), (367413, 409), (367413, 410), (367413, 411), (367413, 412), (367413, 413), (367413, 414), (367413, 415), (367413, 416), (367413, 417), (367413, 418), (367413, 419), (367413, 420), (367413, 421), (367413, 422), (367413, 423), (367413, 424), (367413, 425), (367413, 426), (367413, 427), (367413, 428), (367413, 429), (367413, 430), (367413, 431), (367413, 432), (367413, 433), (367413, 434), (367413, 435), (367413, 436), (367413, 437), (367413, 438), (367413, 439), (367413, 440), (367413, 441), (367413, 442), (367413, 443), (367413, 444), (367413, 445), (367413, 446), (367413, 447), (367413, 448), (367413, 450), (367413, 451), (367413, 452), (367413, 453), (367413, 454), (367413, 455), (367413, 456), (367413, 457), (367413, 458), (367413, 459), (367413, 460), (367413, 461), (367413, 462), (367413, 463), (367413, 464), (367413, 465), (367413, 466), (367413, 467), (367413, 469), (367413, 470), (367413, 471), (367413, 472), (367413, 473), (367413, 474), (367413, 475), (367413, 476), (367413, 477), (367413, 478), (367413, 479), (367413, 480), (367413, 481), (367413, 482), (367413, 483), (367413, 484), (367413, 485), (367413, 486), (367413, 487), (367413, 488), (367413, 489), (367413, 490), (367413, 491), (367413, 492), (367413, 493), (367413, 494), (367413, 495), (367413, 496), (367413, 497), (367413, 498), (367413, 499), (367413, 500), (367413, 501), (367413, 502), (367413, 503), (367413, 504), (367413, 505), (367413, 506), (367413, 507), (367413, 508), (367413, 509), (367413, 510), (367413, 511), (367413, 512), (367413, 513), (367413, 514), (367413, 515), (367413, 516), (367413, 517), (367413, 518), (367413, 519), (367413, 520), (367413, 521), (367413, 522), (367413, 523), (367413, 524), (367413, 525), (367413, 526), (367413, 527), (367413, 528), (367413, 529), (367413, 530), (367413, 531), (367413, 532), (367413, 533), (367413, 534), (367413, 535), (367413, 536), (367413, 537), (367413, 538), (367413, 539), (367413, 540), (367413, 541), (367413, 542), (367413, 543), (367413, 544), (367413, 545), (367413, 546), (367413, 547), (367413, 548), (367413, 549), (367413, 550), (367413, 551), (367413, 552), (367413, 553), (367413, 554), (367413, 555), (367413, 556), (367413, 557), (367413, 558), (367413, 559), (367413, 560), (367413, 561), (367413, 562), (367413, 563), (367413, 564), (367413, 565), (367413, 566), (367413, 567), (367413, 568), (367413, 569), (367413, 570), (367413, 571), (367413, 572), (367413, 573), (367413, 574), (367413, 575), (367413, 576), (367413, 577), (367413, 578), (367413, 579), (367413, 580), (367413, 581), (367413, 582), (367413, 583), (367413, 584), (367413, 585), (367413, 586), (367413, 587), (367413, 588), (367413, 589), (367413, 590), (367413, 591), (367413, 592), (367413, 593), (367413, 594), (367413, 595), (367413, 596), (367413, 597), (367413, 598), (367413, 599), (367413, 600), (367413, 601), (367413, 602), (367413, 603), (367413, 604), (367413, 605), (367413, 606), (367413, 607), (367413, 608), (367413, 609), (367413, 610), (367413, 611), (367413, 612), (367413, 613), (367413, 614), (367413, 615), (367413, 616), (367413, 617), (367413, 618), (367413, 619), (367413, 620), (367413, 621), (367413, 622), (367413, 623), (367413, 624), (367413, 625), (367413, 626), (367413, 627), (367413, 628), (367413, 629), (367413, 630), (367413, 631), (367413, 632), (367413, 633), (367413, 634), (367413, 635), (367413, 636), (367413, 637), (367413, 638), (367413, 639), (367413, 640), (367413, 641), (367413, 642), (367413, 643), (367413, 644), (367413, 645), (367413, 646), (367413, 647), (367413, 648), (367413, 649), (367413, 650), (367413, 651), (367413, 652), (367413, 653), (367413, 654), (367413, 655), (367413, 656), (367413, 657), (367413, 658), (367413, 659), (367413, 660), (367413, 661), (367413, 662), (367413, 663), (367413, 664), (367413, 665), (367413, 666), (367413, 667), (367413, 668), (367413, 669), (367413, 670), (367413, 671), (367413, 672), (367413, 673), (367413, 674), (367413, 675), (367413, 676), (367413, 677), (367413, 678), (367413, 679), (367413, 680), (367413, 681), (367413, 682), (367413, 683), (367413, 684), (367413, 685), (367413, 686), (367413, 687), (367413, 688), (367413, 689), (367413, 690), (367413, 691), (367413, 692), (367413, 693), (367413, 694), (367413, 695), (367413, 696), (367413, 697), (367413, 698), (367413, 699), (367413, 700), (367413, 701), (367413, 702), (367413, 703), (367413, 704), (367413, 705), (367413, 706), (367413, 707), (367413, 708), (367413, 709), (367413, 710), (367413, 711), (367413, 712), (367413, 713), (367413, 714), (367413, 715), (367413, 716), (367413, 717), (367413, 718), (367413, 719), (367413, 720), (367413, 721), (367413, 722), (367413, 723), (367413, 724), (367413, 725), (367413, 726), (367413, 727), (367413, 728), (367413, 729), (367413, 730), (367413, 731), (367413, 732), (367413, 733), (367413, 734), (367413, 735), (367413, 736), (367413, 737), (367413, 738), (367413, 739), (367413, 740), (367413, 741), (367413, 742), (367413, 743), (367413, 744), (367413, 745), (367413, 746), (367413, 748), (367413, 749), (367413, 750), (367413, 752), (367413, 753), (367413, 754), (367413, 755), (367413, 756), (367413, 757), (367413, 758), (367413, 759), (367413, 760), (367413, 761), (367413, 762), (367413, 763), (367413, 764), (367413, 765), (367413, 766), (367413, 767), (367413, 768), (367413, 769), (367413, 770), (367413, 771), (367413, 772), (367413, 773), (367413, 774), (367413, 775), (367413, 776), (367413, 777), (367413, 778), (367413, 779), (367413, 780), (367413, 781), (367413, 782), (367413, 783), (367413, 784), (367413, 785), (367413, 786), (367413, 787), (367413, 788), (367413, 789), (367413, 790), (367413, 791), (367413, 792), (367413, 793), (367413, 794), (367413, 795), (367413, 796), (367413, 797), (367413, 798), (367413, 799), (367413, 800), (367413, 801), (367413, 802), (367413, 803), (367413, 804), (367413, 805), (367413, 806), (367413, 807), (367413, 808), (367413, 809), (367413, 810), (367413, 811), (367413, 812), (367413, 813), (367413, 814), (367413, 815), (367413, 816), (367413, 817), (367413, 818), (367413, 819), (367413, 820), (367413, 821), (367413, 822), (367413, 823), (367413, 824), (367413, 825), (367413, 826), (367413, 827), (367413, 828), (367413, 829), (367413, 830), (367413, 831), (367413, 832), (367413, 833), (367413, 834), (367413, 835), (367413, 836), (367413, 837), (367413, 838), (367413, 839), (367413, 840), (367413, 841), (367413, 842), (367413, 843), (367413, 844), (367413, 845), (367413, 846), (367413, 847), (367413, 848), (367413, 849), (367413, 850), (367413, 851), (367413, 852), (367413, 853), (367413, 854), (367413, 855), (367413, 856), (367413, 857), (367413, 858), (367413, 859), (367413, 860), (367413, 861), (367413, 862), (367413, 863), (367413, 864), (367413, 865), (367413, 866), (367413, 867), (367413, 868), (367413, 869), (367413, 870), (367413, 871), (367413, 872), (367413, 873), (367413, 874), (367413, 875), (367413, 876), (367413, 877), (367413, 878), (367413, 879), (367413, 880), (367413, 881), (367413, 882), (367413, 883), (367413, 884), (367413, 885), (367413, 886), (367413, 887), (367413, 888), (367413, 889), (367413, 890), (367413, 891), (367413, 892), (367413, 893), (367413, 894), (367413, 895), (367413, 896), (367413, 897), (367413, 898), (367413, 900), (367413, 901), (367413, 902), (367413, 903), (367413, 904), (367413, 905), (367413, 906), (367413, 907), (367413, 908), (367413, 909), (367413, 910), (367413, 911), (367413, 912), (367413, 913), (367413, 914), (367413, 915), (367413, 916), (367413, 917), (367413, 918), (367413, 919), (367413, 920), (367413, 921), (367413, 922), (367413, 923), (367413, 924), (367413, 925), (367413, 926), (367413, 927), (367413, 928), (367413, 929), (367413, 930), (367413, 931), (367413, 932), (367413, 933), (367413, 934), (367413, 935), (367413, 936), (367413, 937), (367413, 938), (367413, 939), (367413, 940), (367413, 941), (367413, 942), (367413, 943), (367413, 944), (367413, 945), (367413, 946), (367413, 947), (367413, 948), (367413, 949), (367413, 950), (367413, 951), (367413, 952), (367413, 953), (367413, 954), (367413, 955), (367413, 956), (367413, 957), (367413, 958), (367413, 959), (367413, 960), (367413, 961), (367413, 962), (367413, 963), (367413, 964), (367413, 965), (367413, 966), (367413, 967), (367413, 968), (367413, 969), (367413, 970), (367413, 971), (367413, 972), (367413, 973), (367413, 974), (367413, 975), (367413, 976), (367413, 977), (367413, 978), (367413, 979), (367413, 980), (367413, 981), (367413, 982), (367413, 983), (367413, 984), (367413, 985), (367413, 986), (367413, 987), (367413, 988), (367413, 989), (367413, 990), (367413, 991), (367413, 992), (367413, 993), (367413, 994), (367413, 995), (367413, 996), (367413, 997), (367413, 998), (367413, 999), (367413, 1000), (367413, 1001), (367413, 1002), (367413, 1003), (367413, 1004), (367413, 1005), (367413, 1006), (367413, 1007), (367413, 1008), (367413, 1009), (367413, 1010), (367413, 1011), (367413, 1012), (367413, 1013), (367413, 1014), (367413, 1015), (367413, 1016), (367413, 1017), (367413, 1018), (367413, 1019), (367413, 1020), (367413, 1021), (367413, 1022), (367413, 1023), (367413, 1024), (367413, 1025), (367413, 1026), (367413, 1027), (367413, 1028), (367413, 1029), (367413, 1030), (367413, 1031), (367413, 1032), (367413, 1033), (367413, 1034), (367413, 1035), (367413, 1036), (367413, 1037), (367413, 1038), (367413, 1039), (367413, 1040), (367413, 1041), (367413, 1042), (367413, 1043), (367413, 1044), (367413, 1045), (367413, 1046), (367413, 1047), (367413, 1048), (367413, 1049), (367413, 1050), (367413, 1051), (367413, 1052), (367413, 1053), (367413, 1054), (367413, 1055), (367413, 1056), (367413, 1057), (367413, 1058), (367413, 1059), (367413, 1060), (367413, 1061), (367413, 1062), (367413, 1063), (367413, 1064), (367413, 1065), (367413, 1066), (367413, 1067), (367413, 1068), (367413, 1069), (367413, 1070), (367413, 1071), (367413, 1072), (367413, 1073), (367413, 1074), (367413, 1075), (367413, 1076), (367413, 1077), (367413, 1078), (367413, 1079), (367413, 1080), (367413, 1081), (367413, 1082), (367413, 1083), (367413, 1084), (367413, 1085), (367413, 1086), (367413, 1087), (367413, 1088), (367413, 1089), (367413, 1090), (367413, 1091), (367413, 1092), (367413, 1093), (367413, 1094), (367413, 1095), (367413, 1096), (367413, 1097), (367413, 1098), (367413, 1099), (367413, 1100), (367413, 1101), (367413, 1102), (367413, 1103), (367413, 1104), (367413, 1105), (367413, 1106), (367413, 1107), (367413, 1108), (367413, 1109), (367413, 1110), (367413, 1111), (367413, 1112), (367413, 1113), (367413, 1114), (367413, 1115), (367413, 1116), (367413, 1117), (367413, 1118), (367413, 1119), (367413, 1120), (367413, 1121), (367413, 1122), (367413, 1123), (367413, 1124), (367413, 1125), (367413, 1126), (367413, 1127), (367413, 1128), (367413, 1129), (367413, 1130), (367413, 1131), (367413, 1132), (367413, 1133), (367413, 1134), (367413, 1135), (367413, 1136), (367413, 1137), (367413, 1138), (367413, 1139), (367413, 1140), (367413, 1141), (367413, 1142), (367413, 1143), (367413, 1144), (367413, 1145), (367413, 1146), (367413, 1147), (367413, 1148), (367413, 1149), (367413, 1150), (367413, 1151), (367413, 1152), (367413, 1153), (367413, 1154), (367413, 1155), (367413, 1156), (367413, 1157), (367413, 1158), (367413, 1159), (367413, 1160), (367413, 1161), (367413, 1162), (367413, 1163), (367413, 1164), (367413, 1165), (367413, 1166), (367413, 1167), (367413, 1168), (367413, 1169), (367413, 1170), (367413, 1171), (367413, 1172), (367413, 1173), (367413, 1174), (367413, 1175), (367413, 1176), (367413, 1177), (367413, 1178), (367413, 1179), (367413, 1180), (367413, 1181), (367413, 1182), (367413, 1183), (367413, 1184), (367413, 1185), (367413, 1186), (367413, 1187), (367413, 1188), (367413, 1189), (367413, 1190), (367413, 1191), (367413, 1192), (367413, 1193), (367413, 1194), (367413, 1195), (367413, 1196), (367413, 1197), (367413, 1198), (367413, 1199), (367413, 1200), (367413, 1201), (367413, 1202), (367413, 1203), (367413, 1204), (367413, 1205), (367413, 1206), (367413, 1207), (367413, 1208), (367413, 1209), (367413, 1210), (367413, 1211), (367413, 1212), (367413, 1213), (367413, 1214), (367413, 1215), (367413, 1216), (367413, 1217), (367413, 1218), (367413, 1219), (367413, 1220), (367413, 1221), (367413, 1222), (367413, 1223), (367413, 1224), (367413, 1225), (367413, 1226), (367413, 1227), (367413, 1228), (367413, 1229), (367413, 1230), (367413, 1231), (367413, 1232), (367413, 1233), (367413, 1234), (367413, 1235), (367413, 1236), (367413, 1237), (367413, 1238), (367413, 1239), (367413, 1240), (367413, 1241), (367413, 1242), (367413, 1243), (367413, 1244), (367413, 1245), (367413, 1246), (367413, 1247), (367413, 1248), (367413, 1249), (367413, 1250), (367413, 1251), (367413, 1252), (367413, 1253), (367413, 1254), (367413, 1255), (367413, 1256), (367413, 1257), (367413, 1258), (367413, 1259), (367413, 1260), (367413, 1261), (367413, 1262), (367413, 1263), (367413, 1264), (367413, 1265), (367413, 1266), (367413, 1267), (367413, 1268), (367413, 1269), (367413, 1270), (367413, 1271), (367413, 1272), (367413, 1273), (367413, 1274), (367413, 1275), (367413, 1276), (367413, 1277), (367413, 1278), (367413, 1279), (367413, 1280), (367413, 1281), (367413, 1282), (367413, 1283), (367413, 1284), (367413, 1285), (367413, 1286), (367413, 1287), (367413, 1288), (367413, 1289), (367413, 1290), (367413, 1291), (367413, 1292), (367413, 1293), (367413, 1294), (367413, 1295), (367413, 1296), (367413, 1297), (367413, 1298), (367413, 1299), (367413, 1300), (367413, 1301), (367413, 1302), (367413, 1303), (367413, 1304), (367413, 1305), (367413, 1306), (367413, 1307), (367413, 1308), (367413, 1309), (367413, 1310), (367413, 1311), (367413, 1312), (367413, 1313), (367413, 1314), (367413, 1315), (367413, 1316), (367413, 1317), (367413, 1318), (367413, 1319), (367413, 1320), (367413, 1321), (367413, 1322), (367413, 1323), (367413, 1324), (367413, 1325), (367413, 1326), (367413, 1327), (367413, 1328), (367413, 1329), (367413, 1330), (367413, 1331), (367413, 1332), (367413, 1333), (367413, 1334), (367413, 1335), (367413, 1336), (367413, 1337), (367413, 1338), (367413, 1339), (367413, 1340), (367413, 1342), (367413, 1343), (367413, 1344), (367413, 1345), (367413, 1346), (367413, 1347), (367413, 1348), (367413, 1349), (367413, 1350), (367413, 1351), (367413, 1352), (367413, 1353), (367413, 1354), (367413, 1355), (367413, 1356), (367413, 1357), (367413, 1358), (367413, 1359), (367413, 1360), (367413, 1361), (367413, 1362), (367413, 1363), (367413, 1364), (367413, 1365), (367413, 1366), (367413, 1367), (367337, 1), (367337, 2), (367337, 3), (367337, 4), (367337, 5), (367337, 6), (367337, 7), (367337, 8), (367337, 9), (367337, 10), (367337, 11), (367337, 12), (367337, 13), (367337, 14), (367337, 15), (367337, 16), (367337, 17), (367337, 18), (367337, 19), (367337, 20), (367337, 21), (367337, 22), (367337, 23), (367337, 24), (367337, 25), (367337, 26), (367337, 27), (367337, 28), (367337, 29), (367337, 30), (367337, 31), (367337, 32), (367337, 33), (367337, 34), (367337, 35), (367337, 36), (367337, 37), (367337, 38), (367337, 39), (367337, 40), (367337, 41), (367337, 42), (367337, 43), (367337, 44), (367337, 45), (367337, 46), (367337, 47), (367337, 48), (367337, 49), (367337, 50), (367337, 51), (367337, 52), (367337, 53), (367337, 54), (367337, 55), (367337, 56), (367337, 57), (367337, 58), (367337, 59), (367337, 60), (367337, 61), (367337, 62), (367337, 63), (367337, 64), (367337, 65), (367337, 66), (367337, 67), (367337, 68), (367337, 69), (367337, 70), (367337, 71), (367337, 72), (367337, 73), (367337, 74), (367337, 75), (367337, 76), (367337, 77), (367337, 78), (367337, 79), (367337, 80), (367337, 81), (367337, 82), (367337, 83), (367337, 84), (367337, 85), (367337, 86), (367337, 87), (367337, 88), (367337, 89), (367337, 90), (367337, 91), (367337, 92), (367337, 93), (367337, 94), (367337, 95), (367337, 96), (367337, 97), (367337, 98), (367337, 99), (367337, 100), (367337, 101), (367337, 102), (367337, 103), (367337, 104), (367337, 105), (367337, 106), (367337, 107), (367337, 108), (367337, 109), (367337, 110), (367337, 111), (367337, 112), (367337, 113), (367337, 114), (367337, 115), (367337, 116), (367337, 117), (367337, 118), (367337, 119), (367337, 120), (367337, 121), (367337, 122), (367337, 123), (367337, 124), (367337, 125), (367337, 126), (367337, 127), (367337, 128), (367337, 129), (367337, 130), (367337, 131), (367337, 132), (367337, 133), (367337, 134), (367337, 135), (367337, 136), (367337, 137), (367337, 138), (367337, 139), (367337, 140), (367337, 141), (367337, 142), (367337, 143), (367337, 144), (367337, 145), (367337, 146), (367337, 147), (367337, 148), (367337, 149), (367337, 150), (367337, 151), (367337, 152), (367337, 153), (367337, 154), (367337, 155), (367337, 156), (367337, 157), (367337, 158), (367337, 159), (367337, 160), (367337, 161), (367337, 162), (367337, 163), (367337, 164), (367337, 165), (367337, 166), (367337, 167), (367337, 168), (367337, 169), (367337, 170), (367337, 171), (367337, 172), (367337, 173), (367337, 174), (367337, 175), (367337, 176), (367337, 177), (367337, 178), (367337, 179), (367337, 180), (367337, 181), (367337, 182), (367337, 183), (367337, 184), (367337, 185), (367337, 186), (367337, 187), (367337, 188), (367337, 189), (367337, 190), (367337, 191), (367337, 192), (367337, 193), (367337, 194), (367337, 195), (367337, 196), (367337, 197), (367337, 198), (367337, 199), (367337, 200), (367337, 201), (367337, 202), (367337, 203), (367337, 204), (367337, 205), (367337, 206), (367337, 207), (367337, 208), (367337, 209), (367337, 210), (367337, 211), (367337, 212), (367337, 213), (367337, 214), (367337, 215), (367337, 216), (367337, 217), (367337, 218), (367337, 219), (367337, 220), (367337, 221), (367337, 222), (367337, 223), (367337, 224), (367337, 225), (367337, 226), (367337, 227), (367337, 228), (367337, 229), (367337, 230), (367337, 231), (367337, 232), (367337, 233), (367337, 234), (367337, 235), (367337, 236), (367337, 237), (367337, 238), (367337, 239), (367337, 240), (367337, 241), (367337, 242), (367337, 243), (367337, 244), (367337, 245), (367337, 246), (367337, 247), (367337, 248), (367337, 249), (367337, 250), (367337, 251), (367337, 252), (367337, 253), (367337, 254), (367337, 255), (367337, 256), (367337, 257), (367337, 258), (367337, 259), (367337, 260), (367337, 261), (367337, 262), (367337, 263), (367337, 264), (367337, 265), (367337, 266), (367337, 267), (367337, 268), (367337, 269), (367337, 270), (367337, 271), (367337, 272), (367337, 273), (367337, 274), (367337, 275), (367337, 276), (367337, 277), (367337, 278), (367337, 279), (367337, 280), (367337, 281), (367337, 282), (367337, 283), (367337, 284), (367337, 285), (367337, 286), (367337, 287), (367337, 288), (367337, 289), (367337, 290), (367337, 291), (367337, 292), (367337, 293), (367337, 294), (367337, 295), (367337, 296), (367337, 297), (367337, 298), (367337, 299), (367337, 300), (367337, 301), (367337, 302), (367337, 303), (367337, 304), (367337, 305), (367337, 306), (367337, 307), (367337, 308), (367337, 309), (367337, 310), (367337, 311), (367337, 312), (367337, 313), (367337, 314), (367337, 315), (367337, 316), (367337, 317), (367337, 318), (367337, 319), (367337, 320), (367337, 321), (367337, 322), (367337, 323), (367337, 324), (367337, 325), (367337, 326), (367337, 327), (367337, 328), (367337, 329), (367337, 330), (367337, 331), (367337, 332), (367337, 333), (367337, 334), (367337, 335), (367337, 336), (367337, 337), (367337, 338), (367337, 339), (367337, 340), (367337, 341), (367337, 342), (367337, 343), (367337, 344), (367337, 345), (367337, 346), (367337, 347), (367337, 348), (367337, 349), (367337, 350), (367337, 351), (367337, 352), (367337, 353), (367337, 354), (367337, 355), (367337, 356), (367337, 357), (367337, 358), (367337, 359), (367337, 360), (367337, 361), (367337, 362), (367337, 363), (367337, 364), (367337, 365), (367337, 366), (367337, 367), (367337, 368), (367337, 369), (367337, 370), (367337, 371), (367337, 372), (367337, 373), (367337, 374), (367337, 375), (367337, 376), (367337, 377), (367337, 378), (367337, 379), (367337, 380), (367337, 381), (367337, 382), (367337, 383), (367337, 384), (367337, 385), (367337, 386), (367337, 387), (367337, 388), (367337, 389), (367337, 390), (367337, 391), (367337, 392), (367337, 393), (367337, 394), (367337, 395), (367337, 396), (367337, 397), (367337, 398), (367337, 399), (367337, 400), (367337, 401), (367337, 402), (367337, 403), (367337, 404), (367337, 405), (367337, 406), (367337, 407), (367337, 408), (367337, 409), (367337, 410), (367337, 411), (367337, 412), (367337, 413), (367337, 414), (367337, 415), (367337, 416), (367337, 417), (367337, 418), (367337, 419), (367337, 420), (367337, 421), (367337, 422), (367337, 423), (367337, 424), (367337, 425), (367337, 426), (367337, 427), (367337, 428), (367337, 429), (367337, 430), (367337, 431), (367337, 432), (367337, 433), (367337, 434), (367337, 435), (367337, 436), (367337, 437), (367337, 438), (367337, 439), (367337, 440), (367337, 441), (367337, 442), (367337, 443), (367337, 444), (367337, 445), (367337, 446), (367337, 447), (367337, 448), (367337, 449), (367337, 450), (367337, 451), (367337, 452), (367337, 453), (367337, 454), (367337, 455), (367337, 456), (367337, 457), (367337, 458), (367337, 459), (367337, 460), (367337, 461), (367337, 462), (367337, 463), (367337, 464), (367337, 465), (367337, 466), (367337, 467), (367337, 468), (367337, 469), (367337, 470), (367337, 471), (367337, 472), (367337, 473), (367337, 474), (367337, 475), (367337, 476), (367337, 477), (367337, 478), (367337, 479), (367337, 480), (367337, 481), (367337, 482), (367337, 483), (367337, 484), (367337, 485), (367337, 486), (367337, 487), (367337, 488), (367337, 489), (367337, 490), (367337, 491), (367337, 492), (367337, 493), (367337, 494), (367337, 495), (367337, 496), (367337, 497), (367337, 498), (367337, 499), (367337, 500), (367337, 501), (367337, 502), (367337, 503), (367337, 504), (367337, 505), (367337, 506), (367337, 507), (367337, 508), (367337, 509), (367337, 510), (367337, 511), (367337, 512), (367337, 513), (367337, 514), (367337, 515), (367337, 516), (367337, 517), (367337, 518), (367337, 519), (367337, 520), (367337, 521), (367337, 522), (367337, 523), (367337, 524), (367337, 525), (367337, 526), (367337, 527), (367337, 528), (367337, 529), (367337, 530), (367337, 531), (367337, 532), (367337, 533), (367337, 534), (367337, 535), (367337, 536), (367337, 537), (367337, 538), (367337, 539), (367337, 540), (367337, 541), (367337, 542), (367337, 543), (367337, 544), (367337, 545), (367337, 546), (367337, 547), (367337, 548), (367337, 549), (367337, 550), (367337, 551), (367337, 552), (367337, 553), (367337, 554), (367337, 555), (367337, 556), (367337, 557), (367337, 558), (367337, 559), (367337, 560), (367337, 561), (367337, 562), (367337, 563), (367337, 564), (367337, 565), (367337, 566), (367337, 567), (367337, 568), (367337, 569), (367337, 570), (367337, 571), (367337, 572), (367337, 573), (367337, 574), (367337, 575), (367337, 576), (367337, 577), (367337, 578), (367337, 579), (367337, 580), (367337, 581), (367337, 582), (367337, 583), (367337, 584), (367337, 585), (367337, 586), (367337, 587), (367337, 588), (367337, 589), (367337, 590), (367337, 591), (367337, 592), (367337, 593), (367337, 594), (367337, 595), (367337, 596), (367337, 597), (367337, 598), (367337, 599), (367337, 600), (367337, 601), (367337, 602), (367337, 603), (367337, 604), (367337, 605), (367337, 606), (367337, 607), (367337, 608), (367337, 609), (367337, 610), (367337, 611), (367337, 612), (367337, 613), (367337, 614), (367337, 615), (367337, 616), (367337, 617), (367337, 618), (367337, 619), (367337, 620), (367337, 621), (367337, 622), (367337, 623), (367337, 624), (367337, 625), (367337, 626), (367337, 627), (367337, 628), (367337, 629), (367337, 630), (367337, 631), (367337, 632), (367337, 633), (367337, 634), (367337, 635), (367337, 636), (367337, 637), (367337, 638), (367337, 639), (367337, 640), (367337, 641), (367337, 642), (367337, 643), (367337, 644), (367337, 645), (367337, 646), (367337, 647), (367337, 648), (367337, 649), (367337, 650), (367337, 651), (367337, 652), (367337, 653), (367337, 654), (367337, 655), (367337, 656), (367337, 657), (367337, 658), (367337, 659), (367337, 660), (367337, 661), (367337, 662), (367337, 663), (367337, 664), (367337, 665), (367337, 666), (367337, 667), (367337, 668), (367337, 669), (367337, 670), (367337, 671), (367337, 672), (367337, 673), (367337, 674), (367337, 675), (367337, 676), (367337, 677), (367337, 678), (367337, 679), (367337, 680), (367337, 681), (367337, 682), (367337, 683), (367337, 684), (367337, 685), (367337, 686), (367337, 687), (367337, 688), (367337, 689), (367337, 690), (367337, 691), (367337, 692), (367337, 693), (367337, 694), (367337, 695), (367337, 696), (367337, 697), (367337, 698), (367337, 699), (367337, 700), (367337, 701), (367337, 702), (367337, 703), (367337, 704), (367337, 705), (367337, 706), (367337, 707), (367337, 708), (367337, 709), (367337, 710), (367337, 711), (367337, 712), (367337, 713), (367337, 714), (367337, 715), (367337, 716), (367337, 717), (367337, 718), (367337, 719), (367337, 720), (367337, 721), (367337, 722), (367337, 723), (367337, 724), (367337, 725), (367337, 726), (367337, 727), (367337, 728), (367337, 729), (367337, 730), (367337, 731), (367337, 732), (367337, 733), (367337, 734), (367337, 735), (367337, 736), (367337, 737), (367337, 738), (367337, 739), (367337, 740), (367337, 741), (367337, 742), (367337, 743), (367337, 744), (367337, 745), (367337, 746), (367337, 747), (367337, 748), (367337, 749), (367337, 750), (367337, 751), (367337, 752), (367337, 753), (367337, 754), (367337, 755), (367337, 756), (367337, 757), (367337, 758), (367337, 759), (367337, 760), (367337, 761), (367337, 762), (367337, 763), (367337, 764), (367337, 765), (367337, 766), (367337, 767), (367337, 768), (367337, 769), (367337, 770), (367337, 771), (367337, 772), (367337, 773), (367337, 774), (367337, 775), (367337, 776), (367337, 777), (367337, 778), (367337, 779), (367337, 780), (367337, 781), (367337, 782), (367337, 783), (367337, 784), (367337, 785), (367337, 786), (367337, 787), (367337, 788), (367337, 789), (367337, 790), (367337, 791), (367337, 792), (367337, 793), (367337, 794), (367337, 795), (367337, 796), (367337, 797), (367337, 798), (367337, 799), (367337, 800), (367337, 801), (367337, 802), (367337, 803), (367337, 804), (367337, 805), (367337, 806), (367337, 807), (367337, 808), (367337, 809), (367337, 810), (367337, 811), (367337, 812), (367337, 813), (367337, 814), (367337, 815), (367337, 816), (367337, 817), (367337, 818), (367337, 819), (367337, 820), (367337, 821), (367337, 822), (367337, 823), (367337, 824), (367337, 825), (367337, 826), (367337, 827), (367337, 828), (367337, 829), (367337, 830), (367337, 831), (367337, 832), (367337, 833), (367337, 834), (367337, 835), (367337, 836), (367337, 837), (367337, 838), (367337, 839), (367337, 840), (367337, 841), (367337, 842), (367337, 843), (367337, 844), (367337, 845), (367337, 846), (367337, 847), (367337, 848), (367337, 849), (367337, 850), (367337, 851), (367337, 852), (367337, 853), (367337, 854), (367337, 855), (367337, 856), (367337, 857), (367337, 858), (367337, 859), (367337, 860), (367337, 861), (367337, 862), (367337, 863), (367337, 864), (367337, 865), (367337, 866), (367337, 867), (367337, 868), (367337, 869), (367337, 870), (367337, 871), (367337, 872), (367337, 873), (367337, 874), (367337, 875), (367337, 876), (367337, 877), (367337, 878), (367337, 879), (367337, 880), (367337, 881), (367337, 882), (367337, 883), (367337, 884), (367337, 885), (367337, 886), (367337, 887), (367337, 888), (367337, 889), (367337, 890), (367337, 891), (367337, 892), (367337, 893), (367337, 894), (367337, 895), (367337, 896), (367337, 897), (367337, 898), (367337, 899), (367337, 900), (367337, 901), (367337, 902), (367337, 903), (367337, 904), (367337, 905), (367337, 906), (367337, 907), (367337, 908), (367337, 909), (367337, 910), (367337, 911), (367337, 912), (367337, 913), (367337, 914), (367337, 915), (367337, 916), (367337, 917), (367337, 918), (367337, 919), (367337, 920), (367337, 921), (367337, 922), (367337, 923), (367337, 924), (367337, 925), (367337, 926), (367337, 927), (367337, 928), (367337, 929), (367337, 930), (367337, 931), (367337, 932), (367337, 933), (367337, 934), (367337, 935), (367337, 936), (367337, 937), (367337, 938), (367337, 939), (367337, 940), (367337, 941), (367337, 942), (367337, 943), (367337, 944), (367337, 945), (367337, 946), (367337, 947), (367337, 948), (367337, 949), (367337, 950), (367337, 951), (367337, 952), (367337, 953), (367337, 954), (367337, 955), (367337, 956), (367337, 957), (367337, 958), (367337, 959), (367337, 960), (367337, 961), (367337, 962), (367337, 963), (367337, 964), (367337, 965), (367337, 966), (367337, 967), (367337, 968), (367337, 969), (367337, 970), (367337, 971), (367337, 972), (367337, 973), (367337, 974), (367337, 975), (367337, 976), (367337, 977), (367337, 978), (367337, 979), (367337, 980), (367337, 981), (367337, 982), (367337, 983), (367337, 984), (367337, 985), (367337, 986), (367337, 987), (367337, 988), (367337, 989), (367337, 990), (367337, 991), (367337, 992), (367337, 993), (367337, 994), (367337, 995), (367337, 996), (367337, 997), (367337, 998), (367337, 999), (367337, 1000), (367337, 1001), (367337, 1002), (367337, 1003), (367337, 1004), (367337, 1005), (367337, 1006), (367337, 1007), (367337, 1008), (367337, 1009), (367337, 1010), (367337, 1011), (367337, 1012), (367337, 1013), (367337, 1014), (367337, 1015), (367337, 1016), (367337, 1017), (367337, 1018), (367337, 1019), (367337, 1020), (367337, 1021), (367337, 1022), (367337, 1023), (367337, 1024), (367337, 1025), (367337, 1026), (367337, 1027), (367337, 1028), (367337, 1029), (367337, 1030), (367337, 1031), (367337, 1032), (367337, 1033), (367337, 1034), (367337, 1035), (367337, 1036), (367337, 1037), (367337, 1038), (367337, 1039), (367337, 1040), (367337, 1041), (367337, 1042), (367337, 1043), (367337, 1044), (367337, 1045), (367337, 1046), (367336, 1), (367336, 2), (367336, 3), (367336, 4), (367336, 5), (367336, 6), (367336, 7), (367336, 8), (367336, 9), (367336, 10), (367336, 11), (367336, 12), (367336, 13), (367336, 14), (367336, 15), (367336, 16), (367336, 17), (367336, 18), (367336, 19), (367336, 20), (367336, 21), (367336, 22), (367336, 23), (367336, 24), (367336, 25), (367336, 26), (367336, 27), (367336, 28), (367336, 29), (367336, 30), (367336, 31), (367336, 32), (367336, 33), (367336, 34), (367336, 35), (367336, 36), (367336, 37), (367336, 38), (367336, 39), (367336, 40), (367336, 41), (367336, 42), (367336, 43), (367336, 44), (367336, 45), (367336, 46), (367336, 47), (367336, 48), (367336, 49), (367336, 50), (367336, 51), (367336, 52), (367336, 53), (367336, 54), (367336, 55), (367336, 56), (367336, 57), (367336, 58), (367336, 59), (367336, 60), (367336, 61), (367336, 62), (367336, 63), (367336, 64), (367336, 65), (367336, 66), (367336, 67), (367336, 68), (367336, 69), (367336, 70), (367336, 71), (367336, 72), (367336, 73), (367336, 74), (367336, 75), (367336, 76), (367336, 77), (367336, 78), (367336, 79), (367336, 80), (367336, 81), (367336, 82), (367336, 83), (367336, 84), (367336, 85), (367336, 86), (367336, 87), (367336, 88), (367336, 89), (367336, 90), (367336, 91), (367336, 92), (367336, 93), (367336, 94), (367336, 95), (367336, 96), (367336, 97), (367336, 98), (367336, 99), (367336, 100), (367336, 101), (367336, 102), (367336, 103), (367336, 104), (367336, 105), (367336, 106), (367336, 107), (367336, 108), (367336, 109), (367336, 110), (367336, 111), (367336, 112), (367336, 113), (367336, 114), (367336, 115), (367336, 116), (367336, 117), (367336, 118), (367336, 119), (367336, 120), (367336, 121), (367336, 122), (367336, 123), (367336, 124), (367336, 125), (367336, 126), (367336, 127), (367336, 128), (367336, 129), (367336, 130), (367336, 131), (367336, 132), (367336, 133), (367336, 134), (367336, 135), (367336, 136), (367336, 137), (367336, 138), (367336, 139), (367336, 140), (367336, 141), (367336, 142), (367336, 143), (367336, 144), (367336, 145), (367336, 146), (367336, 147), (367336, 148), (367336, 149), (367336, 150), (367336, 151), (367336, 152), (367336, 153), (367336, 154), (367336, 155), (367336, 156), (367336, 157), (367336, 158), (367336, 159), (367336, 160), (367336, 161), (367336, 162), (367336, 163), (367336, 164), (367336, 165), (367336, 166), (367336, 167), (367336, 168), (367336, 169), (367315, 1), (367315, 2), (367315, 3), (367315, 4), (367315, 5), (367315, 6), (367315, 7), (367315, 8), (367315, 9), (367315, 10), (367315, 11), (367315, 12), (367315, 13), (367315, 14), (367315, 15), (367315, 16), (367315, 17), (367315, 18), (367315, 19), (367315, 20), (367315, 21), (367315, 22), (367315, 23), (367315, 24), (367315, 25), (367315, 26), (367315, 27), (367315, 28), (367315, 29), (367315, 30), (367315, 31), (367315, 32), (367315, 33), (367315, 34), (367315, 35), (367315, 36), (367315, 37), (367315, 38), (367315, 39), (367315, 40), (367315, 41), (367315, 42), (367315, 43), (367315, 44), (367315, 45), (367315, 46), (367315, 47), (367315, 48), (367315, 49), (367315, 50), (367315, 51), (367315, 52), (367315, 53), (367315, 54), (367315, 55), (367315, 56), (367315, 57), (367315, 58), (367315, 59), (367315, 60), (367315, 61), (367315, 62), (367315, 63), (367315, 64), (367315, 65), (367315, 66), (367315, 67), (367315, 68), (367315, 69), (367315, 70), (367315, 71), (367315, 72), (367315, 73), (367315, 74), (367315, 75), (367315, 76), (367315, 77), (367315, 78), (367315, 79), (367315, 80), (367315, 81), (367315, 82), (367315, 83), (367315, 84), (367315, 85), (367315, 86), (367315, 87), (367315, 88), (367315, 89), (367315, 90), (367315, 91), (367315, 92), (367315, 93), (367315, 94), (367315, 95), (367315, 96), (367315, 97), (367315, 98), (367315, 99), (367315, 100), (367315, 101), (367315, 102), (367315, 103), (367315, 104), (367315, 105), (367315, 106), (367315, 107), (367315, 108), (367315, 109), (367315, 110), (367315, 111), (367315, 112), (367315, 113), (367315, 114), (367315, 115), (367315, 116), (367315, 117), (367315, 118), (367315, 119), (367315, 120), (367315, 121), (367315, 122), (367315, 123), (367315, 124), (367315, 125), (367315, 126), (367315, 127), (367315, 128), (367315, 129), (367315, 130), (367315, 131), (367315, 132), (367315, 133), (367315, 134), (367315, 135), (367315, 136), (367315, 137), (367315, 138), (367315, 139), (367315, 140), (367315, 141), (367315, 142), (367315, 143), (367315, 144), (367315, 145), (367315, 146), (367315, 147), (367315, 148), (367315, 149), (367315, 150), (367315, 151), (367315, 152), (367315, 153), (367315, 154), (367315, 155), (367315, 156), (367315, 157), (367315, 158), (367315, 159), (367315, 160), (367315, 161), (367315, 162), (367315, 163), (367315, 164), (367315, 165), (367315, 166), (367315, 167), (367315, 168), (367315, 169), (367315, 170), (367315, 171), (367315, 172), (367315, 173), (367315, 174), (367315, 175), (367315, 176), (367315, 177), (367315, 178), (367315, 179), (367315, 180), (367315, 181), (367315, 182), (367315, 183), (367315, 184), (367315, 185), (367315, 186), (367315, 187), (367315, 188), (367315, 189), (367315, 190), (367315, 191), (367315, 192), (367315, 193), (367315, 194), (367315, 195), (367315, 196), (367315, 197), (367315, 198), (367315, 199), (367315, 200), (367315, 201), (367315, 202), (367315, 203), (367315, 204), (367315, 205), (367315, 206), (367315, 207), (367315, 208), (367315, 209), (367315, 210), (367315, 211), (367315, 212), (367315, 213), (367315, 214), (367315, 215), (367315, 216), (367315, 217), (367315, 218), (367315, 219), (367315, 220), (367315, 221), (367315, 222), (367315, 223), (367315, 224), (367315, 225), (367315, 226), (367315, 227), (367315, 228), (367315, 229), (367315, 230), (367315, 231), (367315, 232), (367315, 233), (367315, 234), (367315, 235), (367315, 236), (367315, 237), (367315, 238), (367315, 239), (367315, 240), (367315, 241), (367315, 242), (367315, 243), (367315, 244), (367315, 245), (367315, 246), (367315, 247), (367315, 248), (367315, 249), (367315, 250), (367315, 251), (367315, 252), (367315, 253), (367315, 254), (367315, 255), (367315, 256), (367315, 257), (367315, 258), (367315, 259), (367315, 260), (367315, 261), (367315, 262), (367315, 263), (367315, 264), (367315, 265), (367315, 266), (367315, 267), (367315, 268), (367315, 269), (367315, 270), (367315, 271), (367315, 272), (367315, 273), (367315, 274), (367315, 275), (367315, 276), (367315, 277), (367315, 278), (367315, 279), (367315, 280), (367315, 281), (367315, 282), (367315, 283), (367315, 284), (367315, 285), (367315, 286), (367315, 287), (367315, 288), (367315, 289), (367315, 290), (367315, 291), (367315, 292), (367315, 293), (367315, 294), (367315, 295), (367315, 296), (367315, 297), (367315, 298), (367315, 299), (367315, 300), (367315, 301), (367315, 302), (367315, 303), (367315, 304), (367315, 305), (367315, 306), (367315, 307), (367315, 308), (367315, 309), (367315, 310), (367315, 311), (367315, 312), (367315, 313), (367315, 314), (367315, 315), (367315, 316), (367315, 317), (367315, 318), (367315, 319), (367315, 320), (367315, 321), (367315, 322), (367315, 323), (367315, 324), (367315, 325), (367315, 326), (367315, 327), (367315, 328), (367315, 329), (367315, 330), (367315, 331), (367315, 332), (367315, 333), (367315, 334), (367315, 335), (367315, 336), (367315, 337), (367315, 338), (367315, 339), (367315, 340), (367315, 341), (367315, 342), (367315, 343), (367315, 344), (367315, 345), (367315, 346), (367315, 347), (367315, 348), (367315, 349), (367315, 350), (367315, 351), (367315, 352), (367315, 353), (367315, 354), (367315, 355), (367315, 356), (367315, 357), (367315, 358), (367315, 359), (367315, 360), (367315, 361), (367315, 362), (367315, 363), (367315, 364), (367315, 365), (367315, 366), (367315, 367), (367315, 368), (367315, 369), (367315, 370), (367315, 371), (367315, 372), (367315, 373), (367315, 374), (367315, 375), (367315, 376), (367315, 377), (367315, 378), (367315, 379), (367315, 380), (367315, 381), (367315, 382), (367315, 383), (367315, 384), (367315, 385), (367315, 386), (367315, 387), (367315, 388), (367315, 389), (367315, 390), (367315, 391), (367315, 392), (367315, 393), (367315, 394), (367315, 395), (367315, 396), (367315, 397), (367315, 398), (367315, 399), (367315, 400), (367315, 401), (367315, 402), (367315, 403), (367315, 404), (367315, 405), (367315, 406), (367315, 407), (367315, 408), (367315, 409), (367315, 410), (367315, 411), (367315, 412), (367315, 413), (367315, 414), (367315, 415), (367315, 416), (367315, 417), (367315, 418), (367315, 419), (367315, 420), (367315, 421), (367315, 422), (367315, 423), (367315, 424), (367315, 425), (367315, 426), (367315, 427), (367315, 428), (367315, 429), (367315, 430), (367315, 431), (367315, 432), (367315, 433), (367315, 434), (367315, 435), (367315, 436), (367315, 437), (367315, 438), (367315, 439), (367315, 440), (367315, 441), (367315, 442), (367315, 443), (367315, 444), (367315, 445), (367315, 446), (367315, 447), (367315, 448), (367315, 449), (367315, 450), (367315, 451), (367315, 452), (367315, 453), (367315, 454), (367315, 455), (367315, 456), (367315, 457), (367315, 458), (367315, 459), (367315, 460), (367315, 461), (367315, 462), (367315, 463), (367315, 464), (367315, 465), (367315, 466), (367315, 467), (367315, 468), (367315, 469), (367315, 470), (367315, 471), (367315, 472), (367315, 473), (367315, 474), (367315, 475), (367315, 476), (367315, 477), (367315, 478), (367315, 479), (367315, 480), (367315, 481), (367315, 482), (367315, 483), (367315, 484), (367315, 485), (367315, 486), (367315, 487), (367315, 488), (367315, 489), (367315, 490), (367315, 491), (367315, 492), (367315, 493), (367315, 494), (367315, 495), (367315, 496), (367315, 497), (367315, 498), (367315, 499), (367315, 500), (367315, 501), (367315, 502), (367315, 503), (367315, 504), (367315, 505), (367315, 506), (367315, 507), (367315, 508), (367315, 509), (367315, 510), (367315, 511), (367315, 512), (367315, 513), (367315, 514), (367315, 515), (367315, 516), (367315, 517), (367315, 518), (367315, 519), (367315, 520), (367315, 521), (367315, 522), (367315, 523), (367315, 524), (367315, 525), (367315, 526), (367315, 527), (367315, 528), (367315, 529), (367315, 530), (367315, 531), (367315, 532), (367315, 533), (367315, 534), (367315, 535), (367315, 536), (367315, 537), (367315, 538), (367315, 539), (367315, 540), (367315, 541), (367315, 542), (367315, 543), (367315, 544), (367315, 545), (367315, 546), (367315, 547), (367315, 548), (367315, 549), (367315, 550), (367315, 551), (367315, 552), (367315, 553), (367315, 554), (367315, 555), (367315, 556), (367315, 557), (367315, 558), (367315, 559), (367315, 560), (367315, 561), (367315, 562), (367315, 563), (367315, 564), (367315, 565), (367315, 566), (367315, 567), (367315, 568), (367315, 569), (367315, 570), (367315, 571), (367315, 572), (367315, 573), (367315, 574), (367315, 575), (367315, 576), (367315, 577), (367315, 578), (367315, 579), (367315, 580), (367315, 581), (367315, 582), (367315, 583), (367315, 584), (367315, 585), (367315, 586), (367315, 587), (367315, 588), (367315, 589), (367315, 590), (367315, 591), (367315, 592), (367315, 593), (367315, 594), (367315, 595), (367315, 596), (367315, 597), (367315, 598), (367315, 599), (367315, 600), (367315, 601), (367315, 602), (367315, 603), (367315, 604), (367315, 605), (367315, 606), (367315, 607), (367315, 608), (367315, 609), (367315, 610), (367315, 611), (367315, 612), (367315, 613), (367315, 614), (367315, 615), (367315, 616), (367315, 617), (367315, 618), (367315, 619), (367315, 620), (367315, 621), (367315, 622), (367315, 623), (367315, 624), (367315, 625), (367315, 626), (367315, 627), (367315, 628), (367315, 629), (367315, 630), (367315, 631), (367315, 632), (367315, 633), (367315, 634), (367315, 635), (367315, 636), (367315, 637), (367315, 638), (367315, 639), (367315, 640), (367315, 641), (367315, 642), (367315, 643), (367315, 644), (367315, 645), (367315, 646), (367315, 647), (367315, 648), (367315, 649), (367315, 650), (367315, 651), (367315, 652), (367315, 653), (367315, 654), (367315, 655), (367315, 656), (367315, 657), (367315, 658), (367315, 659), (367315, 660), (367315, 661), (367315, 662), (367315, 663), (367315, 664), (367315, 665), (367315, 666), (367315, 667), (367315, 668), (367315, 669), (367315, 670), (367315, 671), (367315, 672), (367315, 673), (367315, 674), (367315, 675), (367315, 676), (367315, 677), (367315, 678), (367315, 679), (367315, 680), (367315, 681), (367315, 682), (367315, 683), (367315, 684), (367315, 685), (367315, 686), (367315, 687), (367315, 688), (367315, 689), (367315, 690), (367315, 691), (367315, 692), (367315, 693), (367315, 694), (367315, 695), (367315, 696), (367315, 697), (367315, 698), (367315, 699), (367315, 700), (367315, 701), (367315, 702), (367315, 703), (367315, 704), (367315, 705), (367315, 706), (367315, 707), (367315, 708), (367315, 709), (367315, 710), (367315, 711), (367315, 712), (367315, 713), (367315, 714), (367315, 715), (367315, 716), (367315, 717), (367315, 718), (367315, 719), (367315, 720), (367315, 721), (367315, 722), (367315, 723), (367315, 724), (367315, 725), (367315, 726), (367315, 727), (367315, 728), (367315, 729), (367315, 730), (367315, 731), (367315, 732), (367315, 733), (367315, 734), (367315, 735), (367315, 736), (367315, 737), (367315, 738), (367315, 739), (367315, 740), (367315, 741), (367315, 742), (367315, 743), (367315, 744), (367315, 745), (367315, 746), (367315, 747), (367315, 748), (367315, 749), (367315, 750), (367315, 751), (367315, 752), (367315, 753), (367315, 754), (367315, 755), (367315, 756), (367315, 757), (367315, 758), (367315, 759), (367315, 760), (367315, 761), (367315, 762), (367315, 763), (367315, 764), (367315, 765), (367315, 766), (367315, 767), (367315, 768), (367315, 769), (367315, 770), (367315, 771), (367315, 772), (367315, 773), (367315, 774), (367315, 775), (367315, 776), (367315, 777), (367315, 778), (367315, 779), (367315, 780), (367315, 781), (367315, 782), (367315, 783), (367315, 784), (367315, 785), (367315, 786), (367315, 787), (367315, 788), (367315, 789), (367315, 790), (367315, 791), (367315, 792), (367315, 793), (367315, 794), (367315, 795), (367315, 796), (367315, 797), (367315, 798), (367315, 799), (367315, 800), (367315, 801), (367315, 802), (367315, 803), (367315, 804), (367315, 805), (367315, 806), (367315, 807), (367315, 808), (367315, 809), (367315, 810), (367315, 811), (367315, 812), (367315, 813), (367315, 814), (367315, 815), (367315, 816), (367315, 817), (367315, 818), (367315, 819), (367315, 820), (367315, 821), (367315, 822), (367315, 823), (367315, 824), (367315, 825), (367315, 826), (367315, 827), (367315, 828), (367315, 829), (367315, 830), (367315, 831), (367315, 832), (367315, 833), (367315, 834), (367315, 835), (367315, 836), (367315, 837), (367315, 838), (367315, 839), (367315, 840), (367315, 841), (367315, 842), (367315, 843), (367315, 844), (367315, 845), (367315, 846), (367315, 847), (367315, 848), (367315, 849), (367315, 850), (367315, 851), (367315, 852), (367315, 853), (367315, 854), (367315, 855), (367315, 856), (367315, 857), (367315, 858), (367315, 859), (367315, 860), (367315, 861), (367315, 862), (367315, 863), (367315, 864), (367315, 865), (367315, 866), (367315, 867), (367315, 868), (367315, 869), (367315, 870), (367315, 871), (367315, 872), (367315, 873), (367315, 874), (367315, 875), (367315, 876), (367315, 877), (367315, 878), (367315, 879), (367315, 880), (367315, 881), (367315, 882), (367315, 883), (367315, 884), (367315, 885), (367315, 886), (367315, 887), (367315, 888), (367315, 889), (367315, 890), (367315, 891), (367315, 892), (367315, 893), (367314, 1), (367314, 2), (367314, 3), (367314, 4), (367314, 5), (367314, 6), (367314, 7), (367314, 8), (367314, 9), (367314, 10), (367314, 11), (367314, 12), (367314, 13), (367314, 14), (367314, 15), (367314, 16), (367314, 17), (367314, 18), (367314, 19), (367314, 20), (367312, 53), (367312, 54), (367312, 55), (367312, 56), (367312, 57), (367312, 58), (367312, 59), (367312, 60), (367312, 61), (367312, 62), (367312, 63), (367312, 64), (367312, 65), (367312, 66), (367312, 67), (367312, 68), (367312, 69), (367312, 70), (367312, 71), (367312, 72), (367312, 73), (367312, 74), (367312, 75), (367312, 76), (367312, 77), (367312, 78), (367312, 79), (367312, 80), (367312, 81), (367312, 82), (367312, 83), (367312, 84), (367312, 85), (367312, 86), (367312, 87), (367312, 88), (367312, 89), (367312, 90), (367312, 91), (367312, 92), (367312, 93), (367312, 94), (367312, 95), (367312, 96), (367312, 97), (367312, 98), (367312, 99), (367312, 100), (367312, 101), (367312, 102), (367312, 103), (367312, 104), (367312, 105), (367312, 106), (367312, 107), (367312, 108), (367312, 109), (367312, 110), (367312, 111), (367312, 112), (367312, 113), (367312, 114), (367312, 115), (367312, 116), (367312, 117), (367312, 118), (367312, 119), (367312, 120), (367312, 121), (367312, 122), (367312, 123), (367312, 124), (367312, 125), (367312, 126), (367312, 127), (367312, 128), (367312, 129), (367312, 130), (367312, 131), (367312, 132), (367312, 133), (367312, 134), (367312, 135), (367312, 136), (367312, 137), (367312, 138), (367312, 139), (367312, 140), (367312, 141), (367312, 142), (367312, 143), (367312, 144), (367312, 145), (367312, 146), (367312, 147), (367312, 148), (367312, 149), (367312, 150), (367312, 151), (367312, 152), (367312, 153), (367312, 154), (367312, 155), (367312, 156), (367312, 157), (367312, 158), (367312, 159), (367312, 160), (367312, 161), (367312, 162), (367312, 163), (367312, 164), (367312, 165), (367312, 166), (367312, 167), (367312, 168), (367312, 169), (367312, 170), (367312, 171), (367312, 172), (367312, 173), (367312, 174), (367312, 175), (367312, 176), (367312, 177), (367312, 178), (367312, 179), (367312, 180), (367312, 181), (367312, 182), (367312, 183), (367312, 184), (367312, 185), (367312, 186), (367312, 187), (367312, 188), (367312, 189), (367312, 190), (367312, 191), (367312, 192), (367312, 193), (367312, 194), (367312, 195), (367312, 196), (367312, 197), (367312, 198), (367312, 199), (367312, 200), (367312, 201), (367312, 202), (367312, 203), (367312, 204), (367312, 205), (367312, 206), (367312, 207), (367312, 208), (367312, 209), (367312, 210), (367312, 211), (367312, 212), (367312, 213), (367312, 214), (367312, 215), (367312, 216), (367312, 217), (367312, 218), (367312, 219), (367312, 220), (367312, 221), (367312, 222), (367312, 223), (367312, 224), (367312, 225), (367312, 227), (367312, 228), (367312, 229), (367312, 230), (367312, 231), (367312, 232), (367312, 233), (367312, 234), (367312, 235), (367312, 236), (367312, 237), (367312, 238), (367312, 239), (367312, 240), (367312, 241), (367312, 242), (367312, 243), (367312, 244), (367312, 245), (367312, 246), (367312, 247), (367312, 248), (367312, 249), (367312, 250), (367312, 251), (367312, 252), (367312, 253), (367312, 254), (367312, 255), (367312, 256), (367312, 257), (367312, 258), (367312, 259), (367312, 260), (367312, 261), (367312, 262), (367312, 263), (367312, 264), (367312, 265), (367312, 266), (367312, 267), (367312, 268), (367312, 269), (367271, 1), (367271, 2), (367271, 3), (367271, 4), (367271, 5), (367271, 6), (367271, 7), (367271, 8), (367271, 9), (367271, 10), (367271, 11), (367271, 12), (367271, 13), (367271, 14), (367271, 15), (367271, 16), (367271, 17), (367271, 18), (367271, 19), (367271, 20), (367271, 21), (367271, 22), (367271, 23), (367271, 24), (367271, 25), (367271, 26), (367271, 27), (367271, 28), (367271, 29), (367271, 30), (367271, 31), (367271, 32), (367271, 33), (367271, 34), (367271, 35), (367271, 36), (367271, 37), (367271, 38), (367271, 39), (367271, 40), (367271, 41), (367271, 42), (367271, 43), (367271, 44), (367271, 45), (367271, 46), (367271, 47), (367271, 48), (367271, 49), (367271, 50), (367271, 51), (367271, 52), (367271, 53), (367271, 54), (367271, 55), (367271, 56), (367271, 57), (367271, 58), (367271, 59), (367271, 60), (367271, 61), (367271, 62), (367271, 63), (367271, 64), (367271, 65), (367271, 66), (367271, 67), (367271, 68), (367271, 69), (367271, 70), (367271, 71), (367271, 72), (367271, 73), (367271, 74), (367271, 75), (367271, 76), (367271, 77), (367271, 78), (367271, 79), (367271, 80), (367271, 81), (367271, 82), (367271, 83), (367271, 84), (367271, 85), (367271, 86), (367271, 87), (367271, 88), (367271, 89), (367271, 90), (367271, 91), (367271, 92), (367271, 93), (367271, 94), (367271, 95), (367271, 96), (367271, 97), (367271, 98), (367271, 99), (367271, 100), (367271, 101), (367271, 102), (367271, 103), (367271, 104), (367271, 105), (367271, 106), (367271, 107), (367271, 108), (367271, 109), (367271, 110), (367271, 111), (367271, 112), (367271, 113), (367271, 114), (367271, 115), (367271, 116), (367271, 117), (367271, 118), (367271, 119), (367271, 120), (367271, 121), (367271, 122), (367271, 123), (367271, 124), (367271, 125), (367271, 126), (367271, 127), (367271, 128), (367271, 129), (367271, 130), (367271, 131), (367271, 132), (367271, 133), (367271, 134), (367271, 135), (367270, 1), (367270, 2), (367270, 3), (367270, 4), (367270, 5), (367270, 6), (367270, 7), (367270, 8), (367270, 9), (367270, 10), (367270, 11), (367270, 12), (367270, 13), (367270, 14), (367270, 15), (367270, 16), (367270, 17), (367270, 18), (367270, 19), (367270, 20), (367270, 21), (367270, 22), (367270, 23), (367270, 24), (367270, 25), (367270, 26), (367270, 27), (367270, 28), (367270, 29), (367270, 30), (367270, 31), (367270, 32), (367270, 33), (367270, 34), (367270, 35), (367270, 36), (367270, 37), (367270, 38), (367270, 39), (367270, 40), (367270, 41), (367270, 42), (367270, 43), (367270, 44), (367270, 45), (367270, 46), (367270, 47), (367270, 48), (367270, 49), (367270, 50), (367270, 51), (367270, 52), (367270, 53), (367270, 54), (367270, 55), (367270, 56), (367270, 57), (367270, 58), (367270, 59), (367270, 60), (367270, 61), (367270, 62), (367270, 63), (367270, 64), (367270, 65), (367270, 66), (367270, 67), (367270, 68), (367270, 69), (367270, 70), (367270, 71), (367270, 72), (367270, 73), (367270, 74), (367270, 75), (367270, 76), (367270, 77), (367270, 78), (367270, 79), (367270, 80), (367270, 81), (367270, 82), (367270, 83), (367270, 84), (367270, 85), (367270, 86), (367270, 87), (367270, 88), (367270, 89), (367270, 90), (367270, 91), (367270, 92), (367270, 93), (367270, 94), (367270, 95), (367270, 96), (367270, 97), (367270, 98), (367270, 99), (367270, 100), (367270, 101), (367270, 102), (367270, 103), (367270, 104), (367270, 105), (367270, 106), (367270, 107), (367270, 108), (367270, 109), (367270, 110), (367270, 111), (367270, 112), (367270, 113), (367270, 114), (367270, 115), (367270, 116), (367270, 117), (367270, 118), (367270, 119), (367270, 120), (367270, 121), (367270, 122), (367270, 123), (367270, 124), (367270, 125), (367270, 126), (367270, 127), (367270, 128), (367270, 129), (367270, 130), (367270, 131), (367270, 132), (367270, 133), (367270, 134), (367270, 135), (367270, 136), (367270, 137), (367270, 138), (367270, 139), (367270, 140), (367270, 141), (367270, 142), (367270, 143), (367270, 144), (367270, 145), (367270, 146), (367270, 147), (367270, 148), (367270, 149), (367270, 150), (367270, 151), (367270, 152), (367270, 153), (367270, 154), (367270, 155), (367270, 156), (367270, 157), (367270, 158), (367270, 159), (367270, 160), (367270, 161), (367270, 162), (367270, 163), (367270, 164), (367270, 165), (367270, 166), (367270, 167), (367270, 168), (367270, 169), (367270, 170), (367270, 171), (367270, 172), (367270, 173), (367270, 174), (367270, 175), (367270, 176), (367270, 177), (367270, 178), (367270, 179), (367270, 180), (367270, 181), (367270, 182), (367270, 183), (367270, 184), (367270, 185), (367270, 186), (367270, 187), (367270, 188), (367270, 189), (367270, 190), (367270, 191), (367270, 192), (367270, 193), (367270, 194), (367270, 195), (367270, 196), (367270, 197), (367270, 198), (367270, 199), (367270, 200), (367270, 201), (367270, 202), (367270, 203), (367270, 204), (367270, 205), (367270, 206), (367270, 207), (367270, 208), (367270, 209), (367270, 210), (367270, 211), (367270, 212), (367270, 213), (367270, 214), (367270, 215), (367270, 216), (367270, 217), (367270, 218), (367270, 219), (367270, 220), (367270, 221), (367270, 222), (367270, 223), (367270, 224), (367270, 225), (367270, 226), (367270, 227), (367270, 228), (367270, 229), (367270, 230), (367270, 231), (367270, 232), (367270, 233), (367270, 234), (367270, 235), (367270, 236), (367270, 237), (367270, 238), (367270, 239), (367270, 240), (367270, 241), (367270, 242), (367270, 243), (367270, 244), (367270, 245), (367270, 246), (367270, 247), (367270, 248), (367270, 249), (367270, 250), (367270, 251), (367270, 252), (367270, 253), (367270, 254), (367270, 255), (367270, 256), (367270, 257), (367270, 258), (367270, 259), (367270, 260), (367270, 261), (367270, 262), (367270, 263), (367270, 264), (367270, 265), (367270, 266), (367270, 267), (367270, 268), (367270, 269), (367270, 270), (367270, 271), (367270, 272), (367270, 273), (367270, 274), (367270, 275), (367270, 276), (367270, 277), (367270, 278), (367270, 279), (367270, 280), (367270, 281), (367270, 282), (367270, 283), (367270, 284), (367270, 285), (367270, 286), (367270, 287), (367270, 288), (367270, 289), (367270, 290), (367270, 291), (367270, 292), (367270, 293), (367270, 294), (367270, 295), (367270, 296), (367270, 297), (367270, 298), (367270, 299), (367270, 300), (367270, 301), (367270, 302), (367270, 303), (367270, 304), (367270, 305), (367270, 306), (367270, 307), (367270, 308), (367270, 309), (367270, 310), (367270, 311), (367270, 312), (367270, 313), (367270, 314), (367270, 315), (367270, 316), (367270, 317), (367270, 318), (367270, 319), (367270, 320), (367270, 321), (367270, 322), (367270, 323), (367270, 324), (367270, 325), (367270, 326), (367270, 327), (367270, 328), (367270, 329), (367270, 330), (367270, 331), (367270, 332), (367270, 333), (367270, 334), (367270, 335), (367270, 336), (367270, 337), (367270, 338), (367270, 339), (367270, 340), (367270, 341), (367270, 342), (367270, 343), (367270, 344), (367270, 345), (367270, 346), (367270, 347), (367270, 348), (367270, 349), (367270, 350), (367270, 351), (367270, 352), (367270, 353), (367270, 354), (367270, 355), (367270, 356), (367270, 357), (367270, 358), (367270, 359), (367270, 360), (367270, 361), (367270, 362), (367270, 363), (367270, 364), (367270, 365), (367270, 366), (367270, 367), (367270, 368), (367270, 369), (367270, 370), (367270, 371), (367270, 372), (367270, 373), (367270, 374), (367270, 375), (367270, 376), (367270, 377), (367270, 378), (367270, 379), (367270, 380), (367270, 381), (367270, 382), (367270, 383), (367270, 384), (367270, 385), (367270, 386), (367270, 387), (367270, 388), (367270, 389), (367270, 390), (367270, 391), (367270, 392), (367270, 393), (367270, 394), (367270, 395), (367270, 396), (367270, 397), (367270, 398), (367270, 399), (367270, 400), (367270, 401), (367270, 402), (367270, 403), (367270, 404), (367270, 405), (367270, 406), (367270, 407), (367270, 408), (367270, 409), (367270, 410), (367270, 411), (367270, 412), (367270, 413), (367270, 414), (367270, 415), (367270, 416), (367270, 417), (367270, 418), (367270, 419), (367270, 420), (367270, 421), (367270, 422), (367270, 423), (367270, 424), (367270, 425), (367270, 426), (367270, 427), (367270, 428), (367270, 429), (367270, 430), (367270, 431), (367270, 432), (367270, 433), (367270, 434), (367270, 435), (367270, 436), (367270, 437), (367270, 438), (367270, 439), (367270, 440), (367270, 441), (367270, 442), (367270, 443), (367270, 444), (367270, 445), (367270, 446), (367270, 447), (367270, 448), (367270, 449), (367270, 450), (367270, 451), (367270, 452), (367270, 453), (367270, 454), (367270, 455), (367270, 456), (367270, 457), (367270, 458), (367270, 459), (367270, 460), (367270, 461), (367270, 462), (367270, 463), (367270, 464), (367270, 465), (367270, 466), (367270, 467), (367270, 468), (367270, 469), (367270, 470), (367270, 471), (367270, 472), (367270, 473), (367270, 474), (367270, 475), (367270, 476), (367270, 477), (367270, 478), (367270, 479), (367270, 480), (367270, 481), (367270, 482), (367270, 483), (367270, 484), (367270, 485), (367270, 486), (367270, 487), (367270, 488), (367270, 489), (367270, 490), (367270, 491), (367270, 492), (367270, 493), (367270, 494), (367270, 495), (367270, 496), (367270, 497), (367270, 498), (367270, 499), (367270, 500), (367270, 501), (367270, 502), (367270, 503), (367270, 504), (367270, 505), (367270, 506), (367270, 507), (367270, 508), (367270, 509), (367270, 510), (367270, 511), (367270, 512), (367270, 513), (367270, 514), (367270, 515), (367270, 516), (367270, 517), (367270, 518), (367270, 519), (367270, 520), (367270, 521), (367270, 522), (367270, 523), (367270, 524), (367270, 525), (367270, 526), (367270, 527), (367270, 528), (367270, 529), (367270, 530), (367270, 531), (367270, 532), (367270, 533), (367270, 534), (367270, 535), (367270, 536), (367270, 537), (367270, 538), (367270, 539), (367270, 540), (367270, 541), (367270, 542), (367270, 543), (367270, 544), (367270, 545), (367270, 546), (367270, 547), (367270, 548), (367270, 549), (367270, 550), (367270, 551), (367270, 552), (367270, 553), (367270, 554), (367270, 555), (367270, 556), (367270, 557), (367270, 558), (367270, 559), (367270, 560), (367270, 561), (367270, 562), (367270, 563), (367270, 564), (367270, 565), (367270, 566), (367270, 567), (367270, 568), (367270, 569), (367270, 570), (367270, 571), (367270, 572), (367270, 573), (367270, 574), (367270, 575), (367270, 576), (367270, 577), (367270, 578), (367270, 579), (367270, 580), (367270, 581), (367270, 582), (367270, 583), (367270, 584), (367270, 585), (367270, 586), (367270, 587), (367270, 588), (367270, 589), (367270, 590), (367270, 591), (367270, 592), (367270, 593), (367270, 594), (367270, 595), (367270, 596), (367270, 597), (367270, 598), (367270, 599), (367270, 600), (367270, 601), (367270, 602), (367270, 603), (367270, 604), (367270, 605), (367270, 606), (367270, 607), (367270, 608), (367270, 609), (367270, 610), (367270, 611), (367270, 612), (367270, 613), (367270, 614), (367270, 615), (367270, 616), (367270, 617), (367270, 618), (367270, 619), (367270, 620), (367270, 621), (367270, 622), (367270, 623), (367270, 624), (367270, 625), (367270, 626), (367270, 627), (367270, 628), (367270, 629), (367270, 630), (367270, 631), (367270, 632), (367270, 633), (367270, 634), (367270, 635), (367270, 636), (367270, 637), (367270, 638), (367270, 639), (367270, 640), (367270, 641), (367270, 642), (367270, 643), (367270, 644), (367270, 645), (367270, 646), (367270, 647), (367270, 648), (367270, 649), (367270, 650), (367270, 651), (367270, 652), (367270, 653), (367270, 654), (367270, 655), (367270, 656), (367270, 657), (367270, 658), (367270, 659), (367270, 660), (367270, 661), (367270, 662), (367270, 663), (367270, 664), (367270, 665), (367270, 666), (367270, 667), (367270, 668), (367270, 669), (367270, 670), (367270, 671), (367270, 672), (367270, 673), (367270, 674), (367270, 675), (367270, 676), (367270, 677), (367270, 678), (367270, 679), (367270, 680), (367270, 681), (367270, 682), (367270, 683), (367270, 684), (367270, 685), (367270, 686), (367270, 687), (367270, 688), (367270, 689), (367270, 690), (367270, 691), (367270, 692), (367270, 693), (367270, 694), (367270, 695), (367270, 696), (367270, 697), (367270, 698), (367270, 699), (367270, 700), (367270, 701), (367270, 702), (367270, 703), (367270, 704), (367270, 705), (367270, 706), (367270, 707), (367270, 708), (367270, 709), (367270, 710), (367270, 711), (367270, 712), (367270, 713), (367270, 714), (367270, 715), (367270, 716), (367270, 717), (367270, 718), (367270, 719), (367270, 720), (367270, 721), (367270, 722), (367270, 723), (367270, 724), (367270, 725), (367270, 726), (367270, 727), (367270, 728), (367270, 729), (367270, 730), (367270, 731), (367270, 732), (367270, 733), (367270, 734), (367270, 735), (367270, 736), (367270, 737), (367270, 738), (367270, 739), (367270, 740), (367270, 741), (367270, 742), (367270, 743), (367270, 744), (367270, 745), (367270, 746), (367270, 747), (367270, 748), (367270, 749), (367270, 750), (367270, 751), (367270, 752), (367270, 753), (367270, 754), (367270, 755), (367270, 756), (367270, 757), (367270, 758), (367270, 759), (367270, 760), (367270, 761), (367270, 762), (367270, 763), (367270, 764), (367270, 765), (367270, 766), (367270, 767), (367270, 768), (367270, 769), (367270, 770), (367270, 771), (367270, 772), (367270, 773), (367270, 774), (367270, 775), (367270, 776), (367270, 777), (367270, 778), (367270, 779), (367270, 780), (367270, 781), (367270, 782), (367270, 783), (367270, 784), (367270, 785), (367270, 786), (367270, 787), (367270, 788), (367270, 789), (367270, 790), (367270, 791), (367270, 792), (367270, 793), (367270, 794), (367270, 795), (367270, 796), (367270, 797), (367270, 798), (367270, 799), (367270, 800), (367270, 801), (367270, 802), (367270, 803), (367270, 804), (367270, 805), (367270, 806), (367270, 807), (367270, 808), (367270, 809), (367270, 810), (367270, 811), (367270, 812), (367270, 813), (367270, 814), (367270, 815), (367270, 816), (367270, 817), (367270, 818), (367270, 819), (367270, 820), (367270, 821), (367270, 822), (367270, 823), (367270, 824), (367270, 825), (367270, 826), (367270, 827), (367270, 828), (367270, 829), (367270, 830), (367270, 831), (367270, 832), (367270, 833), (367270, 834), (367270, 835), (367270, 836), (367270, 837), (367270, 838), (367270, 839), (367270, 840), (367270, 841), (367270, 842), (367270, 843), (367270, 844), (367270, 845), (367270, 846), (367270, 847), (367270, 848), (367270, 849), (367270, 850), (367270, 851), (367270, 852), (367270, 853), (367270, 854), (367270, 855), (367270, 856), (367270, 857), (367270, 858), (367270, 859), (367270, 860), (367270, 861), (367270, 862), (367270, 863), (367270, 864), (367270, 865), (367270, 866), (367270, 867), (367270, 868), (367270, 869), (367270, 870), (367270, 871), (367270, 872), (367270, 873), (367270, 874), (367270, 875), (367270, 876), (367270, 877), (367270, 878), (367270, 879), (367270, 880), (367270, 881), (367270, 882), (367270, 883), (367270, 884), (367270, 885), (367270, 886), (367270, 887), (367270, 888), (367270, 889), (367270, 890), (367270, 891), (367270, 892), (367270, 893), (367270, 894), (367270, 895), (367270, 896), (367270, 897), (367270, 898), (367270, 899), (367270, 900), (367270, 901), (367270, 902), (367270, 903), (367270, 904), (367270, 905), (367270, 906), (367270, 907), (367270, 908), (367270, 909), (367270, 910), (367270, 911), (367270, 912), (367270, 913), (367270, 914), (367270, 915), (367270, 916), (367270, 917), (367270, 918), (367270, 919), (367270, 920), (367270, 921), (367270, 922), (367270, 923), (367270, 924), (367270, 925), (367270, 926), (367270, 927), (367270, 928), (367270, 929), (367270, 930), (367270, 931), (367270, 932), (367270, 933), (367270, 934), (367270, 935), (367270, 936), (367270, 937), (367270, 938), (367270, 939), (367270, 940), (367270, 941), (367270, 942), (367270, 943), (367270, 944), (367270, 945), (367270, 946), (367270, 947), (367270, 948), (367270, 949), (367270, 950), (367270, 951), (367270, 952), (367270, 953), (367270, 954), (367270, 955), (367270, 956), (367270, 957), (367270, 958), (367270, 959), (367270, 960), (367270, 961), (367269, 1), (367269, 2), (367269, 3), (367269, 4), (367269, 5), (367269, 6), (367269, 7), (367269, 8), (367269, 9), (367269, 10), (367269, 11), (367269, 12), (367269, 13), (367269, 14), (367269, 15), (367269, 16), (367269, 17), (367269, 18), (367269, 19), (367269, 20), (367269, 21), (367269, 22), (367269, 23), (367269, 24), (367269, 25), (367269, 26), (367269, 27), (367269, 28), (367269, 29), (367269, 30), (367269, 31), (367269, 32), (367269, 33), (367264, 1), (367264, 2), (367264, 3), (367264, 4), (367264, 5), (367264, 6), (367264, 7), (367264, 8), (367264, 9), (367264, 10), (367264, 11), (367264, 12), (367264, 13), (367264, 14), (367264, 15), (367264, 16), (367264, 17), (367264, 18), (367264, 19), (367264, 20), (367264, 21), (367264, 22), (367264, 23), (367264, 24), (367264, 25), (367264, 26), (367264, 27), (367264, 28), (367264, 29), (367264, 30), (367264, 31), (367264, 32), (367264, 33), (367264, 34), (367264, 35), (367264, 36), (367264, 37), (367264, 38), (367264, 39), (367264, 40), (367264, 41), (367264, 42), (367264, 43), (367264, 44), (367264, 45), (367264, 46), (367264, 47), (367264, 48), (367264, 49), (367264, 50), (367264, 51), (367264, 52), (367264, 53), (367264, 54), (367264, 55), (367264, 56), (367264, 57), (367264, 58), (367264, 59), (367264, 60), (367264, 61), (367264, 62), (367264, 63), (367264, 64), (367264, 65), (367264, 66), (367264, 67), (367264, 68), (367264, 69), (367264, 70), (367264, 71), (367264, 72), (367264, 73), (367264, 74), (367264, 75), (367264, 76), (367264, 77), (367264, 78), (367264, 79), (367264, 80), (367264, 81), (367264, 82), (367264, 83), (367264, 84), (367264, 85), (367264, 86), (367264, 87), (367264, 88), (367264, 89), (367264, 90), (367264, 91), (367264, 92), (367264, 93), (367264, 94), (367264, 95), (367264, 96), (367264, 97), (367264, 98), (367264, 99), (367264, 100), (367264, 101), (367264, 102), (367264, 103), (367264, 104), (367264, 105), (367264, 106), (367264, 107), (367264, 108), (367264, 109), (367264, 110), (367264, 111), (367264, 112), (367264, 113), (367264, 114), (367264, 115), (367264, 116), (367264, 117), (367264, 118), (367264, 119), (367264, 120), (367264, 121), (367264, 122), (367264, 123), (367264, 124), (367264, 125), (367264, 126), (367264, 127), (367264, 128), (367264, 129), (367264, 130), (367264, 131), (367264, 132), (367264, 133), (367264, 134), (367264, 135), (367264, 136), (367264, 137), (367264, 138), (367264, 139), (367264, 140), (367264, 141), (367264, 142), (367264, 143), (367264, 144), (367264, 145), (367264, 146), (367264, 147), (367264, 148), (367264, 149), (367264, 150), (367264, 151), (367264, 152), (367264, 153), (367264, 154), (367264, 155), (367264, 156), (367264, 157), (367264, 158), (367264, 159), (367264, 160), (367264, 161), (367264, 162), (367264, 163), (367264, 164), (367264, 165), (367264, 166), (367264, 167), (367264, 168), (367264, 169), (367264, 170), (367264, 171), (367264, 172), (367264, 173), (367264, 174), (367264, 175), (367264, 176), (367264, 177), (367264, 178), (367264, 179), (367264, 180), (367264, 181), (367264, 182), (367264, 183), (367264, 184), (367264, 185), (367264, 186), (367264, 187), (367264, 188), (367264, 189), (367264, 190), (367264, 191), (367264, 192), (367264, 193), (367264, 194), (367264, 195), (367264, 196), (367264, 197), (367264, 198), (367264, 199), (367264, 200), (367264, 201), (367264, 202), (367264, 203), (367264, 204), (367264, 205), (367264, 206), (367264, 207), (367264, 208), (367264, 209), (367264, 210), (367264, 211), (367264, 212), (367264, 213), (367264, 214), (367264, 215), (367264, 216), (367264, 217), (367264, 218), (367264, 219), (367264, 220), (367264, 221), (367264, 222), (367264, 223), (367264, 224), (367264, 225), (367264, 226), (367264, 227), (367264, 228), (367264, 229), (367264, 230), (367264, 231), (367264, 232), (367264, 233), (367264, 234), (367264, 235), (367264, 236), (367264, 237), (367264, 238), (367264, 239), (367264, 240), (367264, 241), (367264, 242), (367264, 243), (367264, 244), (367264, 245), (367264, 246), (367264, 247), (367264, 248), (367264, 249), (367264, 250), (367264, 251), (367264, 252), (367264, 253), (367264, 254), (367264, 255), (367264, 256), (367264, 257), (367264, 258), (367264, 259), (367264, 260), (367264, 261), (367264, 262), (367264, 263), (367264, 264), (367264, 265), (367264, 266), (367264, 267), (367264, 268), (367264, 269), (367264, 270), (367264, 271), (367264, 272), (367264, 273), (367264, 274), (367264, 275), (367264, 276), (367264, 277), (367264, 278), (367264, 279), (367264, 280), (367264, 281), (367264, 282), (367264, 283), (367264, 284), (367264, 285), (367264, 286), (367264, 287), (367264, 288), (367264, 289), (367264, 290), (367264, 291), (367264, 292), (367264, 293), (367264, 294), (367264, 295), (367264, 296), (367264, 297), (367264, 298), (367264, 299), (367264, 300), (367264, 301), (367264, 302), (367264, 303), (367264, 304), (367264, 305), (367264, 306), (367264, 307), (367264, 308), (367264, 309), (367264, 310), (367264, 311), (367264, 312), (367264, 313), (367264, 314), (367264, 315), (367264, 316), (367264, 317), (367264, 318), (367264, 319), (367264, 320), (367264, 321), (367264, 322), (367264, 323), (367264, 324), (367264, 325), (367264, 326), (367264, 327), (367264, 328), (367264, 329), (367264, 330), (367264, 331), (367264, 332), (367264, 333), (367264, 334), (367264, 335), (367264, 336), (367264, 337), (367264, 338), (367264, 339), (367264, 340), (367264, 341), (367264, 342), (367264, 343), (367264, 344), (367264, 345), (367264, 346), (367264, 347), (367264, 348), (367264, 349), (367264, 350), (367264, 351), (367264, 352), (367264, 353), (367264, 354), (367264, 355), (367264, 356), (367264, 357), (367264, 358), (367264, 359), (367264, 360), (367264, 361), (367264, 362), (367264, 363), (367264, 364), (367264, 365), (367264, 366), (367264, 367), (367264, 368), (367264, 369), (367264, 370), (367264, 371), (367264, 372), (367264, 373), (367264, 374), (367264, 375), (367264, 376), (367264, 377), (367264, 378), (367264, 379), (367264, 380), (367264, 381), (367264, 382), (367264, 383), (367264, 384), (367264, 385), (367264, 386), (367264, 387), (367264, 388), (367264, 389), (367264, 390), (367264, 391), (367264, 392), (367264, 393), (367264, 394), (367264, 395), (367264, 396), (367264, 397), (367264, 398), (367264, 399), (367264, 400), (367264, 401), (367264, 402), (367264, 403), (367264, 404), (367264, 405), (367264, 406), (367264, 407), (367264, 408), (367264, 409), (367264, 410), (367264, 411), (367264, 412), (367264, 413), (367264, 414), (367264, 415), (367264, 416), (367264, 417), (367264, 418), (367264, 419), (367264, 420), (367264, 421), (367264, 422), (367264, 423), (367264, 424), (367264, 425), (367264, 426), (367264, 427), (367264, 428), (367264, 429), (367264, 430), (367264, 431), (367264, 432), (367264, 433), (367264, 434), (367264, 435), (367264, 436), (367264, 437), (367264, 438), (367264, 439), (367264, 440), (367264, 441), (367264, 442), (367264, 443), (367264, 444), (367264, 445), (367264, 446), (367264, 447), (367264, 448), (367264, 449), (367264, 450), (367264, 451), (367264, 452), (367264, 453), (367264, 454), (367264, 455), (367264, 456), (367264, 457), (367264, 458), (367264, 459), (367264, 460), (367264, 461), (367264, 462), (367264, 463), (367264, 464), (367264, 465), (367264, 466), (367264, 467), (367264, 468), (367264, 469), (367264, 470), (367264, 471), (367264, 472), (367264, 473), (367264, 474), (367264, 475), (367264, 476), (367264, 477), (367264, 478), (367264, 479), (367264, 480), (367264, 481), (367264, 482), (367264, 483), (367264, 484), (367264, 485), (367264, 486), (367264, 487), (367264, 488), (367264, 489), (367264, 490), (367264, 491), (367264, 492), (367264, 493), (367264, 494), (367264, 495), (367264, 496), (367264, 497), (367264, 498), (367264, 499), (367264, 500), (367264, 501), (367264, 502), (367264, 503), (367264, 504), (367264, 505), (367264, 506), (367264, 507), (367264, 508), (367264, 509), (367264, 510), (367264, 511), (367264, 512), (367264, 513), (367264, 514), (367264, 515), (367264, 516), (367264, 517), (367264, 518), (367264, 519), (367264, 520), (367264, 521), (367264, 522), (367264, 523), (367264, 524), (367264, 525), (367264, 526), (367264, 527), (367264, 528), (367264, 529), (367264, 530), (367264, 531), (367264, 532), (367264, 533), (367264, 534), (367264, 535), (367264, 536), (367264, 537), (367264, 538), (367264, 539), (367264, 540), (367264, 541), (367264, 542), (367264, 543), (367264, 544), (367264, 545), (367264, 546), (367264, 547), (367264, 548), (367264, 549), (367264, 550), (367264, 551), (367264, 552), (367264, 553), (367264, 554), (367264, 555), (367264, 556), (367264, 557), (367264, 558), (367264, 559), (367264, 560), (367264, 561), (367264, 562), (367264, 563), (367264, 564), (367264, 565), (367264, 566), (367264, 567), (367264, 568), (367264, 569), (367264, 570), (367264, 571), (367264, 572), (367264, 573), (367264, 574), (367264, 575), (367264, 576), (367264, 577), (367264, 578), (367264, 579), (367264, 580), (367264, 581), (367264, 582), (367264, 583), (367264, 584), (367264, 585), (367264, 586), (367264, 587), (367264, 588), (367264, 589), (367264, 590), (367264, 591), (367264, 592), (367264, 593), (367264, 594), (367264, 595), (367264, 596), (367264, 597), (367264, 598), (367264, 599), (367264, 600), (367264, 601), (367264, 602), (367264, 603), (367264, 604), (367264, 605), (367264, 606), (367264, 607), (367264, 608), (367264, 609), (367264, 610), (367264, 611), (367264, 612), (367264, 613), (367264, 614), (367264, 615), (367264, 616), (367264, 617), (367264, 618), (367264, 619), (367264, 620), (367264, 621), (367264, 622), (367264, 623), (367264, 624), (367264, 625), (367264, 626), (367264, 627), (367264, 628), (367264, 629), (367264, 630), (367264, 631), (367264, 632), (367264, 633), (367264, 634), (367264, 635), (367264, 636), (367264, 637), (367264, 638), (367264, 639), (367264, 640), (367264, 641), (367264, 642), (367264, 643), (367264, 644), (367264, 645), (367264, 646), (367264, 647), (367264, 648), (367264, 649), (367264, 650), (367264, 651), (367264, 652), (367264, 653), (367264, 654), (367264, 655), (367264, 656), (367264, 657), (367264, 658), (367264, 659), (367264, 660), (367264, 661), (367264, 662), (367264, 663), (367264, 664), (367264, 665), (367264, 666), (367264, 667), (367264, 668), (367264, 669), (367264, 670), (367264, 671), (367264, 672), (367264, 673), (367264, 674), (367264, 675), (367264, 676), (367264, 677), (367264, 678), (367264, 679), (367264, 680), (367264, 681), (367264, 682), (367264, 683), (367264, 684), (367264, 685), (367264, 686), (367264, 687), (367264, 688), (367264, 689), (367264, 690), (367264, 691), (367264, 692), (367264, 693), (367264, 694), (367264, 695), (367264, 696), (367264, 697), (367264, 698), (367264, 699), (367264, 700), (367264, 701), (367264, 702), (367264, 703), (367264, 704), (367264, 705), (367264, 706), (367264, 707), (367264, 708), (367264, 709), (367264, 710), (367264, 711), (367264, 712), (367264, 713), (367264, 714), (367264, 715), (367264, 716), (367264, 717), (367264, 718), (367264, 719), (367264, 720), (367264, 721), (367264, 722), (367264, 723), (367264, 724), (367264, 725), (367264, 726), (367264, 727), (367264, 728), (367264, 729), (367264, 730), (367264, 731), (367264, 732), (367264, 733), (367264, 734), (367264, 735), (367264, 736), (367264, 737), (367264, 738), (367264, 739), (367264, 740), (367264, 741), (367264, 742), (367264, 743), (367264, 744), (367264, 745), (367264, 746), (367264, 747), (367264, 748), (367264, 749), (367264, 750), (367264, 751), (367264, 752), (367264, 753), (367264, 754), (367264, 755), (367264, 756), (367264, 757), (367264, 758), (367264, 759), (367264, 760), (367264, 761), (367264, 762), (367264, 763), (367264, 764), (367264, 765), (367264, 766), (367264, 767), (367264, 768), (367264, 769), (367264, 770), (367264, 771), (367264, 772), (367264, 773), (367264, 774), (367264, 775), (367264, 776), (367264, 777), (367264, 778), (367264, 779), (367264, 780), (367264, 781), (367264, 782), (367264, 783), (367264, 784), (367264, 785), (367264, 786), (367264, 787), (367264, 788), (367264, 789), (367264, 790), (367264, 791), (367264, 792), (367264, 793), (367264, 794), (367264, 795), (367264, 796), (367264, 797), (367264, 798), (367264, 799), (367264, 800), (367264, 801), (367264, 802), (367264, 803), (367264, 804), (367264, 805), (367264, 806), (367264, 807), (367264, 808), (367264, 809), (367264, 810), (367264, 811), (367264, 812), (367264, 813), (367264, 814), (367264, 815), (367264, 816), (367264, 817), (367264, 818), (367264, 819), (367264, 820), (367264, 821), (367264, 822), (367264, 823), (367264, 824), (367264, 825), (367264, 826), (367264, 827), (367264, 828), (367264, 829), (367264, 830), (367264, 831), (367264, 832), (367264, 833), (367264, 834), (367264, 835), (367264, 836), (367264, 837), (367264, 838), (367264, 839), (367264, 840), (367264, 841), (367264, 842), (367264, 843), (367264, 844), (367264, 845), (367264, 846), (367264, 847), (367263, 10), (367263, 11), (367263, 12), (367263, 13), (367263, 14), (367263, 15), (367263, 16), (367263, 17), (367263, 18), (367263, 19), (367263, 20), (367263, 21), (367262, 1), (367262, 2), (367262, 3), (367262, 4), (367262, 5), (367262, 6), (367262, 7), (367262, 8), (367262, 9), (367262, 10), (367262, 11), (367262, 12), (367262, 13), (367262, 14), (367262, 15), (367262, 16), (367262, 17), (367262, 18), (367262, 19), (367262, 20), (367262, 21), (367262, 22), (367262, 23), (367262, 24), (367262, 25), (367262, 26), (367262, 27), (367262, 28), (367262, 29), (367262, 30), (367262, 31), (367262, 32), (367262, 33), (367262, 34), (367262, 35), (367262, 36), (367262, 37), (367262, 38), (367262, 39), (367262, 40), (367262, 41), (367262, 42), (367262, 49), (367262, 50), (367262, 51), (367262, 52), (367262, 53), (367262, 54), (367262, 55), (367262, 56), (367262, 57), (367262, 58), (367262, 59), (367262, 60), (367262, 61), (367262, 62), (367262, 63), (367262, 64), (367262, 65), (367262, 66), (367262, 67), (367262, 68), (367262, 69), (367262, 70), (367262, 71), (367262, 72), (367262, 73), (367262, 74), (367262, 75), (367262, 76), (367262, 77), (367262, 78), (367262, 79), (367262, 80), (367262, 81), (367262, 82), (367262, 83), (367262, 84), (367262, 85), (367262, 86), (367262, 87), (367262, 88), (367262, 89), (367262, 90), (367262, 91), (367262, 92), (367262, 93), (367262, 94), (367262, 95), (367262, 96), (367262, 97), (367262, 98), (367262, 99), (367262, 100), (367262, 101), (367262, 102), (367262, 103), (367262, 104), (367262, 105), (367262, 106), (367262, 107), (367262, 108), (367262, 109), (367262, 110), (367262, 111), (367262, 112), (367262, 113), (367262, 114), (367262, 115), (367262, 116), (367262, 117), (367262, 118), (367262, 119), (367262, 123), (367262, 124), (367262, 125), (367262, 126), (367262, 127), (367262, 128), (367262, 129), (367262, 130), (367262, 131), (367262, 132), (367262, 133), (367262, 134), (367262, 135), (367262, 136), (367262, 137), (367262, 138), (367262, 139), (367262, 140), (367262, 141), (367262, 142), (367262, 143), (367262, 144), (367262, 145), (367262, 146), (367262, 147), (367262, 148), (367262, 149), (367262, 150), (367262, 151), (367262, 152), (367262, 153), (367262, 154), (367262, 155), (367262, 156), (367262, 157), (367262, 158), (367262, 159), (367262, 160), (367262, 161), (367262, 162), (367262, 163), (367262, 164), (367262, 165), (367262, 166), (367262, 167), (367262, 168), (367262, 169), (367262, 170), (367262, 171), (367262, 172), (367262, 173), (367262, 174), (367262, 175), (367262, 176), (367262, 177), (367262, 178), (367262, 179), (367262, 180), (367262, 181), (367262, 182), (367262, 183), (367262, 184), (367262, 185), (367262, 186), (367262, 187), (367262, 188), (367262, 189), (367262, 190), (367262, 191), (367262, 192), (367262, 193), (367262, 194), (367262, 195), (367262, 196), (367262, 197), (367262, 198), (367262, 199), (367262, 200), (367262, 201), (367262, 202), (367262, 203), (367262, 204), (367262, 205), (367262, 206), (367262, 207), (367262, 208), (367262, 209), (367262, 210), (367262, 211), (367262, 212), (367262, 213), (367262, 214), (367262, 215), (367262, 216), (367262, 217), (367262, 218), (367262, 219), (367262, 220), (367262, 221), (367262, 222), (367262, 223), (367262, 224), (367262, 225), (367262, 226), (367262, 227), (367262, 228), (367262, 229), (367262, 230), (367262, 231), (367262, 232), (367262, 233), (367262, 234), (367262, 235), (367262, 236), (367262, 237), (367262, 238), (367262, 239), (367262, 240), (367262, 241), (367262, 242), (367262, 243), (367262, 244), (367262, 245), (367262, 246), (367262, 247), (367262, 248), (367262, 249), (367262, 250), (367262, 251), (367262, 252), (367262, 253), (367262, 254), (367262, 255), (367262, 256), (367262, 257), (367262, 258), (367262, 259), (367262, 260), (367262, 261), (367262, 262), (367262, 263), (367262, 264), (367262, 265), (367262, 266), (367262, 267), (367262, 268), (367262, 269), (367262, 270), (367262, 271), (367260, 52), (367260, 53), (367260, 54), (367260, 55), (367260, 56), (367260, 57), (367260, 58), (367260, 59), (367260, 60), (367260, 61), (367260, 62), (367260, 63), (367260, 64), (367260, 65), (367260, 66), (367260, 67), (367260, 68), (367260, 69), (367260, 72), (367260, 73), (367260, 74), (367260, 75), (367260, 76), (367260, 77), (367260, 78), (367260, 79), (367260, 80), (367260, 81), (367260, 82), (367260, 83), (367260, 84), (367260, 85), (367260, 86), (367260, 87), (367260, 88), (367260, 89), (367260, 90), (367260, 91), (367260, 92), (367260, 93), (367260, 94), (367260, 95), (367260, 96), (367260, 97), (367260, 98), (367260, 99), (367260, 100), (367260, 101), (367260, 102), (367260, 103), (367260, 104), (367260, 105), (367260, 106), (367260, 107), (367260, 108), (367260, 109), (367260, 110), (367260, 111), (367260, 112), (367260, 113), (367260, 114), (367260, 115), (367260, 116), (367260, 117), (367260, 118), (367260, 119), (367260, 120), (367260, 121), (367260, 122), (367260, 123), (367260, 124), (367260, 125), (367260, 126), (367260, 127), (367260, 128), (367260, 129), (367260, 130), (367260, 131), (367260, 132), (367260, 133), (367260, 134), (367260, 135), (367260, 136), (367260, 137), (367260, 138), (367260, 139), (367260, 140), (367260, 141), (367260, 142), (367260, 143), (367260, 144), (367260, 145), (367260, 146), (367260, 147), (367260, 148), (367260, 149), (367260, 150), (367260, 151), (367260, 152), (367260, 153), (367260, 154), (367260, 155), (367260, 156), (367260, 157), (367260, 158), (367260, 159), (367260, 160), (367260, 161), (367260, 162), (367260, 163), (367260, 164), (367260, 165), (367260, 166), (367260, 167), (367260, 168), (367260, 169), (367260, 170), (367260, 171), (367260, 172), (367260, 173), (367260, 174), (367260, 175), (367260, 176), (367260, 177), (367260, 178), (367260, 179), (367260, 180), (367260, 181), (367260, 182), (367260, 183), (367260, 184), (367260, 185), (367260, 186), (367260, 187), (367260, 188), (367260, 189), (367260, 190), (367260, 191), (367260, 192), (367260, 193), (367260, 194), (367260, 195), (367260, 196), (367260, 197), (367260, 198), (367260, 199), (367260, 200), (367260, 201), (367260, 202), (367260, 203), (367260, 204), (367260, 205), (367260, 206), (367260, 207), (367260, 208), (367260, 209), (367260, 210), (367260, 211), (367260, 212), (367260, 213), (367260, 214), (367260, 215), (367260, 216), (367260, 217), (367260, 218), (367260, 219), (367260, 220), (367260, 221), (367260, 222), (367260, 223), (367260, 224), (367260, 225), (367260, 226), (367260, 227), (367260, 228), (367260, 229), (367260, 230), (367260, 231), (367260, 232), (367260, 233), (367260, 234), (367260, 235), (367260, 236), (367260, 237), (367260, 238), (367260, 239), (367260, 240), (367234, 1), (367234, 2), (367234, 3), (367234, 4), (367234, 5), (367234, 6), (367234, 7), (367234, 8), (367234, 9), (367234, 10), (367234, 11), (367234, 12), (367234, 13), (367234, 14), (367234, 15), (367234, 16), (367234, 17), (367234, 18), (367234, 19), (367234, 20), (367234, 21), (367234, 22), (367234, 23), (367234, 24), (367234, 25), (367234, 26), (367234, 27), (367234, 28), (367234, 29), (367234, 30), (367234, 31), (367234, 32), (367234, 33), (367234, 34), (367234, 35), (367234, 36), (367234, 37), (367234, 38), (367234, 39), (367234, 40), (367234, 41), (367234, 42), (367234, 43), (367234, 44), (367234, 45), (367234, 46), (367234, 47), (367234, 48), (367234, 49), (367234, 50), (367234, 51), (367234, 52), (367234, 53), (367234, 54), (367234, 55), (367234, 56), (367234, 57), (367234, 58), (367234, 59), (367234, 60), (367234, 61), (367234, 62), (367234, 63), (367234, 64), (367234, 65), (367234, 66), (367234, 67), (367234, 68), (367234, 69), (367234, 70), (367234, 71), (367234, 72), (367234, 73), (367234, 74), (367234, 75), (367234, 76), (367234, 77), (367234, 78), (367234, 79), (367234, 80), (367234, 81), (367234, 82), (367234, 83), (367234, 84), (367234, 85), (367234, 86), (367234, 87), (367234, 88), (367234, 89), (367234, 90), (367234, 91), (367234, 92), (367234, 93), (367234, 94), (367234, 95), (367234, 96), (367234, 97), (367234, 98), (367234, 99), (367234, 100), (367234, 101), (367234, 102), (367234, 103), (367234, 104), (367234, 105), (367234, 106), (367234, 107), (367234, 108), (367234, 109), (367234, 110), (367234, 111), (367234, 112), (367234, 113), (367234, 114), (367234, 115), (367234, 116), (367234, 117), (367234, 118), (367234, 119), (367234, 120), (367234, 121), (367234, 122), (367234, 123), (367234, 124), (367234, 125), (367234, 126), (367234, 127), (367234, 128), (367234, 129), (367234, 130), (367234, 131), (367234, 132), (367234, 133), (367234, 134), (367234, 135), (367234, 136), (367234, 137), (367234, 138), (367234, 139), (367234, 140), (367234, 141), (367234, 142), (367234, 143), (367234, 144), (367234, 145), (367234, 146), (367234, 147), (367234, 148), (367234, 149), (367234, 150), (367234, 151), (367234, 152), (367234, 153), (367234, 154), (367234, 155), (367234, 156), (367234, 157), (367234, 158), (367234, 159), (367234, 160), (367234, 161), (367234, 162), (367234, 163), (367234, 164), (367234, 165), (367234, 166), (367234, 167), (367234, 168), (367234, 169), (367234, 170), (367234, 171), (367234, 172), (367234, 173), (367234, 174), (367234, 175), (367234, 176), (367234, 177), (367234, 178), (367234, 179), (367234, 180), (367234, 181), (367234, 182), (367234, 183), (367234, 184), (367234, 185), (367234, 186), (367234, 187), (367234, 188), (367234, 189), (367234, 190), (367234, 191), (367234, 192), (367234, 193), (367234, 194), (367234, 195), (367234, 196), (367234, 197), (367234, 198), (367234, 199), (367234, 200), (367234, 201), (367234, 202), (367234, 203), (367234, 204), (367234, 205), (367234, 206), (367234, 207), (367234, 208), (367234, 209), (367234, 210), (367234, 211), (367234, 212), (367234, 213), (367234, 214), (367234, 215), (367234, 216), (367234, 217), (367234, 218), (367234, 219), (367234, 220), (367234, 221), (367234, 222), (367234, 223), (367234, 224), (367234, 225), (367234, 226), (367234, 227), (367234, 228), (367234, 229), (367234, 230), (367234, 231), (367234, 232), (367234, 233), (367234, 234), (367234, 235), (367234, 236), (367234, 237), (367234, 238), (367234, 239), (367234, 240), (367234, 241), (367234, 242), (367234, 243), (367234, 244), (367234, 245), (367234, 246), (367234, 247), (367234, 248), (367234, 249), (367234, 250), (367234, 251), (367234, 252), (367234, 253), (367234, 254), (367234, 255), (367234, 256), (367234, 257), (367234, 258), (367234, 259), (367234, 260), (367234, 261), (367234, 262), (367234, 263), (367234, 264), (367234, 265), (367234, 266), (367234, 267), (367234, 268), (367234, 269), (367234, 270), (367234, 271), (367234, 272), (367234, 273), (367234, 274), (367234, 275), (367234, 276), (367234, 277), (367234, 278), (367234, 279), (367234, 280), (367234, 281), (367234, 282), (367234, 283), (367234, 284), (367234, 285), (367234, 286), (367234, 287), (367234, 288), (367234, 289), (367234, 290), (367234, 291), (367234, 292), (367234, 293), (367234, 294), (367234, 295), (367234, 296), (367234, 297), (367234, 298), (367234, 299), (367234, 300), (367234, 301), (367234, 302), (367234, 303), (367234, 304), (367234, 305), (367234, 306), (367234, 307), (367234, 308), (367234, 309), (367234, 310), (367234, 311), (367234, 312), (367234, 313), (367234, 314), (367234, 315), (367234, 316), (367234, 317), (367234, 318), (367234, 319), (367234, 320), (367234, 321), (367234, 322), (367234, 323), (367234, 324), (367234, 325), (367234, 326), (367234, 327), (367234, 328), (367234, 329), (367234, 330), (367234, 331), (367234, 332), (367234, 333), (367234, 334), (367234, 335), (367234, 336), (367234, 337), (367234, 338), (367234, 339), (367234, 340), (367234, 341), (367234, 342), (367234, 343), (367234, 344), (367234, 345), (367234, 346), (367234, 347), (367234, 348), (367234, 349), (367234, 350), (367234, 351), (367234, 352), (367234, 353), (367234, 354), (367234, 355), (367234, 356), (367234, 357), (367234, 358), (367234, 359), (367234, 360), (367234, 361), (367234, 362), (367234, 363), (367234, 364), (367234, 365), (367234, 366), (367234, 367), (367234, 368), (367234, 369), (367234, 370), (367234, 371), (367234, 372), (367234, 373), (367234, 374), (367234, 375), (367234, 376), (367234, 377), (367234, 378), (367234, 379), (367234, 380), (367234, 381), (367234, 382), (367234, 383), (367234, 384), (367234, 385), (367234, 386), (367234, 387), (367234, 388), (367234, 389), (367234, 390), (367234, 391), (367234, 392), (367234, 393), (367234, 394), (367234, 395), (367234, 396), (367234, 397), (367234, 398), (367234, 399), (367234, 400), (367234, 401), (367234, 402), (367234, 403), (367234, 404), (367234, 405), (367234, 406), (367234, 407), (367234, 408), (367234, 409), (367234, 410), (367234, 411), (367234, 412), (367234, 413), (367234, 414), (367234, 415), (367234, 416), (367234, 417), (367234, 418), (367234, 419), (367234, 420), (367234, 421), (367234, 422), (367234, 423), (367234, 424), (367234, 425), (367234, 426), (367234, 427), (367234, 428), (367234, 429), (367234, 430), (367234, 431), (367234, 432), (367234, 433), (367234, 434), (367234, 435), (367234, 436), (367234, 437), (367234, 438), (367234, 439), (367234, 440), (367234, 441), (367234, 442), (367234, 443), (367234, 444), (367234, 445), (367234, 446), (367234, 447), (367234, 448), (367234, 449), (367234, 450), (367234, 451), (367234, 452), (367234, 453), (367234, 454), (367234, 455), (367234, 456), (367234, 457), (367234, 458), (367234, 459), (367234, 460), (367234, 461), (367234, 462), (367234, 463), (367234, 464), (367234, 465), (367234, 466), (367234, 467), (367234, 468), (367234, 469), (367234, 470), (367234, 471), (367234, 472), (367234, 473), (367234, 474), (367234, 475), (367234, 476), (367234, 477), (367234, 478), (367234, 479), (367234, 480), (367234, 481), (367234, 482), (367234, 483), (367234, 484), (367234, 485), (367234, 486), (367234, 487), (367234, 488), (367234, 489), (367234, 490), (367234, 491), (367234, 492), (367234, 493), (367234, 494), (367234, 495), (367234, 496), (367234, 497), (367234, 498), (367234, 499), (367234, 500), (367234, 501), (367232, 1), (367232, 2), (367232, 3), (367232, 4), (367232, 5), (367232, 6), (367232, 7), (367232, 8), (367232, 9), (367232, 10), (367232, 11), (367232, 12), (367232, 13), (367232, 14), (367232, 15), (367232, 16), (367232, 17), (367232, 18), (367232, 19), (367232, 20), (367232, 21), (367232, 22), (367232, 23), (367232, 24), (367232, 25), (367232, 26), (367232, 27), (367232, 28), (367232, 29), (367232, 30), (367232, 31), (367232, 32), (367232, 33), (367232, 34), (367232, 35), (367232, 36), (367232, 37), (367232, 38), (367232, 39), (367232, 40), (367232, 41), (367232, 42), (367232, 43), (367232, 44), (367232, 45), (367232, 46), (367232, 47), (367232, 48), (367232, 49), (367232, 50), (367232, 51), (367232, 52), (367232, 53), (367232, 54), (367232, 55), (367232, 56), (367232, 57), (367232, 58), (367232, 59), (367232, 60), (367232, 61), (367232, 62), (367232, 63), (367232, 64), (367232, 65), (367232, 66), (367232, 67), (367232, 68), (367232, 69), (367232, 70), (367232, 71), (367232, 72), (367232, 73), (367232, 74), (367232, 75), (367232, 76), (367232, 77), (367232, 78), (367232, 79), (367232, 80), (367232, 81), (367232, 82), (367232, 83), (367232, 84), (367232, 85), (367232, 86), (367232, 87), (367232, 88), (367232, 89), (367232, 90), (367232, 91), (367232, 92), (367232, 93), (367232, 94), (367232, 95), (367232, 96), (367232, 97), (367232, 98), (367232, 99), (367232, 100), (367232, 101), (367232, 102), (367232, 103), (367232, 104), (367232, 105), (367232, 106), (367232, 107), (367232, 108), (367232, 109), (367232, 110), (367232, 111), (367232, 112), (367232, 113), (367232, 114), (367232, 115), (367232, 116), (367232, 117), (367232, 118), (367232, 119), (367232, 120), (367232, 121), (367232, 122), (367232, 123), (367232, 124), (367232, 125), (367232, 126), (367232, 127), (367232, 128), (367232, 129), (367232, 130), (367232, 131), (367232, 132), (367232, 133), (367232, 134), (367232, 135), (367232, 136), (367232, 137), (367232, 138), (367232, 139), (367232, 140), (367232, 141), (367232, 142), (367232, 143), (367232, 144), (367232, 145), (367232, 146), (367232, 147), (367232, 148), (367232, 149), (367232, 150), (367232, 151), (367232, 152), (367232, 153), (367232, 154), (367232, 155), (367232, 156), (367232, 157), (367232, 158), (367232, 159), (367232, 160), (367232, 161), (367232, 162), (367232, 163), (367232, 164), (367232, 165), (367232, 166), (367232, 167), (367232, 168), (367232, 169), (367232, 170), (367232, 171), (367232, 172), (367232, 173), (367232, 174), (367232, 175), (367232, 176), (367232, 177), (367232, 178), (367232, 179), (367232, 180), (367232, 181), (367232, 182), (367232, 183), (367232, 184), (367232, 185), (367232, 186), (367232, 187), (367232, 188), (367232, 189), (367232, 190), (367232, 191), (367232, 192), (367232, 193), (367232, 194), (367232, 195), (367232, 196), (367232, 197), (367232, 198), (367232, 199), (367232, 200), (367232, 201), (367232, 202), (367232, 203), (367232, 204), (367232, 205), (367232, 206), (367232, 207), (367232, 208), (367232, 209), (367232, 210), (367232, 211), (367232, 212), (367232, 213), (367232, 214), (367232, 215), (367232, 216), (367232, 217), (367232, 218), (367232, 219), (367232, 220), (367232, 221), (367232, 222), (367232, 223), (367232, 224), (367232, 225), (367232, 226), (367232, 227), (367232, 228), (367232, 229), (367232, 230), (367232, 231), (367232, 232), (367232, 233), (367232, 234), (367232, 235), (367232, 236), (367232, 237), (367232, 238), (367232, 239), (367232, 240), (367232, 241), (367232, 242), (367232, 243), (367232, 244), (367232, 245), (367232, 246), (367232, 247), (367232, 248), (367232, 249), (367232, 250), (367232, 251), (367232, 252), (367232, 253), (367232, 254), (367232, 255), (367232, 256), (367232, 257), (367232, 258), (367232, 259), (367232, 260), (367232, 261), (367232, 262), (367232, 263), (367232, 264), (367232, 265), (367232, 266), (367232, 267), (367232, 268), (367232, 269), (367232, 270), (367232, 271), (367232, 272), (367232, 273), (367232, 274), (367232, 275), (367232, 276), (367232, 277), (367232, 278), (367232, 279), (367232, 280), (367232, 281), (367232, 282), (367232, 283), (367232, 284), (367232, 285), (367232, 286), (367232, 287), (367232, 288), (367232, 289), (367232, 290), (367232, 291), (367232, 292), (367232, 293), (367232, 294), (367232, 295), (367232, 296), (367232, 297), (367232, 298), (367232, 299), (367232, 300), (367232, 301), (367232, 302), (367232, 303), (367232, 304), (367232, 305), (367232, 306), (367232, 307), (367232, 308), (367232, 309), (367232, 310), (367232, 311), (367232, 312), (367232, 313), (367232, 314), (367232, 315), (367232, 316), (367232, 317), (367232, 318), (367232, 319), (367232, 320), (367232, 321), (367232, 322), (367232, 323), (367232, 324), (367232, 325), (367232, 326), (367232, 327), (367232, 328), (367232, 329), (367232, 330), (367232, 331), (367232, 332), (367232, 333), (367232, 334), (367232, 335), (367232, 336), (367232, 337), (367232, 338), (367232, 339), (367232, 340), (367232, 341), (367232, 342), (367232, 343), (367232, 344), (367232, 345), (367232, 346), (367232, 347), (367232, 348), (367232, 349), (367232, 350), (367232, 351), (367232, 352), (367232, 353), (367232, 354), (367232, 355), (367232, 356), (367232, 357), (367232, 358), (367232, 359), (367232, 360), (367232, 361), (367232, 362), (367232, 363), (367232, 364), (367232, 365), (367232, 366), (367232, 367), (367232, 368), (367232, 369), (367232, 370), (367232, 371), (367232, 372), (367232, 373), (367232, 374), (367232, 375), (367232, 376), (367232, 377), (367232, 378), (367232, 379), (367232, 380), (367232, 381), (367232, 382), (367232, 383), (367232, 384), (367232, 385), (367232, 386), (367232, 387), (367232, 388), (367232, 389), (367232, 390), (367232, 391), (367232, 392), (367232, 393), (367232, 394), (367232, 395), (367232, 396), (367232, 397), (367232, 398), (367232, 399), (367232, 400), (367232, 401), (367232, 402), (367232, 403), (367232, 404), (367232, 405), (367232, 406), (367232, 407), (367232, 408), (367232, 409), (367232, 410), (367232, 411), (367232, 412), (367232, 413), (367232, 414), (367232, 415), (367232, 416), (367232, 417), (367232, 418), (367232, 419), (367232, 420), (367232, 421), (367232, 422), (367232, 423), (367232, 424), (367232, 425), (367232, 426), (367232, 427), (367232, 428), (367232, 429), (367232, 430), (367232, 431), (367232, 432), (367232, 433), (367232, 434), (367232, 435), (367232, 436), (367232, 437), (367232, 438), (367232, 439), (367232, 440), (367232, 441), (367232, 442), (367232, 443), (367232, 444), (367232, 445), (367232, 446), (367232, 447), (367232, 448), (367232, 449), (367232, 450), (367232, 451), (367232, 452), (367232, 453), (367232, 454), (367232, 455), (367232, 456), (367232, 457), (367232, 458), (367232, 459), (367232, 460), (367232, 461), (367232, 462), (367232, 463), (367232, 464), (367232, 465), (367232, 466), (367232, 467), (367232, 468), (367232, 469), (367232, 470), (367232, 471), (367232, 472), (367232, 473), (367232, 474), (367232, 475), (367232, 476), (367232, 477), (367232, 478), (367232, 479), (367232, 480), (367232, 481), (367232, 482), (367232, 483), (367232, 484), (367232, 485), (367232, 486), (367232, 487), (367232, 488), (367232, 489), (367232, 490), (367232, 491), (367232, 492), (367232, 493), (367232, 494), (367232, 495), (367232, 496), (367232, 497), (367232, 498), (367232, 499), (367232, 500), (367232, 501), (367232, 502), (367232, 503), (367232, 504), (367232, 505), (367232, 506), (367232, 507), (367232, 508), (367232, 509), (367232, 510), (367232, 511), (367232, 512), (367232, 513), (367232, 514), (367232, 515), (367232, 516), (367232, 517), (367232, 518), (367232, 519), (367232, 520), (367232, 521), (367232, 522), (367232, 523), (367232, 524), (367232, 525), (367232, 526), (367232, 527), (367232, 528), (367232, 529), (367232, 530), (367232, 531), (367232, 532), (367232, 533), (367232, 534), (367232, 535), (367232, 536), (367232, 537), (367232, 538), (367232, 539), (367232, 540), (367232, 541), (367232, 542), (367232, 543), (367232, 544), (367232, 545), (367232, 546), (367232, 547), (367232, 548), (367232, 549), (367232, 550), (367232, 551), (367232, 552), (367232, 553), (367232, 554), (367232, 555), (367232, 556), (367232, 557), (367232, 558), (367232, 559), (367232, 560), (367232, 561), (367232, 562), (367232, 563), (367232, 564), (367232, 565), (367232, 566), (367232, 567), (367232, 568), (367232, 569), (367232, 570), (367232, 571), (367232, 572), (367232, 573), (367232, 574), (367232, 575), (367232, 576), (367232, 577), (367232, 578), (367232, 579), (367232, 580), (367232, 581), (367232, 582), (367232, 583), (367232, 584), (367232, 585), (367232, 586), (367232, 587), (367232, 588), (367232, 589), (367232, 590), (367232, 591), (367232, 592), (367232, 593), (367232, 594), (367232, 595), (367232, 596), (367232, 597), (367232, 598), (367232, 599), (367232, 600), (367232, 601), (367232, 602), (367232, 603), (367232, 604), (367232, 605), (367232, 606), (367232, 607), (367232, 608), (367232, 609), (367232, 610), (367232, 611), (367232, 612), (367232, 613), (367232, 614), (367232, 615), (367232, 616), (367232, 617), (367232, 618), (367232, 619), (367232, 620), (367232, 621), (367232, 622), (367232, 623), (367232, 624), (367232, 625), (367232, 626), (367232, 627), (367232, 628), (367232, 629), (367232, 630), (367232, 631), (367232, 632), (367232, 633), (367232, 634), (367232, 635), (367232, 636), (367232, 637), (367232, 638), (367232, 639), (367232, 640), (367232, 641), (367232, 642), (367232, 643), (367232, 644), (367232, 645), (367232, 646), (367232, 647), (367232, 648), (367232, 649), (367232, 650), (367232, 651), (367232, 652), (367232, 653), (367232, 654), (367232, 655), (367232, 656), (367232, 657), (367232, 658), (367232, 659), (367232, 660), (367232, 661), (367232, 662), (367232, 663), (367232, 664), (367232, 665), (367232, 666), (367232, 667), (367232, 668), (367232, 669), (367232, 670), (367232, 671), (367232, 672), (367232, 673), (367232, 674), (367232, 675), (367232, 676), (367232, 677), (367232, 678), (367232, 679), (367232, 680), (367232, 681), (367232, 682), (367232, 683), (367232, 684), (367232, 685), (367232, 686), (367232, 687), (367232, 688), (367232, 689), (367232, 690), (367232, 691), (367232, 692), (367232, 693), (367232, 694), (367232, 695), (367232, 696), (367232, 697), (367232, 698), (367232, 699), (367232, 700), (367232, 701), (367232, 702), (367232, 703), (367232, 704), (367232, 705), (367232, 706), (367232, 707), (367232, 708), (367232, 709), (367232, 710), (367232, 711), (367232, 712), (367232, 713), (367232, 714), (367232, 715), (367232, 716), (367232, 717), (367232, 718), (367232, 719), (367232, 720), (367232, 721), (367232, 722), (367232, 723), (367232, 724), (367232, 725), (367232, 726), (367232, 727), (367232, 728), (367232, 729), (367232, 730), (367232, 731), (367232, 732), (367232, 733), (367232, 734), (367232, 735), (367232, 736), (367232, 737), (367232, 738), (367232, 739), (367232, 740), (367232, 741), (367232, 742), (367232, 743), (367232, 744), (367232, 745), (367232, 746), (367232, 747), (367232, 748), (367232, 749), (367232, 750), (367232, 751), (367232, 752), (367232, 753), (367232, 754), (367232, 755), (367232, 756), (367232, 757), (367232, 758), (367232, 759), (367232, 760), (367232, 761), (367232, 762), (367232, 763), (367232, 764), (367232, 765), (367232, 766), (367232, 767), (367232, 768), (367232, 769), (367232, 770), (367232, 771), (367232, 772), (367232, 773), (367232, 774), (367232, 775), (367232, 776), (367232, 777), (367232, 778), (367232, 779), (367232, 780), (367232, 781), (367232, 782), (367232, 783), (367232, 784), (367232, 785), (367232, 786), (367232, 787), (367232, 788), (367232, 789), (367232, 790), (367232, 791), (367232, 792), (367232, 793), (367232, 794), (367232, 795), (367232, 796), (367232, 797), (367232, 798), (367232, 799), (367232, 800), (367232, 801), (367232, 802), (367232, 803), (367232, 804), (367232, 805), (367232, 806), (367232, 807), (367232, 808), (367232, 809), (367232, 810), (367232, 811), (367232, 812), (367232, 813), (367232, 814), (367232, 815), (367232, 816), (367232, 817), (367232, 818), (367232, 819), (367232, 820), (367232, 821), (367232, 822), (367232, 823), (367232, 824), (367232, 825), (367232, 826), (367232, 827), (367232, 828), (367232, 829), (367232, 830), (367232, 831), (367232, 832), (367232, 833), (367232, 834), (367232, 835), (367232, 836), (367232, 837), (367232, 838), (367232, 839), (367232, 840), (367232, 841), (367232, 842), (367232, 843), (367232, 844), (367232, 845), (367232, 846), (367232, 847), (367232, 848), (367232, 849), (367232, 850), (367232, 851), (367232, 852), (367232, 853), (367232, 854), (367232, 855), (367232, 856), (367232, 857), (367232, 858), (367232, 859), (367232, 860), (367232, 861), (367232, 862), (367232, 863), (367232, 864), (367232, 865), (367232, 866), (367232, 867), (367232, 868), (367232, 869), (367232, 870), (367232, 871), (367232, 872), (367232, 873), (367232, 874), (367232, 875), (367232, 876), (367232, 877), (367232, 878), (367232, 879), (367232, 880), (367232, 881), (367232, 882), (367232, 883), (367232, 884), (367232, 885), (367232, 886), (367232, 887), (367232, 888), (367232, 889), (367232, 890), (367232, 891), (367232, 892), (367232, 893), (367232, 894), (367232, 895), (367232, 896), (367232, 897), (367232, 898), (367232, 899), (367232, 900), (367232, 901), (367232, 902), (367232, 903), (367232, 904), (367232, 905), (367232, 906), (367232, 907), (367232, 908), (367232, 909), (367232, 910), (367232, 911), (367232, 912), (367232, 913), (367232, 914), (367232, 915), (367232, 916), (367232, 917), (367232, 918), (367232, 919), (367232, 920), (367232, 921), (367232, 922), (367232, 923), (367232, 924), (367232, 925), (367232, 926), (367232, 927), (367232, 928), (367232, 929), (367232, 930), (367232, 931), (367232, 932), (367232, 933), (367232, 934), (367232, 935), (367232, 936), (367232, 937), (367232, 938), (367232, 939), (367232, 940), (367232, 941), (367232, 942), (367232, 943), (367232, 944), (367232, 945), (367232, 946), (367232, 947), (367232, 948), (367232, 949), (367232, 950), (367232, 951), (367232, 952), (367232, 953), (367232, 954), (367232, 955), (367232, 956), (367232, 957), (367232, 958), (367232, 959), (367232, 960), (367232, 961), (367232, 962), (367232, 963), (367232, 964), (367232, 965), (367232, 966), (367232, 967), (367232, 968), (367232, 969), (367232, 970), (367232, 971), (367232, 972), (367232, 973), (367232, 974), (367232, 975), (367232, 976), (367232, 977), (367232, 978), (367232, 979), (367232, 980), (367232, 981), (367232, 982), (367232, 983), (367232, 984), (367232, 985), (367232, 986), (367232, 987), (367232, 988), (367232, 989), (367232, 990), (367232, 991), (367232, 992), (367232, 993), (367232, 994), (367232, 995), (367232, 996), (367231, 1), (367231, 2), (367231, 3), (367231, 4), (367231, 5), (367231, 6), (367231, 7), (367231, 8), (367231, 9), (367231, 10), (367231, 11), (367231, 12), (367231, 13), (367231, 14), (367231, 15), (367231, 16), (367231, 17), (367231, 18), (367231, 19), (367231, 20), (367231, 21), (367231, 22), (367229, 1), (367229, 2), (367229, 3), (367229, 4), (367229, 5), (367229, 6), (367229, 7), (367229, 8), (367229, 9), (367229, 10), (367229, 11), (367229, 12), (367229, 13), (367229, 14), (367229, 15), (367229, 16), (367229, 17), (367229, 18), (367229, 19), (367229, 20), (367229, 21), (367229, 22), (367229, 23), (367229, 24), (367229, 25), (367229, 26), (367229, 27), (367229, 28), (367229, 29), (367229, 30), (367229, 31), (367229, 32), (367229, 33), (367229, 34), (367133, 1), (367133, 2), (367133, 3), (367133, 4), (367133, 5), (367133, 6), (367133, 7), (367133, 8), (367133, 9), (367133, 10), (367133, 11), (367133, 12), (367133, 13), (367133, 14), (367133, 15), (367133, 16), (367133, 17), (367133, 18), (367133, 19), (367133, 20), (367133, 21), (367133, 22), (367133, 23), (367133, 24), (367133, 25), (367133, 26), (367133, 27), (367133, 28), (367133, 29), (367133, 30), (367133, 31), (367133, 32), (367133, 33), (367133, 34), (367133, 35), (367133, 36), (367133, 37), (367133, 38), (367133, 39), (367133, 40), (367133, 41), (367133, 42), (367133, 43), (367133, 44), (367133, 45), (367133, 46), (367133, 47), (367133, 48), (367133, 49), (367133, 50), (367133, 51), (367133, 52), (367133, 53), (367133, 54), (367133, 55), (367133, 56), (367133, 57), (367133, 58), (367133, 59), (367133, 60), (367133, 61), (367133, 62), (367133, 63), (367133, 64), (367133, 65), (367133, 66), (367133, 67), (367133, 68), (367133, 69), (367133, 70), (367133, 71), (367133, 72), (367133, 73), (367133, 74), (367133, 75), (367133, 76), (367133, 77), (367133, 78), (367133, 79), (367133, 80), (367133, 81), (367133, 82), (367133, 83), (367133, 84), (367133, 85), (367133, 86), (367133, 87), (367133, 88), (367133, 89), (367133, 90), (367133, 91), (367133, 92), (367133, 93), (367133, 94), (367133, 95), (367133, 96), (367133, 97), (367133, 98), (367133, 99), (367133, 100), (367133, 101), (367133, 102), (367133, 103), (367133, 104), (367133, 105), (367133, 106), (367133, 107), (367133, 108), (367133, 109), (367133, 110), (367133, 111), (367133, 112), (367133, 113), (367133, 114), (367133, 115), (367133, 116), (367133, 117), (367133, 118), (367133, 119), (367133, 120), (367133, 121), (367133, 122), (367133, 123), (367133, 124), (367133, 125), (367133, 126), (367133, 127), (367133, 128), (367133, 129), (367133, 130), (367133, 131), (367133, 132), (367133, 133), (367133, 134), (367133, 135), (367133, 136), (367133, 137), (367133, 138), (367133, 139), (367133, 140), (367133, 141), (367133, 142), (367133, 143), (367133, 144), (367133, 145), (367133, 146), (367133, 147), (367133, 148), (367133, 149), (367133, 150), (367133, 151), (367133, 152), (367133, 153), (367133, 154), (367133, 155), (367133, 156), (367133, 157), (367133, 158), (367133, 159), (367133, 160), (367133, 161), (367133, 162), (367133, 163), (367133, 164), (367133, 165), (367133, 166), (367133, 167), (367133, 168), (367133, 169), (367133, 170), (367133, 171), (367133, 172), (367133, 173), (367133, 174), (367133, 175), (367133, 176), (367133, 177), (367133, 178), (367133, 179), (367133, 180), (367133, 181), (367133, 182), (367133, 183), (367133, 184), (367133, 185), (367133, 186), (367133, 187), (367133, 188), (367133, 189), (367133, 190), (367133, 191), (367133, 192), (367133, 193), (367133, 194), (367133, 195), (367133, 196), (367133, 197), (367133, 198), (367133, 199), (367133, 200), (367133, 201), (367133, 202), (367133, 203), (367133, 204), (367133, 205), (367133, 206), (367133, 207), (367133, 208), (367133, 209), (367133, 210), (367133, 211), (367133, 212), (367133, 213), (367133, 214), (367133, 215), (367133, 216), (367133, 217), (367133, 218), (367133, 219), (367133, 220), (367133, 221), (367133, 222), (367133, 223), (367133, 224), (367133, 225), (367133, 226), (367133, 227), (367133, 228), (367133, 229), (367133, 230), (367133, 231), (367133, 232), (367133, 233), (367133, 234), (367133, 235), (367133, 236), (367133, 237), (367133, 238), (367133, 239), (367133, 240), (367133, 241), (367133, 242), (367133, 243), (367133, 244), (367133, 245), (367133, 246), (367133, 247), (367133, 248), (367133, 249), (367133, 250), (367133, 251), (367133, 252), (367133, 253), (367133, 254), (367133, 255), (367133, 256), (367133, 257), (367133, 258), (367133, 259), (367133, 260), (367133, 261), (367133, 262), (367133, 263), (367133, 264), (367133, 265), (367133, 266), (367133, 267), (367133, 268), (367133, 269), (367133, 270), (367133, 271), (367133, 272), (367133, 273), (367133, 274), (367133, 275), (367131, 1), (367131, 2), (367131, 3), (367131, 4), (367131, 5), (367131, 6), (367131, 7), (367131, 8), (367131, 9), (367131, 10), (367131, 11), (367131, 12), (367131, 13), (367131, 14), (367131, 15), (367131, 16), (367131, 17), (367131, 18), (367131, 19), (367131, 20), (367131, 21), (367131, 22), (367131, 23), (367131, 24), (367131, 25), (367131, 26), (367131, 27), (367131, 28), (367131, 29), (367131, 30), (367131, 31), (367131, 32), (367131, 33), (367131, 34), (367131, 35), (367131, 36), (367131, 37), (367131, 38), (367131, 39), (367131, 40), (367131, 41), (367131, 42), (367131, 43), (367131, 44), (367131, 45), (367131, 46), (367131, 47), (367131, 48), (367131, 49), (367131, 50), (367131, 51), (367131, 52), (367131, 53), (367131, 54), (367131, 55), (367131, 56), (367131, 57), (367131, 58), (367131, 59), (367131, 60), (367131, 61), (367131, 62), (367131, 63), (367131, 64), (367131, 65), (367131, 66), (367131, 67), (367131, 68), (367131, 69), (367131, 70), (367131, 71), (367131, 72), (367131, 73), (367131, 74), (367131, 75), (367131, 76), (367131, 77), (367131, 78), (367131, 79), (367131, 80), (367131, 81), (367131, 82), (367131, 83), (367131, 84), (367131, 85), (367131, 86), (367131, 87), (367131, 88), (367131, 89), (367131, 90), (367131, 91), (367131, 92), (367131, 93), (367131, 94), (367131, 95), (367131, 96), (367131, 97), (367131, 98), (367131, 99), (367131, 100), (367131, 101), (367131, 102), (367131, 103), (367131, 104), (367131, 105), (367131, 106), (367131, 107), (367131, 108), (367131, 109), (367131, 110), (367131, 111), (367131, 112), (367131, 113), (367131, 114), (367131, 115), (367131, 116), (367131, 117), (367131, 118), (367131, 119), (367131, 120), (367131, 121), (367131, 122), (367131, 123), (367131, 124), (367131, 125), (367131, 126), (367131, 127), (367131, 128), (367131, 129), (367131, 130), (367131, 131), (367131, 132), (367131, 133), (367131, 134), (367131, 135), (367131, 136), (367131, 137), (367131, 138), (367131, 139), (367131, 140), (367131, 141), (367131, 142), (367131, 143), (367131, 144), (367131, 145), (367131, 146), (367131, 147), (367131, 148), (367131, 149), (367130, 1), (367130, 2), (367130, 6), (367130, 7), (367130, 8), (367130, 9), (367130, 13), (367130, 14), (367130, 15), (367130, 16), (367130, 17), (367130, 18), (367130, 19), (367130, 20), (367130, 21), (367130, 22), (367130, 23), (367130, 24), (367130, 25), (367130, 26), (367130, 27), (367130, 28), (367130, 29), (367130, 30), (367130, 31), (367130, 32), (367130, 33), (367130, 34), (367130, 35), (367130, 36), (367130, 37), (367130, 38), (367130, 39), (367130, 40), (367130, 41), (367130, 42), (367130, 43), (367130, 44), (367130, 45), (367130, 46), (367130, 47), (367130, 48), (367130, 49), (367130, 50), (367130, 51), (367130, 52), (367130, 53), (367130, 54), (367130, 55), (367130, 56), (367130, 57), (367130, 58), (367130, 59), (367130, 60), (367130, 61), (367130, 62), (367130, 63), (367130, 64), (367130, 65), (367130, 66), (367130, 67), (367130, 68), (367130, 69), (367130, 70), (367130, 71), (367130, 72), (367130, 73), (367130, 74), (367130, 75), (367130, 76), (367130, 77), (367130, 78), (367130, 79), (367130, 80), (367130, 81), (367130, 82), (367130, 83), (367130, 84), (367130, 85), (367130, 86), (367130, 87), (367130, 88), (367130, 89), (367130, 90), (367130, 91), (367130, 92), (367130, 93), (367130, 94), (367130, 95), (367130, 96), (367130, 97), (367130, 98), (367130, 99), (367130, 100), (367130, 101), (367130, 102), (367130, 103), (367130, 104), (367130, 105), (367130, 106), (367130, 107), (367130, 108), (367130, 109), (367130, 110), (367130, 111), (367130, 112), (367130, 113), (367130, 114), (367130, 115), (367130, 116), (367130, 117), (367130, 118), (367130, 119), (367130, 120), (367130, 121), (367130, 122), (367130, 123), (367130, 124), (367130, 125), (367130, 126), (367130, 135), (367130, 136), (367130, 137), (367130, 138), (367130, 139), (367130, 140), (367130, 141), (367130, 142), (367130, 143), (367130, 144), (367130, 145), (367130, 146), (367130, 147), (367130, 148), (367130, 149), (367130, 150), (367130, 151), (367130, 152), (367130, 153), (367130, 154), (367130, 155), (367130, 156), (367130, 157), (367130, 158), (367130, 159), (367130, 160), (367130, 161), (367130, 162), (367130, 163), (367130, 164), (367130, 165), (367130, 166), (367130, 167), (367128, 1), (367128, 2), (367128, 6), (367128, 11), (367128, 12), (367128, 14), (367128, 15), (367112, 1), (367112, 2), (367112, 3), (367112, 4), (367112, 5), (367112, 6), (367112, 7), (367112, 8), (367112, 9), (367112, 10), (367112, 11), (367112, 12), (367112, 13), (367112, 14), (367112, 15), (367112, 16), (367112, 17), (367112, 18), (367112, 19), (367112, 20), (367112, 21), (367112, 22), (367112, 23), (367112, 24), (367112, 25), (367112, 26), (367112, 27), (367112, 28), (367112, 29), (367112, 30), (367112, 31), (367112, 32), (367112, 33), (367112, 34), (367112, 35), (367112, 36), (367112, 37), (367112, 38), (367112, 39), (367112, 40), (367112, 41), (367112, 42), (367112, 43), (367112, 44), (367112, 45), (367112, 46), (367112, 47), (367112, 48), (367112, 49), (367112, 50), (367112, 51), (367112, 52), (367112, 53), (367112, 54), (367112, 55), (367112, 56), (367112, 57), (367112, 58), (367112, 59), (367112, 60), (367112, 61), (367112, 62), (367112, 63), (367112, 64), (367112, 65), (367112, 66), (367112, 67), (367112, 68), (367112, 69), (367112, 70), (367112, 71), (367112, 72), (367112, 73), (367112, 74), (367112, 75), (367112, 76), (367112, 77), (367112, 78), (367112, 79), (367112, 80), (367112, 81), (367112, 82), (367112, 83), (367112, 84), (367112, 85), (367112, 86), (367112, 87), (367112, 88), (367112, 89), (367112, 90), (367112, 91), (367112, 92), (367112, 93), (367112, 94), (367112, 95), (367112, 96), (367112, 97), (367112, 98), (367112, 99), (367112, 100), (367112, 101), (367112, 102), (367112, 103), (367112, 104), (367112, 105), (367112, 106), (367112, 107), (367112, 108), (367112, 109), (367112, 110), (367112, 111), (367112, 112), (367112, 113), (367112, 114), (367112, 115), (367112, 116), (367112, 117), (367112, 118), (367112, 119), (367112, 120), (367112, 121), (367112, 122), (367112, 123), (367112, 124), (367112, 125), (367112, 126), (367112, 127), (367112, 128), (367112, 129), (367112, 130), (367112, 131), (367112, 132), (367112, 133), (367112, 134), (367112, 135), (367112, 136), (367112, 137), (367112, 138), (367112, 139), (367112, 140), (367112, 141), (367112, 142), (367112, 143), (367112, 144), (367112, 145), (367112, 146), (367112, 147), (367112, 148), (367112, 149), (367112, 150), (367112, 151), (367112, 152), (367112, 153), (367112, 154), (367112, 155), (367112, 156), (367112, 157), (367112, 158), (367112, 159), (367112, 160), (367112, 161), (367112, 162), (367112, 163), (367112, 164), (367112, 165), (367112, 166), (367112, 167), (367112, 168), (367112, 169), (367112, 170), (367112, 171), (367112, 172), (367112, 173), (367112, 174), (367112, 175), (367112, 176), (367112, 177), (367112, 178), (367112, 179), (367112, 180), (367112, 181), (367112, 182), (367112, 183), (367112, 184), (367112, 185), (367112, 186), (367112, 187), (367112, 188), (367112, 189), (367112, 190), (367112, 191), (367112, 192), (367112, 193), (367112, 194), (367112, 195), (367112, 196), (367112, 197), (367112, 198), (367112, 199), (367112, 200), (367112, 201), (367112, 202), (367112, 203), (367112, 204), (367112, 205), (367112, 206), (367112, 207), (367112, 208), (367112, 209), (367112, 210), (367112, 211), (367112, 212), (367112, 213), (367112, 214), (367112, 215), (367112, 216), (367112, 217), (367112, 218), (367112, 219), (367112, 220), (367112, 221), (367112, 222), (367112, 223), (367112, 224), (367112, 225), (367112, 226), (367112, 227), (367112, 228), (367112, 229), (367112, 230), (367112, 231), (367112, 232), (367112, 233), (367112, 234), (367112, 235), (367112, 236), (367112, 237), (367112, 238), (367112, 239), (367112, 240), (367112, 241), (367112, 242), (367112, 243), (367112, 244), (367112, 245), (367112, 246), (367112, 247), (367112, 248), (367112, 249), (367112, 250), (367112, 251), (367112, 252), (367112, 253), (367112, 254), (367112, 255), (367112, 256), (367112, 257), (367112, 258), (367112, 259), (367112, 260), (367112, 261), (367112, 262), (367112, 263), (367112, 264), (367112, 265), (367112, 266), (367112, 267), (367112, 268), (367112, 269), (367112, 270), (367112, 271), (367112, 272), (367112, 273), (367112, 274), (367112, 275), (367112, 276), (367112, 277), (367112, 278), (367112, 279), (367112, 280), (367112, 281), (367112, 282), (367112, 283), (367112, 284), (367112, 285), (367112, 286), (367112, 287), (367112, 288), (367112, 289), (367112, 290), (367112, 291), (367112, 292), (367112, 293), (367112, 294), (367112, 295), (367112, 296), (367112, 297), (367112, 298), (367112, 299), (367112, 300), (367112, 301), (367112, 302), (367112, 303), (367112, 304), (367112, 305), (367112, 306), (367112, 307), (367112, 308), (367112, 309), (367112, 310), (367112, 311), (367112, 312), (367112, 313), (367112, 314), (367112, 315), (367112, 316), (367112, 317), (367112, 318), (367112, 319), (367112, 320), (367112, 321), (367112, 322), (367112, 323), (367112, 324), (367112, 325), (367112, 326), (367112, 327), (367112, 328), (367112, 329), (367112, 330), (367112, 331), (367112, 332), (367112, 333), (367112, 334), (367112, 335), (367112, 336), (367112, 337), (367112, 338), (367112, 339), (367112, 340), (367112, 341), (367112, 342), (367112, 343), (367112, 344), (367112, 345), (367112, 346), (367112, 347), (367112, 348), (367112, 349), (367112, 350), (367112, 351), (367112, 352), (367112, 353), (367112, 354), (367112, 355), (367112, 356), (367112, 357), (367112, 358), (367112, 359), (367112, 360), (367112, 361), (367112, 362), (367112, 363), (367112, 364), (367112, 365), (367112, 366), (367112, 367), (367112, 368), (367112, 369), (367112, 370), (367112, 371), (367112, 372), (367112, 373), (367112, 374), (367112, 375), (367112, 376), (367112, 377), (367112, 378), (367112, 379), (367112, 380), (367112, 381), (367112, 382), (367112, 383), (367112, 384), (367112, 385), (367112, 386), (367112, 387), (367112, 388), (367112, 389), (367112, 390), (367112, 391), (367112, 392), (367112, 393), (367112, 394), (367112, 395), (367112, 396), (367112, 397), (367112, 398), (367112, 399), (367112, 400), (367112, 401), (367112, 402), (367112, 403), (367112, 404), (367112, 405), (367112, 406), (367112, 407), (367112, 408), (367112, 409), (367112, 410), (367112, 411), (367112, 412), (367112, 413), (367112, 414), (367112, 415), (367112, 416), (367112, 417), (367112, 418), (367112, 419), (367112, 420), (367112, 421), (367112, 422), (367112, 423), (367112, 424), (367112, 425), (367112, 426), (367112, 427), (367112, 428), (367112, 429), (367112, 430), (367112, 431), (367112, 432), (367112, 433), (367112, 434), (367112, 435), (367112, 436), (367112, 437), (367112, 438), (367112, 439), (367112, 440), (367112, 441), (367112, 442), (367112, 443), (367112, 444), (367112, 445), (367112, 446), (367112, 447), (367112, 448), (367112, 449), (367112, 450), (367112, 451), (367112, 452), (367112, 453), (367112, 454), (367112, 455), (367112, 456), (367112, 457), (367112, 458), (367112, 459), (367112, 460), (367112, 461), (367112, 462), (367112, 463), (367112, 464), (367112, 465), (367112, 466), (367112, 467), (367112, 468), (367112, 469), (367112, 470), (367112, 471), (367112, 472), (367112, 473), (367112, 474), (367112, 475), (367112, 476), (367112, 477), (367112, 478), (367112, 479), (367112, 480), (367112, 481), (367112, 482), (367112, 483), (367112, 484), (367112, 485), (367112, 486), (367112, 487), (367112, 488), (367112, 489), (367112, 490), (367112, 491), (367112, 492), (367112, 493), (367112, 494), (367112, 495), (367112, 496), (367112, 497), (367112, 498), (367112, 499), (367112, 500), (367112, 501), (367112, 502), (367112, 503), (367112, 504), (367112, 505), (367112, 506), (367112, 507), (367112, 508), (367112, 509), (367112, 510), (367112, 511), (367112, 512), (367112, 513), (367112, 514), (367112, 515), (367112, 516), (367112, 517), (367112, 518), (367112, 519), (367112, 520), (367112, 521), (367112, 522), (367112, 523), (367112, 524), (367112, 525), (367112, 526), (367112, 527), (367112, 528), (367112, 529), (367112, 530), (367112, 531), (367112, 532), (367112, 533), (367112, 534), (367112, 535), (367112, 536), (367112, 537), (367112, 538), (367112, 539), (367112, 540), (367112, 541), (367112, 542), (367112, 543), (367112, 544), (367112, 545), (367112, 546), (367112, 547), (367112, 548), (367112, 549), (367112, 550), (367112, 551), (367112, 552), (367112, 553), (367112, 554), (367112, 555), (367112, 556), (367112, 557), (367112, 558), (367112, 559), (367112, 560), (367112, 561), (367112, 562), (367112, 563), (367112, 564), (367112, 565), (367112, 566), (367112, 567), (367112, 568), (367112, 569), (367112, 570), (367112, 571), (367112, 572), (367112, 573), (367112, 574), (367112, 575), (367112, 576), (367112, 577), (367112, 578), (367112, 579), (367112, 580), (367112, 581), (367112, 582), (367112, 583), (367112, 584), (367112, 585), (367112, 586), (367112, 587), (367112, 588), (367112, 589), (367112, 590), (367112, 591), (367112, 592), (367112, 593), (367112, 594), (367112, 595), (367112, 596), (367112, 597), (367112, 598), (367112, 599), (367112, 600), (367112, 601), (367112, 602), (367112, 603), (367112, 604), (367112, 605), (367112, 606), (367112, 607), (367112, 608), (367112, 609), (367112, 610), (367112, 611), (367112, 612), (367112, 613), (367112, 614), (367112, 615), (367112, 616), (367112, 617), (367112, 618), (367112, 619), (367112, 620), (367112, 621), (367112, 622), (367112, 623), (367112, 624), (367112, 625), (367112, 626), (367112, 627), (367112, 628), (367112, 629), (367112, 630), (367112, 631), (367112, 632), (367112, 633), (367112, 634), (367112, 635), (367112, 636), (367112, 637), (367112, 638), (367112, 639), (367112, 640), (367112, 641), (367112, 642), (367112, 643), (367112, 644), (367112, 645), (367112, 646), (367112, 647), (367112, 648), (367112, 649), (367112, 650), (367112, 651), (367112, 652), (367112, 653), (367112, 654), (367112, 655), (367112, 656), (367112, 657), (367112, 658), (367112, 659), (367112, 660), (367112, 661), (367112, 662), (367112, 663), (367112, 664), (367112, 665), (367112, 666), (367112, 667), (367112, 668), (367112, 669), (367112, 670), (367112, 671), (367112, 672), (367112, 673), (367112, 674), (367112, 675), (367112, 676), (367112, 677), (367112, 678), (367112, 679), (367112, 680), (367112, 681), (367112, 682), (367112, 683), (367112, 684), (367112, 685), (367112, 686), (367112, 687), (367112, 688), (367112, 689), (367112, 690), (367112, 691), (367112, 692), (367112, 693), (367112, 694), (367112, 695), (367112, 696), (367112, 697), (367112, 698), (367112, 699), (367112, 700), (367112, 701), (367112, 702), (367112, 703), (367112, 704), (367112, 705), (367112, 706), (367112, 707), (367112, 708), (367112, 709), (367112, 710), (367112, 711), (367112, 712), (367112, 713), (367112, 714), (367112, 715), (367112, 716), (367112, 717), (367112, 718), (367112, 719), (367112, 720), (367112, 721), (367112, 722), (367112, 723), (367112, 724), (367112, 725), (367112, 726), (367112, 727), (367112, 728), (367112, 729), (367112, 730), (367112, 731), (367112, 732), (367112, 733), (367112, 734), (367112, 735), (367112, 736), (367112, 737), (367112, 738), (367112, 739), (367112, 740), (367112, 741), (367112, 742), (367112, 743), (367112, 744), (367112, 745), (367112, 746), (367112, 747), (367112, 748), (367112, 749), (367112, 750), (367112, 751), (367112, 752), (367112, 753), (367112, 754), (367112, 755), (367112, 756), (367112, 757), (367112, 758), (367112, 759), (367112, 760), (367112, 761), (367112, 762), (367112, 763), (367112, 764), (367112, 765), (367112, 766), (367112, 767), (367112, 768), (367112, 769), (367112, 770), (367112, 771), (367112, 772), (367112, 773), (367112, 774), (367112, 775), (367112, 776), (367112, 777), (367112, 778), (367112, 779), (367112, 780), (367112, 781), (367112, 782), (367112, 783), (367112, 784), (367112, 785), (367112, 786), (367112, 787), (367112, 788), (367112, 789), (367112, 790), (367112, 791), (367112, 792), (367112, 793), (367112, 794), (367112, 795), (367112, 796), (367112, 797), (367112, 798), (367112, 799), (367112, 800), (367112, 801), (367112, 802), (367112, 803), (367112, 804), (367112, 805), (367112, 806), (367112, 807), (367112, 808), (367112, 809), (367112, 810), (367112, 811), (367112, 812), (367112, 813), (367112, 814), (367112, 815), (367112, 816), (367112, 817), (367112, 818), (367112, 819), (367112, 820), (367112, 821), (367112, 822), (367112, 823), (367112, 824), (367112, 825), (367112, 826), (367112, 827), (367112, 828), (367112, 829), (367112, 830), (367112, 831), (367112, 832), (367112, 833), (367112, 834), (367112, 835), (367112, 836), (367112, 837), (367112, 838), (367112, 839), (367112, 840), (367112, 841), (367112, 842), (367112, 843), (367112, 844), (367112, 845), (367112, 846), (367112, 847), (367112, 848), (367112, 849), (367112, 850), (367112, 851), (367112, 852), (367112, 853), (367112, 854), (367112, 855), (367112, 856), (367112, 857), (367112, 858), (367112, 859), (367112, 860), (367112, 861), (367112, 862), (367112, 863), (367112, 864), (367112, 865), (367112, 866), (367112, 867), (367112, 868), (367112, 869), (367112, 870), (367112, 871), (367112, 872), (367112, 873), (367112, 874), (367112, 875), (367112, 876), (367112, 877), (367112, 878), (367112, 879), (367112, 880), (367112, 881), (367112, 882), (367112, 883), (367112, 884), (367112, 885), (367112, 886), (367112, 887), (367112, 888), (367112, 889), (367112, 890), (367112, 891), (367112, 892), (367112, 893), (367112, 894), (367112, 895), (367112, 896), (367112, 897), (367112, 898), (367112, 899), (367112, 900), (367112, 901), (367112, 902), (367112, 903), (367112, 904), (367112, 905), (367112, 906), (367112, 907), (367112, 908), (367112, 909), (367112, 910), (367112, 911), (367112, 912), (367112, 913), (367112, 914), (367112, 915), (367112, 916), (367112, 917), (367112, 918), (367112, 919), (367112, 920), (367112, 921), (367112, 922), (367112, 923), (367112, 924), (367112, 925), (367112, 926), (367112, 927), (367112, 928), (367112, 929), (367112, 930), (367112, 931), (367112, 932), (367112, 933), (367112, 934), (367112, 935), (367112, 936), (367112, 937), (367112, 938), (367112, 939), (367112, 940), (367112, 941), (367112, 942), (367112, 943), (367112, 944), (367112, 945), (367112, 946), (367112, 947), (367112, 948), (367112, 949), (367112, 950), (367112, 951), (367112, 952), (367112, 953), (367112, 954), (367112, 955), (367112, 956), (367112, 957), (367112, 958), (367112, 959), (367112, 960), (367112, 961), (367112, 962), (367112, 963), (367112, 964), (367112, 965), (367112, 966), (367112, 967), (367112, 968), (367112, 969), (367112, 970), (367112, 971), (367112, 972), (367112, 973), (367112, 974), (367112, 975), (367112, 976), (367112, 977), (367112, 978), (367112, 979), (367112, 980), (367112, 981), (367112, 982), (367112, 983), (367112, 984), (367112, 985), (367112, 986), (367112, 987), (367112, 988), (367112, 989), (367112, 990), (367112, 991), (367112, 992), (367112, 993), (367112, 994), (367112, 995), (367112, 996), (367112, 997), (367112, 998), (367112, 999), (367112, 1000), (367112, 1001), (367112, 1002), (367112, 1003), (367112, 1004), (367112, 1005), (367112, 1006), (367112, 1007), (367112, 1008), (367112, 1009), (367112, 1010), (367112, 1011), (367112, 1012), (367112, 1013), (367112, 1014), (367112, 1015), (367112, 1016), (367112, 1017), (367112, 1018), (367112, 1019), (367112, 1020), (367112, 1021), (367112, 1022), (367112, 1023), (367112, 1024), (367112, 1025), (367112, 1026), (367112, 1027), (367112, 1028), (367112, 1029), (367112, 1030), (367112, 1031), (367112, 1032), (367112, 1033), (367112, 1034), (367112, 1035), (367112, 1036), (367112, 1037), (367112, 1038), (367112, 1039), (367112, 1040), (367112, 1041), (367112, 1042), (367112, 1043), (367112, 1044), (367112, 1045), (367112, 1046), (367112, 1047), (367112, 1048), (367112, 1049), (367112, 1050), (367112, 1051), (367112, 1052), (367112, 1053), (367112, 1054), (367112, 1055), (367112, 1056), (367112, 1057), (367112, 1058), (367112, 1059), (367112, 1060), (367112, 1061), (367112, 1062), (367112, 1063), (367112, 1064), (367112, 1065), (367112, 1066), (367112, 1067), (367112, 1068), (367112, 1069), (367112, 1070), (367112, 1071), (367112, 1072), (367112, 1073), (367112, 1074), (367112, 1075), (367112, 1076), (367112, 1077), (367112, 1078), (367112, 1079), (367112, 1080), (367112, 1081), (367112, 1082), (367112, 1083), (367112, 1084), (367112, 1085), (367112, 1086), (367112, 1087), (367112, 1088), (367112, 1089), (367112, 1090), (367112, 1091), (367112, 1092), (367112, 1093), (367112, 1094), (367112, 1095), (367112, 1096), (367112, 1097), (367112, 1098), (367112, 1099), (367112, 1100), (367112, 1101), (367112, 1102), (367112, 1103), (367112, 1104), (367112, 1105), (367112, 1106), (367112, 1107), (367112, 1108), (367112, 1109), (367112, 1110), (367112, 1111), (367112, 1112), (367112, 1113), (367112, 1114), (367112, 1115), (367112, 1116), (367112, 1117), (367112, 1118), (367112, 1119), (367112, 1120), (367112, 1121), (367112, 1122), (367112, 1123), (367112, 1124), (367112, 1125), (367112, 1126), (367112, 1127), (367112, 1128), (367112, 1129), (367112, 1130), (367112, 1131), (367112, 1132), (367112, 1133), (367112, 1134), (367112, 1135), (367112, 1136), (367112, 1137), (367112, 1138), (367112, 1139), (367112, 1140), (367112, 1141), (367112, 1142), (367112, 1143), (367112, 1144), (367112, 1145), (367112, 1146), (367112, 1147), (367112, 1148), (367112, 1149), (367112, 1150), (367112, 1151), (367112, 1152), (367112, 1153), (367112, 1154), (367112, 1155), (367112, 1156), (367112, 1157), (367112, 1158), (367112, 1159), (367112, 1160), (367112, 1161), (367112, 1162), (367112, 1163), (367112, 1164), (367112, 1165), (367112, 1166), (367112, 1167), (367112, 1168), (367112, 1169), (367112, 1170), (367112, 1171), (367112, 1172), (367112, 1173), (367112, 1174), (367112, 1175), (367112, 1176), (367112, 1177), (367112, 1178), (367112, 1179), (367112, 1180), (367112, 1181), (367112, 1182), (367112, 1183), (367112, 1184), (367112, 1185), (367112, 1186), (367112, 1187), (367112, 1188), (367112, 1189), (367112, 1190), (367112, 1191), (367112, 1192), (367112, 1193), (367112, 1194), (367112, 1195), (367112, 1196), (367112, 1197), (367112, 1198), (367112, 1199), (367112, 1200), (367112, 1201), (367112, 1202), (367112, 1203), (367112, 1204), (367112, 1205), (367112, 1206), (367112, 1207), (367112, 1208), (367112, 1209), (367112, 1210), (367112, 1211), (367112, 1212), (367112, 1213), (367112, 1214), (367112, 1215), (367112, 1216), (367112, 1217), (367112, 1218), (367112, 1219), (367112, 1220), (367112, 1221), (367112, 1222), (367112, 1223), (367112, 1224), (367112, 1225), (367112, 1226), (367112, 1227), (367112, 1228), (367112, 1229), (367112, 1230), (367112, 1231), (367112, 1232), (367112, 1233), (367112, 1234), (367112, 1235), (367112, 1236), (367112, 1237), (367112, 1238), (367112, 1239), (367112, 1240), (367112, 1241), (367112, 1242), (367112, 1243), (367112, 1244), (367112, 1245), (367112, 1246), (367112, 1247), (367112, 1248), (367112, 1249), (367112, 1250), (367112, 1251), (367112, 1252), (367112, 1253), (367112, 1254), (367112, 1255), (367112, 1256), (367112, 1257), (367112, 1258), (367112, 1259), (367112, 1260), (367112, 1261), (367112, 1262), (367112, 1263), (367112, 1264), (367112, 1265), (367112, 1266), (367112, 1267), (367112, 1268), (367112, 1269), (367112, 1270), (367112, 1271), (367112, 1272), (367112, 1273), (367112, 1274), (367112, 1275), (367112, 1276), (367112, 1277), (367112, 1278), (367112, 1279), (367112, 1280), (367112, 1281), (367112, 1282), (367112, 1283), (367112, 1284), (367112, 1285), (367112, 1286), (367112, 1287), (367112, 1288), (367112, 1289), (367112, 1290), (367112, 1291), (367112, 1292), (367112, 1293), (367112, 1294), (367112, 1295), (367112, 1296), (367112, 1297), (367112, 1298), (367112, 1299), (367112, 1300), (367112, 1301), (367112, 1302), (367112, 1303), (367112, 1304), (367112, 1305), (367112, 1306), (367112, 1307), (367112, 1308), (367112, 1309), (367112, 1310), (367112, 1311), (367112, 1312), (367112, 1313), (367112, 1314), (367112, 1315), (367112, 1316), (367112, 1317), (367112, 1318), (367112, 1319), (367112, 1320), (367112, 1321), (367112, 1322), (367112, 1323), (367112, 1324), (367112, 1325), (367112, 1326), (367112, 1327), (367112, 1328), (367112, 1329), (367112, 1330), (367112, 1331), (367112, 1332), (367112, 1333), (367112, 1334), (367112, 1335), (367112, 1336), (367112, 1337), (367112, 1338), (367112, 1339), (367112, 1340), (367112, 1341), (367112, 1342), (367112, 1343), (367112, 1344), (367112, 1345), (367112, 1346), (367112, 1347), (367112, 1348), (367112, 1349), (367112, 1350), (367112, 1351), (367112, 1352), (367112, 1353), (367112, 1354), (367112, 1355), (367112, 1356), (367112, 1357), (367112, 1358), (367112, 1359), (367112, 1360), (367112, 1361), (367112, 1362), (367112, 1363), (367112, 1364), (367112, 1365), (367112, 1366), (367112, 1367), (367112, 1368), (367112, 1369), (367112, 1370), (367112, 1371), (367112, 1372), (367112, 1373), (367112, 1374), (367112, 1375), (367112, 1376), (367112, 1377), (367112, 1378), (367112, 1379), (367112, 1380), (367112, 1381), (367112, 1382), (367112, 1383), (367112, 1384), (367112, 1385), (367112, 1386), (367112, 1387), (367112, 1388), (367112, 1389), (367112, 1390), (367112, 1391), (367112, 1392), (367112, 1393), (367112, 1394), (367112, 1395), (367112, 1396), (367112, 1397), (367112, 1398), (367112, 1399), (367112, 1400), (367112, 1401), (367112, 1402), (367112, 1403), (367112, 1404), (367112, 1405), (367112, 1406), (367112, 1407), (367112, 1408), (367112, 1409), (367112, 1410), (367112, 1411), (367112, 1412), (367112, 1413), (367112, 1414), (367112, 1415), (367112, 1416), (367112, 1417), (367112, 1418), (367112, 1419), (367112, 1420), (367112, 1421), (367112, 1422), (367112, 1423), (367112, 1424), (367112, 1425), (367112, 1426), (367112, 1427), (367112, 1428), (367112, 1429), (367112, 1430), (367112, 1431), (367112, 1432), (367112, 1433), (367112, 1434), (367112, 1435), (367112, 1436), (367112, 1437), (367112, 1438), (367104, 1), (367104, 2), (367104, 3), (367104, 4), (367104, 5), (367104, 6), (367104, 7), (367104, 8), (367104, 9), (367104, 10), (367104, 11), (367104, 12), (367104, 13), (367104, 14), (367104, 15), (367104, 16), (367104, 17), (367104, 18), (367104, 19), (367104, 20), (367104, 21), (367104, 22), (367104, 23), (367104, 24), (367104, 25), (367104, 26), (367104, 27), (367104, 28), (367104, 29), (367104, 30), (367104, 31), (367104, 32), (367104, 33), (367104, 34), (367104, 35), (367104, 36), (367104, 37), (367104, 38), (367104, 39), (367104, 40), (367104, 41), (367104, 42), (367104, 43), (367104, 44), (367104, 45), (367104, 46), (367104, 47), (367104, 48), (367104, 49), (367104, 50), (367104, 51), (367104, 52), (367104, 53), (367104, 54), (367104, 55), (367104, 56), (367104, 57), (367104, 58), (367104, 59), (367104, 60), (367104, 61), (367104, 62), (367104, 63), (367104, 64), (367104, 65), (367104, 66), (367104, 67), (367104, 68), (367104, 69), (367104, 70), (367104, 71), (367104, 72), (367104, 73), (367104, 74), (367104, 75), (367104, 76), (367104, 77), (367104, 78), (367104, 79), (367104, 80), (367104, 81), (367104, 82), (367104, 83), (367104, 84), (367104, 85), (367104, 86), (367104, 87), (367104, 88), (367104, 89), (367104, 90), (367104, 91), (367104, 92), (367104, 93), (367104, 94), (367104, 95), (367104, 96), (367104, 97), (367104, 98), (367104, 99), (367104, 100), (367104, 101), (367104, 102), (367104, 103), (367104, 104), (367104, 105), (367104, 106), (367104, 107), (367104, 108), (367104, 109), (367104, 110), (367104, 111), (367104, 112), (367104, 113), (367104, 114), (367104, 115), (367104, 116), (367104, 117), (367104, 118), (367104, 119), (367104, 120), (367104, 121), (367104, 122), (367104, 123), (367104, 124), (367104, 125), (367104, 126), (367104, 127), (367104, 128), (367104, 129), (367104, 130), (367104, 131), (367104, 132), (367104, 133), (367104, 134), (367104, 135), (367104, 136), (367104, 137), (367104, 138), (367104, 139), (367104, 140), (367104, 141), (367104, 142), (367104, 143), (367104, 144), (367104, 145), (367104, 146), (367104, 147), (367104, 148), (367104, 149), (367104, 150), (367104, 151), (367104, 152), (367104, 153), (367104, 154), (367104, 155), (367104, 156), (367104, 157), (367104, 158), (367104, 159), (367104, 160), (367104, 161), (367104, 162), (367104, 163), (367104, 164), (367104, 165), (367104, 166), (367104, 167), (367104, 168), (367104, 169), (367104, 170), (367104, 171), (367104, 172), (367104, 173), (367104, 174), (367104, 175), (367104, 176), (367104, 177), (367104, 178), (367104, 179), (367104, 180), (367104, 181), (367104, 182), (367104, 183), (367104, 184), (367104, 185), (367104, 186), (367104, 187), (367104, 188), (367104, 189), (367104, 190), (367104, 191), (367104, 192), (367104, 193), (367104, 194), (367104, 195), (367104, 196), (367104, 197), (367104, 198), (367104, 199), (367104, 200), (367104, 201), (367104, 202), (367104, 203), (367104, 204), (367104, 205), (367104, 206), (367104, 207), (367104, 208), (367104, 209), (367104, 210), (367104, 211), (367104, 212), (367104, 213), (367104, 214), (367104, 215), (367104, 216), (367104, 217), (367104, 218), (367104, 219), (367104, 220), (367104, 221), (367104, 222), (367104, 223), (367104, 224), (367104, 225), (367104, 226), (367104, 227), (367104, 228), (367104, 229), (367104, 230), (367104, 231), (367104, 232), (367104, 233), (367104, 234), (367104, 235), (367104, 236), (367104, 237), (367104, 238), (367104, 239), (367104, 240), (367104, 241), (367104, 242), (367104, 243), (367104, 244), (367104, 245), (367104, 246), (367104, 247), (367104, 248), (367104, 249), (367104, 250), (367104, 251), (367104, 252), (367104, 253), (367104, 254), (367104, 255), (367104, 256), (367104, 257), (367104, 258), (367104, 259), (367104, 260), (367104, 261), (367104, 262), (367104, 263), (367104, 264), (367104, 265), (367104, 266), (367104, 267), (367104, 268), (367104, 269), (367104, 270), (367104, 271), (367104, 272), (367104, 273), (367104, 274), (367104, 275), (367104, 276), (367104, 277), (367104, 278), (367104, 279), (367104, 280), (367104, 281), (367104, 282), (367104, 283), (367104, 284), (367104, 285), (367104, 286), (367104, 287), (367104, 288), (367104, 289), (367104, 290), (367104, 291), (367104, 292), (367104, 293), (367104, 294), (367104, 295), (367104, 296), (367104, 297), (367104, 298), (367104, 299), (367104, 300), (367104, 301), (367104, 302), (367104, 303), (367104, 304), (367104, 305), (367104, 306), (367104, 307), (367104, 308), (367104, 309), (367104, 310), (367104, 311), (367104, 312), (367104, 313), (367104, 314), (367104, 315), (367104, 316), (367104, 317), (367104, 318), (367104, 319), (367104, 320), (367104, 321), (367104, 322), (367104, 323), (367104, 324), (367104, 325), (367104, 326), (367104, 327), (367104, 328), (367104, 329), (367104, 330), (367104, 331), (367104, 332), (367104, 333), (367104, 334), (367104, 335), (367104, 336), (367104, 337), (367104, 338), (367104, 339), (367104, 340), (367104, 341), (367104, 342), (367104, 343), (367104, 344), (367104, 345), (367104, 346), (367104, 347), (367104, 348), (367104, 349), (367104, 350), (367104, 351), (367104, 352), (367104, 353), (367104, 354), (367104, 355), (367104, 356), (367104, 357), (367104, 358), (367104, 359), (367104, 360), (367104, 361), (367104, 362), (367104, 363), (367104, 364), (367104, 365), (367104, 366), (367104, 367), (367104, 368), (367104, 369), (367104, 370), (367104, 371), (367104, 372), (367104, 373), (367104, 374), (367104, 375), (367104, 376), (367104, 377), (367104, 378), (367104, 379), (367104, 380), (367104, 381), (367104, 382), (367104, 383), (367104, 384), (367104, 385), (367104, 386), (367104, 387), (367104, 388), (367104, 389), (367104, 390), (367104, 391), (367104, 392), (367104, 393), (367104, 394), (367104, 395), (367104, 396), (367104, 397), (367104, 398), (367104, 399), (367104, 400), (367104, 401), (367104, 402), (367104, 403), (367104, 404), (367104, 405), (367104, 406), (367104, 407), (367104, 408), (367104, 409), (367104, 410), (367104, 411), (367104, 412), (367104, 413), (367104, 414), (367104, 415), (367104, 416), (367104, 417), (367104, 418), (367104, 419), (367104, 420), (367104, 421), (367104, 422), (367104, 423), (367104, 424), (367104, 425), (367104, 426), (367104, 427), (367104, 428), (367104, 429), (367104, 430), (367104, 431), (367104, 432), (367104, 433), (367104, 434), (367104, 435), (367104, 436), (367104, 437), (367104, 438), (367104, 439), (367104, 440), (367104, 441), (367104, 442), (367104, 443), (367104, 444), (367104, 445), (367104, 446), (367104, 447), (367104, 448), (367104, 449), (367104, 450), (367104, 451), (367104, 452), (367104, 453), (367104, 454), (367104, 455), (367104, 456), (367104, 457), (367104, 458), (367104, 459), (367104, 460), (367104, 461), (367104, 462), (367104, 463), (367104, 464), (367104, 465), (367104, 466), (367104, 467), (367104, 468), (367104, 469), (367104, 470), (367104, 471), (367104, 472), (367104, 473), (367104, 474), (367104, 475), (367104, 476), (367104, 477), (367104, 478), (367104, 479), (367104, 480), (367104, 481), (367104, 482), (367104, 483), (367104, 484), (367104, 485), (367104, 486), (367104, 487), (367104, 488), (367104, 489), (367104, 490), (367104, 491), (367104, 492), (367104, 493), (367104, 494), (367104, 495), (367104, 496), (367104, 497), (367104, 498), (367104, 499), (367104, 500), (367104, 501), (367104, 502), (367104, 503), (367104, 504), (367104, 505), (367104, 506), (367104, 507), (367104, 508), (367104, 509), (367104, 510), (367104, 511), (367104, 512), (367104, 513), (367104, 514), (367104, 515), (367104, 516), (367104, 517), (367104, 518), (367104, 519), (367104, 520), (367104, 521), (367104, 522), (367104, 523), (367104, 524), (367104, 525), (367104, 526), (367104, 527), (367104, 528), (367104, 529), (367104, 530), (367104, 531), (367104, 532), (367104, 533), (367104, 534), (367104, 535), (367104, 536), (367104, 537), (367104, 538), (367104, 539), (367104, 540), (367104, 541), (367104, 542), (367104, 543), (367104, 544), (367104, 545), (367104, 546), (367104, 547), (367104, 548), (367104, 549), (367104, 550), (367104, 551), (367104, 552), (367104, 553), (367104, 554), (367104, 555), (367104, 556), (367104, 557), (367104, 558), (367104, 559), (367104, 560), (367104, 561), (367104, 562), (367104, 563), (367104, 564), (367104, 565), (367104, 566), (367104, 567), (367104, 568), (367104, 569), (367104, 570), (367104, 571), (367104, 572), (367104, 573), (367104, 574), (367104, 575), (367104, 576), (367104, 577), (367104, 578), (367104, 579), (367104, 580), (367104, 581), (367104, 582), (367104, 583), (367104, 584), (367104, 585), (367104, 586), (367104, 587), (367104, 588), (367104, 589), (367104, 590), (367104, 591), (367104, 592), (367104, 593), (367104, 594), (367104, 595), (367104, 596), (367104, 597), (367104, 598), (367104, 599), (367104, 600), (367104, 601), (367104, 602), (367104, 603), (367104, 604), (367104, 605), (367104, 606), (367104, 607), (367104, 608), (367104, 609), (367104, 610), (367104, 611), (367104, 612), (367104, 613), (367104, 614), (367104, 615), (367104, 616), (367104, 617), (367104, 618), (367104, 619), (367104, 620), (367104, 621), (367104, 622), (367104, 623), (367104, 624), (367104, 625), (367104, 626), (367104, 627), (367104, 628), (367104, 629), (367104, 630), (367104, 631), (367104, 632), (367104, 633), (367104, 634), (367104, 635), (367104, 636), (367104, 637), (367104, 638), (367104, 639), (367104, 640), (367104, 641), (367104, 642), (367104, 643), (367104, 644), (367104, 645), (367104, 646), (367104, 647), (367104, 648), (367104, 649), (367104, 650), (367104, 651), (367104, 652), (367104, 653), (367104, 654), (367104, 655), (367104, 656), (367104, 657), (367104, 658), (367104, 659), (367104, 660), (367104, 661), (367104, 662), (367104, 663), (367104, 664), (367104, 665), (367104, 666), (367104, 667), (367104, 668), (367104, 669), (367104, 670), (367104, 671), (367104, 672), (367104, 673), (367104, 674), (367104, 675), (367104, 676), (367104, 677), (367104, 678), (367104, 679), (367104, 680), (367104, 681), (367104, 682), (367104, 683), (367104, 684), (367104, 685), (367104, 686), (367104, 687), (367104, 688), (367104, 689), (367104, 690), (367104, 691), (367104, 692), (367104, 693), (367104, 694), (367104, 695), (367104, 696), (367104, 697), (367104, 698), (367104, 699), (367104, 700), (367104, 701), (367104, 702), (367104, 703), (367104, 704), (367104, 705), (367104, 706), (367104, 707), (367104, 708), (367104, 709), (367104, 710), (367104, 711), (367104, 712), (367104, 713), (367104, 714), (367104, 715), (367104, 716), (367104, 717), (367104, 718), (367104, 719), (367104, 720), (367104, 721), (367104, 722), (367104, 723), (367104, 724), (367104, 725), (367104, 726), (367104, 727), (367104, 728), (367104, 729), (367104, 730), (367104, 731), (367104, 732), (367104, 733), (367104, 734), (367104, 735), (367104, 736), (367104, 737), (367104, 738), (367104, 739), (367104, 740), (367104, 741), (367104, 742), (367104, 743), (367104, 744), (367104, 745), (367104, 746), (367104, 747), (367104, 748), (367104, 749), (367104, 750), (367104, 751), (367104, 752), (367104, 753), (367104, 754), (367104, 755), (367104, 756), (367104, 757), (367104, 758), (367104, 759), (367104, 760), (367104, 761), (367104, 762), (367104, 763), (367104, 764), (367104, 765), (367104, 766), (367104, 767), (367104, 768), (367104, 769), (367104, 770), (367104, 771), (367104, 772), (367104, 773), (367104, 774), (367104, 775), (367104, 776), (367104, 777), (367104, 778), (367104, 779), (367104, 780), (367104, 781), (367104, 782), (367104, 783), (367104, 784), (367104, 785), (367104, 786), (367104, 787), (367104, 788), (367104, 789), (367104, 790), (367104, 791), (367104, 792), (367104, 793), (367104, 794), (367104, 795), (367104, 796), (367104, 797), (367104, 798), (367104, 799), (367104, 800), (367104, 801), (367104, 802), (367104, 803), (367104, 804), (367104, 805), (367104, 806), (367104, 807), (367104, 808), (367104, 809), (367104, 810), (367104, 811), (367104, 812), (367104, 813), (367104, 814), (367104, 815), (367104, 816), (367104, 817), (367104, 818), (367104, 819), (367104, 820), (367104, 821), (367104, 822), (367104, 823), (367104, 824), (367104, 825), (367104, 826), (367104, 827), (367104, 828), (367104, 829), (367104, 830), (367104, 831), (367104, 832), (367104, 833), (367104, 834), (367104, 835), (367104, 836), (367104, 837), (367104, 838), (367104, 839), (367104, 840), (367104, 841), (367104, 842), (367104, 843), (367104, 844), (367104, 845), (367104, 846), (367104, 847), (367104, 848), (367104, 849), (367104, 850), (367104, 851), (367104, 852), (367104, 853), (367104, 854), (367104, 855), (367104, 856), (367104, 857), (367104, 858), (367104, 859), (367104, 860), (367104, 861), (367104, 862), (367104, 863), (367104, 864), (367104, 865), (367104, 866), (367104, 867), (367104, 868), (367104, 869), (367104, 870), (367104, 871), (367104, 872), (367104, 873), (367104, 874), (367104, 875), (367104, 876), (367104, 877), (367104, 878), (367104, 879), (367104, 880), (367104, 881), (367104, 882), (367104, 883), (367104, 884), (367104, 885), (367104, 886), (367104, 887), (367104, 888), (367104, 889), (367104, 890), (367104, 891), (367104, 892), (367104, 893), (367104, 894), (367104, 895), (367104, 896), (367104, 897), (367104, 898), (367104, 899), (367104, 900), (367104, 901), (367104, 902), (367104, 903), (367104, 904), (367104, 905), (367104, 906), (367104, 907), (367104, 908), (367104, 909), (367104, 910), (367104, 911), (367104, 912), (367104, 913), (367104, 914), (367104, 915), (367104, 916), (367104, 917), (367104, 918), (367104, 919), (367104, 920), (367104, 921), (367104, 922), (367104, 923), (367104, 924), (367104, 925), (367104, 926), (367104, 927), (367104, 928), (367104, 929), (367104, 930), (367104, 931), (367104, 932), (367104, 933), (367104, 934), (367104, 935), (367104, 936), (367104, 937), (367104, 938), (367104, 939), (367104, 940), (367104, 941), (367104, 942), (367104, 943), (367104, 944), (367104, 945), (367104, 946), (367104, 947), (367104, 948), (367104, 949), (367104, 950), (367104, 951), (367104, 952), (367104, 953), (367104, 954), (367104, 955), (367104, 956), (367104, 957), (367104, 958), (367104, 959), (367104, 960), (367104, 961), (367104, 962), (367104, 963), (367104, 964), (367104, 965), (367104, 966), (367104, 967), (367104, 968), (367104, 969), (367104, 970), (367104, 971), (367104, 972), (367104, 973), (367104, 974), (367104, 975), (367104, 976), (367104, 977), (367104, 978), (367104, 979), (367104, 980), (367104, 981), (367104, 982), (367104, 983), (367104, 984), (367104, 985), (367104, 986), (367104, 987), (367104, 988), (367104, 989), (367104, 990), (367104, 991), (367104, 992), (367104, 993), (367104, 994), (367104, 995), (367104, 996), (367104, 997), (367104, 998), (367104, 999), (367104, 1000), (367104, 1001), (367104, 1002), (367104, 1003), (367104, 1004), (367104, 1005), (367104, 1006), (367104, 1007), (367104, 1008), (367104, 1009), (367104, 1010), (367104, 1011), (367104, 1012), (367104, 1013), (367104, 1014), (367104, 1015), (367104, 1016), (367104, 1017), (367104, 1018), (367104, 1019), (367104, 1020), (367104, 1021), (367104, 1022), (367104, 1023), (367104, 1024), (367104, 1025), (367104, 1026), (367104, 1027), (367104, 1028), (367104, 1029), (367104, 1030), (367104, 1031), (367104, 1032), (367104, 1033), (367104, 1034), (367104, 1035), (367104, 1036), (367104, 1037), (367104, 1038), (367104, 1039), (367104, 1040), (367104, 1041), (367104, 1042), (367104, 1043), (367104, 1044), (367104, 1045), (367104, 1046), (367104, 1047), (367104, 1048), (367104, 1049), (367104, 1050), (367104, 1051), (367104, 1052), (367104, 1053), (367104, 1054), (367104, 1055), (367104, 1056), (367104, 1057), (367104, 1058), (367104, 1059), (367104, 1060), (367104, 1061), (367104, 1062), (367104, 1063), (367104, 1064), (367104, 1065), (367104, 1066), (367104, 1067), (367104, 1068), (367104, 1069), (367104, 1070), (367104, 1071), (367104, 1072), (367104, 1073), (367104, 1074), (367104, 1075), (367104, 1076), (367104, 1077), (367104, 1078), (367104, 1079), (367104, 1080), (367104, 1081), (367104, 1082), (367103, 1), (367103, 2), (367103, 3), (367103, 4), (367103, 5), (367103, 6), (367103, 7), (367103, 8), (367103, 9), (367103, 10), (367103, 11), (367103, 12), (367103, 13), (367103, 14), (367103, 15), (367103, 16), (367103, 17), (367103, 18), (367103, 19), (367103, 20), (367103, 21), (367103, 22), (367103, 23), (367103, 24), (367103, 25), (367103, 26), (367103, 27), (367103, 28), (367103, 29), (367103, 30), (367103, 31), (367103, 32), (367103, 33), (367103, 34), (367103, 35), (367103, 36), (367103, 37), (367103, 38), (367103, 39), (367103, 40), (367103, 41), (367103, 42), (367103, 43), (367103, 44), (367103, 45), (367103, 46), (367103, 47), (367103, 48), (367103, 49), (367103, 50), (367103, 51), (367103, 52), (367103, 53), (367103, 54), (367103, 55), (367103, 56), (367103, 57), (367103, 58), (367103, 59), (367103, 60), (367103, 61), (367103, 62), (367103, 63), (367103, 64), (367102, 1), (367102, 2), (367102, 3), (367102, 4), (367102, 5), (367102, 6), (367102, 7), (367102, 8), (367102, 9), (367102, 10), (367102, 11), (367102, 12), (367102, 13), (367102, 14), (367102, 15), (367102, 16), (367102, 17), (367102, 18), (367102, 19), (367102, 20), (367102, 21), (367102, 22), (367102, 23), (367102, 24), (367102, 25), (367102, 26), (367102, 27), (367102, 28), (367102, 29), (367102, 30), (367102, 31), (367102, 32), (367102, 33), (367102, 34), (367102, 35), (367102, 36), (367102, 37), (367102, 38), (367102, 39), (367102, 40), (367102, 41), (367102, 42), (367102, 43), (367102, 44), (367102, 45), (367102, 46), (367102, 47), (367102, 48), (367102, 49), (367102, 50), (367102, 51), (367102, 52), (367102, 53), (367102, 54), (367102, 55), (367102, 56), (367102, 57), (367102, 58), (367102, 59), (367102, 60), (367102, 61), (367102, 62), (367102, 63), (367102, 64), (367102, 65), (367102, 66), (367102, 67), (367102, 68), (367102, 69), (367102, 70), (367102, 71), (367102, 72), (367102, 73), (367102, 74), (367102, 75), (367100, 45), (367100, 46), (367100, 47), (367100, 48), (367100, 49), (367100, 50), (367100, 51), (367100, 52), (367100, 53), (367100, 54), (367100, 55), (367100, 56), (367100, 57), (367100, 58), (367100, 59), (367100, 60), (367100, 61), (367100, 62), (367100, 63), (367100, 64), (367100, 65), (367100, 66), (367100, 67), (367100, 68), (367100, 69), (367100, 70), (367100, 71), (367100, 72), (367100, 73), (367100, 74), (367100, 75), (367100, 76), (367100, 77), (367100, 78), (367100, 79), (367100, 80), (367100, 81), (367100, 82), (367100, 83), (367100, 84), (367100, 85), (367100, 86), (367100, 87), (367100, 88), (367100, 89), (367100, 90), (367100, 91), (367100, 92), (367100, 93), (367100, 94), (367100, 95), (367100, 96), (367100, 97), (367100, 98), (367100, 99), (367100, 100), (367100, 101), (367100, 102), (367100, 103), (367100, 104), (367100, 105), (367100, 106), (367100, 107), (367100, 108), (367100, 109), (367100, 110), (367100, 111), (367100, 112), (367100, 113), (367100, 114), (367100, 115), (367100, 116), (367100, 117), (367100, 118), (367100, 119), (367100, 120), (367100, 121), (367100, 122), (367100, 123), (367100, 124), (367100, 125), (367100, 126), (367100, 127), (367100, 128), (367100, 129), (367100, 130), (367100, 131), (367100, 132), (367100, 133), (367100, 134), (367100, 135), (367100, 136), (367100, 137), (367100, 138), (367100, 139), (367100, 140), (367100, 141), (367100, 142), (367100, 143), (367100, 144), (367100, 145), (367100, 146), (367100, 147), (367100, 148), (367100, 149), (367100, 150), (367100, 151), (367100, 152), (367100, 153), (367100, 154), (367100, 155), (367100, 156), (367100, 157), (367100, 158), (367100, 159), (367100, 160), (367100, 161), (367100, 162), (367100, 163), (367100, 164), (367100, 165), (367100, 166), (367100, 167), (367100, 168), (367100, 169), (367100, 170), (367100, 171), (367100, 172), (367100, 173), (367100, 174), (367100, 175), (367100, 176), (367100, 177), (367100, 178), (367100, 179), (367100, 180), (367100, 181), (367100, 182), (367100, 183), (367100, 184), (367100, 185), (367100, 186), (367100, 187), (367100, 188), (367100, 189), (367100, 190), (367100, 191), (367100, 192), (367100, 193), (367100, 194), (367100, 195), (367100, 196), (367100, 197), (367100, 198), (367100, 199), (367100, 200), (367100, 201), (367100, 202), (367100, 203), (367100, 204), (367100, 205), (367100, 206), (367100, 207), (367100, 208), (367100, 209), (367100, 210), (367100, 211), (367100, 212), (367100, 213), (367100, 214), (367100, 215), (367100, 216), (367100, 217), (367100, 218), (367100, 219), (367100, 220), (367100, 221), (367100, 222), (367100, 223), (367100, 224), (367100, 225), (367100, 226), (367100, 227), (367100, 228), (367100, 229), (367100, 230), (367100, 231), (367100, 232), (367100, 233), (367100, 234), (367100, 235), (367100, 236), (367100, 237), (367100, 238), (367100, 239), (367100, 240), (367100, 241), (367100, 242), (367100, 243), (367100, 244), (367100, 245), (367100, 246), (367100, 247), (367100, 248), (367100, 249), (367100, 250), (367100, 251), (367100, 252), (367100, 253), (367100, 254), (367100, 255), (367100, 256), (367100, 257), (367100, 258), (367100, 259), (367100, 260), (367100, 261), (367100, 262), (367100, 263), (367100, 264), (367100, 265), (367100, 266), (367100, 267), (367100, 268), (367100, 269), (367100, 270), (367100, 271), (367100, 272), (367100, 273), (367100, 274), (367100, 275), (367100, 276), (367100, 277), (367100, 278), (367100, 279), (367100, 280), (367100, 281), (367100, 282), (367100, 283), (367100, 284), (367100, 285), (367100, 286), (367100, 287), (367100, 288), (367100, 289), (367100, 290), (367100, 291), (367100, 292), (367100, 293), (367100, 294), (367100, 295), (367100, 296), (367100, 297), (367100, 298), (367100, 299), (367100, 300), (367100, 301), (367100, 302), (367100, 303), (367100, 304), (367100, 305), (367100, 306), (367100, 307), (367100, 308), (367100, 309), (367100, 310), (367100, 311), (367100, 312), (367100, 313), (367100, 314), (367100, 315), (367100, 316), (367100, 317), (367100, 318), (367100, 319), (367100, 320), (367100, 321), (367100, 322), (367100, 323), (367100, 324), (367100, 325), (367100, 326), (367100, 327), (367100, 328), (367100, 329), (367100, 330), (367100, 331), (367100, 332), (367100, 333), (367100, 334), (367100, 335), (367100, 336), (367100, 337), (367100, 338), (367100, 339), (367100, 340), (367100, 341), (367100, 342), (367100, 343), (367100, 344), (367100, 345), (367100, 346), (367100, 347), (367100, 348), (367100, 349), (367100, 350), (367100, 351), (367100, 352), (367100, 353), (367100, 354), (367100, 355), (367100, 356), (367100, 357), (367100, 358), (367100, 359), (367100, 360), (367100, 361), (367100, 362), (367100, 363), (367100, 364), (367100, 365), (367100, 366), (367100, 367), (367100, 368), (367100, 369), (367100, 370), (367100, 371), (367100, 372), (367100, 373), (367100, 374), (367100, 375), (367100, 376), (367100, 377), (367100, 378), (367100, 379), (367100, 380), (367100, 381), (367100, 382), (367100, 383), (367100, 384), (367100, 385), (367100, 386), (367100, 387), (367100, 388), (367100, 389), (367100, 390), (367095, 1), (367095, 2), (367095, 3), (367095, 4), (367095, 5), (367095, 6), (367095, 7), (367095, 8), (367095, 9), (367095, 10), (367095, 11), (367095, 12), (367095, 13), (367095, 14), (367095, 15), (367095, 16), (367095, 17), (367095, 18), (367095, 19), (367095, 20), (367095, 21), (367095, 22), (367095, 23), (367095, 24), (367095, 25), (367095, 26), (367095, 27), (367095, 28), (367095, 29), (367095, 30), (367095, 31), (367095, 32), (367095, 33), (367095, 34), (367095, 35), (367095, 36), (367095, 37), (367095, 38), (367095, 39), (367095, 40), (367095, 41), (367095, 42), (367095, 43), (367095, 44), (367095, 45), (367095, 46), (367095, 47), (367095, 48), (367095, 49), (367095, 50), (367095, 51), (367095, 52), (367095, 53), (367095, 54), (367095, 55), (367095, 56), (367095, 57), (367095, 58), (367095, 59), (367095, 60), (367095, 61), (367095, 62), (367095, 63), (367095, 64), (367095, 65), (367095, 66), (367095, 67), (367095, 68), (367095, 69), (367095, 70), (367095, 71), (367095, 72), (367095, 73), (367095, 74), (367095, 75), (367095, 76), (367095, 77), (367095, 78), (367095, 79), (367095, 80), (367095, 81), (367095, 82), (367095, 83), (367095, 84), (367095, 85), (367095, 86), (367095, 87), (367095, 88), (367095, 89), (367095, 90), (367095, 91), (367095, 92), (367095, 93), (367095, 94), (367095, 95), (367095, 96), (367095, 97), (367095, 98), (367095, 99), (367095, 100), (367095, 101), (367095, 102), (367095, 103), (367095, 104), (367095, 105), (367095, 106), (367095, 107), (367095, 108), (367095, 109), (367095, 110), (367095, 111), (367095, 112), (367095, 113), (367095, 114), (367095, 115), (367095, 116), (367095, 117), (367095, 118), (367095, 119), (367095, 120), (367095, 121), (367095, 122), (367095, 123), (367095, 124), (367095, 125), (367095, 126), (367095, 127), (367095, 128), (367095, 129), (367095, 130), (367095, 131), (367095, 132), (367095, 133), (367095, 134), (367095, 135), (367095, 136), (367095, 137), (367095, 138), (367095, 139), (367095, 140), (367095, 141), (367095, 142), (367095, 143), (367095, 144), (367095, 145), (367095, 146), (367095, 147), (367095, 148), (367095, 149), (367095, 150), (367095, 151), (367095, 152), (367095, 153), (367095, 154), (367095, 155), (367095, 156), (367095, 157), (367095, 158), (367095, 159), (367095, 160), (367095, 161), (367095, 162), (367095, 163), (367095, 164), (367095, 165), (367095, 166), (367095, 167), (367095, 168), (367095, 169), (367095, 170), (367095, 171), (367095, 172), (367095, 173), (367095, 174), (367095, 175), (367095, 176), (367095, 177), (367095, 178), (367095, 179), (367095, 180), (367095, 181), (367095, 182), (367095, 183), (367095, 184), (367095, 185), (367095, 186), (367095, 187), (367095, 188), (367095, 189), (367095, 190), (367095, 191), (367095, 192), (367095, 193), (367095, 194), (367095, 195), (367095, 196), (367095, 197), (367095, 198), (367095, 199), (367095, 200), (367095, 201), (367095, 202), (367095, 203), (367095, 204), (367095, 205), (367095, 206), (367095, 207), (367095, 208), (367095, 209), (367095, 210), (367095, 211), (367095, 212), (367095, 213), (367095, 214), (367095, 215), (367095, 216), (367095, 217), (367095, 218), (367095, 219), (367095, 220), (367095, 221), (367095, 222), (367095, 223), (367095, 224), (367095, 225), (367095, 226), (367095, 227), (367095, 228), (367095, 229), (367095, 230), (367095, 231), (367095, 232), (367095, 233), (367095, 234), (367095, 235), (367095, 236), (367095, 237), (367095, 238), (367095, 239), (367095, 240), (367095, 241), (367095, 242), (367095, 243), (367095, 244), (367095, 245), (367095, 246), (367095, 247), (367095, 248), (367095, 249), (367095, 250), (367095, 251), (367095, 252), (367095, 253), (367095, 254), (367095, 255), (367095, 256), (367095, 257), (367095, 258), (367095, 259), (367095, 260), (367095, 261), (367095, 262), (367095, 263), (367095, 264), (367095, 265), (367095, 266), (367095, 267), (367095, 268), (367095, 269), (367095, 270), (367095, 271), (367095, 272), (367095, 273), (367095, 274), (367095, 275), (367095, 276), (367095, 277), (367095, 278), (367095, 279), (367095, 280), (367095, 281), (367095, 282), (367095, 283), (367095, 284), (367095, 285), (367095, 286), (367095, 287), (367095, 288), (367095, 289), (367095, 290), (367095, 291), (367095, 292), (367095, 293), (367095, 294), (367095, 295), (367095, 296), (367095, 297), (367095, 298), (367095, 299), (367095, 300), (367095, 301), (367095, 302), (367095, 303), (367095, 304), (367095, 305), (367095, 306), (367095, 307), (367095, 308), (367095, 309), (367095, 310), (367095, 311), (367095, 312), (367095, 313), (367095, 314), (367095, 315), (367095, 316), (367095, 317), (367095, 318), (367095, 319), (367095, 320), (367095, 321), (367095, 322), (367095, 323), (367095, 324), (367095, 325), (367095, 326), (367095, 327), (367095, 328), (367095, 329), (367095, 330), (367095, 331), (367095, 332), (367095, 333), (367095, 334), (367095, 335), (367095, 336), (367095, 337), (367095, 338), (367095, 339), (367095, 340), (367095, 341), (367095, 342), (367095, 343), (367095, 344), (367095, 345), (367095, 346), (367095, 347), (367095, 348), (367095, 349), (367095, 350), (367095, 351), (367095, 352), (367095, 353), (367095, 354), (367095, 355), (367095, 356), (367095, 357), (367095, 358), (367095, 359), (367095, 360), (367095, 361), (367095, 362), (367095, 363), (367095, 364), (367095, 365), (367095, 366), (367095, 367), (367095, 368), (367095, 369), (367095, 370), (367095, 371), (367095, 372), (367095, 373), (367095, 374), (367095, 375), (367095, 376), (367095, 377), (367095, 378), (367095, 379), (367095, 380), (367095, 381), (367095, 382), (367095, 383), (367095, 384), (367095, 385), (367095, 386), (367095, 387), (367095, 388), (367095, 389), (367095, 390), (367095, 391), (367095, 392), (367095, 393), (367095, 394), (367095, 395), (367095, 396), (367095, 397), (367095, 398), (367095, 399), (367095, 400), (367095, 401), (367095, 402), (367095, 403), (367095, 404), (367095, 405), (367095, 406), (367095, 407), (367095, 408), (367095, 409), (367095, 410), (367095, 411), (367095, 412), (367095, 413), (367095, 414), (367095, 415), (367095, 416), (367095, 417), (367095, 418), (367095, 419), (367095, 420), (367095, 421), (367095, 422), (367095, 423), (367095, 424), (367095, 425), (367095, 426), (367095, 427), (367095, 428), (367095, 429), (367095, 430), (367095, 431), (367095, 432), (367095, 433), (367095, 434), (367095, 435), (367095, 436), (367095, 437), (367095, 438), (367095, 439), (367095, 440), (367095, 441), (367095, 442), (367095, 443), (367095, 444), (367095, 445), (367095, 446), (367095, 447), (367095, 448), (367095, 449), (367095, 450), (367095, 451), (367095, 452), (367095, 453), (367095, 454), (367095, 455), (367095, 456), (367095, 457), (367095, 458), (367095, 459), (367095, 460), (367095, 461), (367095, 462), (367095, 463), (367095, 464), (367095, 465), (367095, 466), (367095, 467), (367095, 468), (367095, 469), (367095, 470), (367095, 471), (367095, 472), (367095, 473), (367095, 474), (367095, 475), (367095, 476), (367095, 477), (367095, 478), (367095, 479), (367095, 480), (367095, 481), (367095, 482), (367095, 483), (367095, 484), (367095, 485), (367095, 486), (367095, 487), (367095, 488), (367095, 489), (367095, 490), (367095, 491), (367095, 492), (367095, 493), (367095, 494), (367095, 495), (367095, 496), (367095, 497), (367095, 498), (367095, 499), (367095, 500), (367095, 501), (367095, 502), (367095, 503), (367095, 504), (367095, 505), (367095, 506), (367095, 507), (367095, 508), (367095, 509), (367095, 510), (367095, 511), (367095, 512), (367095, 513), (367095, 514), (367095, 515), (367095, 516), (367095, 517), (367095, 518), (367095, 519), (367095, 520), (367095, 521), (367095, 522), (367095, 523), (367095, 524), (367095, 525), (367095, 526), (367095, 527), (367095, 528), (367095, 529), (367095, 530), (367095, 531), (367095, 532), (367095, 533), (367095, 534), (367095, 535), (367095, 536), (367095, 537), (367095, 538), (367095, 539), (367095, 540), (367095, 541), (367095, 542), (367095, 543), (367095, 544), (367095, 545), (367095, 546), (367095, 547), (367095, 548), (367095, 549), (367095, 550), (367095, 551), (367095, 552), (367095, 553), (367095, 554), (367095, 555), (367095, 556), (367095, 557), (367095, 558), (367095, 559), (367095, 560), (367095, 561), (367095, 562), (367095, 563), (367095, 564), (367070, 54), (367070, 55), (367070, 57), (367070, 58), (367070, 59), (367070, 60), (367070, 61), (367070, 62), (367070, 63), (367070, 64), (367070, 65), (367070, 66), (367070, 67), (367070, 68), (367070, 69), (367070, 70), (367070, 71), (367070, 72), (367070, 73), (367070, 74), (367070, 75), (367070, 76), (367070, 77), (367070, 78), (367070, 79), (367070, 80), (367070, 82), (367070, 83), (367070, 84), (367070, 85), (367070, 86), (367070, 87), (367070, 88), (367070, 89), (367070, 90), (367070, 91), (367070, 92), (367070, 93), (367070, 94), (367070, 95), (367070, 96), (367070, 97), (367070, 98), (367070, 99), (367070, 100), (367070, 101), (367070, 102), (367070, 103), (367070, 104), (367070, 105), (367070, 106), (367070, 107), (367070, 108), (367070, 109), (367070, 110), (367070, 111), (367070, 112), (367070, 113), (367070, 114), (367070, 115), (367070, 116), (367070, 118), (367070, 119), (367070, 120), (367070, 121), (367070, 122), (367070, 124), (367070, 125), (367070, 209), (367070, 210), (367070, 211), (367070, 212), (367070, 213), (367070, 214), (367070, 215), (367070, 216), (367070, 357), (367070, 358), (367070, 359), (367070, 360), (367070, 361), (367070, 362), (367070, 363), (367065, 1), (367065, 2), (367065, 3), (367065, 4), (367065, 5), (367065, 6), (367065, 7), (367065, 8), (367065, 9), (367065, 10), (367065, 11), (367065, 12), (367065, 13), (367065, 14), (367065, 15), (367065, 16), (367065, 17), (367065, 18), (367065, 19), (367065, 20), (367065, 21), (367065, 22), (367065, 23), (367065, 24), (367065, 25), (367065, 26), (367065, 27), (367065, 28), (367065, 29), (367065, 30), (367065, 31), (367065, 32), (367065, 33), (367065, 34), (367065, 35), (367065, 36), (367065, 37), (367065, 38), (367065, 39), (367065, 40), (367065, 41), (367065, 42), (367065, 43), (367065, 44), (367065, 45), (367065, 46), (367065, 47), (367065, 48), (367065, 49), (367065, 50), (367065, 51), (367065, 52), (367065, 53), (367065, 54), (367065, 55), (367065, 56), (367065, 57), (367065, 58), (367065, 59), (367065, 60), (367065, 61), (367065, 62), (367065, 63), (367065, 64), (367065, 65), (367065, 66), (367065, 67), (367065, 68), (367065, 69), (367065, 70), (367065, 71), (367065, 72), (367065, 73), (367065, 74), (367065, 75), (367065, 76), (367065, 77), (367065, 78), (367065, 79), (367065, 80), (367065, 81), (367065, 82), (367065, 83), (367065, 84), (367065, 85), (367065, 86), (367065, 87), (367065, 88), (367065, 89), (367065, 90), (367065, 91), (367065, 92), (367065, 93), (367065, 94), (367065, 95), (367065, 96), (367065, 97), (367065, 98), (367065, 99), (367065, 100), (367065, 101), (367065, 102), (367065, 103), (367065, 104), (367065, 105), (367065, 106), (367065, 107), (367065, 108), (367065, 109), (367065, 110), (367065, 111), (367065, 112), (367065, 113), (367065, 114), (367065, 115), (367065, 116), (367065, 117), (367065, 118), (367065, 119), (367065, 120), (367065, 121), (367065, 122), (367065, 123), (367065, 124), (367065, 125), (367065, 126), (367065, 127), (367065, 128), (367065, 129), (367065, 130), (367065, 131), (367065, 132), (367065, 133), (367065, 134), (367065, 135), (367065, 136), (367065, 137), (367065, 138), (367065, 139), (367065, 140), (367065, 141), (367065, 142), (367065, 143), (367065, 144), (367065, 145), (367065, 146), (367065, 147), (367065, 148), (367065, 149), (367065, 150), (367065, 151), (367065, 152), (367065, 153), (367065, 154), (367065, 155), (367065, 156), (367065, 157), (367065, 158), (367065, 159), (367065, 160), (367065, 161), (367065, 162), (367065, 163), (367065, 164), (367065, 165), (367065, 166), (367065, 167), (367065, 168), (367065, 169), (367065, 170), (367065, 171), (367065, 172), (367065, 173), (367065, 174), (367065, 175), (367065, 176), (367065, 177), (367065, 178), (367065, 179), (367065, 180), (367065, 181), (367065, 182), (367065, 183), (367065, 184), (367065, 185), (367065, 186), (367065, 187), (367065, 188), (367065, 189), (367065, 190), (367065, 191), (367065, 192), (367065, 193), (367065, 194), (367065, 195), (367065, 196), (367065, 197), (367065, 198), (367065, 199), (367065, 200), (367065, 201), (367065, 202), (367065, 203), (367065, 204), (367065, 205), (367065, 206), (367065, 207), (367065, 208), (367065, 209), (367065, 210), (367065, 211), (367065, 212), (367065, 213), (367065, 214), (367065, 215), (367065, 216), (367065, 217), (367065, 218), (367065, 219), (367065, 220), (367065, 221), (367065, 222), (367065, 223), (367065, 224), (367065, 225), (367065, 226), (367065, 227), (367065, 228), (367065, 229), (367065, 230), (367065, 231), (367065, 232), (367065, 233), (367065, 234), (367065, 235), (367065, 236), (367065, 237), (367065, 238), (367065, 239), (367065, 240), (367065, 241), (367065, 242), (367065, 243), (367065, 244), (367065, 245), (367065, 246), (367065, 247), (367065, 248), (367065, 249), (367065, 250), (367065, 251), (367065, 252), (367065, 253), (367065, 254), (367065, 255), (367065, 256), (367065, 257), (367065, 258), (367065, 259), (367065, 260), (367065, 261), (367065, 262), (367064, 1), (367064, 2), (367064, 3), (367064, 4), (367064, 5), (367064, 6), (367064, 7), (367064, 8), (367064, 9), (367064, 32), (367064, 33), (367064, 34), (367064, 35), (367064, 36), (367064, 37), (367064, 38), (367064, 39), (367064, 40), (367064, 42), (367064, 43), (367064, 44), (367064, 45), (367064, 46), (367064, 47), (367064, 48), (367064, 49), (367064, 50), (367064, 51), (367064, 52), (367064, 53), (367064, 54), (367064, 55), (367064, 63), (367064, 64), (367064, 65), (367064, 66), (367064, 70), (367064, 71), (367064, 72), (367064, 73), (367064, 74), (367064, 76), (367064, 77), (367064, 78), (367064, 79), (367064, 80), (367064, 81), (367064, 82), (367064, 83), (367064, 84), (367064, 85), (367064, 86), (367064, 87), (367064, 88), (367064, 89), (367064, 90), (367064, 91), (367064, 92), (367064, 93), (367064, 94), (367064, 95), (367064, 97), (367064, 98), (367064, 100), (367064, 101), (367064, 102), (367064, 103), (367064, 104), (367064, 105), (367064, 106), (367064, 107), (367064, 108), (367064, 109), (367064, 110), (367064, 111), (367064, 112), (367064, 113), (367064, 114), (367064, 115), (367064, 116), (367064, 117), (367064, 118), (367064, 119), (367064, 120), (367064, 121), (367064, 122), (367064, 123), (367064, 124), (367064, 125), (367064, 126), (367064, 127), (367064, 128), (367064, 129), (367064, 130), (367064, 141), (367064, 142), (367064, 143), (367064, 144), (367064, 145), (367064, 146), (367064, 147), (367064, 148), (367064, 149), (367064, 150), (367064, 151), (367064, 152), (367064, 153), (367064, 154), (367064, 155), (367064, 156), (367064, 157), (367064, 158), (367064, 159), (367064, 160), (367064, 161), (367064, 162), (367064, 163), (367064, 164), (367064, 165), (367064, 166), (367064, 168), (367064, 169), (367064, 170), (367064, 171), (367064, 172), (367064, 173), (367064, 174), (367064, 175), (367064, 176), (367064, 177), (367064, 178), (367064, 179), (367064, 180), (367064, 181), (367064, 184), (367064, 185), (367064, 186), (367064, 187), (367064, 188), (367064, 189), (367064, 190), (367064, 191), (367064, 192), (367064, 212), (367064, 213), (367064, 214), (367064, 215), (367064, 216), (367064, 217), (367064, 218), (367064, 219), (367064, 220), (367064, 221), (367064, 222), (367064, 223), (367064, 224), (367064, 225), (367064, 226), (367064, 227), (367064, 228), (367064, 229), (367064, 230), (367064, 231), (367064, 232), (367064, 233), (367064, 234), (367064, 235), (367064, 236), (367064, 237), (367064, 238), (367064, 239), (367064, 240), (367064, 257), (367064, 258), (367064, 259), (367064, 260), (367064, 261), (367064, 262), (367064, 263), (367064, 301), (367064, 302), (367064, 303), (367064, 304), (367064, 305), (367064, 306), (367064, 307), (367064, 308), (367064, 309), (367064, 310), (367064, 311), (367064, 312), (367064, 313), (367064, 314), (367064, 315), (367064, 316), (367064, 317), (367064, 318), (367064, 319), (367064, 320), (367064, 321), (367064, 322), (367064, 323), (367064, 324), (367064, 325), (367064, 326), (367064, 327), (367064, 328), (367064, 329), (367064, 330), (367064, 331), (367064, 332), (367064, 333), (367064, 334), (367064, 335), (367064, 336), (367064, 337), (367064, 338), (367064, 339), (367064, 340), (367064, 341), (367064, 342), (367064, 343), (367064, 344), (367064, 345), (367064, 346), (367064, 347), (367064, 348), (367064, 349), (367064, 350), (367064, 351), (367064, 352), (367064, 353), (367064, 354), (367064, 355), (367064, 356), (367064, 357), (367064, 358), (367064, 360), (367064, 361), (367064, 362), (367064, 364), (367064, 365), (367064, 366), (367064, 367), (367064, 368), (367064, 370), (367064, 371), (367064, 372), (367064, 373), (367064, 374), (367064, 375), (367064, 376), (367064, 377), (367064, 378), (367064, 379), (367064, 380), (367064, 394), (367064, 395), (367064, 396), (367064, 397), (367064, 398), (367064, 399), (367064, 400), (367064, 401), (367064, 402), (367064, 403), (367064, 405), (367064, 406), (367064, 407), (367064, 408), (367064, 409), (367064, 410), (367064, 411), (367064, 412), (367064, 413), (367064, 414), (367064, 415), (367064, 416), (367064, 417), (367064, 418), (367064, 419), (367064, 420), (367064, 421), (367064, 422), (367064, 423), (367064, 424), (367064, 425), (367064, 426), (367064, 427), (367064, 428), (367064, 429), (367064, 430), (367064, 431), (367064, 432), (367064, 433), (367064, 434), (367064, 435), (367064, 436), (367064, 437), (367064, 438), (367064, 439), (367064, 440), (367064, 441), (367064, 442), (367064, 443), (367064, 444), (367064, 445), (367064, 446), (367064, 447), (367064, 448), (367064, 449), (367064, 450), (367064, 451), (367064, 452), (367064, 453), (367064, 454), (367064, 455), (367064, 456), (367064, 457), (367064, 458), (367064, 461), (367064, 462), (367064, 463), (367064, 464), (367064, 465), (367064, 466), (367064, 467), (367063, 1), (367063, 2), (367063, 3), (367063, 4), (367063, 5), (367063, 6), (367063, 7), (367063, 8), (367063, 9), (367063, 10), (367063, 11), (367063, 12), (367063, 13), (367063, 14), (367063, 15), (366933, 55), (366933, 56), (366933, 57), (366933, 58), (366933, 59), (366933, 60), (366933, 61), (366933, 62), (366933, 63), (366933, 64), (366933, 65), (366933, 66), (366933, 67), (366933, 68), (366933, 69), (366933, 70), (366933, 71), (366933, 72), (366933, 73), (366933, 74), (366933, 75), (366933, 76), (366933, 77), (366933, 78), (366933, 79), (366933, 80), (366933, 81), (366933, 82), (366933, 83), (366933, 84), (366933, 85), (366933, 86), (366933, 87), (366933, 88), (366933, 89), (366933, 90), (366933, 91), (366933, 92), (366933, 93), (366933, 94), (366933, 95), (366933, 96), (366933, 97), (366933, 98), (366933, 99), (366933, 100), (366933, 101), (366933, 102), (366933, 103), (366933, 104), (366933, 105), (366933, 106), (366933, 107), (366933, 108), (366933, 109), (366933, 110), (366933, 111), (366933, 112), (366933, 113), (366933, 114), (366933, 115), (366933, 116), (366933, 117), (366933, 118), (366933, 119), (366933, 120), (366933, 121), (366933, 122), (366933, 123), (366933, 124), (366933, 125), (366933, 126), (366933, 127), (366933, 128), (366933, 129), (366933, 130), (366933, 131), (366933, 132), (366933, 133), (366933, 134), (366933, 135), (366933, 136), (366933, 137), (366933, 138), (366933, 139), (366933, 140), (366933, 141), (366933, 142), (366933, 143), (366933, 144), (366933, 145), (366933, 146), (366933, 147), (366933, 148), (366933, 149), (366933, 150), (366933, 151), (366933, 152), (366933, 153), (366933, 154), (366933, 155), (366933, 156), (366933, 157), (366933, 158), (366933, 159), (366933, 160), (366933, 161), (366933, 162), (366933, 163), (366933, 164), (366933, 165), (366933, 166), (366933, 167), (366933, 168), (366933, 169), (366933, 170), (366933, 171), (366933, 172), (366933, 173), (366933, 174), (366933, 175), (366933, 176), (366933, 177), (366933, 178), (366933, 179), (366933, 180), (366933, 181), (366933, 182), (366933, 183), (366933, 184), (366933, 185), (366933, 186), (366933, 187), (366933, 188), (366933, 189), (366933, 190), (366933, 191), (366933, 192), (366933, 193), (366933, 194), (366933, 195), (366933, 196), (366933, 197), (366933, 198), (366933, 199), (366933, 200), (366933, 201), (366933, 202), (366933, 203), (366933, 204), (366933, 205), (366933, 206), (366933, 207), (366933, 208), (366933, 209), (366933, 210), (366933, 211), (366933, 212), (366933, 213), (366933, 214), (366933, 215), (366933, 216), (366933, 217), (366933, 218), (366933, 219), (366933, 220), (366933, 221), (366933, 222), (366933, 223), (366933, 224), (366933, 225), (366933, 226), (366933, 227), (366933, 228), (366933, 229), (366933, 230), (366933, 231), (366933, 232), (366933, 233), (366933, 234), (366933, 235), (366933, 236), (366933, 237), (366933, 238), (366933, 239), (366933, 240), (366933, 241), (366933, 242), (366933, 243), (366933, 244), (366933, 245), (366933, 246), (366933, 247), (366933, 248), (366933, 249), (366933, 250), (366933, 251), (366933, 252), (366933, 253), (366933, 254), (366933, 255), (366933, 256), (366933, 257), (366933, 258), (366933, 259), (366933, 260), (366933, 261), (366933, 262), (366933, 263), (366933, 264), (366933, 265), (366933, 266), (366933, 267), (366933, 268), (366933, 269), (366933, 270), (366933, 271), (366933, 272), (366933, 273), (366933, 274), (366933, 275), (366933, 276), (366933, 277), (366933, 278), (366933, 279), (366933, 280), (366933, 281), (366933, 282), (366933, 283), (366933, 284), (366933, 285), (366933, 286), (366933, 287), (366933, 288), (366933, 289), (366933, 290), (366933, 291), (366933, 292), (366933, 293), (366933, 294), (366933, 295), (366933, 296), (366933, 297), (366933, 298), (366933, 299), (366933, 300), (366933, 301), (366933, 302), (366933, 303), (366933, 304), (366933, 305), (366933, 306), (366933, 307), (366933, 308), (366933, 309), (366933, 310), (366933, 311), (366933, 312), (366933, 313), (366933, 314), (366933, 315), (366933, 316), (366933, 317), (366933, 318), (366933, 319), (366933, 320), (366933, 321), (366933, 322), (366933, 323), (366933, 324), (366933, 325), (366933, 326), (366933, 327), (366933, 328), (366933, 329), (366933, 330), (366933, 331), (366933, 332), (366933, 333), (366933, 334), (366933, 335), (366933, 336), (366933, 337), (366933, 338), (366933, 339), (366933, 340), (366933, 341), (366933, 342), (366933, 343), (366933, 344), (366933, 345), (366933, 346), (366933, 347), (366933, 348), (366933, 349), (366933, 350), (366933, 351), (366933, 352), (366933, 353), (366933, 354), (366933, 355), (366933, 356), (366933, 357), (366933, 358), (366933, 359), (366933, 360), (366933, 361), (366933, 362), (366933, 363), (366933, 364), (366933, 365), (366933, 366), (366933, 367), (366933, 368), (366933, 369), (366933, 370), (366933, 371), (366933, 372), (366933, 373), (366933, 374), (366933, 375), (366933, 376), (366933, 377), (366933, 378), (366933, 379), (366933, 380), (366933, 381), (366933, 382), (366933, 383), (366933, 384), (366933, 385), (366933, 386), (366933, 387), (366933, 388), (366933, 389), (366933, 390), (366933, 391), (366933, 392), (366933, 393), (366933, 394), (366933, 395), (366933, 396), (366933, 397), (366933, 398), (366933, 399), (366933, 400), (366933, 401), (366933, 402), (366933, 403), (366933, 404), (366933, 405), (366933, 406), (366933, 407), (366933, 408), (366933, 409), (366933, 410), (366933, 411), (366933, 412), (366933, 413), (366933, 414), (366933, 415), (366933, 416), (366933, 417), (366933, 418), (366933, 419), (366933, 420), (366933, 421), (366933, 422), (366933, 423), (366933, 424), (366933, 425), (366933, 426), (366933, 427), (366933, 428), (366933, 429), (366933, 430), (366933, 431), (366933, 432), (366933, 433), (366933, 434), (366933, 435), (366933, 436), (366933, 437), (366933, 438), (366933, 439), (366933, 440), (366933, 441), (366933, 442), (366933, 443), (366933, 444), (366933, 445), (366933, 446), (366933, 447), (366933, 448), (366933, 449), (366933, 450), (366933, 451), (366933, 452), (366933, 453), (366933, 454), (366933, 455), (366933, 456), (366933, 457), (366933, 458), (366933, 459), (366933, 460), (366933, 461), (366933, 462), (366933, 463), (366933, 464), (366933, 465), (366933, 466), (366933, 467), (366933, 468), (366933, 469), (366933, 470), (366933, 471), (366933, 472), (366933, 473), (366933, 474), (366933, 475), (366933, 476), (366933, 477), (366933, 478), (366933, 479), (366933, 480), (366933, 481), (366933, 482), (366933, 483), (366933, 484), (366933, 485), (366933, 486), (366933, 487), (366933, 488), (366933, 489), (366933, 490), (366933, 491), (366933, 492), (366933, 493), (366933, 494), (366933, 495), (366933, 496), (366933, 497), (366933, 498), (366933, 499), (366933, 500), (366933, 501), (366933, 502), (366933, 503), (366933, 504), (366933, 505), (366933, 506), (366933, 507), (366933, 508), (366933, 509), (366933, 510), (366933, 511), (366933, 512), (366933, 513), (366933, 514), (366933, 515), (366933, 516), (366933, 517), (366933, 518), (366933, 519), (366933, 520), (366933, 521), (366933, 522), (366933, 523), (366933, 524), (366933, 525), (366933, 526), (366933, 527), (366933, 528), (366933, 529), (366933, 530), (366933, 531), (366933, 532), (366933, 533), (366933, 534), (366933, 535), (366933, 536), (366933, 537), (366933, 538), (366933, 539), (366933, 540), (366933, 541), (366933, 542), (366933, 543), (366933, 544), (366933, 545), (366933, 546), (366933, 547), (366933, 548), (366933, 549), (366933, 550), (366933, 551), (366933, 552), (366933, 553), (366933, 554), (366933, 555), (366933, 556), (366933, 557), (366933, 558), (366933, 559), (366933, 560), (366933, 561), (366933, 562), (366933, 563), (366933, 564), (366933, 565), (366933, 566), (366933, 567), (366933, 568), (366933, 569), (366933, 570), (366933, 571), (366933, 572), (366933, 573), (366933, 574), (366933, 575), (366933, 576), (366933, 577), (366933, 578), (366933, 579), (366933, 580), (366933, 581), (366933, 582), (366933, 583), (366933, 584), (366933, 585), (366933, 586), (366933, 587), (366933, 588), (366933, 589), (366933, 590), (366933, 591), (366933, 592), (366933, 593), (366933, 594), (366933, 595), (366933, 596), (366933, 597), (366933, 598), (366933, 599), (366933, 600), (366933, 601), (366933, 602), (366933, 603), (366933, 604), (366933, 605), (366933, 606), (366933, 607), (366933, 608), (366933, 609), (366933, 610), (366933, 611), (366933, 612), (366933, 613), (366933, 614), (366933, 615), (366933, 616), (366933, 617), (366933, 618), (366933, 619), (366933, 620), (366933, 621), (366933, 622), (366933, 623), (366933, 624), (366933, 625), (366933, 626), (366933, 627), (366933, 628), (366933, 629), (366933, 630), (366933, 631), (366933, 632), (366933, 633), (366933, 634), (366933, 635), (366933, 636), (366933, 637), (366933, 638), (366933, 639), (366933, 640), (366933, 641), (366933, 642), (366933, 643), (366933, 644), (366933, 645), (366933, 646), (366933, 647), (366933, 648), (366933, 649), (366933, 650), (366933, 651), (366933, 652), (366933, 653), (366933, 654), (366933, 655), (366933, 656), (366933, 657), (366933, 658), (366933, 659), (366933, 660), (366933, 661), (366933, 662), (366933, 663), (366933, 664), (366933, 665), (366933, 666), (366933, 667), (366933, 668), (366933, 669), (366933, 670), (366933, 671), (366933, 672), (366933, 673), (366933, 674), (366933, 675), (366933, 676), (366933, 677), (366933, 678), (366933, 679), (366933, 680), (366933, 681), (366933, 682), (366933, 683), (366933, 684), (366933, 685), (366933, 686), (366933, 687), (366933, 688), (366933, 689), (366933, 690), (366933, 691), (366933, 692), (366933, 693), (366933, 694), (366933, 695), (366933, 696), (366933, 697), (366933, 698), (366933, 699), (366933, 700), (366933, 701), (366933, 702), (366933, 703), (366933, 704), (366933, 705), (366933, 706), (366933, 707), (366933, 708), (366933, 709), (366933, 710), (366933, 711), (366933, 712), (366933, 713), (366933, 714), (366933, 715), (366933, 716), (366933, 717), (366933, 718), (366933, 719), (366933, 720), (366933, 721), (366933, 722), (366933, 723), (366933, 724), (366933, 725), (366933, 726), (366933, 727), (366933, 728), (366933, 729), (366933, 730), (366933, 731), (366933, 732), (366933, 733), (366933, 734), (366933, 735), (366933, 736), (366933, 737), (366933, 738), (366933, 739), (366933, 740), (366933, 741), (366933, 742), (366933, 743), (366933, 744), (366933, 745), (366933, 746), (366933, 747), (366933, 748), (366933, 749), (366933, 750), (366933, 751), (366933, 752), (366933, 753), (366933, 754), (366933, 755), (366933, 756), (366933, 757), (366933, 758), (366933, 759), (366933, 760), (366933, 761), (366933, 762), (366933, 763), (366933, 764), (366933, 765), (366933, 766), (366933, 767), (366933, 768), (366933, 769), (366933, 770), (366933, 771), (366933, 772), (366933, 773), (366933, 774), (366933, 775), (366933, 776), (366933, 777), (366933, 778), (366933, 779), (366933, 780), (366933, 781), (366933, 782), (366933, 783), (366933, 784), (366933, 785), (366933, 786), (366933, 787), (366933, 788), (366933, 789), (366933, 790), (366933, 791), (366933, 792), (366933, 793), (366933, 794), (366933, 795), (366933, 796), (366933, 797), (366933, 798), (366933, 799), (366933, 800), (366933, 801), (366933, 802), (366933, 803), (366933, 804), (366933, 805), (366933, 806), (366933, 807), (366933, 808), (366933, 809), (366933, 810), (366933, 811), (366933, 812), (366933, 813), (366933, 814), (366933, 815), (366933, 816), (366933, 817), (366933, 818), (366933, 819), (366933, 820), (366933, 821), (366933, 822), (366933, 823), (366933, 824), (366933, 825), (366933, 826), (366933, 827), (366933, 828), (366933, 829), (366933, 830), (366933, 831), (366933, 832), (366933, 833), (366933, 834), (366933, 835), (366933, 836), (366933, 837), (366933, 838), (366933, 839), (366933, 840), (366933, 841), (366933, 842), (366933, 843), (366933, 844), (366933, 845), (366933, 846), (366933, 847), (366933, 848), (366933, 849), (366933, 850), (366933, 851), (366933, 852), (366933, 853), (366933, 854), (366933, 855), (366933, 856), (366933, 857), (366933, 858), (366933, 859), (366933, 860), (366933, 861), (366933, 862), (366933, 863), (366933, 864), (366933, 865), (366933, 866), (366933, 867), (366933, 868), (366933, 869), (366933, 870), (366933, 871), (366933, 872), (366933, 873), (366933, 874), (366933, 875), (366933, 876), (366933, 877), (366933, 878), (366933, 879), (366933, 880), (366933, 881), (366933, 882), (366933, 883), (366933, 884), (366933, 885), (366933, 886), (366933, 887), (366933, 888), (366933, 889), (366933, 890), (366933, 891), (366933, 892), (366933, 893), (366933, 894), (366933, 895), (366933, 896), (366933, 897), (366933, 898), (366933, 899), (366933, 900), (366933, 901), (366933, 902), (366933, 903), (366933, 904), (366933, 905), (366933, 906), (366933, 907), (366933, 908), (366933, 909), (366933, 910), (366933, 911), (366933, 912), (366933, 913), (366933, 914), (366933, 915), (366933, 916), (366933, 917), (366933, 918), (366933, 919), (366933, 920), (366933, 921), (366933, 922), (366933, 923), (366933, 924), (366933, 925), (366933, 926), (366933, 927), (366933, 928), (366933, 929), (366933, 930), (366933, 931), (366933, 932), (366933, 933), (366933, 934), (366933, 935), (366933, 936), (366933, 937), (366933, 938), (366933, 939), (366933, 940), (366933, 941), (366933, 942), (366933, 943), (366933, 944), (366933, 945), (366933, 946), (366933, 947), (366933, 948), (366933, 949), (366933, 950), (366933, 951), (366933, 952), (366933, 953), (366933, 954), (366933, 955), (366933, 956), (366933, 957), (366933, 958), (366933, 959), (366933, 960), (366933, 961), (366933, 962), (366933, 963), (366933, 964), (366933, 965), (366933, 966), (366933, 967), (366933, 968), (366933, 969), (366933, 970), (366933, 971), (366933, 972), (366933, 973), (366933, 974), (366933, 975), (366933, 976), (366933, 977), (366933, 978), (366933, 979), (366933, 980), (366933, 981), (366933, 982), (366933, 983), (366933, 984), (366933, 985), (366933, 986), (366933, 987), (366933, 988), (366933, 989), (366933, 990), (366933, 991), (366933, 992), (366933, 993), (366933, 994), (366933, 995), (366933, 996), (366933, 997), (366933, 998), (366933, 999), (366933, 1000), (366933, 1001), (366933, 1002), (366933, 1003), (366933, 1004), (366933, 1005), (366933, 1006), (366933, 1007), (366933, 1008), (366933, 1009), (366933, 1010), (366933, 1011), (366933, 1012), (366933, 1013), (366933, 1014), (366933, 1015), (366933, 1016), (366933, 1017), (366933, 1018), (366933, 1019), (366933, 1020), (366933, 1021), (366933, 1022), (366933, 1023), (366933, 1024), (366933, 1025), (366933, 1026), (366933, 1027), (366933, 1028), (366933, 1029), (366933, 1030), (366933, 1031), (366933, 1032), (366933, 1033), (366933, 1034), (366933, 1035), (366933, 1036), (366933, 1037), (366933, 1038), (366933, 1039), (366933, 1040), (366933, 1041), (366933, 1042), (366933, 1043), (366933, 1044), (366933, 1045), (366933, 1046), (366933, 1047), (366933, 1048), (366933, 1049), (366933, 1050), (366933, 1051), (366933, 1052), (366933, 1053), (366933, 1054), (366933, 1055), (366933, 1056), (366933, 1057), (366933, 1058), (366933, 1059), (366933, 1060), (366933, 1061), (366933, 1062), (366933, 1063), (366933, 1064), (366933, 1065), (366933, 1066), (366933, 1067), (366933, 1068), (366933, 1069), (366933, 1070), (366933, 1071), (366933, 1072), (366933, 1073), (366933, 1074), (366933, 1075), (366933, 1076), (366933, 1077), (366933, 1078), (366933, 1079), (366933, 1080), (366933, 1081), (366933, 1082), (366933, 1083), (366933, 1084), (366933, 1085), (366933, 1086), (366933, 1087), (366933, 1088), (366933, 1089), (366933, 1090), (366933, 1091), (366933, 1092), (366933, 1093), (366933, 1094), (366933, 1095), (366933, 1096), (366933, 1097), (366933, 1098), (366933, 1099), (366933, 1100), (366933, 1101), (366933, 1102), (366933, 1103), (366933, 1104), (366933, 1105), (366933, 1106), (366933, 1107), (366933, 1108), (366933, 1109), (366933, 1110), (366933, 1111), (366933, 1112), (366933, 1113), (366933, 1114), (366933, 1115), (366933, 1116), (366933, 1117), (366933, 1118), (366933, 1119), (366933, 1120), (366933, 1121), (366933, 1122), (366933, 1123), (366933, 1124), (366933, 1125), (366933, 1126), (366933, 1127), (366933, 1128), (366933, 1129), (366933, 1130), (366933, 1131), (366933, 1132), (366933, 1133), (366933, 1134), (366933, 1135), (366933, 1136), (366933, 1137), (366933, 1138), (366933, 1139), (366933, 1140), (366933, 1141), (366933, 1142), (366933, 1143), (366933, 1144), (366933, 1145), (366933, 1146), (366933, 1147), (366933, 1148), (366933, 1149), (366933, 1150), (366933, 1151), (366933, 1152), (366933, 1153), (366933, 1154), (366933, 1155), (366933, 1156), (366933, 1157), (366933, 1158), (366933, 1159), (366933, 1160), (366933, 1161), (366933, 1162), (366933, 1163), (366933, 1164), (366933, 1165), (366933, 1166), (366933, 1167), (366933, 1168), (366933, 1169), (366933, 1170), (366933, 1171), (366933, 1172), (366933, 1173), (366933, 1174), (366933, 1175), (366933, 1176), (366933, 1177), (366933, 1178), (366933, 1179), (366933, 1180), (366933, 1181), (366933, 1182), (366933, 1183), (366933, 1184), (366933, 1185), (366933, 1186), (366933, 1187), (366933, 1188), (366933, 1189), (366933, 1190), (366933, 1191), (366933, 1192), (366933, 1193), (366933, 1194), (366933, 1195), (366933, 1196), (366933, 1197), (366933, 1198), (366933, 1199), (366933, 1200), (366933, 1201), (366933, 1202), (366933, 1203), (366933, 1204), (366933, 1205), (366933, 1206), (366933, 1207), (366933, 1208), (366933, 1209), (366933, 1210), (366933, 1211), (366933, 1212), (366933, 1213), (366933, 1214), (366933, 1215), (366933, 1216), (366933, 1217), (366933, 1218), (366933, 1219), (366933, 1220), (366933, 1221), (366933, 1222), (366933, 1223), (366933, 1224), (366841, 1), (366841, 2), (366841, 3), (366841, 4), (366841, 5), (366841, 6), (366841, 7), (366841, 8), (366841, 9), (366841, 10), (366841, 11), (366841, 12), (366841, 13), (366841, 14), (366841, 15), (366841, 16), (366841, 17), (366841, 18), (366841, 19), (366841, 20), (366841, 21), (366841, 22), (366841, 23), (366841, 24), (366841, 25), (366841, 26), (366841, 27), (366841, 28), (366841, 29), (366841, 30), (366841, 31), (366841, 32), (366841, 33), (366841, 34), (366841, 35), (366841, 36), (366841, 37), (366841, 38), (366841, 39), (366841, 40), (366841, 41), (366841, 42), (366841, 43), (366841, 44), (366841, 45), (366841, 46), (366841, 47), (366841, 48), (366841, 49), (366841, 50), (366841, 51), (366841, 52), (366841, 53), (366841, 54), (366841, 55), (366841, 56), (366841, 57), (366841, 58), (366841, 59), (366841, 60), (366841, 61), (366841, 62), (366841, 63), (366841, 64), (366841, 65), (366841, 66), (366841, 67), (366841, 68), (366841, 69), (366841, 70), (366841, 71), (366841, 72), (366841, 73), (366841, 74), (366841, 75), (366841, 76), (366841, 77), (366841, 78), (366841, 79), (366841, 80), (366841, 81), (366841, 82), (366841, 83), (366841, 84), (366841, 85), (366841, 86), (366841, 87), (366841, 88), (366841, 89), (366841, 90), (366841, 91), (366841, 92), (366841, 93), (366841, 94), (366841, 95), (366841, 96), (366841, 97), (366841, 98), (366841, 99), (366841, 100), (366841, 101), (366841, 102), (366841, 103), (366841, 104), (366841, 105), (366841, 106), (366841, 107), (366841, 108), (366841, 109), (366841, 110), (366841, 111), (366841, 112), (366841, 113), (366841, 114), (366841, 115), (366841, 116), (366841, 117), (366841, 118), (366841, 119), (366841, 120), (366841, 121), (366841, 122), (366841, 123), (366841, 124), (366841, 125), (366841, 126), (366841, 127), (366841, 128), (366841, 129), (366841, 130), (366841, 131), (366841, 132), (366841, 133), (366841, 134), (366841, 135), (366841, 136), (366841, 137), (366841, 138), (366841, 139), (366841, 140), (366841, 141), (366841, 142), (366841, 143), (366841, 144), (366841, 145), (366841, 146), (366841, 147), (366841, 148), (366841, 149), (366841, 150), (366841, 151), (366841, 152), (366841, 153), (366841, 154), (366841, 155), (366841, 156), (366841, 157), (366841, 158), (366841, 159), (366841, 160), (366841, 161), (366841, 162), (366841, 163), (366841, 164), (366841, 165), (366841, 166), (366841, 167), (366841, 168), (366841, 169), (366841, 170), (366841, 171), (366841, 172), (366841, 173), (366841, 174), (366841, 175), (366841, 176), (366841, 177), (366841, 178), (366841, 179), (366841, 180), (366841, 181), (366841, 182), (366841, 183), (366841, 184), (366841, 185), (366841, 186), (366841, 187), (366841, 188), (366841, 189), (366841, 190), (366841, 191), (366841, 192), (366841, 193), (366841, 194), (366841, 195), (366841, 196), (366841, 197), (366841, 198), (366841, 199), (366841, 200), (366841, 201), (366841, 202), (366841, 203), (366841, 204), (366841, 205), (366841, 206), (366841, 207), (366841, 208), (366841, 209), (366841, 210), (366841, 211), (366841, 212), (366841, 213), (366841, 214), (366841, 215), (366841, 216), (366841, 217), (366841, 218), (366841, 219), (366841, 220), (366841, 221), (366841, 222), (366841, 223), (366841, 224), (366841, 225), (366841, 226), (366841, 227), (366841, 228), (366841, 229), (366841, 230), (366841, 231), (366841, 232), (366841, 233), (366841, 234), (366841, 235), (366841, 236), (366841, 237), (366841, 238), (366841, 239), (366841, 240), (366841, 241), (366841, 242), (366841, 243), (366841, 244), (366841, 245), (366841, 246), (366841, 247), (366841, 248), (366841, 249), (366841, 250), (366841, 251), (366841, 252), (366841, 253), (366841, 254), (366841, 255), (366841, 256), (366841, 257), (366841, 258), (366840, 1), (366840, 2), (366840, 3), (366840, 4), (366840, 5), (366840, 6), (366840, 7), (366840, 8), (366840, 9), (366840, 10), (366840, 11), (366840, 12), (366840, 13), (366840, 14), (366840, 15), (366840, 16), (366840, 17), (366840, 18), (366840, 19), (366840, 20), (366840, 21), (366840, 22), (366840, 23), (366840, 24), (366840, 25), (366840, 26), (366840, 27), (366840, 28), (366840, 29), (366840, 30), (366840, 31), (366840, 32), (366840, 33), (366840, 34), (366840, 35), (366840, 36), (366840, 37), (366840, 38), (366840, 39), (366840, 40), (366840, 41), (366840, 42), (366840, 43), (366840, 44), (366840, 45), (366840, 46), (366840, 47), (366840, 48), (366840, 49), (366840, 50), (366840, 51), (366840, 52), (366840, 53), (366840, 54), (366840, 55), (366840, 56), (366840, 57), (366840, 58), (366840, 59), (366840, 60), (366840, 61), (366840, 62), (366840, 63), (366840, 64), (366840, 65), (366840, 66), (366840, 67), (366840, 68), (366840, 69), (366840, 70), (366840, 71), (366840, 72), (366840, 73), (366840, 74), (366840, 75), (366840, 76), (366840, 77), (366840, 78), (366840, 79), (366840, 80), (366840, 81), (366840, 82), (366840, 83), (366840, 84), (366840, 85), (366840, 86), (366840, 87), (366840, 88), (366840, 89), (366840, 90), (366840, 91), (366840, 92), (366840, 93), (366840, 94), (366840, 95), (366840, 96), (366840, 97), (366840, 98), (366840, 99), (366840, 100), (366840, 101), (366840, 102), (366840, 103), (366840, 104), (366840, 105), (366840, 106), (366840, 107), (366840, 108), (366840, 109), (366840, 110), (366840, 111), (366840, 112), (366840, 113), (366840, 114), (366840, 115), (366840, 116), (366840, 117), (366840, 118), (366840, 119), (366840, 120), (366840, 121), (366840, 122), (366840, 123), (366840, 124), (366840, 125), (366840, 126), (366840, 127), (366840, 128), (366840, 129), (366840, 130), (366840, 131), (366840, 132), (366840, 133), (366840, 134), (366840, 135), (366840, 136), (366840, 137), (366840, 138), (366840, 139), (366840, 140), (366840, 141), (366840, 142), (366840, 143), (366840, 144), (366840, 145), (366840, 146), (366840, 147), (366840, 148), (366840, 149), (366840, 150), (366840, 151), (366840, 152), (366840, 153), (366840, 154), (366840, 155), (366840, 156), (366840, 157), (366840, 158), (366840, 159), (366840, 160), (366840, 161), (366840, 162), (366840, 163), (366840, 164), (366840, 165), (366840, 166), (366840, 167), (366840, 168), (366840, 169), (366840, 170), (366840, 171), (366840, 172), (366840, 173), (366840, 174), (366840, 175), (366840, 176), (366840, 177), (366840, 178), (366840, 179), (366840, 180), (366833, 1), (366833, 2), (366833, 3), (366833, 4), (366833, 5), (366833, 6), (366833, 7), (366833, 8), (366833, 9), (366833, 10), (366833, 11), (366833, 12), (366833, 13), (366833, 14), (366833, 15), (366833, 16), (366833, 17), (366833, 18), (366833, 19), (366833, 20), (366833, 21), (366833, 22), (366833, 23), (366833, 24), (366833, 25), (366833, 26), (366833, 27), (366833, 28), (366833, 29), (366833, 30), (366833, 31), (366833, 32), (366833, 33), (366833, 34), (366833, 35), (366833, 36), (366833, 37), (366833, 38), (366833, 39), (366833, 40), (366833, 41), (366833, 42), (366833, 43), (366833, 44), (366833, 45), (366833, 46), (366833, 47), (366833, 48), (366833, 49), (366833, 50), (366833, 51), (366833, 52), (366833, 53), (366833, 54), (366833, 55), (366833, 56), (366833, 57), (366833, 58), (366833, 59), (366833, 60), (366833, 61), (366833, 62), (366833, 63), (366833, 64), (366833, 65), (366833, 66), (366833, 67), (366833, 68), (366833, 69), (366833, 70), (366833, 71), (366833, 72), (366833, 73), (366833, 74), (366833, 75), (366833, 76), (366833, 77), (366833, 78), (366833, 79), (366833, 80), (366833, 81), (366833, 82), (366833, 83), (366833, 84), (366833, 85), (366833, 86), (366833, 87), (366833, 88), (366833, 89), (366833, 90), (366833, 91), (366833, 92), (366833, 93), (366833, 94), (366833, 95), (366833, 96), (366833, 97), (366833, 98), (366833, 99), (366833, 100), (366833, 101), (366833, 102), (366833, 103), (366833, 104), (366833, 105), (366833, 106), (366833, 107), (366833, 108), (366833, 109), (366833, 110), (366833, 111), (366833, 112), (366833, 113), (366833, 114), (366833, 115), (366833, 116), (366833, 117), (366833, 118), (366833, 119), (366833, 120), (366833, 121), (366833, 122), (366833, 123), (366833, 124), (366833, 125), (366833, 126), (366833, 127), (366833, 128), (366833, 129), (366833, 130), (366833, 131), (366833, 132), (366833, 133), (366833, 134), (366833, 135), (366833, 136), (366833, 137), (366833, 138), (366833, 139), (366833, 140), (366833, 141), (366833, 142), (366833, 143), (366833, 144), (366833, 145), (366833, 146), (366833, 147), (366833, 148), (366833, 149), (366833, 150), (366833, 151), (366833, 152), (366833, 153), (366833, 154), (366833, 155), (366833, 156), (366833, 157), (366833, 158), (366833, 159), (366833, 160), (366833, 161), (366833, 162), (366833, 163), (366833, 164), (366833, 165), (366833, 166), (366833, 167), (366833, 168), (366833, 169), (366833, 170), (366833, 171), (366833, 172), (366833, 173), (366833, 174), (366833, 175), (366833, 176), (366833, 177), (366833, 178), (366833, 179), (366833, 180), (366833, 181), (366833, 182), (366833, 183), (366833, 184), (366833, 185), (366833, 186), (366833, 187), (366833, 188), (366833, 189), (366833, 190), (366833, 191), (366833, 192), (366833, 193), (366833, 194), (366833, 195), (366833, 196), (366833, 197), (366833, 198), (366833, 199), (366833, 200), (366833, 201), (366833, 202), (366833, 203), (366833, 204), (366833, 205), (366833, 206), (366833, 207), (366833, 208), (366833, 209), (366833, 210), (366833, 211), (366833, 212), (366833, 213), (366833, 214), (366833, 215), (366833, 216), (366833, 217), (366833, 218), (366833, 219), (366833, 220), (366833, 221), (366833, 222), (366833, 223), (366833, 224), (366833, 225), (366833, 226), (366833, 227), (366833, 228), (366833, 229), (366833, 230), (366833, 231), (366833, 232), (366833, 233), (366833, 234), (366833, 235), (366833, 236), (366833, 237), (366833, 238), (366833, 239), (366833, 240), (366833, 241), (366833, 242), (366833, 243), (366833, 244), (366833, 245), (366833, 246), (366833, 247), (366833, 248), (366833, 249), (366833, 250), (366833, 251), (366833, 252), (366833, 253), (366833, 254), (366833, 255), (366833, 256), (366833, 257), (366833, 258), (366833, 259), (366833, 260), (366833, 261), (366833, 262), (366833, 263), (366833, 264), (366833, 265), (366833, 266), (366833, 267), (366833, 268), (366833, 269), (366833, 270), (366833, 271), (366833, 272), (366833, 273), (366833, 274), (366833, 275), (366833, 276), (366833, 277), (366833, 278), (366833, 279), (366833, 280), (366833, 281), (366833, 282), (366833, 283), (366833, 284), (366833, 285), (366833, 286), (366833, 287), (366833, 288), (366833, 289), (366833, 290), (366833, 291), (366833, 292), (366833, 293), (366833, 294), (366833, 295), (366833, 296), (366833, 297), (366833, 298), (366833, 299), (366833, 300), (366833, 301), (366833, 302), (366833, 303), (366833, 304), (366833, 305), (366833, 306), (366833, 307), (366833, 308), (366833, 309), (366833, 310), (366833, 311), (366833, 312), (366833, 313), (366833, 314), (366833, 315), (366833, 316), (366833, 317), (366833, 318), (366833, 319), (366833, 320), (366833, 321), (366833, 322), (366833, 323), (366833, 324), (366833, 325), (366833, 326), (366833, 327), (366833, 328), (366833, 329), (366833, 330), (366833, 331), (366833, 332), (366833, 333), (366833, 334), (366833, 335), (366833, 336), (366833, 337), (366833, 338), (366833, 339), (366833, 340), (366833, 341), (366833, 342), (366833, 343), (366833, 344), (366833, 345), (366833, 346), (366833, 347), (366833, 348), (366833, 349), (366833, 350), (366833, 351), (366833, 352), (366833, 353), (366833, 354), (366833, 355), (366833, 356), (366833, 357), (366833, 358), (366833, 359), (366833, 360), (366833, 361), (366833, 362), (366833, 363), (366833, 364), (366833, 365), (366833, 366), (366833, 367), (366833, 368), (366833, 369), (366833, 370), (366833, 371), (366833, 372), (366833, 373), (366833, 374), (366833, 375), (366833, 376), (366833, 377), (366833, 378), (366833, 379), (366833, 380), (366833, 381), (366833, 382), (366833, 383), (366833, 384), (366833, 385), (366833, 386), (366833, 387), (366833, 388), (366833, 389), (366833, 390), (366833, 391), (366833, 392), (366833, 393), (366833, 394), (366833, 395), (366833, 396), (366833, 397), (366833, 398), (366833, 399), (366833, 400), (366833, 401), (366833, 402), (366833, 403), (366833, 404), (366833, 405), (366833, 406), (366833, 407), (366833, 408), (366833, 409), (366833, 410), (366833, 411), (366833, 412), (366833, 413), (366833, 414), (366833, 415), (366833, 416), (366833, 417), (366833, 418), (366833, 419), (366833, 420), (366833, 421), (366833, 422), (366833, 423), (366833, 424), (366833, 425), (366833, 426), (366833, 427), (366833, 428), (366833, 429), (366833, 430), (366833, 431), (366833, 432), (366833, 433), (366833, 434), (366833, 435), (366833, 436), (366833, 437), (366833, 438), (366833, 439), (366833, 440), (366833, 441), (366833, 442), (366833, 443), (366833, 444), (366833, 445), (366833, 446), (366833, 447), (366833, 448), (366833, 449), (366833, 450), (366833, 451), (366833, 452), (366833, 453), (366833, 454), (366833, 455), (366833, 456), (366833, 457), (366833, 458), (366833, 459), (366833, 460), (366833, 461), (366833, 462), (366833, 463), (366833, 464), (366833, 465), (366833, 466), (366833, 467), (366833, 468), (366833, 469), (366833, 470), (366833, 471), (366833, 472), (366833, 473), (366833, 474), (366833, 475), (366833, 476), (366833, 477), (366833, 478), (366833, 479), (366833, 480), (366833, 481), (366833, 482), (366833, 483), (366833, 484), (366833, 485), (366833, 486), (366833, 487), (366833, 488), (366833, 489), (366833, 490), (366833, 491), (366833, 492), (366833, 493), (366833, 494), (366833, 495), (366833, 496), (366833, 497), (366833, 498), (366833, 499), (366833, 500), (366833, 501), (366833, 502), (366833, 503), (366833, 504), (366833, 505), (366833, 506), (366833, 507), (366833, 508), (366833, 509), (366833, 510), (366833, 511), (366833, 512), (366833, 513), (366833, 514), (366833, 515), (366833, 516), (366833, 517), (366833, 518), (366833, 519), (366833, 520), (366833, 521), (366833, 522), (366833, 523), (366833, 524), (366833, 525), (366833, 526), (366833, 527), (366833, 528), (366833, 529), (366833, 530), (366833, 531), (366833, 532), (366833, 533), (366833, 534), (366833, 535), (366833, 536), (366833, 537), (366833, 538), (366833, 539), (366833, 540), (366833, 541), (366833, 542), (366833, 543), (366833, 544), (366833, 545), (366833, 546), (366833, 547), (366833, 548), (366833, 549), (366833, 550), (366833, 551), (366833, 552), (366833, 553), (366833, 554), (366833, 555), (366833, 556), (366833, 557), (366833, 558), (366833, 559), (366833, 560), (366833, 561), (366833, 562), (366833, 563), (366833, 564), (366833, 565), (366833, 566), (366833, 567), (366833, 568), (366833, 569), (366833, 570), (366833, 571), (366833, 572), (366833, 573), (366833, 574), (366833, 575), (366833, 576), (366833, 577), (366833, 578), (366833, 579), (366833, 580), (366833, 581), (366833, 582), (366833, 583), (366833, 584), (366833, 585), (366833, 586), (366833, 587), (366833, 588), (366833, 589), (366833, 590), (366833, 591), (366833, 592), (366833, 593), (366833, 594), (366833, 595), (366833, 596), (366833, 597), (366833, 598), (366833, 599), (366833, 600), (366833, 601), (366833, 602), (366833, 603), (366833, 604), (366833, 605), (366833, 606), (366833, 607), (366833, 608), (366833, 609), (366833, 610), (366833, 611), (366833, 612), (366833, 613), (366833, 614), (366833, 615), (366833, 616), (366833, 617), (366833, 618), (366833, 619), (366833, 620), (366833, 621), (366833, 622), (366833, 623), (366832, 1), (366832, 2), (366832, 3), (366832, 4), (366832, 5), (366832, 6), (366832, 7), (366832, 8), (366832, 9), (366832, 10), (366832, 11), (366832, 12), (366832, 13), (366832, 14), (366832, 15), (366832, 16), (366832, 17), (366832, 18), (366832, 19), (366832, 20), (366832, 21), (366832, 22), (366832, 23), (366832, 24), (366832, 25), (366832, 26), (366832, 27), (366832, 28), (366832, 29), (366832, 30), (366832, 31), (366832, 32), (366832, 33), (366832, 34), (366832, 35), (366832, 36), (366832, 37), (366832, 38), (366832, 39), (366832, 40), (366832, 41), (366832, 42), (366832, 43), (366832, 44), (366832, 45), (366832, 46), (366832, 47), (366832, 48), (366832, 49), (366832, 50), (366832, 51), (366832, 52), (366832, 53), (366832, 54), (366832, 55), (366832, 56), (366832, 57), (366832, 58), (366832, 59), (366832, 60), (366832, 61), (366832, 62), (366832, 63), (366832, 64), (366832, 65), (366832, 66), (366832, 67), (366832, 68), (366832, 69), (366832, 70), (366832, 71), (366832, 72), (366832, 73), (366832, 74), (366832, 75), (366832, 76), (366832, 77), (366832, 78), (366832, 79), (366832, 80), (366832, 81), (366832, 82), (366832, 83), (366832, 84), (366832, 85), (366832, 86), (366832, 87), (366832, 88), (366832, 89), (366832, 90), (366832, 91), (366832, 92), (366832, 93), (366832, 94), (366832, 95), (366832, 96), (366832, 97), (366832, 98), (366832, 99), (366832, 100), (366832, 101), (366832, 102), (366832, 103), (366832, 104), (366832, 105), (366832, 106), (366832, 107), (366832, 108), (366832, 109), (366832, 110), (366832, 111), (366832, 112), (366832, 113), (366832, 114), (366832, 115), (366832, 116), (366832, 117), (366832, 118), (366832, 119), (366832, 120), (366832, 121), (366832, 122), (366832, 123), (366832, 124), (366832, 125), (366832, 126), (366832, 127), (366832, 128), (366832, 129), (366832, 130), (366832, 131), (366832, 132), (366832, 133), (366832, 134), (366832, 135), (366832, 136), (366832, 137), (366832, 138), (366832, 139), (366832, 140), (366832, 141), (366832, 142), (366832, 143), (366832, 144), (366832, 145), (366832, 146), (366832, 147), (366832, 148), (366832, 149), (366832, 150), (366832, 151), (366832, 152), (366832, 153), (366832, 154), (366832, 155), (366832, 156), (366832, 157), (366832, 158), (366832, 159), (366832, 160), (366832, 161), (366832, 162), (366832, 163), (366832, 164), (366832, 165), (366832, 166), (366832, 167), (366832, 168), (366832, 169), (366832, 170), (366832, 171), (366832, 172), (366832, 173), (366832, 174), (366832, 175), (366832, 176), (366832, 177), (366832, 178), (366832, 179), (366832, 180), (366832, 181), (366832, 182), (366832, 183), (366832, 184), (366832, 185), (366832, 186), (366832, 187), (366832, 188), (366832, 189), (366832, 190), (366832, 191), (366832, 192), (366832, 193), (366832, 194), (366832, 195), (366832, 196), (366832, 197), (366832, 198), (366832, 199), (366832, 200), (366832, 201), (366832, 202), (366832, 203), (366832, 204), (366832, 205), (366832, 206), (366832, 207), (366832, 208), (366832, 209), (366832, 210), (366832, 211), (366832, 212), (366832, 213), (366832, 214), (366832, 215), (366832, 216), (366832, 217), (366832, 218), (366832, 219), (366832, 220), (366832, 221), (366832, 222), (366832, 223), (366832, 224), (366832, 225), (366832, 226), (366832, 227), (366832, 228), (366832, 229), (366832, 230), (366832, 231), (366832, 232), (366832, 233), (366832, 234), (366832, 235), (366832, 236), (366832, 237), (366832, 238), (366832, 239), (366832, 240), (366832, 241), (366832, 242), (366832, 243), (366832, 244), (366832, 245), (366832, 246), (366832, 247), (366832, 248), (366832, 249), (366832, 250), (366832, 251), (366832, 252), (366832, 253), (366832, 254), (366832, 255), (366832, 256), (366832, 257), (366832, 258), (366829, 19), (366829, 20), (366829, 21), (366829, 22), (366829, 23), (366829, 24), (366829, 25), (366829, 26), (366829, 27), (366829, 28), (366829, 29), (366829, 30), (366829, 31), (366829, 32), (366829, 33), (366829, 34), (366829, 35), (366829, 36), (366829, 37), (366829, 38), (366829, 39), (366829, 40), (366829, 41), (366829, 42), (366829, 43), (366829, 44), (366829, 45), (366829, 46), (366829, 47), (366829, 48), (366829, 49), (366829, 50), (366829, 51), (366829, 52), (366829, 53), (366829, 54), (366829, 55), (366829, 56), (366829, 57), (366829, 58), (366829, 59), (366829, 60), (366829, 61), (366829, 62), (366829, 63), (366829, 64), (366829, 65), (366829, 66), (366829, 67), (366829, 68), (366829, 69), (366829, 70), (366829, 71), (366829, 72), (366829, 73), (366829, 74), (366829, 75), (366829, 76), (366829, 77), (366829, 78), (366829, 79), (366829, 80), (366829, 81), (366829, 82), (366829, 83), (366829, 84), (366829, 85), (366829, 86), (366829, 87), (366829, 88), (366829, 89), (366829, 90), (366829, 91), (366829, 92), (366829, 93), (366829, 94), (366829, 95), (366829, 96), (366829, 97), (366829, 98), (366829, 99), (366829, 100), (366829, 101), (366829, 102), (366829, 103), (366829, 104), (366829, 105), (366829, 106), (366829, 107), (366829, 108), (366829, 109), (366829, 110), (366829, 111), (366829, 112), (366829, 113), (366829, 114), (366829, 115), (366829, 116), (366829, 117), (366829, 118), (366829, 119), (366829, 120), (366829, 121), (366829, 122), (366829, 123), (366829, 124), (366829, 125), (366829, 126), (366829, 127), (366829, 128), (366829, 129), (366829, 130), (366829, 131), (366829, 132), (366829, 133), (366829, 134), (366829, 135), (366829, 136), (366829, 137), (366829, 138), (366829, 139), (366829, 140), (366829, 141), (366829, 142), (366829, 143), (366829, 144), (366829, 145), (366829, 146), (366829, 147), (366829, 148), (366829, 149), (366829, 150), (366829, 151), (366829, 152), (366829, 153), (366829, 154), (366829, 155), (366829, 156), (366829, 157), (366829, 158), (366829, 159), (366829, 160), (366829, 161), (366829, 162), (366829, 163), (366829, 164), (366829, 165), (366829, 166), (366829, 167), (366829, 168), (366829, 169), (366829, 170), (366829, 171), (366829, 172), (366829, 173), (366829, 174), (366829, 175), (366829, 176), (366829, 177), (366829, 178), (366829, 179), (366829, 180), (366829, 181), (366829, 182), (366829, 183), (366829, 184), (366829, 185), (366829, 186), (366829, 187), (366829, 188), (366829, 189), (366829, 190), (366829, 191), (366829, 192), (366829, 193), (366829, 194), (366829, 195), (366829, 196), (366829, 197), (366829, 198), (366829, 199), (366829, 200), (366829, 201), (366829, 202), (366829, 203), (366829, 204), (366829, 205), (366829, 206), (366829, 207), (366829, 208), (366829, 209), (366829, 210), (366829, 211), (366829, 212), (366829, 213), (366829, 214), (366829, 215), (366829, 216), (366829, 217), (366829, 218), (366829, 219), (366829, 220), (366829, 221), (366829, 222), (366829, 223), (366829, 224), (366829, 225), (366829, 226), (366829, 227), (366829, 228), (366829, 229), (366829, 230), (366829, 231), (366829, 232), (366829, 233), (366821, 1), (366821, 2), (366821, 3), (366821, 4), (366821, 5), (366821, 6), (366821, 7), (366821, 8), (366821, 9), (366821, 10), (366821, 11), (366821, 12), (366821, 13), (366821, 14), (366821, 15), (366821, 16), (366821, 17), (366821, 18), (366821, 19), (366821, 20), (366821, 21), (366821, 22), (366821, 23), (366821, 24), (366821, 25), (366821, 26), (366821, 27), (366821, 28), (366821, 29), (366821, 30), (366821, 31), (366821, 32), (366821, 33), (366821, 34), (366821, 35), (366821, 36), (366821, 37), (366821, 38), (366821, 39), (366821, 40), (366821, 41), (366821, 42), (366821, 43), (366821, 44), (366821, 45), (366821, 46), (366821, 47), (366821, 48), (366821, 49), (366821, 50), (366821, 51), (366821, 52), (366821, 53), (366821, 54), (366821, 55), (366821, 56), (366821, 57), (366821, 58), (366821, 59), (366821, 60), (366821, 61), (366821, 62), (366821, 63), (366821, 64), (366821, 65), (366821, 66), (366821, 67), (366821, 68), (366821, 69), (366821, 70), (366821, 71), (366821, 72), (366821, 73), (366821, 74), (366821, 75), (366821, 76), (366821, 77), (366821, 78), (366821, 79), (366821, 80), (366821, 81), (366821, 82), (366821, 83), (366821, 84), (366821, 85), (366821, 86), (366821, 87), (366821, 88), (366821, 89), (366821, 90), (366821, 91), (366821, 92), (366821, 93), (366821, 94), (366821, 95), (366821, 96), (366821, 97), (366821, 98), (366821, 99), (366821, 100), (366821, 101), (366821, 102), (366821, 103), (366821, 104), (366821, 105), (366821, 106), (366821, 107), (366821, 108), (366821, 109), (366821, 110), (366821, 111), (366821, 112), (366821, 113), (366821, 114), (366821, 115), (366821, 116), (366821, 117), (366821, 118), (366821, 119), (366821, 120), (366821, 121), (366821, 122), (366821, 123), (366821, 124), (366821, 125), (366821, 126), (366821, 127), (366821, 128), (366821, 129), (366821, 130), (366821, 131), (366821, 132), (366821, 133), (366821, 134), (366821, 135), (366821, 136), (366821, 137), (366821, 138), (366821, 139), (366821, 140), (366821, 141), (366821, 142), (366821, 143), (366821, 144), (366821, 145), (366821, 146), (366821, 147), (366821, 148), (366821, 149), (366821, 150), (366821, 151), (366821, 152), (366821, 153), (366821, 154), (366821, 155), (366821, 156), (366821, 157), (366821, 158), (366821, 159), (366821, 160), (366821, 161), (366821, 162), (366821, 163), (366821, 164), (366821, 165), (366821, 166), (366821, 167), (366821, 168), (366821, 169), (366821, 170), (366821, 171), (366821, 172), (366821, 173), (366821, 174), (366821, 175), (366821, 176), (366821, 177), (366821, 178), (366821, 179), (366821, 180), (366821, 181), (366821, 182), (366821, 183), (366821, 184), (366821, 185), (366821, 186), (366821, 187), (366821, 188), (366821, 189), (366821, 190), (366821, 191), (366821, 192), (366821, 193), (366821, 194), (366821, 195), (366821, 196), (366821, 197), (366821, 198), (366821, 199), (366821, 200), (366821, 201), (366821, 202), (366821, 203), (366821, 204), (366821, 205), (366821, 206), (366821, 207), (366821, 208), (366821, 209), (366821, 210), (366821, 211), (366821, 212), (366821, 213), (366821, 214), (366821, 215), (366821, 216), (366821, 217), (366821, 218), (366821, 219), (366821, 220), (366821, 221), (366821, 222), (366821, 223), (366821, 224), (366821, 225), (366821, 226), (366821, 227), (366821, 228), (366821, 229), (366821, 230), (366821, 231), (366821, 232), (366821, 233), (366821, 234), (366821, 235), (366821, 236), (366821, 237), (366821, 238), (366821, 239), (366821, 240), (366821, 241), (366821, 242), (366821, 243), (366821, 244), (366821, 245), (366821, 246), (366821, 247), (366821, 248), (366821, 249), (366821, 250), (366821, 251), (366821, 252), (366821, 253), (366821, 254), (366821, 255), (366821, 256), (366821, 257), (366821, 258), (366821, 259), (366821, 260), (366821, 261), (366821, 262), (366821, 263), (366821, 264), (366821, 265), (366821, 266), (366821, 267), (366821, 268), (366821, 269), (366821, 270), (366821, 271), (366821, 272), (366821, 273), (366821, 274), (366821, 275), (366821, 276), (366821, 277), (366821, 278), (366821, 279), (366821, 280), (366821, 281), (366821, 282), (366821, 283), (366821, 284), (366821, 285), (366821, 286), (366821, 287), (366821, 288), (366821, 289), (366821, 290), (366821, 291), (366821, 292), (366821, 293), (366821, 294), (366821, 295), (366821, 296), (366821, 297), (366821, 298), (366821, 299), (366821, 300), (366821, 301), (366821, 302), (366821, 303), (366821, 304), (366821, 305), (366821, 306), (366821, 307), (366821, 308), (366821, 309), (366821, 310), (366821, 311), (366821, 312), (366821, 313), (366821, 314), (366821, 315), (366821, 316), (366821, 317), (366821, 318), (366821, 319), (366821, 320), (366821, 321), (366821, 322), (366821, 323), (366821, 324), (366821, 325), (366821, 326), (366821, 327), (366821, 328), (366821, 329), (366821, 330), (366821, 331), (366821, 332), (366821, 333), (366821, 334), (366821, 335), (366821, 336), (366821, 337), (366821, 338), (366821, 339), (366821, 340), (366821, 341), (366821, 342), (366821, 343), (366821, 344), (366821, 345), (366821, 346), (366821, 347), (366821, 348), (366821, 349), (366821, 350), (366821, 351), (366821, 352), (366821, 353), (366821, 354), (366821, 355), (366821, 356), (366821, 357), (366821, 358), (366821, 359), (366821, 360), (366821, 361), (366821, 362), (366821, 363), (366821, 364), (366821, 365), (366821, 366), (366821, 367), (366821, 368), (366821, 369), (366821, 370), (366821, 371), (366821, 372), (366821, 373), (366821, 374), (366821, 375), (366821, 376), (366821, 377), (366821, 378), (366821, 379), (366821, 380), (366821, 381), (366821, 382), (366821, 383), (366821, 384), (366821, 385), (366821, 386), (366821, 387), (366821, 388), (366821, 389), (366821, 390), (366821, 391), (366821, 392), (366821, 393), (366821, 394), (366821, 395), (366821, 396), (366821, 397), (366821, 398), (366821, 399), (366821, 400), (366821, 401), (366821, 402), (366821, 403), (366821, 404), (366821, 405), (366821, 406), (366821, 407), (366821, 408), (366821, 409), (366821, 410), (366821, 411), (366821, 412), (366821, 413), (366821, 414), (366821, 415), (366821, 416), (366821, 417), (366821, 418), (366821, 419), (366821, 420), (366821, 421), (366821, 422), (366821, 423), (366821, 424), (366821, 425), (366821, 426), (366821, 427), (366821, 428), (366821, 429), (366821, 430), (366821, 431), (366821, 432), (366821, 433), (366821, 434), (366821, 435), (366821, 436), (366821, 437), (366821, 438), (366821, 439), (366821, 440), (366821, 441), (366821, 442), (366821, 443), (366821, 444), (366821, 445), (366821, 446), (366821, 447), (366821, 448), (366821, 449), (366821, 450), (366821, 451), (366821, 452), (366821, 453), (366821, 454), (366821, 455), (366821, 456), (366821, 457), (366821, 458), (366821, 459), (366821, 460), (366821, 461), (366821, 462), (366821, 463), (366821, 464), (366821, 465), (366821, 466), (366821, 467), (366821, 468), (366821, 469), (366821, 470), (366821, 471), (366821, 472), (366821, 473), (366821, 474), (366821, 475), (366821, 476), (366821, 477), (366821, 478), (366821, 479), (366821, 480), (366821, 481), (366821, 482), (366821, 483), (366821, 484), (366821, 485), (366821, 486), (366821, 487), (366821, 488), (366821, 489), (366821, 490), (366821, 491), (366821, 492), (366821, 493), (366821, 494), (366821, 495), (366821, 496), (366821, 497), (366821, 498), (366821, 499), (366821, 500), (366821, 501), (366821, 502), (366821, 503), (366821, 504), (366821, 505), (366821, 506), (366821, 507), (366821, 508), (366821, 509), (366821, 510), (366821, 511), (366821, 512), (366821, 513), (366821, 514), (366821, 515), (366821, 516), (366821, 517), (366821, 518), (366821, 519), (366821, 520), (366821, 521), (366821, 522), (366821, 523), (366821, 524), (366821, 525), (366821, 526), (366821, 527), (366821, 528), (366821, 529), (366821, 530), (366821, 531), (366821, 532), (366821, 533), (366821, 534), (366821, 535), (366821, 536), (366821, 537), (366821, 538), (366821, 539), (366821, 540), (366821, 541), (366821, 542), (366821, 543), (366821, 544), (366821, 545), (366821, 546), (366821, 547), (366821, 548), (366821, 549), (366821, 550), (366821, 551), (366821, 552), (366821, 553), (366821, 554), (366821, 555), (366821, 556), (366821, 557), (366821, 558), (366821, 559), (366821, 560), (366821, 561), (366821, 562), (366821, 563), (366821, 564), (366821, 565), (366821, 566), (366821, 567), (366821, 568), (366821, 569), (366821, 570), (366821, 571), (366821, 572), (366821, 573), (366821, 574), (366821, 575), (366821, 576), (366821, 577), (366821, 578), (366821, 579), (366821, 580), (366821, 581), (366821, 582), (366821, 583), (366821, 584), (366821, 585), (366821, 586), (366821, 587), (366821, 588), (366821, 589), (366821, 590), (366821, 591), (366821, 592), (366821, 593), (366821, 594), (366821, 595), (366821, 596), (366821, 597), (366821, 598), (366821, 599), (366821, 600), (366821, 601), (366821, 602), (366821, 603), (366821, 604), (366821, 605), (366821, 606), (366821, 607), (366821, 608), (366821, 609), (366821, 610), (366821, 611), (366821, 612), (366821, 613), (366821, 614), (366821, 615), (366821, 616), (366821, 617), (366821, 618), (366821, 619), (366821, 620), (366821, 621), (366821, 622), (366821, 623), (366821, 624), (366821, 625), (366821, 626), (366821, 627), (366821, 628), (366821, 629), (366821, 630), (366821, 631), (366821, 632), (366821, 633), (366821, 634), (366821, 635), (366821, 636), (366821, 637), (366821, 638), (366821, 639), (366821, 640), (366821, 641), (366821, 642), (366821, 643), (366821, 644), (366821, 645), (366821, 646), (366821, 647), (366821, 648), (366821, 649), (366821, 650), (366821, 651), (366821, 652), (366821, 653), (366821, 654), (366821, 655), (366821, 656), (366821, 657), (366821, 658), (366821, 659), (366821, 660), (366821, 661), (366821, 662), (366821, 663), (366821, 664), (366821, 665), (366821, 666), (366821, 667), (366821, 668), (366821, 669), (366821, 670), (366821, 671), (366821, 672), (366821, 673), (366821, 674), (366821, 675), (366821, 676), (366821, 677), (366821, 678), (366821, 679), (366821, 680), (366821, 681), (366821, 682), (366821, 683), (366821, 684), (366821, 685), (366821, 686), (366821, 687), (366821, 688), (366821, 689), (366821, 690), (366821, 691), (366821, 692), (366821, 693), (366821, 694), (366821, 695), (366821, 696), (366821, 697), (366821, 698), (366821, 699), (366821, 700), (366821, 701), (366821, 702), (366821, 703), (366821, 704), (366821, 705), (366821, 706), (366821, 707), (366821, 708), (366821, 709), (366821, 710), (366821, 711), (366821, 712), (366821, 713), (366821, 714), (366821, 715), (366821, 716), (366821, 717), (366821, 718), (366821, 719), (366821, 720), (366821, 721), (366821, 722), (366821, 723), (366821, 724), (366821, 725), (366821, 726), (366821, 727), (366821, 728), (366821, 729), (366821, 730), (366821, 731), (366821, 732), (366821, 733), (366821, 734), (366821, 735), (366821, 736), (366821, 737), (366821, 738), (366821, 739), (366821, 740), (366821, 741), (366821, 742), (366821, 743), (366821, 744), (366821, 745), (366821, 746), (366821, 747), (366821, 748), (366821, 749), (366821, 750), (366821, 751), (366821, 752), (366821, 753), (366821, 754), (366821, 755), (366821, 756), (366821, 757), (366821, 758), (366821, 759), (366821, 760), (366821, 761), (366821, 762), (366821, 763), (366821, 764), (366821, 765), (366821, 766), (366821, 767), (366821, 768), (366821, 769), (366821, 770), (366821, 771), (366821, 772), (366821, 773), (366821, 774), (366821, 775), (366821, 776), (366821, 777), (366821, 778), (366821, 779), (366821, 780), (366821, 781), (366821, 782), (366821, 783), (366821, 784), (366821, 785), (366821, 786), (366821, 787), (366821, 788), (366821, 789), (366821, 790), (366821, 791), (366821, 792), (366821, 793), (366821, 794), (366821, 795), (366821, 796), (366821, 797), (366821, 798), (366821, 799), (366821, 800), (366821, 801), (366821, 802), (366821, 803), (366821, 804), (366821, 805), (366821, 806), (366821, 807), (366821, 808), (366821, 809), (366821, 810), (366821, 811), (366821, 812), (366821, 813), (366821, 814), (366821, 815), (366821, 816), (366821, 817), (366821, 818), (366821, 819), (366821, 820), (366821, 821), (366821, 822), (366821, 823), (366821, 824), (366821, 825), (366821, 826), (366821, 827), (366821, 828), (366821, 829), (366821, 830), (366821, 831), (366821, 832), (366821, 833), (366821, 834), (366821, 835), (366821, 836), (366821, 837), (366821, 838), (366821, 839), (366821, 840), (366821, 841), (366821, 842), (366821, 843), (366821, 844), (366821, 845), (366821, 846), (366821, 847), (366821, 848), (366821, 849), (366821, 850), (366821, 851), (366821, 852), (366821, 853), (366821, 854), (366821, 855), (366821, 856), (366821, 857), (366821, 858), (366821, 859), (366821, 860), (366821, 861), (366821, 862), (366821, 863), (366821, 864), (366821, 865), (366821, 866), (366821, 867), (366821, 868), (366821, 869), (366821, 870), (366821, 871), (366821, 872), (366821, 873), (366821, 874), (366821, 875), (366821, 876), (366821, 877), (366821, 878), (366821, 879), (366821, 880), (366821, 881), (366821, 882), (366821, 883), (366821, 884), (366821, 885), (366821, 886), (366821, 887), (366821, 888), (366821, 889), (366821, 890), (366821, 891), (366821, 892), (366821, 893), (366821, 894), (366821, 895), (366821, 896), (366821, 897), (366821, 898), (366821, 899), (366821, 900), (366821, 901), (366821, 902), (366821, 903), (366821, 904), (366821, 905), (366821, 906), (366821, 907), (366821, 908), (366821, 909), (366821, 910), (366821, 911), (366821, 912), (366821, 913), (366821, 914), (366821, 915), (366821, 916), (366821, 917), (366821, 918), (366821, 919), (366821, 920), (366821, 921), (366821, 922), (366821, 923), (366821, 924), (366821, 925), (366821, 926), (366821, 927), (366821, 928), (366821, 929), (366821, 930), (366821, 931), (366821, 932), (366821, 933), (366821, 934), (366821, 935), (366821, 936), (366821, 937), (366821, 938), (366821, 939), (366821, 940), (366821, 941), (366821, 942), (366821, 943), (366821, 944), (366821, 945), (366821, 946), (366821, 947), (366821, 948), (366821, 949), (366821, 950), (366821, 951), (366821, 952), (366821, 953), (366821, 954), (366821, 955), (366821, 956), (366821, 957), (366821, 958), (366821, 959), (366821, 960), (366821, 961), (366821, 962), (366821, 963), (366821, 964), (366821, 965), (366821, 966), (366821, 967), (366820, 40), (366820, 41), (366820, 42), (366820, 43), (366820, 44), (366820, 45), (366820, 46), (366820, 47), (366820, 48), (366820, 49), (366820, 50), (366820, 51), (366820, 52), (366820, 53), (366820, 54), (366820, 55), (366820, 56), (366820, 57), (366820, 58), (366820, 59), (366820, 60), (366820, 61), (366820, 62), (366820, 63), (366820, 64), (366820, 65), (366820, 66), (366820, 67), (366820, 68), (366820, 69), (366820, 70), (366820, 71), (366820, 72), (366820, 73), (366820, 74), (366820, 75), (366820, 76), (366820, 77), (366820, 78), (366820, 79), (366820, 80), (366820, 81), (366820, 82), (366820, 83), (366820, 84), (366820, 85), (366820, 86), (366820, 87), (366820, 88), (366820, 89), (366820, 90), (366820, 91), (366820, 92), (366820, 93), (366820, 94), (366820, 95), (366820, 96), (366820, 97), (366820, 98), (366820, 99), (366820, 100), (366820, 101), (366820, 102), (366820, 103), (366820, 104), (366820, 105), (366820, 106), (366820, 107), (366820, 108), (366820, 109), (366820, 110), (366820, 111), (366820, 112), (366820, 113), (366820, 114), (366820, 115), (366820, 116), (366820, 117), (366820, 118), (366820, 119), (366820, 120), (366820, 121), (366820, 122), (366820, 123), (366820, 124), (366820, 125), (366820, 126), (366820, 127), (366820, 128), (366820, 129), (366820, 130), (366820, 131), (366820, 132), (366820, 133), (366820, 134), (366820, 135), (366820, 136), (366820, 137), (366820, 138), (366820, 139), (366820, 140), (366820, 141), (366820, 142), (366820, 143), (366820, 144), (366820, 145), (366820, 146), (366820, 147), (366820, 148), (366820, 149), (366820, 150), (366820, 151), (366820, 152), (366820, 153), (366820, 154), (366820, 155), (366820, 156), (366820, 157), (366820, 158), (366820, 159), (366820, 160), (366820, 161), (366820, 162), (366820, 163), (366820, 164), (366820, 165), (366820, 166), (366820, 167), (366820, 168), (366820, 169), (366820, 170), (366820, 171), (366820, 172), (366820, 173), (366820, 174), (366820, 175), (366820, 176), (366820, 177), (366820, 178), (366820, 179), (366820, 180), (366820, 181), (366820, 182), (366820, 183), (366820, 184), (366820, 185), (366820, 186), (366820, 187), (366820, 188), (366820, 189), (366820, 190), (366820, 191), (366820, 192), (366820, 193), (366820, 194), (366820, 195), (366820, 196), (366820, 197), (366820, 198), (366820, 199), (366820, 200), (366820, 201), (366820, 202), (366820, 203), (366820, 204), (366820, 205), (366820, 206), (366820, 207), (366820, 208), (366820, 209), (366820, 210), (366820, 211), (366820, 212), (366820, 213), (366820, 214), (366820, 215), (366820, 216), (366820, 217), (366820, 218), (366820, 219), (366820, 220), (366820, 221), (366820, 222), (366820, 223), (366820, 224), (366820, 225), (366820, 226), (366820, 227), (366820, 228), (366820, 229), (366820, 230), (366820, 231), (366820, 232), (366820, 233), (366820, 234), (366820, 235), (366820, 236), (366820, 237), (366820, 238), (366820, 239), (366820, 240), (366820, 241), (366820, 242), (366820, 243), (366820, 244), (366820, 245), (366820, 246), (366820, 247), (366820, 248), (366820, 249), (366820, 250), (366820, 251), (366820, 252), (366820, 253), (366820, 254), (366820, 255), (366820, 256), (366820, 257), (366820, 258), (366820, 259), (366820, 260), (366820, 261), (366820, 262), (366820, 263), (366820, 264), (366820, 265), (366820, 266), (366820, 267), (366820, 268), (366820, 269), (366820, 270), (366820, 271), (366820, 272), (366820, 273), (366820, 274), (366820, 275), (366820, 276), (366820, 277), (366820, 278), (366820, 279), (366820, 280), (366820, 281), (366820, 282), (366820, 283), (366820, 284), (366820, 285), (366820, 286), (366820, 287), (366820, 288), (366820, 289), (366820, 290), (366820, 291), (366820, 292), (366820, 293), (366820, 294), (366820, 295), (366820, 296), (366820, 297), (366820, 298), (366820, 299), (366820, 300), (366820, 301), (366820, 302), (366820, 303), (366820, 304), (366820, 305), (366820, 306), (366820, 307), (366820, 308), (366820, 309), (366820, 310), (366820, 311), (366820, 312), (366820, 313), (366820, 314), (366820, 315), (366820, 316), (366820, 317), (366820, 318), (366820, 319), (366820, 320), (366820, 321), (366820, 322), (366820, 323), (366820, 324), (366820, 325), (366820, 326), (366820, 327), (366820, 328), (366820, 329), (366820, 330), (366820, 331), (366820, 332), (366820, 333), (366820, 334), (366820, 335), (366820, 336), (366820, 337), (366820, 338), (366820, 339), (366820, 340), (366820, 341), (366820, 342), (366820, 343), (366820, 344), (366820, 345), (366820, 346), (366820, 347), (366820, 348), (366820, 349), (366820, 350), (366820, 351), (366820, 352), (366820, 353), (366820, 354), (366820, 355), (366820, 356), (366820, 357), (366820, 358), (366820, 359), (366820, 360), (366820, 361), (366820, 362), (366820, 363), (366820, 364), (366820, 365), (366820, 366), (366820, 367), (366820, 368), (366820, 369), (366820, 370), (366820, 371), (366820, 372), (366820, 373), (366820, 374), (366820, 375), (366820, 376), (366820, 377), (366820, 378), (366820, 379), (366820, 380), (366820, 381), (366820, 382), (366820, 383), (366820, 384), (366820, 385), (366820, 386), (366820, 387), (366820, 388), (366820, 389), (366820, 390), (366820, 391), (366820, 392), (366820, 393), (366820, 394), (366820, 395), (366820, 396), (366820, 397), (366820, 398), (366820, 399), (366820, 400), (366820, 401), (366820, 402), (366820, 403), (366820, 404), (366820, 405), (366820, 406), (366820, 407), (366820, 408), (366820, 409), (366820, 410), (366820, 411), (366804, 1), (366804, 2), (366804, 3), (366804, 4), (366804, 5), (366804, 6), (366804, 7), (366804, 8), (366804, 9), (366804, 10), (366804, 11), (366804, 12), (366804, 13), (366804, 14), (366804, 15), (366804, 16), (366804, 17), (366804, 18), (366804, 19), (366804, 20), (366804, 21), (366804, 22), (366804, 23), (366804, 24), (366804, 25), (366804, 26), (366804, 27), (366804, 28), (366804, 29), (366804, 30), (366804, 31), (366804, 32), (366804, 33), (366804, 34), (366804, 35), (366804, 36), (366804, 37), (366804, 38), (366804, 39), (366804, 40), (366804, 41), (366804, 42), (366804, 43), (366804, 44), (366804, 45), (366804, 46), (366804, 47), (366804, 48), (366804, 49), (366804, 50), (366804, 51), (366804, 52), (366804, 53), (366804, 54), (366804, 55), (366804, 56), (366804, 57), (366804, 58), (366804, 59), (366804, 60), (366804, 61), (366804, 62), (366804, 63), (366804, 64), (366804, 65), (366804, 66), (366804, 67), (366804, 68), (366804, 69), (366804, 70), (366804, 71), (366804, 72), (366804, 73), (366804, 74), (366804, 75), (366804, 76), (366804, 77), (366804, 78), (366804, 79), (366804, 80), (366804, 81), (366804, 82), (366804, 83), (366804, 84), (366804, 85), (366804, 86), (366804, 87), (366804, 88), (366804, 89), (366804, 90), (366804, 91), (366804, 92), (366804, 93), (366804, 94), (366804, 95), (366804, 96), (366804, 97), (366804, 98), (366804, 99), (366804, 100), (366804, 101), (366804, 102), (366804, 103), (366804, 104), (366804, 105), (366804, 106), (366804, 107), (366804, 108), (366804, 109), (366804, 110), (366804, 111), (366804, 112), (366804, 113), (366804, 114), (366804, 115), (366804, 116), (366804, 117), (366804, 118), (366804, 119), (366804, 120), (366804, 121), (366804, 122), (366804, 123), (366804, 124), (366804, 125), (366804, 126), (366804, 127), (366804, 128), (366804, 129), (366804, 130), (366804, 131), (366804, 132), (366804, 133), (366804, 134), (366804, 135), (366804, 136), (366804, 137), (366804, 138), (366804, 139), (366804, 140), (366804, 141), (366804, 142), (366804, 143), (366804, 144), (366804, 145), (366804, 146), (366804, 147), (366804, 148), (366804, 149), (366804, 150), (366802, 1), (366802, 2), (366802, 3), (366802, 4), (366802, 5), (366802, 6), (366802, 7), (366802, 8), (366802, 9), (366802, 10), (366802, 11), (366802, 12), (366802, 13), (366802, 14), (366802, 15), (366802, 16), (366802, 17), (366802, 18), (366802, 19), (366802, 20), (366802, 21), (366802, 22), (366801, 1), (366801, 2), (366801, 3), (366801, 4), (366801, 5), (366801, 6), (366801, 7), (366801, 8), (366801, 9), (366801, 10), (366801, 11), (366801, 12), (366801, 13), (366801, 14), (366801, 15), (366801, 16), (366801, 17), (366801, 18), (366801, 19), (366801, 20), (366801, 21), (366801, 22), (366801, 23), (366801, 24), (366801, 25), (366801, 26), (366801, 27), (366801, 28), (366801, 29), (366801, 30), (366801, 31), (366801, 32), (366801, 33), (366801, 34), (366801, 35), (366801, 36), (366801, 37), (366801, 38), (366801, 39), (366801, 40), (366801, 41), (366801, 42), (366801, 43), (366801, 44), (366801, 45), (366801, 46), (366801, 47), (366801, 48), (366801, 49), (366801, 50), (366801, 51), (366801, 52), (366801, 53), (366801, 54), (366801, 55), (366801, 56), (366801, 57), (366801, 58), (366801, 59), (366801, 60), (366801, 61), (366801, 62), (366801, 63), (366801, 64), (366801, 65), (366801, 66), (366801, 67), (366801, 68), (366801, 69), (366801, 70), (366801, 71), (366801, 72), (366801, 73), (366801, 74), (366801, 75), (366801, 76), (366801, 77), (366801, 78), (366801, 79), (366801, 80), (366801, 81), (366801, 82), (366801, 83), (366801, 84), (366801, 85), (366801, 86), (366801, 87), (366801, 88), (366801, 89), (366801, 90), (366801, 91), (366801, 92), (366801, 93), (366801, 94), (366801, 95), (366801, 96), (366801, 97), (366801, 98), (366801, 99), (366801, 100), (366801, 101), (366801, 102), (366801, 103), (366801, 104), (366801, 105), (366801, 106), (366801, 107), (366801, 108), (366801, 109), (366801, 110), (366801, 111), (366801, 112), (366801, 113), (366801, 114), (366801, 115), (366801, 116), (366801, 117), (366801, 118), (366801, 119), (366801, 120), (366801, 121), (366801, 122), (366801, 123), (366801, 124), (366801, 125), (366801, 126), (366801, 127), (366801, 128), (366801, 129), (366801, 130), (366801, 131), (366801, 132), (366801, 133), (366801, 134), (366801, 135), (366801, 136), (366801, 137), (366801, 138), (366801, 139), (366801, 140), (366801, 141), (366801, 142), (366801, 143), (366801, 144), (366801, 145), (366801, 146), (366801, 147), (366801, 148), (366801, 149), (366801, 150), (366801, 151), (366801, 152), (366801, 153), (366801, 154), (366801, 155), (366801, 156), (366801, 157), (366801, 158), (366801, 159), (366801, 160), (366801, 161), (366801, 162), (366801, 163), (366801, 164), (366801, 165), (366801, 166), (366801, 167), (366801, 168), (366801, 169), (366801, 170), (366801, 171), (366801, 172), (366801, 173), (366801, 174), (366801, 175), (366801, 176), (366801, 177), (366801, 178), (366801, 179), (366801, 180), (366801, 181), (366801, 182), (366801, 183), (366801, 184), (366801, 185), (366801, 186), (366801, 187), (366801, 188), (366801, 189), (366801, 190), (366801, 191), (366801, 192), (366801, 193), (366801, 194), (366801, 195), (366801, 196), (366801, 197), (366801, 198), (366801, 199), (366801, 200), (366801, 201), (366801, 202), (366801, 203), (366801, 204), (366801, 205), (366801, 206), (366801, 207), (366801, 208), (366801, 209), (366801, 210), (366801, 211), (366801, 212), (366801, 213), (366801, 214), (366801, 215), (366801, 216), (366801, 217), (366801, 218), (366801, 219), (366801, 220), (366801, 221), (366801, 222), (366801, 223), (366801, 224), (366801, 225), (366801, 226), (366801, 227), (366801, 228), (366801, 229), (366801, 230), (366801, 231), (366801, 232), (366801, 233), (366801, 234), (366801, 235), (366801, 236), (366801, 237), (366801, 238), (366801, 239), (366801, 240), (366801, 241), (366801, 242), (366801, 243), (366801, 244), (366801, 245), (366801, 246), (366801, 247), (366801, 248), (366801, 249), (366801, 250), (366801, 251), (366801, 252), (366801, 253), (366801, 254), (366801, 255), (366801, 256), (366801, 257), (366801, 258), (366801, 259), (366801, 260), (366801, 261), (366801, 262), (366801, 263), (366801, 264), (366801, 265), (366801, 266), (366801, 267), (366801, 268), (366801, 269), (366801, 270), (366801, 271), (366801, 272), (366801, 273), (366801, 274), (366801, 275), (366801, 276), (366801, 277), (366801, 278), (366801, 279), (366801, 280), (366801, 281), (366801, 282), (366801, 283), (366801, 284), (366801, 285), (366801, 286), (366801, 287), (366801, 288), (366801, 289), (366801, 290), (366801, 291), (366801, 292), (366801, 293), (366801, 294), (366801, 295), (366801, 296), (366801, 297), (366801, 298), (366801, 299), (366801, 300), (366801, 301), (366801, 302), (366801, 303), (366801, 304), (366801, 305), (366801, 306), (366801, 307), (366801, 308), (366801, 309), (366801, 310), (366801, 311), (366801, 312), (366801, 313), (366801, 314), (366801, 315), (366801, 316), (366801, 317), (366801, 318), (366801, 319), (366801, 320), (366801, 321), (366801, 322), (366801, 323), (366801, 324), (366801, 325), (366801, 326), (366801, 327), (366801, 328), (366801, 329), (366801, 330), (366801, 331), (366801, 332), (366801, 333), (366801, 334), (366801, 335), (366801, 336), (366801, 337), (366801, 338), (366801, 339), (366801, 340), (366801, 341), (366801, 342), (366801, 343), (366801, 344), (366801, 345), (366801, 346), (366801, 347), (366801, 348), (366801, 349), (366801, 350), (366801, 351), (366801, 352), (366801, 353), (366801, 354), (366801, 355), (366801, 356), (366801, 357), (366801, 358), (366801, 359), (366801, 360), (366801, 361), (366801, 362), (366801, 363), (366801, 364), (366801, 365), (366801, 366), (366801, 367), (366801, 368), (366801, 369), (366801, 370), (366801, 371), (366801, 372), (366801, 373), (366801, 374), (366801, 375), (366801, 376), (366801, 377), (366801, 378), (366801, 379), (366801, 380), (366801, 381), (366801, 382), (366801, 383), (366801, 384), (366801, 385), (366801, 386), (366801, 387), (366801, 388), (366801, 389), (366801, 390), (366801, 391), (366801, 392), (366801, 393), (366801, 394), (366801, 395), (366801, 396), (366801, 397), (366801, 398), (366801, 399), (366801, 400), (366801, 401), (366801, 402), (366801, 403), (366801, 404), (366801, 405), (366801, 406), (366801, 407), (366801, 408), (366801, 409), (366801, 410), (366801, 411), (366801, 412), (366801, 413), (366801, 414), (366801, 415), (366801, 416), (366801, 417), (366801, 418), (366801, 419), (366801, 420), (366801, 421), (366801, 422), (366801, 423), (366801, 424), (366801, 425), (366801, 426), (366801, 427), (366801, 428), (366801, 429), (366729, 1), (366729, 2), (366729, 3), (366729, 4), (366729, 5), (366729, 6), (366729, 7), (366729, 8), (366729, 9), (366729, 10), (366729, 11), (366729, 12), (366729, 13), (366729, 14), (366729, 15), (366729, 16), (366729, 17), (366729, 18), (366729, 19), (366729, 20), (366729, 21), (366729, 22), (366729, 23), (366729, 24), (366729, 25), (366729, 26), (366729, 27), (366729, 28), (366729, 29), (366729, 30), (366729, 31), (366729, 32), (366729, 33), (366729, 34), (366729, 35), (366729, 36), (366729, 37), (366729, 38), (366729, 39), (366729, 40), (366729, 41), (366729, 42), (366729, 43), (366729, 44), (366729, 45), (366729, 46), (366729, 47), (366729, 48), (366729, 49), (366729, 50), (366729, 51), (366729, 52), (366729, 53), (366729, 54), (366729, 55), (366729, 56), (366729, 57), (366729, 58), (366729, 59), (366729, 60), (366729, 61), (366729, 62), (366729, 63), (366729, 64), (366729, 65), (366729, 66), (366729, 67), (366729, 68), (366729, 69), (366729, 70), (366729, 71), (366729, 72), (366729, 73), (366729, 74), (366729, 75), (366729, 76), (366729, 77), (366729, 78), (366729, 79), (366729, 80), (366729, 81), (366729, 82), (366729, 83), (366729, 84), (366729, 85), (366729, 86), (366729, 87), (366729, 88), (366729, 89), (366729, 90), (366729, 91), (366729, 92), (366729, 93), (366729, 94), (366729, 95), (366729, 96), (366729, 97), (366729, 98), (366729, 99), (366729, 100), (366729, 101), (366729, 102), (366729, 103), (366729, 104), (366729, 105), (366729, 106), (366729, 107), (366729, 108), (366729, 109), (366729, 110), (366729, 111), (366729, 112), (366729, 113), (366729, 114), (366729, 115), (366729, 116), (366729, 117), (366729, 118), (366729, 119), (366729, 120), (366729, 121), (366729, 122), (366729, 123), (366729, 124), (366729, 125), (366729, 126), (366729, 127), (366729, 128), (366729, 129), (366729, 130), (366729, 131), (366729, 132), (366729, 133), (366729, 134), (366729, 135), (366729, 136), (366729, 137), (366729, 138), (366729, 139), (366729, 140), (366729, 141), (366729, 142), (366729, 143), (366729, 144), (366729, 145), (366729, 146), (366729, 147), (366729, 148), (366729, 149), (366729, 150), (366729, 151), (366729, 152), (366729, 153), (366729, 154), (366729, 155), (366729, 156), (366729, 157), (366729, 158), (366729, 159), (366729, 160), (366729, 161), (366729, 162), (366729, 163), (366729, 164), (366729, 165), (366729, 166), (366729, 167), (366729, 168), (366729, 169), (366729, 170), (366729, 171), (366729, 172), (366729, 173), (366729, 174), (366729, 175), (366729, 176), (366729, 177), (366729, 178), (366729, 179), (366729, 180), (366729, 181), (366729, 182), (366729, 183), (366729, 184), (366729, 185), (366729, 186), (366729, 187), (366729, 188), (366729, 189), (366729, 190), (366729, 191), (366729, 192), (366729, 193), (366729, 194), (366729, 195), (366729, 196), (366729, 197), (366729, 198), (366729, 199), (366729, 200), (366729, 201), (366729, 202), (366729, 203), (366729, 204), (366729, 205), (366729, 206), (366729, 207), (366729, 208), (366729, 209), (366729, 210), (366729, 211), (366729, 212), (366729, 213), (366729, 214), (366729, 215), (366729, 216), (366729, 217), (366729, 218), (366729, 219), (366729, 220), (366729, 221), (366729, 222), (366729, 223), (366729, 224), (366729, 225), (366729, 226), (366729, 227), (366729, 228), (366729, 229), (366729, 230), (366729, 231), (366729, 232), (366729, 233), (366729, 234), (366729, 235), (366729, 236), (366729, 237), (366729, 238), (366729, 239), (366729, 240), (366729, 241), (366729, 242), (366729, 243), (366729, 244), (366729, 245), (366729, 246), (366729, 247), (366729, 248), (366729, 249), (366729, 250), (366729, 251), (366729, 252), (366729, 253), (366729, 254), (366729, 255), (366729, 256), (366729, 257), (366729, 258), (366729, 259), (366729, 260), (366729, 261), (366729, 262), (366729, 263), (366729, 264), (366729, 265), (366729, 266), (366729, 267), (366729, 268), (366729, 269), (366729, 270), (366729, 271), (366729, 272), (366729, 273), (366729, 274), (366729, 275), (366729, 276), (366729, 277), (366729, 278), (366729, 279), (366729, 280), (366729, 281), (366729, 282), (366729, 283), (366729, 284), (366729, 285), (366729, 286), (366729, 287), (366729, 288), (366729, 289), (366729, 290), (366729, 291), (366729, 292), (366729, 293), (366729, 294), (366729, 295), (366729, 296), (366729, 297), (366729, 298), (366729, 299), (366729, 300), (366729, 301), (366729, 302), (366729, 303), (366729, 304), (366729, 305), (366729, 306), (366729, 307), (366729, 308), (366729, 309), (366729, 310), (366729, 311), (366729, 312), (366729, 313), (366729, 314), (366729, 315), (366729, 316), (366729, 317), (366729, 318), (366729, 319), (366729, 320), (366729, 321), (366729, 322), (366729, 323), (366729, 324), (366729, 325), (366729, 326), (366729, 327), (366729, 328), (366729, 329), (366729, 330), (366729, 331), (366729, 332), (366729, 333), (366729, 334), (366729, 335), (366729, 336), (366729, 337), (366729, 338), (366729, 339), (366729, 340), (366729, 341), (366729, 342), (366729, 343), (366729, 344), (366729, 345), (366729, 346), (366729, 347), (366729, 348), (366729, 349), (366729, 350), (366729, 351), (366729, 352), (366729, 353), (366729, 354), (366729, 355), (366729, 356), (366729, 357), (366729, 358), (366729, 359), (366729, 360), (366729, 361), (366729, 362), (366729, 363), (366729, 364), (366729, 365), (366729, 366), (366729, 367), (366729, 368), (366729, 369), (366729, 370), (366729, 371), (366729, 372), (366729, 373), (366729, 374), (366729, 375), (366729, 376), (366729, 377), (366729, 378), (366729, 379), (366729, 380), (366729, 381), (366729, 382), (366729, 383), (366729, 384), (366729, 385), (366729, 386), (366729, 387), (366729, 388), (366729, 389), (366729, 390), (366729, 391), (366729, 392), (366729, 393), (366729, 394), (366729, 395), (366729, 396), (366729, 397), (366729, 398), (366729, 399), (366729, 400), (366729, 401), (366729, 402), (366729, 403), (366729, 404), (366729, 405), (366729, 406), (366729, 407), (366729, 408), (366729, 409), (366729, 410), (366729, 411), (366729, 412), (366729, 413), (366729, 414), (366727, 1), (366727, 2), (366727, 3), (366727, 4), (366727, 5), (366727, 6), (366727, 7), (366727, 8), (366727, 9), (366727, 10), (366727, 11), (366727, 12), (366727, 13), (366727, 14), (366727, 15), (366727, 16), (366727, 17), (366727, 18), (366727, 19), (366727, 20), (366727, 21), (366727, 22), (366727, 23), (366727, 24), (366727, 25), (366727, 26), (366727, 27), (366727, 28), (366727, 29), (366727, 30), (366727, 31), (366727, 32), (366727, 33), (366727, 34), (366727, 35), (366727, 36), (366727, 37), (366727, 38), (366727, 39), (366727, 40), (366727, 41), (366727, 42), (366727, 43), (366727, 44), (366727, 45), (366727, 46), (366727, 47), (366727, 48), (366727, 49), (366727, 50), (366727, 51), (366727, 52), (366727, 53), (366727, 54), (366727, 55), (366727, 56), (366727, 57), (366727, 58), (366727, 59), (366727, 60), (366727, 61), (366727, 62), (366727, 63), (366727, 64), (366727, 65), (366727, 66), (366727, 67), (366727, 68), (366727, 69), (366727, 70), (366727, 71), (366727, 72), (366727, 73), (366727, 74), (366727, 75), (366727, 76), (366727, 77), (366727, 78), (366727, 79), (366727, 80), (366727, 81), (366727, 82), (366727, 83), (366727, 84), (366727, 85), (366727, 86), (366727, 87), (366727, 88), (366727, 89), (366727, 90), (366727, 91), (366727, 92), (366727, 93), (366727, 94), (366727, 95), (366727, 96), (366727, 97), (366727, 98), (366727, 99), (366727, 100), (366727, 101), (366727, 102), (366727, 103), (366727, 104), (366727, 105), (366727, 106), (366727, 107), (366727, 108), (366727, 109), (366727, 110), (366727, 111), (366727, 112), (366727, 113), (366727, 114), (366727, 115), (366727, 116), (366727, 117), (366727, 118), (366727, 119), (366727, 120), (366727, 121), (366727, 122), (366727, 123), (366727, 124), (366727, 125), (366727, 126), (366727, 127), (366727, 128), (366727, 129), (366727, 130), (366727, 131), (366727, 132), (366727, 133), (366727, 134), (366727, 135), (366727, 136), (366727, 137), (366727, 138), (366727, 139), (366727, 140), (366727, 141), (366727, 142), (366727, 143), (366727, 144), (366727, 145), (366727, 146), (366727, 147), (366727, 148), (366727, 149), (366727, 150), (366727, 151), (366727, 152), (366727, 153), (366727, 154), (366727, 155), (366727, 156), (366727, 157), (366727, 158), (366727, 159), (366727, 160), (366727, 161), (366727, 162), (366727, 163), (366727, 164), (366727, 165), (366727, 166), (366727, 167), (366727, 168), (366727, 169), (366727, 170), (366727, 171), (366727, 172), (366727, 173), (366727, 174), (366727, 175), (366727, 176), (366727, 177), (366727, 178), (366727, 179), (366727, 180), (366727, 181), (366727, 182), (366727, 183), (366727, 184), (366727, 185), (366727, 186), (366727, 187), (366727, 188), (366727, 189), (366727, 190), (366727, 191), (366727, 192), (366727, 193), (366727, 194), (366727, 195), (366727, 196), (366727, 197), (366727, 198), (366727, 199), (366727, 200), (366727, 201), (366727, 202), (366727, 203), (366727, 204), (366727, 205), (366727, 206), (366727, 207), (366727, 208), (366727, 209), (366727, 210), (366727, 211), (366727, 212), (366727, 213), (366727, 214), (366727, 215), (366727, 216), (366727, 217), (366727, 218), (366727, 219), (366727, 220), (366727, 221), (366727, 222), (366727, 223), (366727, 224), (366727, 225), (366727, 226), (366727, 227), (366727, 228), (366727, 229), (366727, 230), (366727, 231), (366727, 232), (366727, 233), (366727, 234), (366727, 235), (366727, 236), (366727, 237), (366727, 238), (366727, 239), (366727, 240), (366727, 241), (366727, 242), (366727, 243), (366838, 46), (366838, 47), (366838, 48), (366838, 49), (366838, 50), (366838, 51), (366838, 52), (366838, 53), (366838, 54), (366838, 55), (366838, 56), (366838, 57), (366838, 58), (366838, 59), (366838, 60), (366838, 61), (366838, 62), (366838, 63), (366838, 64), (366838, 65), (366838, 66), (366838, 67), (366838, 68), (366838, 69), (366838, 70), (366838, 71), (366838, 72), (366838, 73), (366838, 74), (366838, 75), (366838, 76), (366838, 77), (366838, 78), (366838, 79), (366838, 80), (366838, 81), (366838, 82), (366838, 83), (366838, 84), (366838, 85), (366838, 86), (366838, 87), (366838, 88), (366838, 89), (366838, 90), (366838, 91), (366838, 92), (366838, 93), (366838, 94), (366838, 95), (366838, 96), (366838, 97), (366838, 98), (366838, 99), (366838, 100), (366838, 101), (366838, 102), (366838, 103), (366838, 104), (366838, 105), (366838, 106), (366838, 107), (366838, 108), (366838, 109), (366838, 110), (366838, 111), (366838, 112), (366838, 113), (366838, 114), (366838, 115), (366838, 116), (366838, 117), (366838, 118), (366838, 119), (366838, 120), (366838, 121), (366838, 122), (366838, 123), (366838, 124), (366838, 125), (366838, 126), (366838, 127), (366838, 128), (366838, 129), (366838, 130), (366838, 131), (366838, 132), (366838, 133), (366838, 134), (366838, 135), (366838, 136), (366838, 137), (366838, 138), (366838, 139), (366838, 140), (366838, 141), (366838, 142), (366838, 143), (366838, 144), (366838, 145), (366838, 146), (366838, 147), (366838, 148), (366838, 149), (366838, 150), (366838, 151), (366838, 152), (366838, 153), (366838, 154), (366838, 155), (366838, 156), (366838, 157), (366850, 40), (366850, 41), (366850, 42), (366850, 43), (366850, 44), (366850, 45), (366850, 46), (366850, 47), (366850, 48), (366850, 49), (366850, 50), (366850, 51), (366850, 52), (366850, 53), (366850, 54), (366850, 55), (366850, 56), (366850, 57), (366850, 58), (366850, 59), (366850, 60), (366850, 61), (366850, 62), (366850, 63), (366850, 64), (366850, 65), (366850, 66), (366850, 67), (366850, 68), (366850, 69), (366850, 70), (366850, 71), (366850, 72), (366850, 73), (366850, 74), (366850, 75), (366850, 76), (366850, 77), (366850, 78), (366850, 79), (366850, 80), (366850, 81), (366850, 82), (366850, 83), (366850, 84), (366850, 85), (366850, 86), (366850, 87), (366850, 88), (366850, 89), (366850, 90), (366850, 91), (366850, 92), (366850, 93), (366850, 94), (366850, 95), (366850, 96), (366850, 97), (366850, 98), (366850, 99), (366850, 100), (366850, 101), (366850, 102), (366850, 103), (366850, 104), (366850, 105), (366850, 106), (366850, 107), (366850, 108), (366850, 109), (366850, 110), (366850, 111), (366850, 112), (366850, 113), (366850, 114), (366850, 115), (366850, 116), (366850, 117), (366850, 118), (366850, 119), (366850, 120), (366850, 121), (366850, 122), (366850, 123), (366850, 124), (366850, 125), (366850, 126), (366850, 127), (366850, 128), (366850, 129), (366850, 130), (366850, 131), (366850, 132), (366850, 133), (366850, 134), (366850, 135), (366850, 136), (366850, 137), (366850, 138), (366850, 139), (366850, 140), (366850, 141), (366850, 142), (366850, 143), (366850, 144), (366850, 145), (366850, 146), (366850, 147), (366850, 148), (366850, 149), (366850, 150), (366850, 151), (366850, 152), (366850, 153), (366850, 154), (366850, 155), (366850, 156), (366850, 157), (366850, 158), (366850, 159), (366850, 160), (366850, 161), (366850, 162), (366850, 163), (366850, 164), (366850, 165), (366850, 166), (366850, 167), (366850, 168), (366850, 169), (366850, 170), (366850, 171), (366850, 172), (366850, 173), (366850, 174), (366850, 175), (366850, 176), (366850, 177), (366850, 178), (366850, 179), (366850, 180), (367062, 65), (367062, 66), (367062, 67), (367062, 68), (367062, 69), (367062, 70), (367062, 71), (367062, 72), (367062, 73), (367062, 74), (367062, 75), (367062, 76), (367062, 77), (367079, 36), (367079, 37), (367079, 38), (367079, 39), (367079, 40), (367079, 41), (367079, 42), (367079, 43), (367079, 44), (367079, 45), (367079, 46), (367079, 47), (367079, 48), (367079, 49), (367079, 50), (367079, 51), (367079, 52), (367079, 53), (367079, 54), (367079, 55), (367079, 56), (367079, 57), (367079, 58), (367079, 59), (367079, 60), (367079, 61), (367079, 62), (367079, 63), (367079, 64), (367079, 65), (367079, 66), (367079, 67), (367079, 68), (367079, 69), (367079, 70), (367079, 71), (367079, 72), (367079, 73), (367079, 74), (367079, 75), (367079, 76), (367079, 77), (367079, 78), (367079, 79), (367079, 80), (367079, 81), (367079, 82), (367079, 83), (367079, 84), (367079, 85), (367079, 86), (367079, 87), (367079, 88), (367079, 89), (367079, 90), (367079, 91), (367079, 92), (367079, 93), (367079, 94), (367079, 95), (367079, 96), (367079, 97), (367079, 98), (367079, 99), (367079, 100), (367079, 101), (367079, 102), (367079, 103), (367079, 104), (367079, 105), (367079, 106), (367079, 107), (367079, 108), (367079, 109), (367079, 110), (367079, 111), (367079, 112), (367079, 113), (367079, 114), (367079, 115), (367079, 116), (367079, 117), (367079, 118), (367079, 119), (367079, 120), (367079, 121), (367079, 122), (367079, 123), (367079, 124), (367079, 125), (367079, 126), (367079, 127), (367079, 128), (367079, 129), (367079, 130), (367079, 131), (367079, 132), (367079, 133), (367079, 134), (367079, 135), (367079, 136), (367079, 137), (367079, 138), (367079, 139), (367079, 140), (367079, 141), (367079, 142), (367079, 143), (367079, 144), (367079, 145), (367079, 146), (367079, 147), (367079, 148), (367079, 149), (367079, 150), (367079, 151), (367079, 152), (367079, 153), (367079, 154), (367079, 155), (367079, 156), (367079, 157), (367079, 158), (367079, 159), (367079, 160), (367079, 161), (367079, 162), (367079, 163), (367079, 164), (367079, 165), (367079, 166), (367079, 167), (367079, 168), (367079, 169), (367079, 170), (367079, 171), (367079, 172), (367079, 173), (367079, 174), (367079, 175), (367079, 176), (367079, 177), (367079, 178), (367079, 179), (367079, 180), (367079, 181), (367079, 182), (367079, 183), (367079, 184), (367079, 185), (367079, 186), (367079, 187), (367079, 188), (367079, 189), (367079, 190), (367079, 191), (367079, 192), (367079, 193), (367079, 194), (367079, 195), (367079, 196), (367079, 197), (367079, 198), (367079, 199), (367079, 200), (367079, 201), (367079, 202), (367079, 203), (367079, 204), (367079, 205), (367079, 206), (367079, 207), (367079, 208), (367079, 209), (367079, 210), (367079, 211), (367079, 212), (367079, 213), (367079, 214), (367079, 215), (367079, 216), (367079, 217), (367079, 218), (367079, 219), (367079, 220), (367079, 221), (367079, 222), (367079, 223), (367079, 224), (367079, 225), (367079, 226), (367079, 227), (367079, 228), (367079, 229), (367079, 230), (367079, 231), (367079, 232), (367079, 233), (367079, 234), (367079, 235), (367079, 236), (367079, 237), (367079, 238), (367079, 239), (367079, 240), (367079, 241), (367079, 242), (367079, 243), (367079, 244), (367079, 245), (367079, 246), (367079, 247), (367079, 248), (367079, 249), (367079, 250), (367079, 251), (367079, 252), (367079, 253), (367079, 254), (367079, 255), (367079, 256), (367079, 257), (367079, 258), (367079, 259), (367079, 260), (367079, 261), (367079, 262), (367079, 263), (367079, 264), (367079, 265), (367079, 266), (367079, 267), (367079, 268), (367079, 269), (367079, 270), (367079, 271), (367079, 272), (367079, 273), (367079, 274), (367079, 275), (367079, 276), (367079, 277), (367079, 278), (367079, 279), (367079, 280), (367079, 281), (367079, 282), (367079, 283), (367079, 284), (367079, 285), (367079, 286), (367079, 287), (367079, 288), (367079, 289), (367079, 290), (367079, 291), (367079, 292), (367079, 293), (367079, 294), (367079, 295), (367079, 296), (367079, 297), (367079, 298), (367079, 299), (367079, 300), (367079, 301), (367079, 302), (367079, 303), (367079, 304), (367079, 305), (367079, 306), (367079, 307), (367079, 308), (367079, 309), (367079, 310), (367079, 311), (367079, 312), (367079, 313), (367079, 314), (367079, 315), (367079, 316), (367079, 317), (367079, 318), (367079, 319), (367079, 320), (367079, 321), (367079, 322), (367079, 323), (367079, 324), (367079, 325), (367079, 326), (367079, 327), (367079, 328), (367079, 329), (367079, 330), (367079, 331), (367079, 332), (367079, 333), (367079, 334), (367079, 335), (367079, 336), (367079, 337), (367079, 338), (367079, 339), (367079, 340), (367079, 341), (367079, 342), (367079, 343), (367079, 344), (367079, 345), (367079, 346), (367079, 347), (367079, 348), (367079, 349), (367079, 350), (367079, 351), (367079, 352), (367079, 353), (367079, 354), (367079, 355), (367079, 356), (367079, 357), (367079, 358), (367079, 359), (367079, 360), (367079, 361), (367079, 362), (367079, 363), (367079, 364), (367079, 365), (367079, 366), (367079, 367), (367079, 368), (367079, 369), (367079, 370), (367079, 371), (367079, 372), (367079, 373), (367079, 374), (367079, 375), (367079, 376), (367079, 377), (367079, 378), (367079, 379), (367079, 380), (367079, 381), (367079, 382), (367079, 383), (367079, 384), (367079, 385), (367079, 386), (367079, 387), (367079, 388), (367079, 389), (367079, 390), (367079, 391), (367079, 392), (367079, 393), (367079, 394), (367079, 395), (367079, 396), (367079, 397), (367079, 398), (367079, 399), (367079, 400), (367079, 401), (367079, 402), (367079, 403), (367079, 404), (367079, 405), (367079, 406), (367079, 407), (367079, 408), (367079, 409), (367079, 410), (367079, 411), (367079, 412), (367079, 413), (367079, 414), (367079, 415), (367079, 416), (367079, 417), (367079, 418), (367079, 419), (367079, 420), (367079, 421), (367079, 422), (367079, 423), (367079, 424), (367079, 425), (367079, 426), (367079, 427), (367079, 428), (367079, 429), (367079, 430), (367079, 431), (367079, 432), (367079, 433), (367079, 434), (367079, 435), (367079, 436), (367079, 437), (367079, 438), (367079, 439), (367079, 440), (367079, 441), (367079, 442), (367079, 443), (367079, 444), (367079, 445), (367079, 446), (367079, 447), (367079, 448), (367079, 449), (367079, 450), (367079, 451), (367079, 452), (367079, 453), (367079, 454), (367079, 455), (367079, 456), (367079, 457), (367079, 458), (367079, 459), (367079, 460), (367079, 461), (367079, 462), (367079, 463), (367079, 464), (367079, 465), (367079, 466), (367079, 467), (367079, 468), (367079, 469), (367079, 470), (367079, 471), (367079, 472), (367079, 473), (367079, 474), (367079, 475), (367079, 476), (367079, 477), (367079, 478), (367079, 479), (367079, 480), (367079, 481), (367079, 482), (367079, 483), (367079, 484), (367079, 485), (367079, 486), (367079, 487), (367079, 488), (367079, 489), (367079, 490), (367079, 491), (367079, 492), (367079, 493), (367079, 494), (367079, 495), (367079, 496), (367079, 497), (367079, 498), (367079, 499), (367079, 500), (367079, 501), (367079, 502), (367079, 503), (367079, 504), (367079, 505), (367079, 506), (367079, 507), (367079, 508), (367079, 509), (367079, 510), (367079, 511), (367079, 512), (367079, 513), (367079, 514), (367079, 515), (367079, 516), (367079, 517), (367079, 518), (367079, 519), (367079, 520), (367079, 521), (367079, 522), (367079, 523), (367079, 524), (367079, 525), (367079, 526), (367079, 527), (367079, 528), (367079, 529), (367079, 530), (367079, 531), (367079, 532), (367079, 533), (367079, 534), (367079, 535), (367079, 536), (367079, 537), (367079, 538), (367079, 539), (367079, 540), (367079, 541), (367079, 542), (367079, 543), (367079, 544), (367079, 545), (367079, 546), (367079, 547), (367079, 548), (367079, 549), (367079, 550), (367079, 551), (367079, 552), (367079, 553), (367079, 554), (367079, 555), (367079, 556), (367079, 557), (367079, 558), (367079, 559), (367079, 560), (367079, 561), (367079, 562), (367079, 563), (367079, 564), (367079, 565), (367079, 566), (367079, 567), (367079, 574), (367079, 575), (367079, 576), (367079, 577), (367079, 578), (367079, 579), (367079, 580), (367079, 581), (367079, 582), (367079, 583), (367079, 584), (367079, 585), (367079, 586), (367079, 587), (367079, 588), (367079, 589), (367079, 590), (367079, 591), (367079, 592), (367079, 593), (367079, 594), (367079, 595), (367079, 596), (367079, 597), (367079, 598), (367079, 599), (367079, 600), (367079, 601), (367079, 602), (367079, 603), (367079, 604), (367079, 605), (367079, 606), (367079, 607), (367079, 608), (367079, 609), (367079, 610), (367079, 611), (367079, 612), (367079, 613), (367079, 614), (367079, 615), (367079, 616), (367079, 617), (367079, 618), (367079, 619), (367079, 620), (367079, 621), (367079, 622), (367079, 623), (367079, 624), (367079, 625), (367079, 626), (367079, 627), (367079, 628), (367079, 629), (367079, 630), (367079, 631), (367079, 632), (367079, 633), (367079, 634), (367079, 635), (367079, 636), (367079, 637), (367079, 638), (367079, 639), (367079, 640), (367079, 641), (367079, 642), (367079, 643), (367079, 644), (367079, 645), (367079, 646), (367079, 647), (367079, 648), (367079, 649), (367079, 650), (367079, 651), (367079, 652), (367079, 653), (367079, 654), (367079, 655), (367079, 656), (367079, 657), (367079, 658), (367079, 659), (367079, 660), (367079, 661), (367079, 662), (367079, 663), (367079, 664), (367079, 665), (367079, 666), (367079, 667), (367079, 668), (367079, 669), (367079, 670), (367079, 671), (367079, 672), (367079, 673), (367079, 674), (367079, 675), (367079, 676), (367079, 677), (367079, 678), (367079, 679), (367079, 680), (367079, 681), (367079, 682), (367079, 683), (367079, 684), (367079, 685), (367079, 686), (367079, 687), (367079, 688), (367079, 689), (367079, 690), (367079, 691), (367079, 692), (367079, 693), (367079, 694), (367079, 695), (367079, 696), (367079, 697), (367079, 698), (367079, 699), (367079, 700), (367079, 701), (367079, 702), (367079, 703), (367079, 704), (367079, 705), (367079, 706), (367079, 707), (367079, 708), (367079, 709), (367079, 710), (367079, 711), (367079, 712), (367079, 713), (367079, 714), (367079, 715), (367079, 716), (367079, 717), (367079, 718), (367079, 719), (367079, 720), (367079, 721), (367079, 722), (367079, 723), (367079, 724), (367079, 725), (367079, 726), (367079, 727), (367079, 728), (367079, 729), (367079, 730), (367079, 731), (367079, 732), (367079, 733), (367079, 734), (367079, 735), (367079, 736), (367079, 737), (367079, 738), (367079, 739), (367079, 740), (367079, 741), (367079, 742), (367079, 743), (367079, 744), (367079, 745), (367079, 746), (367079, 747), (367079, 748), (367111, 51), (367111, 52), (367111, 53), (367111, 54), (367111, 55), (367111, 56), (367111, 57), (367111, 58), (367111, 59), (367111, 60), (367111, 61), (367111, 62), (367111, 63), (367111, 64), (367111, 65), (367111, 66), (367111, 67), (367111, 68), (367111, 69), (367111, 70), (367111, 71), (367111, 72), (367111, 73), (367111, 74), (367111, 75), (367111, 76), (367111, 77), (367111, 78), (367111, 79), (367111, 80), (367111, 81), (367111, 82), (367111, 83), (367111, 84), (367111, 85), (367111, 86), (367111, 87), (367111, 88), (367111, 89), (367111, 90), (367111, 91), (367111, 92), (367111, 93), (367111, 94), (367111, 95), (367111, 96), (367111, 97), (367111, 98), (367111, 99), (367111, 100), (367111, 101), (367111, 102), (367111, 103), (367111, 104), (367111, 105), (367111, 106), (367111, 107), (367111, 108), (367111, 109), (367111, 110), (367111, 111), (367111, 112), (367111, 113), (367111, 114), (367111, 115), (367111, 116), (367111, 117), (367111, 118), (367111, 119), (367111, 120), (367111, 121), (367111, 122), (367111, 123), (367111, 124), (367111, 125), (367111, 126), (367111, 127), (367111, 128), (367111, 129), (367111, 130), (367111, 131), (367111, 132), (367111, 133), (367111, 134), (367111, 135), (367111, 136), (367111, 137), (367111, 138), (367111, 139), (367111, 140), (367111, 141), (367111, 142), (367111, 143), (367111, 144), (367111, 145), (367111, 146), (367111, 147), (367111, 148), (367111, 149), (367111, 150), (367111, 151), (367111, 152), (367111, 153), (367111, 154), (367111, 155), (367111, 156), (367111, 157), (367111, 158), (367111, 159), (367111, 160), (367111, 161), (367111, 162), (367111, 163), (367111, 164), (367111, 165), (367111, 166), (367111, 167), (367111, 168), (367111, 169), (367111, 170), (367111, 171), (367111, 172), (367111, 173), (367111, 174), (367111, 175), (367111, 176), (367111, 177), (367111, 178), (367111, 179), (367111, 180), (367111, 181), (367111, 182), (367111, 183), (367111, 184), (367111, 185), (367111, 186), (367111, 187), (367111, 188), (367111, 189), (367111, 190), (367111, 191), (367111, 192), (367111, 193), (367111, 194), (367111, 195), (367111, 196), (367111, 197), (367111, 198), (367111, 199), (367111, 200), (367111, 201), (367111, 202), (367111, 203), (367111, 204), (367111, 205), (367111, 206), (367111, 207), (367111, 208), (367111, 209), (367111, 210), (367111, 211), (367111, 212), (367111, 213), (367111, 214), (367111, 215), (367111, 216), (367111, 217), (367111, 218), (367111, 219), (367111, 220), (367111, 221), (367111, 222), (367111, 223), (367111, 224), (367111, 225), (367111, 226), (367111, 227), (367111, 228), (367111, 229), (367111, 230), (367111, 231), (367111, 232), (367111, 233), (367111, 234), (367111, 235), (367111, 236), (367111, 237), (367111, 238), (367111, 239), (367111, 240), (367111, 241), (367111, 242), (367111, 243), (367111, 244), (367111, 245), (367111, 246), (367111, 247), (367111, 248), (367111, 249), (367111, 250), (367111, 251), (367111, 252), (367111, 253), (367111, 254), (367111, 255), (367111, 256), (367111, 257), (367111, 258), (367111, 259), (367111, 260), (367111, 261), (367111, 262), (367111, 263), (367111, 264), (367111, 265), (367111, 266), (367111, 267), (367111, 268), (367111, 269), (367111, 270), (367111, 271), (367111, 272), (367111, 273), (367111, 274), (367111, 275), (367111, 276), (367111, 277), (367111, 278), (367111, 279), (367111, 280), (367111, 281), (367111, 282), (367111, 283), (367111, 284), (367111, 285), (367111, 286), (367111, 287), (367111, 288), (367111, 289), (367111, 290), (367111, 291), (367111, 292), (367111, 293), (367111, 294), (367111, 295), (367111, 296), (367111, 297), (367111, 298), (367111, 299), (367111, 300), (367111, 301), (367111, 302), (367111, 303), (367111, 304), (367111, 305), (367111, 306), (367111, 307), (367111, 308), (367111, 309), (367111, 310), (367111, 311), (367111, 312), (367111, 313), (367111, 314), (367111, 315), (367111, 316), (367111, 317), (367111, 318), (367111, 319), (367111, 320), (367111, 321), (367111, 322), (367111, 323), (367111, 324), (367111, 325), (367111, 326), (367111, 327), (367111, 328), (367111, 329), (367111, 330), (367111, 331), (367111, 332), (367111, 333), (367111, 334), (367111, 335), (367111, 336), (367111, 337), (367111, 338), (367127, 18), (367127, 19), (367127, 20), (367127, 21), (367127, 22), (367127, 23), (367127, 24), (367127, 25), (367127, 26), (367127, 27), (367127, 28), (367127, 29), (367127, 30), (367127, 31), (367127, 32), (367127, 33), (367127, 34), (367127, 35), (367127, 36), (367127, 37), (367127, 38), (367127, 39), (367127, 40), (367127, 41), (367127, 42), (367127, 43), (367127, 44), (367127, 45), (367127, 46), (367127, 47), (367127, 48), (367127, 49), (367127, 50), (367127, 51), (367127, 52), (367127, 53), (367127, 54), (367127, 55), (367127, 56), (367127, 57), (367127, 58), (367127, 59), (367127, 60), (367127, 61), (367127, 62), (367127, 63), (367127, 64), (367127, 65), (367127, 66), (367127, 67), (367127, 68), (367127, 69), (367127, 70), (367127, 71), (367127, 72), (367127, 73), (367127, 74), (367127, 75), (367127, 76), (367127, 77), (367127, 78), (367127, 79), (367127, 80), (367127, 81), (367127, 82), (367127, 83), (367127, 84), (367127, 85), (367127, 86), (367127, 87), (367127, 88), (367127, 89), (367127, 90), (367127, 91), (367127, 92), (367127, 93), (367127, 94), (367127, 95), (367127, 96), (367127, 97), (367127, 98), (367127, 99), (367127, 100), (367127, 101), (367127, 102), (367127, 103), (367127, 104), (367127, 105), (367127, 106), (367127, 107), (367127, 108), (367127, 109), (367127, 110), (367127, 111), (367127, 112), (367127, 113), (367127, 114), (367127, 115), (367127, 116), (367127, 117), (367127, 118), (367127, 119), (367127, 120), (367127, 121), (367127, 122), (367127, 123), (367127, 124), (367127, 125), (367127, 126), (367127, 127), (367127, 128), (367127, 129), (367127, 130), (367127, 131), (367127, 132), (367127, 133), (367127, 134), (367127, 135), (367127, 136), (367127, 137), (367127, 138), (367127, 139), (367127, 140), (367127, 141), (367127, 142), (367127, 143), (367127, 144), (367127, 145), (367127, 146), (367127, 147), (367127, 148), (367127, 149), (367127, 150), (367127, 151), (367127, 152), (367127, 153), (367127, 154), (367127, 155), (367127, 156), (367127, 157), (367127, 158), (367127, 159), (367127, 160), (367127, 161), (367127, 162), (367127, 163), (367127, 164), (367127, 165), (367127, 166), (367127, 167), (367127, 168), (367127, 169), (367127, 170), (367127, 171), (367127, 172), (367127, 173), (367127, 174), (367127, 175), (367127, 176), (367127, 177), (367127, 178), (367127, 179), (367127, 180), (367127, 181), (367127, 182), (367127, 183), (367127, 184), (367127, 185), (367127, 186), (367127, 187), (367127, 188), (367127, 189), (367127, 190), (367127, 191), (367127, 192), (367127, 193), (367127, 194), (367127, 195), (367127, 196), (367127, 197), (367127, 198), (367127, 199), (367127, 200), (367127, 201), (367127, 202), (367127, 203), (367127, 204), (367127, 205), (367127, 206), (367127, 207), (367127, 208), (367127, 209), (367127, 210), (367127, 211), (367127, 212), (367127, 213), (367127, 214), (367127, 215), (367127, 216), (367127, 217), (367127, 218), (367127, 219), (367127, 220), (367127, 221), (367127, 222), (367127, 223), (367127, 224), (367127, 225), (367127, 226), (367127, 227), (367127, 228), (367127, 229), (367127, 230), (367127, 231), (367127, 232), (367127, 233), (367127, 234), (367127, 235), (367127, 236), (367127, 237), (367127, 238), (367127, 239), (367127, 240), (367127, 241), (367127, 242), (367127, 243), (367127, 244), (367127, 245), (367127, 246), (367127, 247), (367127, 248), (367127, 249), (367127, 250), (367127, 251), (367127, 252), (367127, 253), (367127, 254), (367127, 255), (367127, 256), (367127, 257), (367127, 258), (367127, 259), (367127, 260), (367127, 261), (367127, 262), (367127, 263), (367127, 264), (367127, 265), (367127, 266), (367127, 267), (367127, 268), (367127, 269), (367127, 270), (367127, 271), (367127, 272), (367127, 273), (367127, 274), (367127, 275), (367127, 276), (367127, 277), (367127, 278), (367127, 279), (367127, 280), (367127, 281), (367127, 282), (367127, 283), (367127, 284), (367127, 285), (367127, 286), (367127, 287), (367127, 288), (367127, 289), (367127, 290), (367127, 291), (367127, 292), (367127, 293), (367127, 294), (367127, 295), (367127, 296), (367127, 297), (367127, 298), (367127, 299), (367127, 300), (367127, 301), (367127, 302), (367127, 303), (367127, 304), (367127, 305), (367127, 306), (367127, 307), (367127, 308), (367127, 309), (367127, 310), (367127, 311), (367127, 312), (367127, 313), (367127, 314), (367127, 315), (367127, 316), (367127, 317), (367127, 318), (367127, 319), (367127, 320), (367127, 321), (367127, 322), (367127, 323), (367127, 324), (367127, 325), (367127, 326), (367127, 327), (367127, 328), (367127, 329), (367127, 330), (367127, 331), (367127, 332), (367127, 333), (367127, 334), (367127, 335), (367127, 336), (367127, 337), (367127, 338), (367127, 339), (367127, 340), (367127, 341), (367127, 342), (367127, 343), (367127, 344), (367127, 345), (367127, 346), (367127, 347), (367127, 348), (367127, 349), (367127, 350), (367129, 1), (367129, 2), (367129, 3), (367228, 55), (367228, 56), (367228, 57), (367228, 58), (367228, 59), (367228, 60), (367228, 61), (367228, 62), (367228, 63), (367228, 64), (367228, 65), (367228, 66), (367228, 67), (367228, 68), (367228, 69), (367228, 70), (367228, 71), (367228, 72), (367228, 73), (367228, 74), (367228, 75), (367228, 76), (367228, 77), (367228, 78), (367228, 79), (367228, 80), (367228, 81), (367228, 82), (367228, 83), (367228, 84), (367228, 85), (367228, 86), (367228, 87), (367228, 88), (367228, 89), (367228, 90), (367228, 91), (367228, 92), (367228, 93), (367228, 94), (367228, 95), (367228, 96), (367228, 97), (367228, 98), (367228, 99), (367228, 100), (367228, 101), (367228, 102), (367228, 103), (367228, 104), (367228, 105), (367228, 106), (367228, 107), (367228, 108), (367228, 109), (367228, 110), (367228, 111), (367228, 112), (367228, 113), (367228, 114), (367228, 115), (367228, 116), (367228, 117), (367228, 118), (367228, 119), (367228, 120), (367228, 121), (367228, 122), (367228, 123), (367228, 124), (367228, 125), (367228, 126), (367228, 127), (367228, 128), (367228, 129), (367228, 130), (367228, 131), (367228, 132), (367228, 133), (367228, 134), (367228, 135), (367228, 136), (367228, 137), (367228, 138), (367228, 139), (367228, 140), (367228, 141), (367228, 142), (367228, 143), (367228, 144), (367228, 145), (367228, 146), (367228, 147), (367228, 148), (367228, 149), (367228, 150), (367228, 151), (367228, 152), (367228, 153), (367228, 154), (367228, 155), (367228, 156), (367228, 157), (367228, 158), (367228, 159), (367228, 160), (367228, 161), (367228, 162), (367228, 163), (367228, 164), (367228, 165), (367228, 166), (367228, 167), (367228, 168), (367228, 169), (367228, 170), (367228, 171), (367228, 172), (367228, 173), (367228, 174), (367228, 175), (367228, 176), (367228, 177), (367228, 178), (367228, 179), (367228, 180), (367228, 181), (367228, 182), (367228, 183), (367228, 184), (367228, 185), (367228, 186), (367228, 187), (367228, 188), (367228, 189), (367228, 190), (367228, 191), (367228, 192), (367228, 193), (367228, 194), (367228, 195), (367228, 196), (367228, 197), (367228, 198), (367228, 199), (367228, 200), (367228, 201), (367228, 202), (367228, 203), (367228, 204), (367228, 205), (367228, 206), (367228, 207), (367228, 208), (367228, 209), (367228, 210), (367228, 211), (367228, 212), (367228, 213), (367228, 214), (367228, 215), (367228, 216), (367228, 217), (367228, 218), (367228, 219), (367228, 220), (367228, 221), (367228, 222), (367228, 223), (367228, 224), (367228, 225), (367228, 226), (367228, 227), (367228, 228), (367228, 229), (367228, 230), (367228, 231), (367228, 232), (367228, 233), (367228, 234), (367228, 235), (367228, 236), (367228, 237), (367228, 238), (367228, 239), (367228, 240), (367228, 241), (367228, 242), (367228, 243), (367228, 244), (367228, 245), (367228, 246), (367228, 247), (367228, 248), (367228, 249), (367228, 250), (367228, 251), (367228, 252), (367228, 253), (367228, 254), (367228, 255), (367228, 256), (367228, 257), (367228, 258), (367228, 259), (367228, 260), (367228, 261), (367228, 262), (367228, 263), (367228, 264), (367228, 265), (367228, 266), (367228, 267), (367228, 268), (367228, 269), (367228, 270), (367228, 271), (367228, 272), (367228, 273), (367228, 274), (367228, 275), (367228, 276), (367228, 277), (367228, 278), (367228, 279), (367228, 280), (367228, 285), (367228, 286), (367228, 287), (367228, 292), (367228, 293), (367228, 294), (367228, 298), (367228, 299), (367228, 300), (367228, 301), (367228, 302), (367228, 303), (367228, 304), (367230, 1), (367267, 45), (367267, 46), (367267, 47), (367267, 48), (367267, 49), (367267, 50), (367267, 51), (367267, 52), (367267, 53), (367267, 54), (367267, 55), (367267, 56), (367267, 57), (367267, 58), (367267, 59), (367267, 60), (367267, 61), (367267, 62), (367267, 63), (367267, 64), (367267, 65), (367267, 66), (367267, 67), (367267, 68), (367267, 69), (367267, 70), (367267, 71), (367267, 72), (367267, 73), (367267, 74), (367267, 75), (367267, 76), (367267, 77), (367267, 78), (367267, 79), (367267, 80), (367267, 81), (367267, 82), (367267, 83), (367267, 84), (367267, 85), (367267, 86), (367267, 87), (367267, 88), (367267, 89), (367267, 90), (367267, 91), (367267, 92), (367267, 93), (367267, 94), (367267, 95), (367267, 96), (367267, 97), (367267, 98), (367267, 99), (367267, 100), (367267, 101), (367267, 102), (367267, 103), (367267, 104), (367267, 105), (367267, 106), (367267, 107), (367267, 108), (367267, 109), (367267, 110), (367267, 111), (367267, 112), (367267, 113), (367267, 114), (367267, 115), (367267, 116), (367267, 117), (367267, 118), (367267, 119), (367267, 120), (367267, 121), (367267, 122), (367267, 123), (367267, 124), (367267, 125), (367267, 126), (367267, 127), (367267, 128), (367267, 129), (367267, 130), (367267, 131), (367267, 132), (367267, 133), (367267, 134), (367267, 135), (367267, 136), (367267, 137), (367267, 138), (367267, 139), (367267, 140), (367267, 141), (367267, 142), (367267, 143), (367267, 144), (367267, 145), (367267, 146), (367267, 147), (367267, 148), (367267, 149), (367267, 150), (367267, 151), (367267, 152), (367267, 153), (367267, 154), (367267, 155), (367267, 156), (367267, 157), (367267, 158), (367267, 159), (367267, 160), (367267, 161), (367267, 162), (367267, 163), (367267, 164), (367267, 165), (367267, 166), (367267, 167), (367267, 168), (367267, 169), (367267, 170), (367267, 171), (367267, 172), (367267, 173), (367267, 174), (367267, 175), (367267, 176), (367267, 177), (367267, 178), (367267, 179), (367267, 180), (367267, 181), (367267, 182), (367267, 183), (367267, 184), (367267, 185), (367267, 186), (367267, 187), (367267, 188), (367267, 189), (367267, 190), (367267, 191), (367267, 192), (367267, 193), (367267, 194), (367267, 195), (367267, 196), (367267, 197), (367267, 198), (367267, 199), (367267, 200), (367267, 201), (367267, 202), (367267, 203), (367267, 204), (367267, 205), (367267, 206), (367267, 207), (367267, 208), (367267, 209), (367267, 210), (367267, 211), (367267, 212), (367267, 213), (367267, 214), (367267, 215), (367267, 216), (367267, 217), (367267, 218), (367267, 219), (367267, 220), (367267, 221), (367267, 222), (367267, 223), (367267, 224), (367267, 225), (367267, 226), (367267, 227), (367267, 228), (367267, 229), (367267, 230), (367267, 231), (367267, 232), (367267, 233), (367267, 234), (367267, 235), (367267, 236), (367267, 237), (367267, 238), (367267, 239), (367267, 240), (367267, 241), (367267, 242), (367267, 243), (367267, 244), (367267, 245), (367267, 246), (367267, 247), (367267, 248), (367267, 249), (367267, 250), (367267, 251), (367267, 252), (367267, 253), (367267, 254), (367267, 255), (367267, 256), (367267, 257), (367267, 258), (367267, 259), (367267, 260), (367267, 261), (367267, 262), (367267, 263), (367267, 264), (367267, 265), (367267, 266), (367267, 267), (367267, 268), (367267, 269), (367267, 270), (367267, 271), (367267, 272), (367267, 273), (367267, 274), (367267, 275), (367267, 276), (367267, 277), (367267, 278), (367267, 279), (367267, 280), (367267, 281), (367267, 282), (367267, 283), (367267, 284), (367267, 285), (367267, 286), (367267, 287), (367267, 288), (367267, 289), (367267, 290), (367267, 291), (367267, 292), (367267, 293), (367267, 294), (367267, 295), (367267, 296), (367267, 297), (367267, 298), (367267, 299), (367267, 300), (367267, 301), (367267, 302), (367267, 303), (367267, 304), (367267, 305), (367267, 306), (367267, 307), (367267, 308), (367267, 309), (367267, 310), (367267, 311), (367267, 312), (367267, 313), (367267, 314), (367267, 315), (367267, 316), (367267, 317), (367267, 318), (367267, 319), (367267, 320), (367267, 321), (367267, 322), (367334, 26), (367334, 27), (367334, 28), (367334, 29), (367334, 30), (367334, 31), (367334, 32), (367334, 33), (367334, 34), (367334, 35), (367334, 36), (367334, 37), (367334, 38), (367334, 39), (367334, 40), (367334, 41), (367334, 42), (367334, 43), (367334, 44), (367334, 45), (367334, 46), (367334, 47), (367334, 48), (367334, 49), (367334, 50), (367334, 51), (367334, 52), (367334, 53), (367334, 54), (367334, 55), (367334, 56), (367334, 57), (367334, 58), (367334, 59), (367334, 60), (367334, 61), (367334, 62), (367334, 63), (367334, 64), (367334, 65), (367334, 66), (367334, 67), (367334, 68), (367334, 69), (367334, 70), (367334, 71), (367334, 72), (367334, 73), (367334, 74), (367334, 75), (367334, 76), (367334, 77), (367334, 78), (367334, 79), (367334, 80), (367334, 81), (367334, 82), (367334, 83), (367334, 84), (367334, 85), (367334, 86), (367334, 87), (367334, 88), (367334, 89), (367334, 90), (367334, 91), (367334, 92), (367334, 93), (367334, 94), (367334, 95), (367334, 96), (367334, 97), (367334, 98), (367334, 99), (367334, 100), (367334, 101), (367334, 102), (367334, 103), (367334, 104), (367334, 105), (367334, 106), (367334, 107), (367334, 108), (367334, 109), (367334, 110), (367334, 111), (367334, 112), (367334, 113), (367334, 114), (367334, 115), (367334, 116), (367334, 117), (367334, 118), (367334, 119), (367334, 120), (367334, 121), (367334, 122), (367334, 123), (367334, 124), (367334, 125), (367334, 126), (367334, 127), (367334, 128), (367334, 129), (367334, 130), (367334, 131), (367334, 132), (367334, 133), (367334, 134), (367334, 135), (367334, 136), (367334, 137), (367334, 138), (367334, 139), (367334, 140), (367334, 141), (367334, 142), (367334, 143), (367334, 144), (367334, 145), (367334, 146), (367334, 147), (367334, 148), (367334, 149), (367334, 150), (367334, 151), (367334, 152), (367334, 153), (367334, 154), (367334, 155), (367334, 156), (367334, 157), (367334, 158), (367334, 159), (367334, 160), (367334, 161), (367334, 162), (367334, 163), (367334, 164), (367334, 165), (367334, 166), (367334, 167), (367334, 168), (367334, 169), (367334, 170), (367334, 171), (367334, 172), (367334, 173), (367334, 174), (367334, 175), (367334, 176), (367334, 177), (367334, 178), (367334, 179), (367334, 180), (367334, 181), (367334, 182), (367334, 183), (367334, 184), (367334, 185), (367334, 186), (367334, 187), (367334, 188), (367334, 189), (367334, 190), (367334, 191), (367334, 192), (367334, 193), (367334, 194), (367334, 195), (367334, 196), (367334, 197), (367334, 198), (367334, 199), (367334, 200), (367334, 201), (367334, 202), (367334, 203), (367334, 204), (367334, 205), (367334, 206), (367334, 207), (367334, 208), (367334, 209), (367334, 210), (367334, 211), (367334, 212), (367334, 213), (367334, 214), (367334, 215), (367334, 216), (367334, 217), (367334, 218), (367334, 219), (367334, 220), (367334, 221), (367334, 222), (367334, 223), (367334, 224), (367334, 225), (367334, 226), (367334, 227), (367334, 228), (367334, 229), (367334, 230), (367334, 231), (367334, 232), (367334, 233), (367334, 234), (367334, 235), (367334, 236), (367334, 237), (367334, 238), (367334, 239), (367334, 240), (367334, 241), (367334, 242), (367334, 243), (367334, 244), (367334, 245), (367334, 246), (367334, 247), (367334, 248), (367334, 249), (367334, 250), (367334, 251), (367334, 252), (367334, 253), (367334, 254), (367334, 255), (367334, 256), (367334, 257), (367334, 258), (367334, 259), (367334, 260), (367334, 261), (367334, 262), (367334, 263), (367334, 264), (367334, 265), (367334, 266), (367334, 267), (367334, 268), (367334, 269), (367334, 270), (367334, 271), (367334, 272), (367334, 273), (367334, 274), (367334, 275), (367334, 276), (367334, 277), (367334, 278), (367334, 279), (367334, 280), (367334, 281), (367334, 282), (367334, 283), (367334, 284), (367334, 285), (367334, 286), (367334, 287), (367334, 288), (367334, 289), (367334, 290), (367334, 291), (367334, 292), (367334, 293), (367334, 294), (367334, 295), (367334, 296), (367334, 297), (367334, 298), (367334, 299), (367334, 300), (367334, 301), (367334, 302), (367334, 303), (367334, 304), (367334, 305), (367334, 306), (367334, 307), (367334, 308), (367334, 309), (367334, 310), (367334, 311), (367334, 312), (367334, 313), (367334, 314), (367334, 315), (367334, 316), (367334, 317), (367334, 318), (367334, 319), (367334, 320), (367334, 321), (367334, 322), (367334, 323), (367334, 324), (367355, 60), (367355, 61), (367355, 62), (367355, 63), (367406, 48), (367406, 49), (367406, 50), (367406, 51), (367406, 52), (367406, 53), (367406, 54), (367406, 55), (367406, 56), (367406, 57), (367406, 58), (367406, 59), (367406, 60), (367406, 61), (367406, 62), (367406, 63), (367406, 64), (367406, 65), (367406, 66), (367406, 67), (367406, 68), (367406, 69), (367406, 70), (367406, 71), (367406, 72), (367406, 73), (367406, 74), (367406, 75), (367406, 76), (367406, 77), (367406, 78), (367406, 79), (367406, 80), (367406, 81), (367406, 82), (367406, 83), (367406, 84), (367406, 85), (367406, 86), (367406, 87), (367406, 88), (367406, 89), (367406, 90), (367406, 91), (367406, 92), (367406, 93), (367406, 94), (367406, 95), (367406, 96), (367406, 97), (367406, 98), (367406, 99), (367406, 100), (367406, 101), (367406, 102), (367406, 103), (367406, 104), (367406, 105), (367406, 106), (367406, 107), (367406, 108), (367406, 109), (367406, 110), (367406, 111), (367406, 112), (367406, 113), (367406, 114), (367406, 115), (367406, 116), (367406, 117), (367406, 118), (367406, 119), (367406, 120), (367406, 121), (367406, 122), (367406, 123), (367406, 124), (367406, 125), (367406, 126), (367406, 127), (367406, 128), (367406, 129), (367406, 130), (367406, 131), (367406, 132), (367406, 133), (367406, 134), (367406, 135), (367406, 136), (367406, 137), (367406, 138), (367406, 139), (367406, 140), (367406, 141), (367406, 142), (367406, 143), (367406, 144), (367406, 145), (367406, 146), (367406, 147), (367406, 148), (367406, 149), (367406, 150), (367406, 151), (367406, 152), (367406, 153), (367406, 154), (367406, 155), (367406, 156), (367406, 157), (367406, 158), (367406, 159), (367406, 160), (367406, 161), (367406, 162), (367406, 163), (367406, 164), (367406, 165), (367406, 166), (367406, 167), (367406, 168), (367406, 169), (367406, 170), (367406, 171), (367406, 172), (367406, 173), (367406, 174), (367406, 175), (367406, 176), (367406, 177), (367406, 178), (367406, 179), (367406, 180), (367406, 181), (367406, 182), (367406, 183), (367406, 184), (367406, 185), (367406, 186), (367406, 187), (367406, 188), (367406, 189), (367406, 190), (367406, 191), (367406, 192), (367406, 193), (367406, 194), (367406, 195), (367406, 196), (367406, 197), (367406, 198), (367406, 199), (367406, 200), (367406, 201), (367406, 202), (367406, 203), (367406, 204), (367406, 205), (367406, 206), (367406, 207), (367406, 208), (367406, 209), (367406, 210), (367406, 211), (367406, 212), (367406, 213), (367406, 214), (367406, 215), (367406, 216), (367406, 217), (367406, 218), (367406, 219), (367406, 220), (367406, 221), (367406, 222), (367406, 223), (367406, 224), (367406, 225), (367406, 226), (367406, 227), (367406, 228), (367406, 229), (367406, 230), (367406, 231), (367406, 232), (367406, 233), (367406, 234), (367406, 235), (367406, 236), (367406, 237), (367406, 238), (367406, 239), (367406, 240), (367406, 241), (367406, 242), (367406, 243), (367406, 244), (367406, 245), (367406, 246), (367406, 247), (367406, 248), (367406, 249), (367406, 250), (367406, 251), (367406, 252), (367406, 253), (367406, 254), (367406, 255), (367406, 256), (367406, 257), (367406, 258), (367406, 259), (367406, 260), (367406, 261), (367406, 262), (367406, 263), (367406, 264), (367406, 265), (367406, 266), (367406, 267), (367406, 268), (367406, 269), (367406, 270), (367406, 271), (367406, 272), (367406, 273), (367406, 274), (367406, 275), (367406, 276), (367406, 277), (367406, 278), (367406, 279), (367406, 280), (367406, 281), (367406, 282), (367406, 283), (367406, 284), (367406, 285), (367406, 286), (367406, 287), (367406, 288), (367406, 289), (367406, 290), (367406, 291), (367406, 292), (367406, 293), (367406, 294), (367406, 295), (367406, 296), (367406, 297), (367406, 298), (367406, 299), (367406, 300), (367406, 301), (367406, 302), (367406, 303), (367406, 304), (367406, 305), (367406, 306), (367406, 307), (367406, 308), (367406, 309), (367406, 310), (367406, 311), (367406, 312), (367406, 313), (367406, 314), (367406, 315), (367406, 316), (367406, 317), (367406, 318), (367406, 319), (367406, 320), (367406, 321), (367406, 322), (367406, 323), (367406, 324), (367406, 325), (367406, 326), (367406, 327), (367406, 328), (367406, 329), (367406, 330), (367406, 331), (367406, 332), (367406, 333), (367406, 334), (367406, 335), (367406, 336), (367406, 337), (367406, 338), (367406, 339), (367406, 340), (367406, 341), (367406, 342), (367406, 343), (367406, 344), (367406, 345), (367406, 346), (367406, 347), (367406, 348), (367406, 349), (367406, 350), (367406, 351), (367406, 352), (367406, 353), (367406, 354), (367406, 355), (367406, 356), (367406, 357), (367406, 358), (367406, 359), (367406, 360), (367406, 361), (367406, 362), (367406, 363), (367406, 364), (367406, 365), (367406, 366), (367406, 367), (367406, 368), (367406, 369), (367406, 370), (367406, 371), (367406, 372), (367406, 373), (367406, 374), (367406, 375), (367406, 376), (367406, 377), (367406, 378), (367406, 379), (367406, 380), (367406, 381), (367406, 382), (367406, 383), (367406, 384), (367406, 385), (367406, 386), (367406, 387), (367406, 388), (367406, 389), (367406, 390), (367406, 391), (367406, 392), (367406, 393), (367406, 394), (367406, 395), (367406, 396), (367406, 397), (367406, 398), (367406, 399), (367406, 400), (367406, 401), (367406, 402), (367406, 403), (367406, 404), (367406, 405), (367406, 406), (367406, 407), (367406, 408), (367406, 409), (367406, 410), (367406, 411), (367406, 412), (367406, 413), (367406, 414), (367406, 415), (367406, 416), (367406, 417), (367406, 418), (367406, 419), (367406, 420), (367406, 421), (367406, 422), (367406, 423), (367406, 424), (367406, 425), (367406, 426), (367406, 427), (367406, 428), (367406, 429), (367406, 430), (367406, 431), (367406, 432), (367406, 433), (367406, 434), (367406, 435), (367406, 436), (367406, 437), (367406, 438), (367406, 439), (367406, 440), (367406, 441), (367406, 442), (367406, 443), (367406, 444), (367406, 445), (367406, 446), (367406, 447), (367406, 448), (367406, 449), (367406, 450), (367406, 451), (367406, 452), (367406, 453), (367406, 454), (367406, 455), (367406, 456), (367406, 457), (367406, 458), (367406, 459), (367406, 460), (367406, 461), (367406, 462), (367406, 463), (367406, 464), (367406, 465), (367406, 466), (367406, 467), (367406, 468), (367406, 469), (367406, 470), (367406, 471), (367406, 472), (367406, 473), (367406, 474), (367406, 475), (367406, 476), (367618, 18), (367618, 19), (367618, 20), (367618, 21), (367618, 22), (367618, 23), (367618, 24), (367618, 25), (367618, 26), (367618, 27), (367618, 28), (367618, 29), (367618, 30), (367618, 31), (367618, 32), (367618, 33), (367618, 34), (367618, 35), (367618, 36), (367618, 37), (367618, 38), (367618, 39), (367618, 40), (367618, 41), (367618, 42), (367618, 43), (367618, 44), (367618, 45), (367618, 46), (367618, 47), (367618, 48), (367618, 49), (367618, 50), (367618, 51), (367618, 52), (367618, 53), (367618, 54), (367618, 55), (367618, 56), (367618, 57), (367618, 58), (367618, 59), (367618, 60), (367618, 61), (367618, 62), (367618, 63), (367618, 64), (367618, 65), (367618, 66), (367618, 67), (367618, 68), (367618, 69), (367618, 70), (367618, 71), (367618, 72), (367618, 73), (367618, 74), (367618, 75), (367618, 76), (367618, 77), (367618, 78), (367618, 79), (367618, 80), (367618, 81), (367618, 82), (367618, 83), (367618, 84), (367618, 85), (367618, 86), (367618, 87), (367618, 88), (367618, 89), (367618, 90), (367618, 91), (367618, 92), (367618, 93), (367618, 94), (367618, 95), (367618, 96), (367618, 97), (367618, 98), (367618, 99), (367618, 100), (367618, 101), (367618, 102), (367618, 103), (367618, 104), (367618, 105), (367618, 106), (367618, 107), (367618, 108), (367618, 109), (367618, 110), (367618, 111), (367618, 112), (367618, 113), (367618, 114), (367618, 115), (367618, 116), (367618, 117), (367618, 118), (367618, 119), (367618, 120), (367618, 121), (367618, 122), (367618, 123), (367618, 124), (367618, 125), (367618, 126), (367618, 127), (367618, 128), (367618, 129), (367618, 130), (367618, 131), (367618, 132), (367618, 133), (367618, 134), (367618, 135), (367618, 136), (367618, 137), (367618, 138), (367618, 139), (367618, 140), (367618, 141), (367618, 142), (367618, 143), (367618, 144), (367618, 145), (367618, 146), (367618, 147), (367618, 148), (367618, 149), (367618, 150), (367618, 151), (367618, 152), (367618, 153), (367618, 154), (367618, 155), (367618, 156), (367618, 157), (367618, 158), (367618, 159), (367618, 160), (367618, 161), (367618, 162), (367618, 163), (367618, 164), (367618, 165), (367618, 166), (367618, 167), (367618, 168), (367618, 169), (367618, 170), (367618, 171), (367618, 172), (367618, 173), (367618, 174), (367618, 175), (367618, 176), (367618, 177), (367618, 178), (367618, 179), (367618, 180), (367618, 181), (367618, 182), (367618, 183), (367618, 184), (367618, 185), (367618, 186), (367618, 187), (367618, 188), (367618, 189), (367618, 190), (367618, 191), (367618, 192), (367618, 193), (367618, 194), (367618, 195), (367618, 196), (367618, 197), (367618, 198), (367618, 199), (367618, 200), (367618, 201), (367618, 202), (367618, 203), (367618, 204), (367618, 205), (367618, 206), (367618, 207), (367618, 208), (367618, 209), (367618, 210), (367618, 211), (367618, 212), (367618, 213), (367618, 214), (367618, 215), (367618, 216), (367618, 217), (367618, 218), (367618, 219), (367618, 220), (367618, 221), (367618, 222), (367618, 223), (367618, 224), (367618, 225), (367618, 226), (367618, 227), (367618, 228), (367618, 229), (367618, 230), (367618, 231), (367618, 232), (367618, 233), (367618, 234), (367618, 235), (367618, 236), (367618, 237), (367618, 238), (367618, 239), (367618, 240), (367618, 241), (367618, 242), (367618, 243), (367618, 244), (367618, 245), (367618, 246), (367618, 247), (367618, 248), (367618, 249), (367618, 250), (367618, 251), (367618, 252), (367618, 253), (367618, 254), (367618, 255), (367618, 256), (367618, 257), (367618, 258), (367618, 259), (367618, 260), (367618, 261), (367618, 262), (367618, 263), (367618, 264), (367618, 265), (367618, 266), (367618, 267), (367618, 268), (367618, 269), (367618, 270), (367618, 271), (367618, 272), (367618, 273), (367618, 274), (367618, 275), (367618, 276), (367618, 277), (367618, 278), (367618, 279), (367618, 280), (367618, 281), (367618, 282), (367618, 283), (367618, 284), (367618, 285), (367618, 286), (367618, 287), (367618, 288), (367618, 289), (367618, 290), (367618, 291), (367618, 292), (367618, 293), (367618, 294), (367618, 295), (367618, 296), (367618, 297), (367618, 298), (367618, 299), (367618, 300), (367618, 301), (367618, 302), (367618, 303), (367618, 304), (367618, 305), (367618, 306), (367618, 307), (367618, 308), (367618, 309), (367618, 310), (367618, 311), (367618, 312), (367618, 313), (367618, 314), (367618, 315), (367618, 316), (367618, 317), (367618, 318), (367618, 319), (367618, 320), (367618, 321), (367618, 322), (367618, 323), (367618, 324), (367618, 325), (367618, 326), (367618, 327), (367618, 328), (367618, 329), (367618, 330), (367618, 331), (367618, 332), (367618, 333), (367618, 334), (367618, 335), (367618, 336), (367618, 337), (367618, 338), (367618, 339), (367618, 340), (367618, 341), (367661, 50), (367661, 51), (367661, 52), (367661, 53), (367661, 54), (367661, 55), (367661, 56), (367661, 57), (367661, 58), (367661, 59), (367661, 60), (367661, 61), (367661, 62), (367661, 63), (367661, 64), (367661, 65), (367661, 66), (367661, 67), (367661, 68), (367661, 69), (367661, 70), (367661, 71), (367661, 72), (367661, 73), (367661, 74), (367661, 75), (367661, 76), (367661, 77), (367661, 78), (367661, 79), (367661, 80), (367661, 81), (367661, 82), (367661, 83), (367661, 84), (367661, 85), (367661, 86), (367661, 87), (367661, 88), (367661, 89), (367661, 90), (367661, 91), (367661, 92), (367661, 93), (367661, 94), (367661, 95), (367661, 96), (367661, 97), (367661, 98), (367661, 99), (367661, 100), (367661, 101), (367661, 102), (367661, 103), (367661, 104), (367661, 105), (367661, 106), (367661, 107), (367661, 108), (367661, 109), (367661, 110), (367661, 111), (367661, 112), (367661, 113), (367661, 114), (367661, 115), (367661, 116), (367661, 117), (367661, 118), (367661, 119), (367661, 120), (367661, 121), (367661, 122), (367661, 123), (367661, 124), (367661, 125), (367661, 126), (367661, 127), (367661, 128), (367661, 129), (367661, 130), (367661, 131), (367661, 132), (367661, 133), (367661, 134), (367661, 135), (367661, 136), (367661, 137), (367661, 138), (367661, 139), (367661, 140), (367661, 141), (367661, 142), (367661, 143), (367661, 144), (367661, 145), (367661, 146), (367661, 147), (367661, 148), (367661, 149), (367661, 150), (367661, 151), (367661, 152), (367661, 153), (367661, 154), (367661, 155), (367661, 156), (367661, 157), (367661, 158), (367661, 159), (367661, 160), (367661, 161), (367661, 162), (367661, 163), (367661, 164), (367661, 165), (367661, 166), (367661, 167), (367661, 168), (367661, 169), (367661, 170), (367661, 171), (367661, 172), (367661, 173), (367661, 174), (367661, 175), (367661, 176), (367661, 177), (367661, 178), (367661, 179), (367661, 180), (367661, 181), (367661, 182), (367661, 183), (367661, 184), (367661, 185), (367661, 186), (367661, 187), (367661, 188), (367661, 189), (367661, 190), (367661, 191), (367661, 192), (367661, 193), (367661, 194), (367661, 195), (367661, 196), (367661, 197), (367661, 198), (367661, 199), (367661, 200), (367661, 201), (367661, 202), (367661, 203), (367661, 204), (367661, 205), (367661, 206), (367661, 207), (367661, 208), (367661, 209), (367661, 210), (367661, 211), (367661, 212), (367661, 213), (367661, 214), (367661, 215), (367661, 216), (367661, 217), (367661, 218), (367661, 219), (367661, 220), (367661, 221), (367661, 222), (367661, 223), (367661, 224), (367661, 225), (367661, 226), (367661, 227), (367661, 228), (367661, 229), (367661, 230), (367661, 231), (367661, 232), (367661, 233), (367661, 234), (367661, 235), (367661, 236), (367661, 237), (367661, 238), (367661, 239), (367661, 240), (367661, 241), (367661, 242), (367661, 243), (367661, 244), (367661, 245), (367661, 246), (367661, 247), (367661, 248), (367661, 249), (367661, 250), (367661, 251), (367661, 252), (367661, 253), (367661, 254), (367661, 255), (367661, 256), (367661, 257), (367661, 258), (367661, 259), (367661, 260), (367661, 261), (367661, 262), (367661, 263), (367661, 264), (367661, 265), (367661, 266), (367661, 267), (367661, 268), (367661, 269), (367661, 270), (367661, 271), (367661, 272), (367661, 273), (367661, 274), (367661, 275), (367661, 276), (367661, 277), (367661, 278), (367661, 279), (367661, 280), (367661, 281), (367661, 282), (367661, 283), (367661, 284), (367661, 285), (367661, 286), (367661, 287), (367661, 288), (367661, 289), (367661, 290), (367661, 291), (367661, 292), (367661, 293), (367661, 294), (367661, 295), (367661, 296), (367661, 297), (367661, 298), (367661, 299), (367661, 300), (367661, 301), (367661, 302), (367661, 303), (367661, 304), (367661, 305), (367661, 306), (367661, 307), (367661, 308), (367661, 309), (367661, 310), (367661, 311), (367661, 312), (367661, 313), (367661, 314), (367661, 315), (367661, 316), (367661, 317), (367661, 318), (367661, 319), (367661, 320), (367661, 321), (367661, 322), (367661, 323), (367661, 324), (367661, 325), (367661, 326), (367661, 327), (367661, 328), (367661, 329), (367661, 330), (367661, 331), (367661, 332), (367661, 333), (367661, 334), (367661, 335), (367661, 336), (367661, 337), (367661, 338), (367661, 339), (367661, 340), (367661, 341), (367661, 342), (367661, 343), (367661, 344), (367661, 345), (367661, 346), (367661, 347), (367661, 348), (367661, 349), (367661, 350), (367661, 351), (367661, 352), (367661, 353), (367661, 354), (367661, 355), (367661, 356), (367661, 357), (367661, 358), (367661, 359), (367661, 360), (367661, 361), (367661, 362), (367661, 363), (367661, 364), (367661, 365), (367661, 366), (367663, 1), (367742, 39), (367742, 40), (367742, 41), (367742, 42), (367742, 43), (367742, 44), (367742, 45), (367742, 46), (367742, 47), (367742, 48), (367742, 49), (367742, 50), (367742, 51), (367742, 52), (367742, 53), (367742, 54), (367742, 55), (367742, 56), (367742, 57), (367742, 58), (367742, 59), (367742, 60), (367742, 61), (367742, 62), (367742, 63), (367742, 64), (367742, 65), (367742, 66), (367742, 67), (367742, 68), (367742, 69), (367742, 70), (367742, 71), (367742, 72), (367742, 73), (367742, 74), (367742, 75), (367742, 76), (367742, 77), (367742, 78), (367742, 79), (367742, 80), (367742, 81), (367742, 82), (367742, 83), (367742, 84), (367742, 85), (367742, 86), (367742, 87), (367742, 88), (367742, 89), (367742, 90), (367742, 91), (367742, 92), (367742, 93), (367742, 94), (367742, 95), (367742, 96), (367742, 97), (367742, 98), (367742, 99), (367742, 100), (367742, 101), (367742, 102), (367742, 103), (367742, 104), (367742, 105), (367742, 106), (367742, 107), (367742, 108), (367742, 109), (367742, 110), (367742, 111), (367742, 112), (367742, 113), (367742, 114), (367742, 115), (367742, 116), (367742, 117), (367742, 118), (367742, 119), (367742, 120), (367742, 121), (367742, 122), (367742, 123), (367742, 124), (367742, 125), (367742, 126), (367742, 127), (367742, 128), (367742, 129), (367742, 130), (367742, 131), (367742, 132), (367742, 133), (367742, 134), (367742, 135), (367742, 136), (367742, 137), (367742, 138), (367742, 139), (367742, 140), (367742, 141), (367742, 142), (367742, 143), (367742, 144), (367742, 145), (367742, 146), (367742, 147), (367742, 148), (367742, 149), (367742, 150), (367742, 151), (367742, 152), (367742, 153), (367742, 154), (367742, 155), (367742, 156), (367742, 157), (367742, 158), (367742, 159), (367742, 160), (367742, 161), (367742, 162), (367742, 163), (367742, 164), (367742, 165), (367742, 166), (367742, 167), (367742, 168), (367742, 169), (367742, 170), (367742, 171), (367742, 172), (367742, 173), (367742, 174), (367742, 175), (367742, 176), (367742, 177), (367742, 178), (367742, 179), (367742, 180), (367742, 181), (367742, 182), (367742, 183), (367742, 184), (367742, 185), (367742, 186), (367742, 187), (367742, 188), (367742, 189), (367742, 190), (367742, 191), (367742, 192), (367742, 193), (367742, 194), (367742, 195), (367742, 196), (367742, 197), (367742, 198), (367742, 199), (367742, 200), (367742, 201), (367742, 202), (367742, 203), (367742, 204), (367742, 205), (367742, 206), (367742, 207), (367742, 208), (367742, 209), (367742, 210), (367742, 211), (367742, 212), (367742, 213), (367742, 214), (367742, 215), (367742, 216), (367742, 217), (367742, 218), (367742, 219), (367742, 220), (367742, 221), (367742, 222), (367742, 223), (367742, 224), (367742, 225), (367742, 226), (367742, 227), (367742, 228), (367742, 229), (367742, 230), (367742, 231), (367742, 232), (367742, 233), (367742, 234), (367742, 235), (367742, 236), (367742, 237), (367742, 238), (367742, 239), (367742, 240), (367742, 241), (367742, 242), (367742, 243), (367742, 244), (367742, 245), (367742, 246), (367742, 247), (367742, 248), (367742, 249), (367742, 250), (367742, 251), (367742, 252), (367742, 253), (367742, 254), (367742, 255), (367742, 256), (367742, 257), (367742, 258), (367742, 259), (367742, 260), (367742, 261), (367742, 262), (367742, 263), (367742, 264), (367742, 265), (367742, 266), (367742, 267), (367742, 268), (367742, 269), (367742, 270), (367742, 271), (367742, 272), (367742, 273), (367742, 274), (367742, 275), (367742, 276), (367742, 277), (367742, 278), (367742, 279), (367742, 280), (367742, 281), (367742, 282), (367742, 283), (367742, 284), (367742, 285), (367742, 286), (367742, 287), (367742, 288), (367742, 289), (367742, 290), (367742, 291), (367742, 292), (367742, 293), (367742, 294), (367742, 295), (367742, 296), (367742, 297), (367742, 298), (367742, 299), (367742, 300), (367742, 301), (367742, 302), (367742, 303), (367742, 304), (367742, 305), (367742, 306), (367742, 307), (367742, 308), (367742, 309), (367742, 310), (367742, 311), (367742, 312), (367742, 313), (367742, 314), (367742, 315), (367742, 316), (367742, 317), (367742, 318), (367742, 319), (367742, 320), (367742, 321), (367742, 322), (367742, 323), (367742, 324), (367742, 325), (367742, 326), (367742, 327), (367742, 328), (367742, 329), (367742, 330), (367742, 331), (367742, 332), (367742, 333), (367742, 334), (367742, 335), (367742, 336), (367742, 337), (367742, 338), (367742, 339), (367742, 340), (367742, 341), (367742, 342), (367742, 343), (367742, 344), (367742, 345), (367742, 346), (367742, 347), (367742, 348), (367742, 349), (367742, 350), (367742, 351), (367742, 352), (367742, 353), (367742, 354), (367742, 355), (367742, 356), (367742, 357), (367742, 358), (367742, 359), (367742, 360), (367742, 361), (367742, 362), (367742, 363), (367742, 364), (367742, 365), (367742, 366), (367742, 367), (367742, 368), (367742, 369), (367742, 370), (367742, 371), (367742, 372), (367742, 373), (367742, 374), (367742, 375), (367742, 376), (367742, 377), (367742, 378), (367742, 379), (367742, 380), (367742, 381), (367742, 382), (367742, 383), (367742, 384), (367742, 385), (367742, 386), (367742, 387), (367742, 388), (367742, 389), (367742, 390), (367742, 391), (367742, 392), (367742, 393), (367742, 394), (367742, 395), (367742, 396), (367742, 397), (367742, 398), (367742, 399), (367742, 400), (367742, 401), (367742, 402), (367742, 403), (367742, 404), (367742, 405), (367742, 406), (367742, 407), (367742, 408), (367742, 409), (367742, 410), (367742, 411), (367742, 412), (367742, 413), (367742, 414), (367742, 415), (367742, 416), (367742, 417), (367742, 418), (367742, 419), (367742, 420), (367742, 421), (367742, 422), (367742, 423), (367742, 424), (367742, 425), (367742, 426), (367742, 427), (367742, 428), (367742, 429), (367742, 430), (367742, 431), (367742, 432), (367742, 433), (367742, 434), (367742, 435), (367742, 436), (367742, 437), (367742, 438), (367742, 439), (367742, 440), (367742, 441), (367742, 442), (367742, 443), (367758, 52), (367758, 53), (367758, 54), (367758, 55), (367758, 56), (367758, 57), (367758, 58), (367758, 59), (367758, 60), (367758, 61), (367758, 62), (367758, 63), (367758, 64), (367758, 65), (367758, 66), (367758, 67), (367758, 68), (367758, 69), (367758, 70), (367758, 71), (367758, 72), (367758, 73), (367758, 74), (367758, 75), (367758, 76), (367758, 77), (367758, 78), (367758, 79), (367758, 80), (367758, 81), (367758, 82), (367758, 83), (367758, 84), (367758, 85), (367758, 86), (367758, 87), (367758, 88), (367758, 89), (367758, 90), (367758, 91), (367758, 92), (367758, 93), (367758, 94), (367758, 95), (367758, 96), (367758, 97), (367758, 98), (367758, 99), (367758, 100), (367758, 101), (367758, 102), (367758, 103), (367758, 104), (367758, 105), (367758, 106), (367758, 107), (367758, 108), (367758, 109), (367758, 110), (367758, 111), (367758, 112), (367758, 113), (367758, 114), (367758, 115), (367758, 116), (367758, 117), (367758, 118), (367758, 119), (367758, 120), (367758, 121), (367758, 122), (367758, 123), (367758, 124), (367758, 125), (367758, 126), (367758, 127), (367758, 128), (367758, 129), (367758, 130), (367758, 131), (367758, 132), (367758, 133), (367758, 134), (367758, 135), (367758, 136), (367758, 137), (367758, 138), (367758, 139), (367758, 140), (367758, 141), (367758, 142), (367758, 143), (367758, 144), (367758, 145), (367758, 146), (367758, 147), (367758, 148), (367758, 149), (367758, 150), (367758, 151), (367758, 152), (367758, 153), (367758, 154), (367758, 155), (367758, 156), (367758, 157), (367758, 158), (367758, 159), (367758, 160), (367758, 161), (367758, 162), (367758, 163), (367758, 164), (367758, 165), (367758, 166), (367758, 167), (367758, 168), (367758, 169), (367758, 170), (367758, 171), (367758, 172), (367758, 173), (367758, 174), (367758, 175), (367758, 176), (367758, 177), (367758, 178), (367758, 179), (367758, 180), (367758, 181), (367758, 182), (367758, 183), (367758, 184), (367758, 185), (367758, 186), (367758, 187), (367758, 188), (367758, 189), (367758, 190), (367758, 191), (367758, 192), (367758, 193), (367758, 194), (367758, 195), (367758, 196), (367758, 197), (367758, 198), (367758, 199), (367758, 200), (367758, 201), (367758, 202), (367758, 203), (367758, 204), (367758, 205), (367758, 206), (367758, 207), (367758, 208), (367758, 209), (367758, 210), (367758, 211), (367758, 212), (367758, 213), (367758, 214), (367758, 215), (367758, 216), (367758, 217), (367758, 218), (367758, 219), (367758, 220), (367758, 221), (367758, 222), (367758, 223), (367758, 224), (367758, 225), (367758, 226), (367758, 227), (367758, 228), (367758, 229), (367758, 230), (367758, 231), (367758, 232), (367758, 233), (367758, 234), (367758, 235), (367758, 236), (367758, 237), (367758, 238), (367758, 239), (367758, 240), (367758, 241), (367758, 242), (367758, 243), (367758, 244), (367758, 245), (367758, 246), (367758, 247), (367758, 248), (367758, 249), (367758, 250), (367758, 251), (367758, 252), (367758, 253), (367758, 254), (367758, 255), (367758, 256), (367758, 257), (367758, 258), (367758, 259), (367758, 260), (367758, 261), (367758, 262), (367758, 263), (367758, 264), (367758, 265), (367758, 266), (367758, 267), (367758, 268), (367758, 269), (367758, 270), (367758, 271), (367758, 272), (367758, 273), (367758, 274), (367758, 275), (367758, 276), (367758, 277), (367758, 278), (367758, 279), (367758, 280), (367758, 281), (367758, 282), (367758, 283), (367758, 284), (367758, 285), (367758, 286), (367758, 287), (367758, 288), (367758, 289), (367758, 290), (367758, 291), (367758, 292), (367758, 293), (367758, 294), (367758, 295), (367758, 296), (367758, 297), (367758, 298), (367758, 299), (367758, 300), (367758, 301), (367758, 302), (367758, 303), (367758, 304), (367758, 305), (367758, 306), (367758, 307), (367758, 308), (367758, 309), (367758, 310), (367758, 311), (367758, 312), (367758, 313), (367758, 314), (367758, 315), (367758, 316), (367758, 317), (367758, 318), (367758, 319), (367758, 320), (367758, 321), (367758, 322), (367758, 323), (367758, 324), (367758, 325), (367758, 326), (367758, 327), (367758, 328), (367758, 329), (367758, 330), (367758, 331), (367758, 332), (367758, 333), (367758, 334), (367758, 335), (367758, 336), (367758, 337), (367758, 338), (367758, 339), (367758, 340), (367758, 341), (367758, 342), (367758, 343), (367758, 344), (367758, 345), (367758, 346), (367758, 347), (367758, 348), (367758, 349), (367758, 350), (367758, 351), (367758, 352), (367758, 353), (367758, 354), (367758, 355), (367758, 356), (367758, 357), (367758, 358), (367758, 359), (367758, 360), (367758, 361), (367758, 362), (367758, 363), (367758, 364), (367758, 365), (367758, 366), (367758, 367), (367758, 368), (367758, 369), (367758, 370), (367758, 371), (367758, 372), (367758, 373), (367758, 374), (367758, 375), (367758, 376), (367758, 377), (367758, 378), (367758, 379), (367758, 380), (367758, 381), (367758, 382), (367758, 383), (367758, 384), (367758, 385), (367758, 386), (367758, 387), (367758, 388), (367758, 389), (367758, 390), (367758, 391), (367758, 392), (367758, 393), (367758, 394), (367758, 395), (367758, 396), (367758, 397), (367758, 398), (367758, 399), (367758, 400), (367758, 401), (367758, 402), (367758, 403), (367758, 404), (367758, 405), (367758, 406), (367758, 407), (367758, 408), (367758, 409), (367758, 410), (367758, 411), (367758, 412), (367758, 413), (367758, 414), (367758, 415), (367758, 416), (367758, 417), (367758, 418), (367758, 419), (367758, 420), (367758, 421), (367758, 422), (367758, 423), (367758, 424), (367758, 425), (367758, 426), (367758, 427), (367758, 428), (367758, 429), (367758, 430), (367758, 431), (367758, 432), (367758, 433), (367758, 434), (367758, 435), (367758, 436), (367758, 437), (367758, 438), (367758, 439), (367758, 440), (367758, 441), (367758, 442), (367758, 443), (367758, 444), (367758, 445), (367758, 446), (367758, 447), (367758, 448), (367758, 449), (367758, 450), (367758, 451), (367758, 452), (367758, 453), (367758, 454), (367758, 455), (367758, 456), (367758, 457), (367758, 458), (367758, 459), (367758, 460), (367758, 461), (367758, 462), (367758, 463), (367758, 464), (367758, 465), (367758, 466), (367758, 467), (367758, 468), (367758, 469), (367758, 470), (367758, 471), (367758, 472), (367758, 473), (367758, 474), (367758, 475), (367758, 476), (367758, 477), (367758, 478), (367758, 479), (367758, 480), (367758, 481), (367758, 482), (367758, 483), (367758, 484), (367758, 485), (367758, 486), (367758, 487), (367758, 488), (367758, 489), (367758, 490), (367758, 491), (367758, 492), (367758, 493), (367758, 494), (367758, 495), (367758, 496), (367758, 497), (367758, 498), (367758, 499), (367758, 500), (367758, 501), (367758, 502), (367758, 503), (367758, 504), (367758, 505), (367758, 506), (367758, 507), (367758, 508), (367758, 509), (367758, 510), (367758, 511), (367758, 512), (367758, 513), (367758, 514), (367758, 515), (367758, 516), (367758, 517), (367758, 518), (367758, 519), (367758, 520), (367758, 521), (367758, 522), (367758, 523), (367758, 524), (367758, 525), (367758, 526), (367758, 527), (367758, 528), (367758, 529), (367758, 530), (367758, 531), (367758, 532), (367758, 533), (367758, 534), (367758, 535), (367758, 536), (367758, 537), (367758, 538), (367758, 539), (367758, 540), (367758, 541), (367758, 542), (367758, 543), (367758, 544), (367758, 545), (367758, 546), (367758, 547), (367758, 548), (367758, 549), (367758, 550), (367758, 551), (367758, 552), (367758, 553), (367758, 554), (367758, 555), (367758, 556), (367758, 557), (367758, 558), (367758, 559), (367758, 560), (367758, 561), (367758, 562), (367758, 563), (367758, 564), (367758, 565), (367758, 566), (367758, 567), (367758, 568), (367758, 569), (367758, 570), (367758, 571), (367758, 572), (367758, 573), (367758, 574), (367758, 575), (367758, 576), (367758, 577), (367758, 578), (367758, 579), (367758, 580), (367758, 581), (367758, 582), (367758, 583), (367758, 584), (367758, 585), (367758, 586), (367758, 587), (367758, 588), (367758, 589), (367758, 590), (367758, 591), (367758, 592), (367758, 593), (367758, 594), (367758, 595), (367758, 596), (367758, 597), (367758, 598), (367758, 599), (367758, 600), (367758, 601), (367758, 602), (367758, 603), (367758, 604), (367758, 605), (367758, 606), (367758, 607), (367758, 608), (367758, 609), (367758, 610), (367758, 611), (367758, 612), (367758, 613), (367758, 614), (367758, 615), (367758, 616), (367758, 617), (367758, 618), (367758, 619), (367758, 620), (367758, 621), (367758, 622), (367758, 623), (367758, 624), (367758, 625), (367758, 626), (367758, 627), (367758, 628), (367758, 629), (367758, 630), (367758, 631), (367758, 632), (367758, 633), (367758, 634), (367758, 635), (367758, 636), (367758, 637), (367758, 638), (367758, 639), (367758, 640), (367758, 641), (367758, 642), (367758, 643), (367758, 644), (367758, 645), (367758, 646), (367758, 647), (367758, 648), (367758, 649), (367758, 650), (367758, 651), (367758, 652), (367758, 653), (367758, 654), (367758, 655), (367758, 656), (367758, 657), (367758, 658), (367758, 659), (367758, 660), (367758, 661), (367758, 662), (367758, 663), (367758, 664), (367758, 665), (367758, 666), (367758, 667), (367758, 668), (367758, 669), (367758, 670), (367758, 671), (367758, 672), (367758, 673), (367758, 674), (367758, 675), (367758, 676), (367758, 677), (367758, 678), (367758, 679), (367758, 680), (367758, 681), (367758, 682), (367758, 683), (367758, 684), (367758, 685), (367758, 686), (367758, 687), (367758, 688), (367758, 689), (367758, 690), (367758, 691), (367758, 692), (367758, 693), (367758, 694), (367758, 695), (367758, 696), (367758, 697), (367758, 698), (367758, 699), (367758, 700), (367758, 701), (367758, 702), (367758, 703), (367758, 704), (367758, 705), (367758, 706), (367758, 707), (367758, 708), (367758, 709), (367758, 710), (367758, 711), (367758, 712), (367758, 713), (367758, 714), (367758, 715), (367758, 716), (367758, 717), (367758, 718), (367758, 719), (367758, 720), (367758, 721), (367758, 722), (367758, 723), (367758, 724), (367758, 725), (367758, 726), (367758, 727), (367758, 728), (367758, 729), (367758, 730), (367758, 731), (367758, 732), (367758, 733), (367758, 734), (367758, 735), (367758, 736), (367758, 737), (367758, 738), (367758, 739), (367758, 740), (367758, 741), (367758, 742), (367758, 743), (367758, 744), (367758, 745), (367758, 746), (367758, 747), (367758, 748), (367758, 749), (367758, 750), (367758, 751), (367758, 752), (367758, 753), (367758, 754), (367758, 755), (367758, 756), (367758, 757), (367758, 758), (367758, 759), (367758, 760), (367758, 761), (367758, 762), (367758, 763), (367758, 764), (367758, 765), (367758, 766), (367758, 767), (367881, 14), (367881, 15), (367881, 16), (367881, 17), (367881, 18), (367881, 19), (367881, 20), (367881, 21), (367881, 22), (367881, 23), (367881, 24), (367881, 25), (367881, 26), (367881, 27), (367881, 28), (367881, 29), (367881, 30), (367881, 31), (367881, 32), (367881, 33), (367881, 34), (367881, 35), (367881, 36), (367881, 37), (367881, 38), (367881, 39), (367881, 40), (367881, 41), (367881, 42), (367881, 43), (367881, 44), (367881, 45), (367881, 46), (367881, 47), (367881, 48), (367881, 49), (367881, 50), (367881, 51), (367881, 52), (367881, 53), (367881, 54), (367881, 55), (367881, 56), (367881, 57), (367881, 58), (367881, 59), (367881, 60), (367881, 61), (367881, 62), (367881, 63), (367881, 64), (367881, 65), (367881, 66), (367881, 67), (367881, 68), (367881, 69), (367881, 70), (367881, 71), (367881, 72), (367881, 73), (367881, 74), (367881, 75), (367881, 76), (367881, 77), (367881, 78), (367881, 79), (367881, 80), (367881, 81), (367881, 82), (367881, 83), (367881, 84), (367881, 85), (367881, 86), (367881, 87), (367881, 88), (367881, 89), (367881, 90), (367881, 91), (367881, 92), (367881, 93), (367881, 94), (367881, 95), (367881, 96), (367881, 97), (367881, 98), (367881, 99), (367881, 100), (367881, 101), (367881, 102), (367881, 103), (367881, 104), (367881, 105), (367881, 106), (367881, 107), (367881, 108), (367881, 109), (367881, 110), (367881, 111), (367881, 112), (367881, 113), (367881, 114), (367881, 115), (367881, 116), (367881, 117), (367881, 118), (367881, 119), (367881, 120), (367881, 121), (367881, 122), (367881, 123), (367881, 124), (367881, 125), (367881, 126), (367881, 127), (367881, 128), (367881, 129), (367881, 130), (367881, 131), (367881, 132), (367881, 133), (367881, 134), (367881, 135), (367881, 136), (367881, 137), (367881, 138), (367881, 139), (367881, 140), (367881, 141), (367881, 142), (367881, 143), (367881, 144), (367881, 145), (367881, 146), (367881, 147), (367881, 148), (367881, 149), (367881, 150), (367881, 151), (367881, 152), (368388, 39), (368388, 40), (368388, 41), (368388, 42), (368388, 43), (368388, 44), (368388, 45), (368388, 46), (368388, 47), (368388, 48), (368388, 49), (368388, 50), (368388, 51), (368388, 52), (368388, 53), (368388, 54), (368388, 55), (368388, 56), (368388, 57), (368388, 58), (368388, 59), (368388, 60), (368388, 61), (368388, 62), (368388, 63), (368388, 64), (368388, 65), (368388, 66), (368388, 67), (368388, 68), (368388, 69), (368388, 70), (368388, 71), (368388, 72), (368388, 73), (368388, 74), (368388, 75), (368388, 76), (368388, 77), (368388, 78), (368388, 79), (368388, 80), (368388, 81), (368388, 82), (368388, 83), (368388, 84), (368388, 85), (368388, 86), (368388, 87), (368388, 88), (368388, 89), (368388, 90), (368388, 91), (368388, 92), (368388, 93), (368388, 94), (368388, 95), (368388, 96), (368388, 97), (368388, 98), (368388, 99), (368388, 100), (368388, 101), (368388, 102), (368388, 103), (368388, 104), (368388, 105), (368388, 106), (368388, 107), (368388, 108), (368388, 109), (368388, 110), (368388, 111), (368388, 112), (368388, 113), (368388, 114), (368388, 115), (368388, 116), (368388, 117), (368388, 118), (368388, 119), (368388, 120), (368388, 121), (368388, 122), (368388, 123), (368388, 124), (368388, 125), (368388, 126), (368388, 127), (368388, 128), (368388, 129), (368388, 130), (368388, 131), (368388, 132), (368388, 133), (368388, 134), (368388, 135), (368388, 136), (368388, 137), (368388, 138), (368388, 139), (368388, 140), (368388, 141), (368388, 142), (368388, 143), (368388, 144), (368388, 145), (368388, 146), (368388, 147), (368388, 148), (368388, 149), (368388, 150), (368388, 151), (368388, 152), (368388, 153), (368388, 154), (368388, 155), (368388, 156), (368388, 157), (368388, 158), (368388, 159), (368388, 160), (368388, 161), (368388, 162), (368388, 163), (368388, 164), (368388, 165), (368388, 166), (368388, 167), (368388, 168), (368388, 169), (368388, 170), (368388, 171), (368388, 172), (368388, 173), (368388, 174), (368388, 175), (368388, 176), (368388, 177), (368388, 178), (368388, 179), (368388, 180), (368388, 181), (368388, 182), (368388, 183), (368388, 184), (368388, 185), (368388, 186), (368388, 187), (368388, 188), (368388, 189), (368388, 190), (368388, 191), (368388, 192), (368388, 193), (368388, 194), (368388, 195), (368388, 196), (368388, 197), (368388, 198), (368388, 199), (368388, 200), (368388, 201), (368388, 202), (368388, 203), (368388, 204), (368388, 205), (368388, 206), (368388, 207), (368388, 208), (368388, 209), (368388, 210), (368388, 211), (368388, 212), (368388, 213), (368388, 214), (368388, 215), (368388, 216), (368388, 217), (368388, 218), (368388, 219), (368388, 220), (368388, 221), (368388, 222), (368388, 223), (368388, 224), (368388, 225), (368388, 226), (368388, 227), (368388, 228), (368388, 229), (368388, 230), (368388, 231), (368388, 232), (368388, 233), (368388, 234), (368388, 235), (368388, 236), (368388, 237), (368388, 238), (368388, 239), (368388, 240), (368388, 241), (368388, 242), (368388, 243), (368388, 244), (368388, 245), (368388, 246), (368388, 247), (368388, 248), (368388, 249), (368388, 250), (368388, 251), (368388, 252), (368388, 253), (368388, 254), (368388, 255), (368388, 256), (368388, 257), (368388, 258), (368388, 259), (368388, 260), (368388, 261), (368388, 262), (368388, 263), (368388, 264), (368388, 265), (368388, 266), (368388, 267), (368388, 268), (368388, 269), (368388, 270), (368388, 271), (368388, 272), (368388, 273), (368388, 274), (368388, 275), (368388, 276), (368388, 277), (368388, 278), (368388, 279), (368388, 280), (368388, 281), (368388, 282), (368388, 283), (368388, 284), (368388, 285), (368388, 286), (368388, 287), (368388, 288), (368388, 289), (368388, 290), (368388, 291), (368388, 292), (368388, 293), (368388, 294), (368388, 295), (368388, 296), (368388, 297), (368388, 298), (368388, 299), (368388, 300), (368388, 301), (368388, 302), (368388, 303), (368388, 304), (368388, 305), (368388, 306), (368388, 307), (368388, 308), (368388, 309), (368388, 310), (368388, 311), (368388, 312), (368388, 313), (368388, 314), (368388, 315), (368388, 316), (368388, 317), (368388, 318), (368388, 319), (368388, 320), (368388, 321), (368388, 322), (368388, 323), (368388, 324), (368388, 325), (368388, 326), (368388, 327), (368388, 328), (368388, 329), (368388, 330), (368388, 331), (368388, 332), (368388, 333), (368388, 334), (368388, 335), (368388, 336), (368388, 337), (368388, 338), (368388, 339), (368388, 340), (368388, 341), (368388, 342), (368388, 343), (368388, 344), (368388, 345), (368388, 346), (368388, 347), (368388, 348), (368388, 349), (368388, 350), (368388, 351), (368388, 352), (368388, 353), (368388, 354), (368388, 355), (368388, 356), (368388, 357), (368388, 358), (368388, 359), (368388, 360), (368388, 361), (368388, 362), (368388, 363), (368388, 364), (368388, 365), (368388, 366), (368388, 367), (368388, 368), (368388, 369), (368388, 370), (368388, 371), (368388, 372), (368388, 373), (368388, 374), (368388, 375), (368388, 376), (368388, 377), (368388, 378), (368388, 379), (368388, 380), (368388, 381), (368388, 382), (368388, 383), (368388, 384), (368388, 385), (368388, 386), (368388, 387), (368388, 388), (368388, 389), (368388, 390), (368388, 391), (368388, 392), (368388, 393), (368388, 394), (368388, 395), (368388, 396), (368388, 397), (368388, 398), (368388, 399), (368388, 400), (368388, 401), (368388, 402), (368388, 403), (368388, 404), (368388, 405), (368388, 406), (368388, 407), (368388, 408), (368388, 409), (368388, 410), (368388, 411), (368388, 412), (368388, 413), (368388, 414), (368388, 415), (368388, 416), (368388, 417), (368388, 418), (368388, 419), (368388, 420), (368388, 421), (368388, 422), (368388, 423), (368388, 424), (368388, 425), (368388, 426), (368388, 427), (368388, 428), (368388, 429), (368388, 430), (368388, 431), (368388, 432), (368388, 433), (368388, 434), (368388, 435), (368388, 436), (368388, 437), (368388, 438), (368388, 439), (368388, 440), (368388, 441), (368388, 442), (368388, 443), (368388, 444), (368388, 448), (368388, 449), (368388, 450), (368388, 451), (368388, 452), (368388, 453), (368388, 454), (368388, 455), (368388, 456), (368388, 457), (368388, 458), (368388, 459), (368388, 460), (368388, 461), (368388, 462), (368388, 463), (368388, 464), (368388, 465), (368388, 466), (368388, 467), (368388, 468), (368388, 469), (368388, 470), (368388, 471), (368388, 472), (368388, 473), (368388, 474), (368388, 475), (368388, 476), (368388, 477), (368388, 478), (368388, 479), (368388, 480), (368388, 481), (368388, 482), (368388, 483), (368388, 484), (368388, 485), (368388, 486), (368388, 487), (368388, 488), (368388, 489), (368388, 490), (368388, 491), (368388, 492), (368388, 493), (368388, 494), (368388, 495), (368388, 496), (368388, 497), (368388, 498), (368388, 499), (368388, 500), (368388, 501), (368388, 502), (368388, 503), (368388, 504), (368388, 505), (368388, 506), (368388, 507), (368388, 508), (368388, 509), (368388, 510), (368388, 511), (368388, 512), (368388, 513), (368388, 514), (368388, 515), (368388, 516), (368388, 517), (368388, 518), (368388, 519), (368388, 520), (368388, 521), (368388, 522), (368388, 523), (368388, 524), (368388, 525), (368388, 526), (368388, 527), (368388, 528), (368388, 529), (368388, 530), (368388, 531), (368388, 532), (368388, 533), (368388, 534), (368388, 535), (368388, 536), (368388, 537), (368388, 538), (368388, 539), (368388, 540), (368388, 541), (368388, 542), (368388, 543), (368388, 544), (368388, 545), (368388, 546), (368388, 547), (368388, 548), (368388, 549), (368388, 550), (368388, 551), (368388, 552), (368388, 553), (368388, 554), (368388, 555), (368388, 556), (368388, 557), (368388, 558), (368388, 559), (368388, 560), (368388, 561), (368388, 562), (368388, 563), (368388, 564), (368388, 565), (368388, 566), (368388, 567), (368388, 568), (368388, 569), (368388, 570), (368388, 571), (368388, 572), (368388, 573), (368388, 574), (368388, 575), (368388, 576), (368388, 577), (368388, 578), (368388, 579), (368388, 580), (368388, 581), (368388, 582), (368388, 583), (368388, 584), (368388, 585), (368388, 586), (368388, 587), (368388, 588), (368388, 589), (368388, 590), (368388, 591), (368388, 592), (368388, 593), (368388, 594), (368388, 595), (368388, 596), (368388, 597), (368388, 598), (368388, 599), (368388, 600), (368388, 601), (368388, 602), (368388, 603), (368388, 604), (368388, 605), (368388, 606), (368388, 607), (368388, 608), (368388, 609), (368388, 610), (368388, 611), (368388, 612), (368388, 613), (368388, 614), (368388, 615), (368388, 616), (368388, 617), (368388, 618), (368388, 619), (368388, 620), (368388, 621), (368388, 622), (368388, 623), (368388, 624), (368388, 625), (368388, 626), (368388, 627), (368388, 628), (368388, 629), (368388, 630), (368388, 631), (368388, 632), (368388, 633), (368388, 634), (368388, 635), (368388, 636), (368388, 637), (368388, 638), (368388, 639), (368388, 640), (368388, 641), (368388, 642), (368388, 643), (368388, 644), (368388, 645), (368388, 646), (368388, 647), (368388, 648), (368388, 649), (368388, 650), (368388, 651), (368388, 652), (368388, 653), (368388, 654), (368388, 655), (368388, 656), (368388, 657), (368388, 658), (368388, 659), (368388, 660), (368388, 661), (368388, 662), (368388, 663), (368388, 664), (368388, 665), (368388, 666), (368388, 667), (368388, 668), (368388, 669), (368388, 670), (368388, 671), (368388, 672), (368388, 673), (368388, 674), (368388, 675), (368388, 676), (368388, 677), (368388, 678), (368388, 679), (368388, 680), (368388, 681), (368388, 682), (368388, 683), (368388, 684), (368388, 685), (368388, 686), (368388, 687), (368388, 688), (368388, 689), (368388, 690), (368388, 691), (368388, 692), (368388, 693), (368388, 694), (368388, 695), (368388, 696), (368388, 697), (368388, 698), (368388, 699), (368388, 700), (368388, 701), (368388, 702), (368388, 703), (368388, 704), (368388, 705), (368388, 706), (368388, 707), (368388, 708), (368388, 709), (368388, 710), (368388, 711), (368388, 712), (368388, 713), (368388, 714), (368388, 715), (368388, 716), (368388, 717), (368388, 718), (368388, 719), (368388, 720), (368388, 721), (368388, 722), (368388, 723), (368388, 724), (368388, 725), (368388, 726), (368388, 727), (368388, 728), (368388, 729), (368388, 730), (368388, 731), (368388, 732), (368388, 733), (368388, 734), (368388, 735), (368388, 736), (368388, 737), (368388, 738), (368388, 739), (368388, 740), (368388, 741), (368388, 742), (368388, 743), (368388, 744), (368388, 745), (368388, 746), (368388, 747), (368388, 748), (368388, 749), (368388, 750), (368388, 751), (368388, 752), (368388, 753), (368388, 754), (368388, 755), (368388, 756), (368388, 757), (368388, 758), (368388, 759), (368388, 760), (368388, 761), (368388, 762), (368388, 763), (368388, 764), (368388, 765), (368388, 766), (368388, 767), (368388, 768), (368388, 769), (368388, 770), (368388, 771), (368388, 772), (368388, 773), (368388, 774), (368388, 775), (368388, 776), (368388, 777), (368388, 778), (368388, 779), (368388, 780), (368388, 781), (368388, 782), (368388, 783), (368388, 784), (368388, 785), (368388, 786), (368388, 787), (368388, 788), (368388, 789), (368388, 790), (368388, 791), (368388, 792), (368388, 793), (368388, 794), (368388, 795), (368388, 796), (368388, 797), (368388, 798), (368388, 799), (368388, 800), (368388, 801), (368388, 802), (368388, 803), (368388, 804), (368388, 805), (368388, 806), (368388, 807), (368388, 808), (368388, 809), (368388, 810), (368388, 811), (368388, 812), (368388, 813), (368388, 814), (368388, 815), (368388, 816), (368388, 817), (368388, 818), (368388, 819), (368388, 820), (368388, 821), (368388, 822), (368388, 823), (368388, 824), (368388, 825), (368388, 826), (368388, 827), (368388, 828), (368388, 829), (368388, 830), (368388, 831), (368388, 832), (368388, 833), (368388, 834), (368388, 835), (368388, 836), (368388, 837), (368388, 838), (368388, 839), (368388, 840), (368388, 841), (368388, 842), (368388, 843), (368388, 844), (368388, 845), (368388, 846), (368388, 847), (368388, 848), (368388, 849), (368388, 850), (368388, 851), (368388, 852), (368388, 853), (368388, 854), (368388, 855), (368388, 856), (368388, 857), (368388, 858), (368388, 859), (368388, 860), (368388, 861), (368388, 862), (368388, 863), (368388, 864), (368388, 865), (368388, 866), (368388, 867), (368388, 868), (368388, 869), (368388, 870), (368388, 871), (368388, 872), (368388, 873), (368388, 874), (368388, 875), (368388, 876), (368388, 877), (368388, 878), (368388, 879), (368388, 880), (368388, 881), (368388, 882), (368388, 883), (368388, 884), (368388, 885), (368388, 886), (368388, 887), (368388, 888), (368388, 889), (368388, 890), (368388, 891), (368388, 892), (368388, 893), (368388, 894), (368388, 895), (368388, 896), (368388, 897), (368388, 898), (368388, 899), (368388, 900), (368388, 901), (368388, 902), (368388, 903), (368388, 904), (368388, 905), (368388, 906), (368388, 907), (368388, 908), (368388, 909), (368388, 910), (368388, 911), (368388, 912), (368388, 913), (368388, 914), (368388, 915), (368388, 916), (368388, 917), (368388, 918), (368388, 919), (368388, 920), (368388, 921), (368388, 922), (368388, 923), (368388, 924), (368388, 925), (368388, 926), (368388, 927), (368388, 928), (368388, 929), (368388, 930), (368388, 931), (368388, 932), (368388, 933), (368388, 934), (368388, 935), (368388, 936), (368388, 937), (368388, 938), (368388, 939), (368388, 940), (368388, 941), (368388, 942), (368388, 943), (368388, 944), (368388, 945), (368388, 946), (368388, 947), (368388, 948), (368388, 949), (368388, 950), (368388, 951), (368388, 952), (368388, 953), (368388, 954), (368388, 955), (368388, 956), (368388, 957), (368388, 958), (368388, 959), (368388, 960), (368388, 961), (368388, 962), (368388, 963), (368388, 964), (368388, 965), (368388, 966), (368388, 967), (368388, 968), (368388, 969), (368388, 970), (368388, 971), (368388, 972), (368388, 973), (368388, 974), (368388, 975), (368388, 976), (368388, 977), (368388, 978), (368388, 979), (368388, 980), (368388, 981), (368388, 982), (368388, 983), (368388, 984), (368388, 985), (368388, 986), (368388, 987), (368388, 988), (368388, 989), (368388, 990), (368388, 991), (368388, 992), (368388, 993), (368388, 994), (368388, 995), (368388, 996), (368388, 997), (368388, 998), (368388, 999), (368388, 1000), (368388, 1001), (368388, 1002), (368388, 1003), (368388, 1004), (368388, 1005), (368388, 1006), (368388, 1007), (368388, 1008), (368388, 1009), (368388, 1010), (368388, 1011), (368388, 1012), (368388, 1013), (368388, 1014), (368388, 1015), (368388, 1016), (368388, 1017), (368388, 1018), (368388, 1019), (368388, 1020), (368388, 1021), (368388, 1022), (368388, 1023), (368388, 1024), (368388, 1025), (368388, 1026), (368388, 1027), (368388, 1028), (368388, 1029), (368388, 1030), (368388, 1031), (368388, 1032), (368388, 1033), (368388, 1034), (368388, 1035), (368388, 1036), (368388, 1037), (368388, 1038), (368388, 1039), (368388, 1040), (368388, 1041), (368388, 1042), (368388, 1043), (368388, 1044), (368388, 1045), (368388, 1046), (368388, 1047), (368388, 1048), (368388, 1049), (368388, 1050), (368388, 1051), (368388, 1052), (368388, 1053), (368388, 1054), (368388, 1055), (368388, 1056), (368388, 1057), (368388, 1058), (368388, 1059), (368388, 1060), (368388, 1061), (368388, 1062), (368388, 1063), (368388, 1064), (368388, 1065), (368388, 1066), (368388, 1067), (368388, 1068), (368388, 1069), (368388, 1070), (368388, 1071), (368388, 1072), (368388, 1073), (368388, 1074), (368388, 1075), (368388, 1076), (368388, 1077), (368388, 1078), (368388, 1079), (368388, 1080), (368388, 1081), (368388, 1082), (368388, 1083), (368388, 1084), (368388, 1085), (368388, 1086), (368388, 1087), (368388, 1088), (368388, 1089), (368388, 1090), (368388, 1091), (368388, 1092), (368388, 1093), (368388, 1094), (368388, 1095), (368388, 1096), (368388, 1097), (368388, 1098), (368388, 1099), (368388, 1100), (368388, 1101), (368388, 1102), (368388, 1103), (368388, 1104), (368388, 1105), (368388, 1106), (368388, 1107), (368388, 1108), (368388, 1109), (368388, 1110), (368388, 1111), (368388, 1112), (368388, 1113), (368388, 1114), (368388, 1115), (368388, 1116), (368388, 1117), (368388, 1118), (368388, 1119), (368388, 1120), (368388, 1121), (368388, 1122), (368388, 1123), (368388, 1124), (368388, 1125), (368388, 1126), (368388, 1127), (368388, 1128), (368388, 1129), (368388, 1130), (368388, 1131), (368388, 1132), (368388, 1133), (368388, 1134), (368388, 1135), (368388, 1136), (368388, 1137), (368388, 1138), (368388, 1139), (368388, 1140), (368388, 1141), (368388, 1142), (368388, 1143), (368388, 1144), (368388, 1145), (368388, 1146), (368388, 1147), (368388, 1148), (368388, 1149), (368388, 1150), (368388, 1151), (368388, 1152), (368388, 1153), (368388, 1154), (368388, 1155), (368388, 1156), (368388, 1157), (368388, 1158), (368388, 1159), (368388, 1160), (368388, 1161), (368388, 1162), (368388, 1163), (368388, 1164), (368388, 1165), (368388, 1166), (368388, 1167), (368388, 1168), (368388, 1169), (368388, 1170), (368388, 1171), (368388, 1172), (368388, 1173), (368388, 1174), (368388, 1175), (368388, 1176), (368388, 1177), (368388, 1178), (368388, 1179), (368388, 1180), (368388, 1181), (368388, 1182), (368388, 1183), (368388, 1184), (368388, 1185), (368388, 1186), (368388, 1187), (368388, 1188), (368388, 1189), (368388, 1190), (368388, 1191), (368388, 1192), (368388, 1193), (368388, 1194), (368388, 1195), (368388, 1196), (368388, 1197), (368388, 1198), (368388, 1199), (368388, 1200), (368388, 1201), (368388, 1202), (368388, 1203), (368388, 1204), (368388, 1205), (368388, 1206), (368388, 1207), (368388, 1208), (368388, 1209), (368388, 1210), (368388, 1211), (368388, 1212), (368388, 1213), (368388, 1214), (368388, 1215), (368388, 1216), (368388, 1217), (368388, 1218), (368388, 1219), (368388, 1220), (368388, 1221), (368388, 1222), (368388, 1223), (368388, 1224), (368388, 1225), (368388, 1226), (368388, 1227), (368388, 1228), (368388, 1229), (368388, 1230), (368388, 1231), (368388, 1232), (368388, 1233), (368388, 1234), (368388, 1235), (368388, 1236), (368388, 1237), (368388, 1238), (368388, 1239), (368388, 1240), (368388, 1241), (368388, 1242), (368388, 1243), (368388, 1244), (368388, 1245), (368388, 1246), (368388, 1247), (368388, 1248), (368388, 1249), (368388, 1250), (368388, 1251), (368388, 1252), (368388, 1253), (368388, 1254), (368388, 1255), (368388, 1256), (368388, 1257), (368388, 1258), (368388, 1259), (368388, 1260), (368388, 1261), (368388, 1262), (368388, 1263), (368388, 1264), (368388, 1265), (368388, 1266), (368388, 1267), (368388, 1268), (368388, 1269), (368388, 1270), (368388, 1271), (368388, 1272), (368388, 1273), (368388, 1274), (368388, 1275), (368388, 1276), (368388, 1277), (368388, 1278), (368388, 1279), (368388, 1280), (368388, 1281), (368388, 1282), (368388, 1283), (368388, 1284), (368388, 1285), (368388, 1286), (368388, 1287), (368388, 1288), (368388, 1289), (368388, 1290), (368388, 1291), (368388, 1292), (368388, 1293), (368388, 1294), (368388, 1295), (368388, 1296), (368388, 1297), (368388, 1298), (368388, 1299), (368388, 1300), (368388, 1301), (368388, 1302), (368388, 1303), (368388, 1304), (368388, 1305), (368388, 1306), (368388, 1307), (368388, 1308), (368388, 1309), (368388, 1310), (368388, 1311), (368388, 1312), (368388, 1313), (368388, 1314), (368388, 1315), (368388, 1316), (368388, 1317), (368388, 1318), (368388, 1319), (368388, 1320), (368388, 1321), (368388, 1322), (368388, 1323), (368388, 1324), (368388, 1325), (368388, 1326), (368388, 1327), (368388, 1328), (368388, 1329), (368388, 1330), (368388, 1331), (368388, 1332), (368388, 1333), (368388, 1334), (368388, 1335), (368388, 1336), (368388, 1337), (368388, 1338), (368388, 1339), (368388, 1340), (368388, 1341), (368388, 1342), (368388, 1343), (368388, 1344), (368388, 1345), (368388, 1346), (368388, 1347), (368388, 1348), (368388, 1349), (368388, 1350), (368388, 1351), (368388, 1352), (368388, 1353), (368388, 1354), (368388, 1355), (368388, 1356), (368388, 1357), (368388, 1358), (368388, 1359), (368388, 1360), (368388, 1361), (368388, 1362), (368388, 1363), (368388, 1364), (368388, 1365), (368388, 1366), (368388, 1367), (368388, 1368), (368388, 1369), (368388, 1370), (368388, 1371), (368388, 1372), (368388, 1373), (368388, 1374), (368388, 1375), (368388, 1376), (368388, 1377), (368388, 1378), (368388, 1379), (368388, 1380), (368388, 1381), (368388, 1382), (368388, 1383), (368388, 1384), (368388, 1385), (368388, 1386), (368388, 1387), (368388, 1388), (368388, 1389), (368388, 1390), (368388, 1391), (368388, 1392), (368388, 1393), (368388, 1394), (368388, 1395), (368388, 1396), (368388, 1397), (368388, 1398), (368388, 1399), (368388, 1400), (368388, 1401), (368388, 1402), (368388, 1403), (368388, 1404), (368388, 1405), (368388, 1406), (368388, 1407), (368388, 1408), (368388, 1409), (368388, 1410), (368388, 1411), (368388, 1412), (368388, 1413), (368388, 1414), (368388, 1415), (368388, 1416), (368388, 1417), (368388, 1418), (368388, 1419), (368388, 1420), (368388, 1421), (368388, 1422), (368388, 1423), (368388, 1424), (368388, 1425), (368388, 1426), (368388, 1427), (368388, 1428), (368388, 1429), (368388, 1430), (368388, 1431), (368388, 1434), (368388, 1435), (368388, 1436), (368388, 1437), (368388, 1438), (368388, 1439), (368388, 1440), (368388, 1441), (368388, 1442), (368388, 1443), (368388, 1444), (368388, 1445), (368388, 1446), (368388, 1447), (368388, 1448), (368388, 1449), (368388, 1450), (368388, 1451), (368388, 1452), (368388, 1453), (368388, 1454), (368388, 1455), (368388, 1456), (368388, 1457), (368388, 1458), (368388, 1459), (368388, 1460), (368388, 1461), (368388, 1462), (368388, 1463), (368388, 1464), (368388, 1465), (368388, 1466), (368388, 1467), (368388, 1468), (368388, 1469), (368388, 1470), (368388, 1471), (368388, 1472), (368400, 40), (368400, 41), (368400, 42), (368400, 43), (368400, 44), (368400, 45), (368400, 46), (368400, 47), (368400, 48), (368400, 49), (368400, 50), (368400, 51), (368400, 52), (368400, 53), (368400, 54), (368400, 55), (368400, 56), (368400, 57), (368400, 58), (368400, 59), (368400, 60), (368400, 61), (368400, 62), (368400, 63), (368400, 64), (368400, 65), (368400, 66), (368400, 67), (368400, 68), (368400, 69), (368400, 70), (368400, 71), (368400, 72), (368400, 73), (368400, 74), (368400, 75), (368400, 76), (368400, 77), (368400, 78), (368400, 79), (368400, 80), (368400, 81), (368400, 82), (368400, 83), (368400, 84), (368400, 85), (368400, 86), (368400, 87), (368400, 88), (368400, 89), (368400, 90), (368400, 91), (368400, 92), (368400, 93), (368400, 94), (368400, 95), (368400, 96), (368400, 97), (368400, 98), (368400, 99), (368400, 100), (368400, 101), (368400, 102), (368400, 103), (368400, 104), (368400, 105), (368400, 106), (368400, 107), (368400, 108), (368400, 109), (368400, 110), (368400, 111), (368400, 112), (368400, 113), (368400, 114), (368400, 115), (368400, 116), (368400, 117), (368400, 118), (368400, 119), (368400, 120), (368400, 121), (368400, 122), (368400, 123), (368400, 124), (368400, 125), (368400, 126), (368400, 127), (368400, 128), (368400, 129), (368400, 130), (368400, 131), (368400, 132), (368400, 133), (368400, 134), (368400, 135), (368400, 136), (368400, 137), (368400, 138), (368400, 139), (368400, 140), (368400, 141), (368400, 142), (368400, 143), (368400, 144), (368400, 145), (368400, 146), (368400, 147), (368400, 148), (368400, 149), (368400, 150), (368400, 151), (368400, 152), (368400, 153), (368400, 154), (368400, 155), (368400, 156), (368400, 157), (368400, 158), (368400, 159), (368400, 160), (368400, 161), (368400, 162), (368400, 163), (368400, 164), (368400, 165), (368400, 166), (368400, 167), (368400, 168), (368400, 169), (368400, 170), (368400, 171), (368400, 172), (368400, 173), (368400, 174), (368400, 175), (368400, 176), (368400, 177), (368400, 178), (368400, 179), (368400, 180), (368400, 181), (368400, 182), (368400, 183), (368400, 184), (368400, 185), (368400, 186), (368400, 187), (368400, 188), (368400, 189), (368400, 190), (368400, 191), (368400, 192), (368400, 193), (368400, 194), (368400, 195), (368400, 196), (368400, 197), (368400, 198), (368400, 199), (368400, 200), (368400, 201), (368400, 202), (368400, 203), (368400, 204), (368400, 205), (368400, 206), (368400, 207), (368400, 208), (368400, 209), (368400, 210), (368400, 211), (368400, 212), (368400, 213), (368400, 214), (368400, 215), (368400, 216), (368400, 217), (368400, 218), (368400, 219), (368400, 220), (368400, 221), (368400, 222), (368400, 223), (368400, 224), (368400, 225), (368400, 226), (368400, 227), (368400, 228), (368400, 229), (368400, 230), (368400, 231), (368400, 232), (368400, 233), (368400, 234), (368400, 235), (368400, 236), (368400, 237), (368400, 238), (368400, 239), (368400, 240), (368400, 241), (368400, 242), (368400, 243), (368400, 244), (368400, 245), (368400, 246), (368400, 247), (368400, 248), (368400, 249), (368400, 250), (368400, 251), (368400, 252), (368400, 253), (368400, 254), (368400, 255), (368400, 256), (368400, 257), (368400, 258), (368400, 259), (368400, 260), (368400, 261), (368400, 262), (368400, 263), (368400, 264), (368400, 265), (368400, 266), (368400, 267), (368400, 268), (368400, 269), (368400, 270), (368400, 271), (368609, 41), (368609, 42), (368609, 43), (368609, 44), (368609, 45), (368609, 46), (368609, 47), (368609, 48), (368609, 49), (368609, 50), (368609, 51), (368609, 52), (368609, 53), (368609, 54), (368609, 55), (368609, 56), (368609, 57), (368609, 58), (368609, 59), (368609, 60), (368609, 61), (368609, 62), (368609, 63), (368609, 64), (368609, 65), (368609, 66), (368609, 67), (368609, 68), (368609, 69), (368609, 70), (368609, 71), (368609, 72), (368609, 73), (368609, 74), (368609, 75), (368609, 76), (368609, 77), (368609, 78), (368609, 79), (368609, 80), (368609, 81), (368609, 82), (368609, 83), (368609, 84), (368609, 85), (368609, 86), (368609, 87), (368609, 88), (368609, 89), (368609, 90), (368609, 91), (368609, 92), (368609, 93), (368609, 94), (368609, 95), (368609, 96), (368609, 97), (368609, 98), (368609, 99), (368609, 100), (368609, 101), (368609, 102), (368609, 103), (368609, 104), (368609, 105), (368609, 106), (368609, 107), (368609, 108), (368609, 109), (368609, 110), (368609, 111), (368609, 112), (368609, 113), (368609, 114), (368609, 115), (368609, 116), (368609, 117), (368609, 118), (368609, 119), (368609, 120), (368609, 121), (368609, 122), (368609, 123), (368609, 124), (368609, 125), (368609, 126), (368609, 127), (368609, 128), (368609, 129), (368609, 130), (368609, 131), (368609, 132), (368609, 133), (368609, 134), (368609, 135), (368609, 136), (368609, 137), (368609, 138), (368609, 139), (368609, 140), (368609, 141), (368609, 142), (368609, 143), (368609, 144), (368609, 145), (368609, 146), (368609, 147), (368609, 148), (368609, 149), (368609, 150), (368609, 151), (368609, 152), (368609, 153), (368609, 154), (368609, 155), (368609, 156), (368609, 157), (368609, 158), (368609, 159), (368609, 160), (368609, 161), (368609, 162), (368609, 163), (368609, 164), (368609, 165), (368609, 166), (368609, 167), (368609, 168), (368609, 169), (368609, 170), (368609, 171), (368609, 172), (368609, 173), (368609, 174), (368609, 175), (368609, 176), (368609, 177), (368609, 178), (368609, 179), (368609, 180), (368609, 181), (368609, 182), (368609, 183), (368609, 184), (368609, 185), (368609, 186), (368609, 187), (368609, 188), (368609, 189), (368609, 190), (368609, 191), (368609, 192), (368609, 193), (368609, 194), (368609, 195), (368609, 196), (368609, 197), (368609, 198), (368609, 199), (368609, 200), (368609, 201), (368609, 202), (368609, 203), (368609, 204), (368609, 205), (368609, 206), (368609, 207), (368609, 208), (368609, 209), (368609, 210), (368609, 211), (368609, 212), (368609, 213), (368609, 214), (368609, 215), (368609, 216), (368609, 217), (368609, 218), (368609, 219), (368609, 220), (368609, 221), (368609, 222), (368609, 223), (368609, 224), (368609, 225), (368609, 226), (368609, 227), (368609, 228), (368609, 229), (368609, 230), (368609, 231), (368609, 232), (368609, 233), (368609, 234), (368609, 235), (368609, 236), (368609, 237), (368609, 238), (368609, 239), (368609, 240), (368609, 241), (368609, 242), (368609, 243), (368609, 244), (368609, 245), (368609, 246), (368609, 247), (368609, 248), (368609, 249), (368609, 250), (368609, 251), (368609, 252), (368609, 253), (368609, 254), (368609, 255), (368609, 256), (368609, 257), (368609, 258), (368609, 259), (368609, 260), (368609, 261), (368609, 262), (368609, 263), (368609, 264), (368609, 265), (368609, 266), (368609, 267), (368609, 268), (368609, 269), (368609, 270), (368609, 271), (368609, 272), (368609, 273), (368609, 274), (368609, 275), (368609, 276), (368609, 277), (368609, 278), (368609, 279), (368609, 280), (368609, 281), (368609, 282), (368609, 283), (368609, 284), (368609, 285), (368609, 286), (368609, 287), (368609, 288), (368609, 289), (368609, 290), (368609, 291), (368609, 292), (368609, 293), (368609, 294), (368609, 295), (368609, 296), (368609, 297), (368609, 298), (368609, 299), (368609, 300), (368609, 301), (368609, 302), (368609, 303), (368609, 304), (368609, 305), (368609, 306), (368609, 307), (368609, 308), (368609, 309), (368609, 310), (368609, 311), (368609, 312), (368609, 313), (368609, 314), (368609, 315), (368609, 316), (368609, 317), (368609, 318), (368609, 319), (368609, 320), (368609, 321), (368609, 322), (368609, 323), (368609, 324), (368609, 325), (368609, 326), (368609, 327), (368609, 328), (368609, 329), (368609, 330), (368609, 331), (368609, 332), (368609, 333), (368609, 334), (368609, 335), (368609, 336), (368609, 337), (368609, 338), (368609, 339), (368609, 340), (368609, 341), (368609, 342), (368609, 343), (368609, 344), (368609, 345), (368609, 346), (368609, 347), (368609, 348), (368609, 349), (368609, 350), (368609, 351), (368609, 352), (368609, 353), (368609, 354), (368609, 355), (368609, 356), (368609, 357), (368609, 358), (368609, 359), (368609, 360), (368609, 361), (368609, 362), (368609, 363), (368609, 364), (368609, 365), (368609, 366), (368609, 367), (368609, 368), (368609, 369), (368609, 370), (368609, 371), (368609, 372), (368609, 373), (368609, 374), (368609, 375), (368609, 376), (368609, 377), (368609, 378), (368609, 379), (368609, 380), (368609, 381), (368609, 382), (368609, 383), (368609, 384), (368609, 385), (368609, 386), (368609, 387), (368609, 388), (368609, 389), (368609, 390), (368609, 391), (368609, 392), (368609, 393), (368609, 394), (368609, 395), (368609, 396), (368609, 397), (368609, 398), (368609, 399), (368609, 400), (368609, 401), (368609, 402), (368609, 403), (368609, 404), (368609, 405), (368609, 406), (368609, 407), (368609, 408), (368609, 409), (368609, 410), (368609, 411), (368609, 412), (368609, 413), (368609, 414), (368609, 415), (368609, 416), (368609, 417), (368609, 418), (368609, 419), (368609, 420), (368609, 421), (368609, 422), (368609, 423), (368609, 424), (368609, 425), (368609, 426), (368609, 427), (368609, 428), (368609, 429), (368609, 430), (368609, 431), (368609, 432), (368609, 433), (368609, 434), (368609, 435), (368609, 436), (368609, 437), (368609, 438), (368609, 439), (368609, 440), (368609, 441), (368609, 442), (368609, 443), (368609, 444), (368609, 445), (368609, 446), (368609, 447), (368609, 448), (368609, 449), (368609, 450), (368609, 451), (368609, 452), (368609, 453), (368609, 454), (368609, 455), (368609, 456), (368609, 457), (368609, 458), (368609, 459), (368609, 460), (368609, 461), (368609, 462), (368609, 463), (368609, 464), (368609, 465), (368609, 466), (368609, 467), (368609, 468), (368609, 469), (368609, 470), (368609, 471), (368609, 472), (368609, 473), (368609, 474), (368609, 475), (368609, 476), (368609, 477), (368609, 478), (368609, 479), (368609, 480), (368609, 481), (368609, 482), (368609, 483), (368609, 484), (368609, 485), (368609, 486), (368609, 487), (368609, 488), (368609, 489), (368609, 490), (368609, 491), (368609, 492), (368609, 493), (368609, 494), (368609, 495), (368609, 496), (368609, 497), (368609, 498), (368609, 499), (368609, 500), (368609, 501), (368609, 502), (368609, 503), (368609, 504), (368609, 505), (368609, 506), (368609, 507), (368609, 508), (368609, 509), (368609, 510), (368609, 511), (368609, 512), (368609, 513), (368609, 514), (368609, 515), (368609, 516), (368609, 517), (368609, 518), (368609, 519), (368609, 520), (368609, 521), (368609, 522), (368609, 523), (368609, 524), (368609, 525), (368609, 526), (368609, 527), (368609, 528), (368609, 529), (368609, 530), (368609, 531), (368609, 532), (368609, 533), (368609, 534), (368609, 535), (368609, 536), (368609, 537), (368609, 538), (368609, 539), (368609, 540), (368609, 541), (368609, 542), (368609, 543), (368609, 544), (368609, 545), (368609, 546), (368609, 547), (368609, 548), (368609, 549), (368609, 550), (368609, 551), (368609, 552), (368609, 553), (368609, 554), (368609, 555), (368609, 556), (368609, 557), (368609, 558), (368609, 559), (368609, 560), (368609, 561), (368609, 562), (368609, 563), (368609, 564), (368609, 565), (368609, 566), (368609, 567), (368609, 568), (368609, 569), (368609, 570), (368609, 571), (368609, 572), (368609, 573), (368609, 574), (368609, 575), (368609, 576), (368609, 577), (368609, 578), (368609, 579), (368609, 580), (368609, 581), (368609, 582), (368609, 583), (368609, 584), (368609, 585), (368609, 586), (368609, 587), (368609, 588), (368609, 589), (368609, 590), (368609, 591), (368609, 592), (368609, 593), (368609, 594), (368609, 595), (368609, 596), (368609, 597), (368609, 598), (368609, 599), (368609, 600), (368609, 601), (368609, 602), (368609, 603), (368609, 604), (368609, 605), (368609, 606), (368609, 607), (368609, 608), (368609, 609), (368609, 610), (368609, 611), (368609, 612), (368609, 613), (368609, 614), (368609, 615), (368609, 616), (368609, 617), (368609, 618), (368609, 619), (368609, 620), (368609, 621), (368609, 622), (368609, 623), (368609, 624), (368609, 625), (368609, 626), (368609, 627), (368609, 628), (368609, 629), (368609, 630), (368609, 631), (368609, 632), (368609, 633), (368609, 634), (368609, 635), (368609, 636), (368609, 637), (368609, 638), (368609, 639), (368609, 640), (368609, 641), (368609, 642), (368609, 643), (368609, 644), (368609, 645), (368609, 646), (368609, 647), (368609, 648), (368609, 649), (368609, 650), (368609, 651), (368609, 652), (368609, 653), (368609, 654), (368609, 655), (368609, 656), (368609, 657), (368609, 658), (368609, 659), (368609, 660), (368609, 661), (368609, 662), (368609, 663), (368609, 664), (368609, 665), (368609, 666), (368609, 667), (368609, 668), (368609, 669), (368609, 670), (368609, 671), (368609, 672), (368609, 673), (368609, 674), (368609, 675), (368609, 676), (368609, 677), (368609, 678), (368609, 679), (368609, 680), (368609, 681), (368609, 682), (368609, 683), (368609, 684), (368609, 685), (368609, 686), (368609, 687), (368609, 688), (368609, 689), (368609, 690), (368609, 691), (368609, 692), (368609, 693), (368609, 694), (368609, 695), (368609, 696), (368609, 697), (368609, 698), (368609, 699), (368609, 700), (368609, 701), (368609, 702), (368609, 703), (368609, 704), (368609, 705), (368609, 706), (368609, 707), (368609, 708), (368609, 709), (368609, 710), (368609, 711), (368609, 712), (368609, 713), (368609, 714), (368609, 715), (368609, 716), (368609, 717), (368609, 718), (368609, 719), (368609, 720), (368609, 721), (368609, 722), (368609, 723), (368609, 724), (368609, 725), (368609, 726), (368609, 727), (368609, 728), (368609, 729), (368609, 730), (368609, 731), (368609, 732), (368609, 733), (368609, 734), (368609, 735), (368609, 736), (368609, 737), (368609, 738), (368609, 739), (368609, 740), (368609, 741), (368609, 742), (368609, 743), (368609, 744), (368609, 745), (368609, 746), (368609, 747), (368609, 748), (368609, 749), (368609, 750), (368609, 751), (368609, 752), (368609, 753), (368609, 754), (368609, 755), (368609, 756), (368609, 757), (368609, 758), (368609, 759), (368609, 760), (368609, 761), (368609, 762), (368609, 763), (368609, 764), (368609, 765), (368609, 766), (368609, 767), (368609, 768), (368609, 769), (368609, 770), (368609, 771), (368609, 772), (368609, 773), (368609, 774), (368609, 775), (368609, 776), (368609, 777), (368609, 778), (368609, 779), (368609, 780), (368609, 781), (368609, 782), (368609, 783), (368609, 784), (368609, 785), (368609, 786), (368609, 787), (368609, 788), (368609, 789), (368609, 790), (368609, 791), (368609, 792), (368609, 793), (368609, 794), (368609, 795), (368609, 796), (368609, 797), (368609, 798), (368609, 799), (368609, 800), (368609, 801), (368609, 802), (368609, 803), (368609, 804), (368609, 805), (368609, 806), (368609, 807), (368609, 808), (368609, 809), (368609, 810), (368609, 811), (368609, 812), (368609, 813), (368609, 814), (368609, 815), (368609, 816), (368609, 817), (368609, 818), (368609, 819), (368609, 820), (368609, 821), (368609, 822), (368609, 823), (368609, 824), (368609, 825), (368609, 826), (368609, 827), (368609, 828), (368609, 829), (368609, 830), (368609, 831), (368609, 832), (368609, 833), (368609, 834), (368609, 835), (368609, 836), (368609, 837), (368609, 838), (368609, 839), (368609, 840), (368609, 841), (368609, 842), (368609, 843), (368609, 844), (368609, 845), (368609, 846), (368609, 847), (368609, 848), (368609, 849), (368609, 850), (368609, 851), (368609, 852), (368609, 853), (368609, 854), (368609, 855), (368609, 856), (368609, 857), (368609, 858), (368609, 859), (368609, 860), (368609, 861), (368609, 862), (368609, 863), (368609, 864), (368609, 865), (368609, 866), (368609, 867), (368609, 868), (368609, 869), (368609, 870), (368609, 871), (368609, 872), (368609, 873), (368609, 874), (368609, 875), (368609, 876), (368609, 877), (368609, 878), (368609, 879), (368609, 880), (368609, 881), (368609, 882), (368609, 883), (368609, 884), (368609, 885), (368609, 886), (368609, 887), (368609, 888), (368609, 889), (368609, 890), (368609, 891), (368609, 892), (368609, 893), (368609, 894), (368609, 895), (368609, 896), (368609, 897), (368609, 898), (368609, 899), (368609, 900), (368609, 901), (368609, 902), (368609, 903), (368609, 904), (368609, 905), (368609, 906), (368609, 907), (368609, 908), (368609, 909), (368609, 910), (368609, 911), (368609, 912), (368609, 913), (368609, 914), (368609, 915), (368609, 916), (368609, 917), (368609, 918), (368609, 919), (368609, 920), (368609, 921), (368609, 922), (368609, 923), (368609, 924), (368609, 925), (368609, 926), (368609, 927), (368609, 928), (368609, 929), (368609, 930), (368609, 931), (368609, 932), (368609, 933), (368609, 934), (368609, 935), (368609, 936), (368609, 937), (368609, 938), (368609, 939), (368609, 940), (368609, 941), (368609, 942), (368609, 943), (368609, 944), (368609, 945), (368609, 946), (368609, 947), (368609, 948), (368609, 949), (368609, 950), (368609, 951), (368609, 952), (368609, 953), (368609, 954), (368609, 955), (368609, 956), (368609, 957), (368609, 958), (368609, 959), (368609, 960), (368609, 961), (368609, 962), (368609, 963), (368609, 964), (368609, 965), (368609, 966), (368609, 967), (368609, 968), (368609, 969), (368609, 970), (368609, 971), (368609, 972), (368609, 973), (368609, 974), (368609, 975), (368609, 976), (368609, 977), (368609, 978), (368609, 979), (368609, 980), (368609, 981), (368609, 982), (368609, 983), (368609, 984), (368609, 985), (368609, 986), (368609, 987), (368609, 988), (368609, 989), (368609, 990), (368609, 991), (368609, 992), (368609, 993), (368609, 994), (368609, 995), (368609, 996), (368609, 997), (368609, 998), (368609, 999), (368609, 1000), (368609, 1001), (368609, 1002), (368609, 1003), (368609, 1004), (368609, 1005), (368609, 1006), (368609, 1007), (368609, 1008), (368609, 1009), (368609, 1010), (368609, 1011), (368609, 1012), (368609, 1013), (368609, 1014), (368609, 1015), (368609, 1016), (368609, 1017), (368609, 1018), (368609, 1019), (368609, 1020), (368609, 1021), (368609, 1022), (368609, 1023), (368609, 1024), (368609, 1025), (368609, 1026), (368609, 1027), (368609, 1028), (368609, 1029), (368609, 1030), (368609, 1031), (368609, 1032), (368609, 1033), (368609, 1034), (368609, 1035), (368609, 1036), (368609, 1037), (368609, 1038), (368609, 1039), (368669, 42), (368669, 43), (368669, 44), (368669, 45), (368669, 46), (368669, 47), (368669, 48), (368669, 49), (368669, 50), (368669, 51), (368669, 52), (368669, 53), (368669, 54), (368669, 55), (368669, 56), (368669, 57), (368669, 58), (368669, 59), (368669, 60), (368669, 61), (368669, 62), (368669, 63), (368669, 64), (368669, 65), (368669, 66), (368669, 67), (368669, 68), (368669, 69), (368669, 70), (368669, 71), (368669, 72), (368669, 73), (368669, 74), (368669, 75), (368669, 76), (368669, 77), (368669, 78), (368669, 79), (368669, 80), (368669, 81), (368669, 82), (368669, 83), (368669, 84), (368669, 85), (368669, 86), (368669, 87), (368669, 88), (368669, 89), (368669, 90), (368669, 91), (368669, 92), (368669, 93), (368669, 94), (368669, 95), (368669, 96), (368669, 97), (368669, 98), (368669, 99), (368669, 100), (368669, 101), (368669, 102), (368669, 103), (368669, 104), (368669, 105), (368669, 106), (368669, 107), (368669, 108), (368669, 109), (368669, 110), (368669, 111), (368669, 112), (368669, 113), (368669, 114), (368669, 115), (368669, 116), (368669, 117), (368669, 118), (368669, 119), (368669, 120), (368669, 121), (368669, 122), (368669, 123), (368669, 124), (368669, 125), (368669, 126), (368669, 127), (368669, 128), (368669, 129), (368669, 130), (368669, 131), (368669, 132), (368669, 133), (368669, 134), (368669, 135), (368669, 136), (368669, 137), (368669, 138), (368669, 139), (368669, 140), (368669, 141), (368669, 142), (368669, 143), (368669, 144), (368669, 145), (368669, 146), (368669, 147), (368669, 148), (368669, 149), (368669, 150), (368669, 151), (368669, 152), (368669, 153), (368669, 154), (368669, 155), (368669, 156), (368669, 157), (368669, 158), (368669, 159), (368669, 160), (368669, 161), (368669, 162), (368669, 163), (368669, 164), (368669, 165), (368669, 166), (368669, 167), (368669, 168), (368669, 169), (368669, 170), (368669, 171), (368669, 172), (368669, 173), (368669, 174), (368669, 175), (368669, 176), (368669, 177), (368669, 178), (368669, 179), (368669, 180), (368669, 181), (368669, 182), (368669, 183), (368669, 184), (368669, 185), (368669, 186), (368669, 187), (368669, 188), (368669, 189), (368669, 190), (368669, 191), (368669, 192), (368669, 193), (368669, 194), (368669, 195), (368669, 196), (368669, 197), (368669, 198), (368669, 199), (368669, 200), (368669, 201), (368669, 202), (368669, 203), (368669, 204), (368669, 205), (368669, 206), (368669, 207), (368669, 208), (368669, 209), (368669, 210), (368669, 211), (368669, 212), (368669, 213), (368669, 214), (368669, 215), (368669, 216), (368669, 217), (368669, 218), (368669, 219), (368669, 220), (368669, 221), (368669, 222), (368669, 223), (368669, 224), (368669, 225), (368669, 226), (368669, 227), (368669, 228), (368669, 229), (368669, 230), (368669, 231), (368669, 232), (368669, 233), (368669, 234), (368669, 235), (368669, 236), (368669, 237), (368669, 238), (368669, 239), (368669, 240), (368669, 241), (368669, 242), (368669, 243), (368669, 244), (368669, 245), (368669, 246), (368669, 247), (368669, 248), (368669, 249), (368669, 250), (368669, 251), (368669, 252), (368669, 253), (368669, 254), (368669, 255), (368669, 256), (368669, 257), (368669, 258), (368669, 259), (368669, 260), (368669, 261), (368669, 262), (368669, 263), (368669, 264), (368669, 265), (368669, 266), (368669, 267), (368669, 268), (368669, 269), (368669, 270), (368669, 271), (368669, 272), (368669, 273), (368669, 274), (368669, 275), (368669, 276), (368669, 277), (368669, 278), (368669, 279), (368669, 280), (368669, 281), (368669, 282), (368669, 283), (368669, 284), (368669, 285), (368669, 286), (368669, 287), (368669, 288), (368669, 289), (368669, 290), (368669, 291), (368669, 292), (368669, 293), (368669, 294), (368669, 295), (368669, 296), (368669, 297), (368669, 298), (368669, 299), (368669, 300), (368669, 301), (368669, 302), (368669, 303), (368669, 304), (368669, 305), (368669, 306), (368669, 307), (368669, 308), (368669, 309), (368669, 310), (368669, 311), (368669, 312), (368669, 313), (368669, 314), (368669, 315), (368669, 316), (368669, 317), (368669, 318), (368669, 319), (368669, 320), (368669, 321), (368669, 322), (368669, 323), (368669, 324), (368669, 325), (368669, 326), (368669, 327), (368669, 328), (368669, 329), (368669, 330), (368669, 331), (368669, 332), (368669, 333), (368669, 334), (368669, 335), (368669, 336), (368669, 337), (368669, 338), (368669, 339), (368669, 340), (368669, 341), (368669, 342), (368669, 343), (368669, 344), (368669, 345), (368669, 346), (368669, 347), (368669, 348), (368669, 349), (368669, 350), (368669, 351), (368669, 352), (368669, 353), (368669, 354), (368669, 355), (368669, 356), (368669, 357), (368669, 358), (368669, 359), (368669, 360), (368669, 361), (368669, 362), (368669, 363), (368669, 364), (368669, 365), (368669, 366), (368669, 367), (368669, 368), (368669, 369), (368669, 370), (368669, 371), (368669, 372), (368669, 373), (368669, 374), (368669, 375), (368669, 376), (368669, 377), (368669, 378), (368669, 379), (368669, 380), (368669, 381), (368669, 382), (368669, 383), (368669, 384), (368669, 385), (368669, 386), (368669, 387), (368669, 388), (368669, 389), (368669, 390), (368669, 391), (368669, 392), (368669, 393), (368669, 394), (368669, 395), (368669, 396), (368669, 397), (368669, 398), (368669, 399), (368669, 400), (368669, 401), (368669, 402), (368669, 403), (368669, 404), (368669, 405), (368669, 406), (368669, 407), (368669, 408), (368669, 409), (368669, 410), (368746, 39), (368746, 40), (368746, 41), (368746, 42), (368746, 43), (368746, 44), (368746, 45), (368746, 46), (368746, 47), (368746, 48), (368746, 49), (368746, 50), (368746, 51), (368746, 52), (368746, 53), (368746, 54), (368746, 55), (368746, 56), (368746, 57), (368746, 58), (368746, 59), (368746, 60), (368746, 61), (368746, 62), (368746, 63), (368746, 64), (368746, 65), (368746, 66), (368746, 67), (368746, 68), (368746, 69), (368746, 70), (368746, 71), (368746, 72), (368746, 73), (368746, 74), (368746, 75), (368746, 76), (368746, 77), (368762, 45), (368762, 46), (368762, 47), (368762, 48), (368762, 49), (368762, 50), (368762, 51), (368762, 52), (368762, 53), (368762, 54), (368762, 55), (368762, 56), (368762, 57), (368762, 58), (368762, 59), (368762, 60), (368762, 61), (368762, 62), (368762, 63), (368762, 64), (368762, 65), (368762, 66), (368762, 67), (368762, 68), (368762, 69), (368762, 70), (368762, 71), (368762, 72), (368762, 73), (368762, 74), (368762, 75), (368762, 76), (368762, 77), (368762, 78), (368762, 79), (368762, 80), (368762, 81), (368762, 82), (368762, 83), (368762, 84), (368762, 85), (368762, 86), (368762, 87), (368762, 88), (368762, 89), (368762, 90), (368762, 91), (368762, 92), (368762, 93), (368762, 94), (368762, 95), (368762, 96), (368762, 97), (368762, 98), (368762, 99), (368762, 100), (368762, 101), (368762, 102), (368762, 103), (368762, 104), (368762, 105), (368762, 106), (368762, 107), (368762, 108), (368762, 109), (368762, 110), (368762, 111), (368762, 112), (368762, 113), (368762, 114), (368762, 115), (368762, 116), (368762, 117), (368762, 118), (368762, 119), (368762, 120), (368762, 121), (368762, 122), (368762, 123), (368762, 124), (368762, 125), (368762, 126), (368762, 127), (368762, 128), (368762, 129), (368762, 130), (368762, 131), (368762, 132), (368762, 133), (368762, 134), (368762, 135), (368762, 136), (368762, 137), (368762, 138), (368762, 139), (368762, 140), (368762, 141), (368762, 142), (368762, 143), (368762, 144), (368762, 145), (368762, 146), (368762, 147), (368762, 148), (368762, 149), (368762, 150), (368762, 151), (368762, 152), (368762, 153), (368762, 154), (368762, 155), (368762, 156), (368762, 157), (368762, 158), (368762, 159), (368762, 160), (368762, 161), (368762, 162), (368762, 163), (368762, 164), (368762, 165), (368762, 166), (368762, 167), (368762, 168), (368762, 169), (368762, 170), (368762, 171), (368762, 172), (368762, 173), (368762, 174), (368762, 175), (368762, 176), (368762, 177), (368762, 178), (368762, 179), (368762, 180), (368762, 181), (368762, 182), (368762, 183), (368762, 184), (368762, 185), (368762, 186), (368762, 187), (368762, 188), (368762, 189), (368762, 190), (368762, 191), (368762, 192), (368762, 193), (368762, 194), (368762, 195), (368762, 196), (368762, 197), (368762, 198), (368762, 199), (368762, 200), (368762, 201), (368762, 202), (368762, 203), (368762, 204), (368762, 205), (368762, 206), (368762, 207), (368762, 208), (368762, 209), (368762, 210), (368762, 211), (368762, 212), (368762, 213), (368762, 214), (368762, 215), (368762, 216), (368762, 217), (368762, 218), (368762, 219), (368762, 220), (368762, 221), (368762, 222), (368762, 223), (368762, 224), (368762, 225), (368762, 226), (368762, 227), (368762, 228), (368762, 229), (368762, 230), (368762, 231), (368762, 232), (368762, 233), (368762, 234), (368762, 235), (368762, 236), (368762, 237), (368762, 238), (368764, 1), (368822, 45), (368822, 46), (368822, 47), (368822, 48), (368822, 49), (368822, 50), (368822, 51), (368822, 52), (368822, 53), (368822, 54), (368822, 55), (368822, 56), (368822, 57), (368822, 58), (368822, 59), (368822, 60), (368822, 61), (368822, 62), (368822, 63), (368822, 64), (368822, 65), (368822, 66), (368822, 67), (368822, 68), (368822, 69), (368822, 70), (368822, 71), (368822, 72), (368822, 73), (368822, 74), (368822, 75), (368822, 76), (368822, 77), (368822, 78), (368822, 79), (368822, 80), (368822, 81), (368822, 82), (368822, 83), (368822, 84), (368822, 85), (368822, 86), (368822, 87), (368822, 88), (368822, 89), (368822, 90), (368822, 91), (368822, 92), (368822, 93), (368822, 94), (368822, 95), (368822, 96), (368822, 97), (368822, 98), (368822, 99), (368822, 100), (368822, 101), (368822, 102), (368822, 103), (368822, 104), (368822, 105), (368822, 106), (368822, 107), (368822, 108), (368822, 109), (368822, 110), (368822, 111), (368822, 112), (368822, 113), (368822, 114), (368822, 115), (368822, 116), (368822, 117), (368822, 118), (368822, 119), (368822, 120), (368822, 121), (368822, 122), (368822, 123), (368822, 124), (368822, 125), (368822, 126), (368822, 127), (368822, 128), (368822, 129), (368822, 130), (368822, 131), (368822, 132), (368822, 133), (368822, 134), (368822, 135), (368822, 136), (368822, 137), (368822, 138), (368822, 139), (368822, 140), (368822, 141), (368822, 142), (368822, 143), (368822, 144), (368822, 145), (368822, 146), (368822, 147), (368822, 148), (368822, 149), (368822, 150), (368822, 151), (368822, 152), (368822, 153), (368822, 154), (368822, 155), (368822, 156), (368822, 157), (368822, 158), (368822, 159), (368822, 160), (368822, 161), (368822, 162), (368822, 163), (368822, 164), (368822, 165), (368822, 166), (368822, 167), (368822, 168), (368822, 169), (368822, 170), (368822, 171), (368822, 172), (368822, 173), (368822, 174), (368822, 175), (368822, 176), (368822, 177), (368822, 178), (368822, 179), (368822, 180), (368822, 181), (368822, 182), (368822, 183), (368822, 184), (368822, 185), (368822, 186), (368822, 187), (368822, 188), (368822, 189), (368822, 190), (368822, 191), (368822, 192), (368822, 193), (368822, 194), (368822, 195), (368822, 196), (368822, 197), (368822, 198), (368822, 199), (368822, 200), (368822, 201), (368822, 202), (368822, 203), (368822, 204), (368822, 205), (368822, 206), (368822, 207), (368822, 208), (368822, 209), (368822, 210), (368822, 211), (368822, 212), (368822, 213), (368822, 214), (368822, 215), (368822, 216), (368822, 217), (368822, 218), (368822, 219), (368822, 220), (368822, 221), (368822, 222), (368822, 223), (368822, 224), (368822, 225), (368822, 226), (368822, 227), (368822, 228), (368822, 229), (368822, 230), (368822, 231), (368822, 232), (368822, 233), (368822, 234), (368822, 235), (368822, 236), (368822, 237), (368822, 238), (368822, 239), (368822, 240), (368822, 241), (368822, 242), (368822, 243), (368822, 244), (368822, 245), (368822, 246), (368822, 247), (368822, 248), (368822, 249), (368822, 250), (368822, 251), (368822, 252), (368822, 253), (368822, 254), (368822, 255), (368822, 256), (368822, 257), (368822, 258), (368822, 259), (368822, 260), (368822, 261), (368822, 262), (368822, 263), (368822, 264), (368822, 265), (368822, 266), (368822, 267), (368822, 268), (368822, 269), (368822, 270), (368822, 271), (368822, 272), (368822, 273), (368822, 274), (368822, 275), (368822, 276), (368822, 277), (368822, 278), (368822, 279), (368822, 280), (368822, 281), (368822, 282), (368822, 283), (368822, 284), (368822, 285), (368822, 286), (368822, 287), (368822, 288), (368822, 289), (368822, 290), (368822, 291), (368822, 292), (368822, 293), (368822, 294), (368822, 295), (368822, 296), (368822, 297), (368822, 298), (368822, 299), (368822, 300), (368822, 301), (368822, 302), (368822, 303), (368822, 304), (368822, 305), (368822, 306), (368822, 307), (368822, 308), (368822, 309), (368822, 310), (368822, 311), (368822, 312), (368822, 313), (368822, 314), (368822, 315), (368822, 316), (368822, 317), (368822, 318), (368822, 319), (368822, 320), (368822, 321), (368822, 322), (368822, 323), (368822, 324), (368822, 325), (368822, 326), (368822, 327), (368822, 328), (368822, 329), (368822, 330), (368822, 332), (368822, 333), (368822, 334), (368822, 335), (368822, 336), (368822, 337), (368822, 338), (368822, 339), (368822, 340), (368822, 341), (368822, 342), (368822, 343), (368822, 344), (368822, 345), (368822, 346), (368822, 347), (368822, 348), (368822, 349), (368822, 350), (368822, 351), (368822, 352), (368822, 353), (368822, 354), (368822, 355), (368822, 356), (368822, 357), (368822, 358), (368822, 359), (368822, 360), (368822, 361), (368822, 362), (368822, 363), (368822, 364), (368822, 365), (368822, 366), (368822, 367), (368822, 368), (368822, 369), (368822, 370), (368822, 371), (368822, 372), (368822, 373), (368822, 374), (368822, 375), (368822, 376), (368822, 377), (368822, 378), (368822, 379), (368822, 380), (368822, 381), (368822, 382), (368822, 383), (368822, 384), (368822, 385), (368822, 386), (368822, 387), (368822, 388), (368822, 389), (368822, 390), (368822, 391), (368822, 392), (368822, 393), (368822, 394), (368822, 395), (368822, 396), (368822, 397), (368822, 398), (368822, 399), (368822, 400), (368822, 401), (368822, 402), (368822, 403), (368822, 404), (368822, 405), (368822, 406), (368822, 407), (368822, 408), (368822, 409), (368822, 410), (368822, 411), (368822, 412), (368822, 413), (368822, 414), (368822, 415), (368822, 416), (368822, 417), (368822, 418), (368822, 419), (368822, 420), (368822, 421), (368822, 422), (368822, 423), (368822, 424), (368822, 425), (368822, 426), (368822, 427), (368822, 428), (368822, 429), (368822, 430), (368822, 431), (368822, 432), (368822, 433), (368822, 434), (368822, 435), (368822, 436), (368822, 437), (368822, 438), (368822, 439), (368822, 440), (368822, 441), (368822, 442), (368822, 443), (368822, 444), (368822, 445), (368822, 446), (368822, 447), (368822, 448), (368822, 449), (368822, 450), (368822, 451), (368822, 452), (368822, 453), (368822, 454), (368822, 455), (368822, 456), (368822, 457), (368822, 458), (368822, 459), (368822, 460), (368822, 461), (368822, 462), (368822, 463), (368822, 464), (368822, 465), (368822, 466), (368822, 467), (368822, 468), (368822, 469), (368822, 470), (368822, 471), (368822, 472), (368822, 473), (368822, 474), (368822, 475), (368822, 476), (368822, 477), (368822, 478), (368822, 479), (368822, 480), (368822, 481), (368822, 482), (368822, 483), (368822, 484), (368822, 485), (368822, 486), (368822, 487), (368822, 488), (368822, 489), (368822, 490), (368822, 491), (368822, 492), (368822, 493), (368822, 494), (368822, 495), (368822, 496), (368822, 497), (368822, 498), (368822, 499), (368822, 500), (368822, 501), (368822, 502), (368822, 503), (368822, 504), (368822, 505), (368822, 506), (368822, 507), (368822, 508), (368822, 509), (368822, 510), (368822, 511), (368822, 512), (368822, 513), (368822, 514), (368822, 515), (368822, 516), (368822, 517), (368822, 518), (368822, 519), (368822, 520), (368822, 521), (368822, 522), (368822, 523), (368822, 524), (368822, 525), (368822, 526), (368822, 527), (368822, 528), (368822, 529), (368822, 530), (368822, 531), (368822, 532), (368822, 533), (368822, 534), (368822, 535), (368822, 536), (368822, 537), (368822, 538), (368822, 539), (368822, 540), (368822, 541), (368822, 542), (368822, 543), (368822, 544), (368822, 545), (368822, 546), (368822, 547), (368822, 548), (368822, 549), (368822, 550), (368822, 551), (368822, 552), (368822, 553), (368822, 554), (368822, 555), (368822, 556), (368822, 557), (368822, 558), (368822, 559), (368822, 560), (368822, 561), (368822, 562), (368822, 563), (368822, 564), (368822, 565), (368822, 566), (368822, 567), (368822, 568), (368822, 569), (368822, 570), (368822, 571), (368822, 572), (368822, 573), (368822, 574), (368822, 575), (368822, 576), (368822, 577), (368822, 578), (368822, 579), (368822, 580), (368822, 581), (368822, 582), (368822, 583), (368822, 584), (368822, 585), (368822, 586), (368822, 587), (368822, 588), (368822, 589), (368822, 590), (368822, 591), (368822, 592), (368822, 593), (368822, 594), (368822, 595), (368822, 596), (368822, 597), (368822, 598), (368822, 599), (368822, 600), (368822, 601), (368822, 602), (368822, 603), (368822, 604), (368822, 605), (368822, 606), (368822, 607), (368822, 608), (368822, 609), (368822, 610), (368822, 611), (368822, 612), (368822, 613), (368822, 614), (368822, 615), (368822, 616), (368822, 617), (368822, 618), (368822, 619), (368822, 620), (368822, 621), (368822, 622), (368822, 623), (368822, 624), (368822, 625), (368822, 626), (368822, 627), (368822, 628), (368822, 629), (368822, 630), (368822, 631), (368822, 632), (368822, 633), (368822, 634), (368822, 635), (368822, 636), (368822, 637), (368822, 638), (368822, 639), (368822, 640), (368822, 641), (368822, 642), (368822, 643), (368822, 644), (368822, 645), (368822, 646), (368822, 647), (368822, 648), (368822, 649), (368822, 650), (368822, 651), (368822, 652), (368822, 653), (368822, 654), (368822, 655), (368822, 656), (368822, 657), (368822, 658), (368822, 659), (368822, 660), (368822, 661), (368822, 662), (368822, 663), (368822, 664), (368822, 665), (368822, 666), (368822, 667), (368822, 668), (368822, 669), (368822, 670), (368822, 671), (368822, 672), (368822, 673), (368822, 674), (368822, 675), (368822, 676), (368822, 677), (368822, 678), (368822, 679), (368822, 680), (368822, 681), (368822, 682), (368822, 683), (368822, 684), (368822, 685), (368822, 686), (368822, 687), (368822, 688), (368822, 689), (368822, 690), (368822, 691), (368822, 692), (368822, 693), (368822, 694), (368822, 695), (368822, 696), (368822, 697), (368822, 698), (368822, 699), (368822, 700), (368822, 701), (368822, 702), (368822, 703), (368822, 704), (368822, 705), (368822, 706), (368822, 707), (368822, 708), (368822, 709), (368822, 710), (368822, 711), (368822, 712), (368822, 713), (368822, 714), (368822, 715), (368822, 716), (368822, 717), (368822, 718), (368822, 719), (368822, 720), (368822, 721), (368822, 722), (368822, 723), (368822, 724), (368822, 725), (368822, 726), (368822, 727), (368822, 728), (368822, 729), (368822, 730), (368822, 731), (368822, 732), (368822, 733), (368822, 734), (368822, 735), (368822, 736), (368822, 737), (368822, 738), (368822, 739), (368822, 740), (368822, 741), (368822, 742), (368822, 743), (368822, 744), (368822, 745), (368822, 746), (368822, 747), (368822, 748), (368822, 749), (368822, 750), (368822, 751), (368822, 752), (368822, 753), (368822, 754), (368822, 755), (368822, 756), (368822, 757), (368822, 758), (368822, 759), (368822, 760), (368822, 761), (368822, 762), (368822, 763), (368822, 764), (368822, 765), (368822, 766), (368822, 767), (368822, 768), (368822, 769), (368822, 770), (368822, 771), (368822, 772), (368822, 773), (368822, 774), (368822, 775), (368822, 776), (368822, 777), (368822, 778), (368822, 779), (368822, 780), (368822, 781), (368822, 782), (368822, 783), (368822, 784), (368822, 785), (368822, 786), (368822, 787), (368822, 788), (368822, 789), (368822, 790), (368822, 791), (368822, 792), (368822, 793), (368822, 794), (368822, 795), (368822, 796), (368822, 797), (368822, 798), (368822, 799), (368822, 800), (368822, 801), (368822, 802), (368822, 803), (368822, 804), (368822, 805), (368822, 806), (368822, 807), (368822, 808), (368822, 809), (368822, 810), (368822, 811), (368822, 812), (368822, 813), (368822, 814), (368822, 815), (368822, 816), (368822, 817), (368822, 818), (368822, 819), (368822, 820), (368822, 821), (368822, 822), (368822, 823), (368822, 824), (368822, 825), (368822, 826), (368822, 827), (368822, 828), (368822, 829), (368822, 830), (368822, 831), (368822, 832), (368822, 833), (368822, 834), (368822, 835), (368822, 836), (368822, 837), (368822, 838), (368822, 839), (368822, 840), (368822, 841), (368822, 842), (368822, 843), (368822, 844), (368822, 845), (368822, 846), (368822, 847), (368822, 848), (368822, 849), (368822, 850), (368822, 851), (368822, 852), (368822, 853), (368822, 854), (368822, 855), (368822, 856), (368822, 857), (368822, 858), (368822, 859), (368822, 860), (368822, 861), (368822, 862), (368822, 863), (368822, 864), (368822, 865), (368822, 866), (368822, 867), (368822, 868), (368822, 869), (368822, 870), (368822, 871), (368822, 872), (368822, 873), (368822, 874), (368822, 875), (368822, 876), (368822, 877), (368822, 878), (368822, 879), (368822, 880), (368822, 881), (368822, 882), (368822, 883), (368822, 884), (368822, 885), (368822, 886), (368822, 887), (368822, 888), (368822, 889), (368822, 890), (368822, 891), (368822, 892), (368822, 893), (368822, 894), (368822, 895), (368822, 896), (368822, 897), (368822, 898), (368822, 899), (368822, 900), (368822, 901), (368822, 902), (368822, 903), (368822, 904), (368822, 905), (368822, 906), (368822, 907), (368822, 908), (368822, 910), (368822, 911), (368822, 912), (368822, 913), (368822, 914), (368822, 915), (368822, 916), (368822, 917), (368822, 918), (368822, 919), (368822, 920), (368822, 921), (368822, 922), (368822, 923), (368822, 924), (368822, 925), (368822, 926), (368822, 927), (368822, 928), (368822, 929), (368822, 930), (368822, 931), (368822, 932), (368822, 933), (368822, 934), (368822, 935), (368822, 936), (368822, 937), (368822, 938), (368822, 939), (368822, 940), (368822, 941), (368822, 942), (368822, 943), (368822, 944), (368822, 945), (368822, 946), (368822, 947), (368822, 948), (368822, 949), (368822, 950), (368822, 951), (368822, 952), (368822, 953), (368822, 954), (368822, 955), (368822, 956), (368822, 957), (368822, 958), (368822, 959), (368822, 960), (368822, 961), (368822, 962), (368822, 963), (368822, 964), (368822, 965), (368822, 966), (368822, 967), (368822, 968), (368822, 969), (368822, 970), (368822, 971), (368822, 972), (368822, 973), (368822, 974), (368822, 975), (368822, 976), (368822, 977), (368822, 978), (368822, 979), (368822, 980), (368822, 981), (368822, 982), (368822, 983), (368822, 984), (368822, 985), (368822, 986), (368822, 987), (368822, 988), (368822, 989), (368822, 990), (368822, 991), (368823, 3), (368823, 4), (368823, 5), (368823, 6), (368823, 7), (368823, 8), (368823, 9), (368823, 10), (368823, 11), (368823, 12), (368823, 13), (368823, 14), (368823, 15), (368823, 16), (368823, 17), (368823, 18), (368823, 19), (368823, 20), (368823, 21), (368823, 22), (368823, 23), (368823, 24), (368823, 25), (368823, 26), (368823, 27), (368823, 28), (368823, 29), (368823, 30), (368823, 31), (368823, 32), (368823, 33), (368823, 34), (368823, 35)]
