#Data tag : 24v2 , Norm tag: composite
+-------------+-------------------+------+------+----------------+---------------+
| run:fill    | time              | nls  | ncms | delivered(/pb) | recorded(/pb) |
+-------------+-------------------+------+------+----------------+---------------+
| 367095:8728 | 05/06/23 11:29:02 | 564  | 564  | 116.883247102  | 110.171875477 |
| 367100:8729 | 05/06/23 18:09:21 | 346  | 346  | 69.725877571   | 65.526259650  |
| 367102:8729 | 05/06/23 20:28:48 | 75   | 75   | 16.405627737   | 15.187518388  |
| 367103:8729 | 05/06/23 21:02:02 | 64   | 64   | 14.067564542   | 12.882763765  |
| 367104:8729 | 05/06/23 21:31:30 | 1082 | 1082 | 192.232382193  | 184.289842312 |
| 367111:8730 | 05/07/23 07:24:23 | 288  | 288  | 56.010494033   | 51.887679577  |
| 367112:8730 | 05/07/23 09:19:36 | 1438 | 1438 | 256.673563340  | 245.232203610 |
| 367127:8731 | 05/07/23 20:42:33 | 333  | 333  | 99.734729548   | 92.910704859  |
| 367128:8731 | 05/07/23 22:54:20 | 7    | 7    | 2.420474813    | 2.159831282   |
| 367129:8731 | 05/07/23 23:01:54 | 3    | 3    | 1.019310890    | 0.975457348   |
| 367130:8731 | 05/07/23 23:05:47 | 153  | 153  | 43.362509528   | 41.028317610  |
| 367131:8731 | 05/08/23 00:12:34 | 149  | 149  | 39.767130782   | 38.008306718  |
| 367133:8731 | 05/08/23 01:12:46 | 275  | 275  | 83.468828032   | 80.092046237  |
| 367228:8736 | 05/08/23 21:46:35 | 239  | 239  | 58.405420030   | 54.915347426  |
| 367229:8736 | 05/08/23 23:25:47 | 34   | 34   | 11.648891054   | 10.897559842  |
| 367230:8736 | 05/08/23 23:44:57 | 1    | 1    | 0.335977030    | 0.301488211   |
| 367231:8736 | 05/08/23 23:48:31 | 22   | 22   | 7.541358436    | 6.913092248   |
| 367232:8736 | 05/08/23 23:59:29 | 996  | 996  | 323.680607343  | 309.857848828 |
| 367234:8736 | 05/09/23 06:33:08 | 501  | 501  | 130.322670089  | 125.751165246 |
| 367260:8738 | 05/09/23 16:06:48 | 187  | 187  | 52.330358492   | 49.707530208  |
| 367262:8738 | 05/09/23 17:32:02 | 262  | 262  | 89.593040351   | 83.492648984  |
| 367263:8738 | 05/09/23 19:23:59 | 12   | 12   | 4.056192061    | 3.420833859   |
| 367264:8738 | 05/09/23 19:31:14 | 847  | 847  | 229.657019434  | 218.953398461 |
| 367267:8739 | 05/10/23 03:37:29 | 278  | 278  | 66.242896948   | 61.926286108  |
| 367269:8739 | 05/10/23 05:33:29 | 33   | 33   | 11.242439373   | 9.490567663   |
| 367270:8739 | 05/10/23 05:48:56 | 961  | 961  | 288.110739008  | 273.164888945 |
| 367271:8739 | 05/10/23 12:08:10 | 135  | 135  | 30.576981364   | 29.340572108  |
| 367312:8741 | 05/10/23 19:23:55 | 216  | 216  | 45.472716440   | 42.630218873  |
| 367314:8741 | 05/10/23 20:55:00 | 20   | 20   | 6.857539217    | 6.277161317   |
| 367315:8741 | 05/10/23 21:11:42 | 893  | 893  | 258.553731467  | 247.460492642 |
| 367334:8746 | 05/11/23 09:40:36 | 299  | 299  | 92.205871705   | 84.799795567  |
| 367336:8746 | 05/11/23 11:40:58 | 169  | 169  | 66.415947298   | 63.212318588  |
| 367337:8746 | 05/11/23 12:49:42 | 1046 | 1046 | 298.584935433  | 287.434661976 |
| 367355:8750 | 05/12/23 01:30:34 | 4    | 4    | 0.945487499    | 0.812009440   |
| 367406:8754 | 05/12/23 14:38:10 | 429  | 429  | 160.749159161  | 151.138077785 |
| 367413:8754 | 05/12/23 18:13:16 | 1294 | 1294 | 428.832648595  | 404.715350119 |
| 367415:8754 | 05/13/23 02:52:02 | 97   | 97   | 22.721463580   | 21.993695917  |
| 367416:8754 | 05/13/23 03:40:55 | 55   | 55   | 12.354221302   | 11.794201503  |
| 367475:8771 | 05/14/23 10:33:10 | 579  | 579  | 239.237065001  | 219.244371556 |
| 367477:8771 | 05/14/23 14:23:22 | 1289 | 1289 | 406.144047185  | 390.471276978 |
| 367515:8773 | 05/15/23 05:38:07 | 625  | 625  | 250.628409945  | 232.532319630 |
| 367516:8773 | 05/15/23 09:48:44 | 1236 | 1236 | 434.037528757  | 410.243723346 |
| 367552:8775 | 05/15/23 22:21:36 | 11   | 11   | 1.121262051    | 0.882741851   |
| 367553:8775 | 05/15/23 22:27:38 | 644  | 644  | 273.802199102  | 259.564737225 |
| 367554:8775 | 05/16/23 02:39:53 | 312  | 312  | 129.329921442  | 122.434113880 |
| 367615:8782 | 05/17/23 02:49:11 | 432  | 432  | 171.091610181  | 162.169952512 |
| 367618:8782 | 05/17/23 06:11:09 | 324  | 324  | 140.538975658  | 133.567635465 |
| 367619:8782 | 05/17/23 08:19:47 | 577  | 577  | 188.631859355  | 181.886390610 |
| 367661:8784 | 05/17/23 22:24:43 | 317  | 317  | 117.523754535  | 109.701677067 |
| 367662:8784 | 05/18/23 00:29:53 | 18   | 18   | 8.164312169    | 7.335237092   |
| 367663:8784 | 05/18/23 00:38:47 | 1    | 1    | 0.445294430    | 0.407231287   |
| 367665:8784 | 05/18/23 00:51:18 | 271  | 271  | 122.765309243  | 113.724192349 |
| 367666:8784 | 05/18/23 02:39:54 | 82   | 82   | 37.119682184   | 33.943965354  |
| 367691:8786 | 05/18/23 12:45:43 | 159  | 159  | 49.513501183   | 44.403844485  |
| 367696:8786 | 05/18/23 14:31:37 | 1919 | 1919 | 676.277273201  | 642.045154246 |
| 367699:8786 | 05/19/23 03:14:55 | 151  | 151  | 30.245052122   | 29.479372590  |
| 367730:8794 | 05/19/23 17:40:18 | 515  | 515  | 205.952305924  | 192.153696916 |
| 367742:8796 | 05/20/23 03:16:41 | 405  | 405  | 162.039750510  | 154.596164315 |
| 367758:8804 | 05/21/23 03:47:38 | 716  | 716  | 293.180841431  | 278.638549384 |
| 367770:8807 | 05/21/23 14:39:40 | 152  | 152  | 47.932116853   | 44.758816598  |
| 367771:8807 | 05/21/23 15:40:13 | 91   | 91   | 43.710190784   | 40.964021267  |
| 367772:8807 | 05/21/23 16:17:11 | 6    | 6    | 2.819064251    | 2.200859968   |
| 367790:8811 | 05/22/23 02:56:12 | 160  | 160  | 53.790931508   | 50.126218908  |
| 367831:8816 | 05/22/23 17:58:40 | 452  | 452  | 196.011598441  | 185.670104867 |
| 367836:8817 | 05/23/23 00:06:34 | 541  | 541  | 235.966614212  | 223.847377535 |
| 367838:8817 | 05/23/23 03:40:32 | 793  | 793  | 343.732509488  | 327.161343088 |
| 367840:8817 | 05/23/23 08:52:14 | 570  | 570  | 174.445969158  | 168.099507830 |
| 367881:8821 | 05/23/23 23:38:10 | 139  | 139  | 50.682463850   | 48.053871697  |
| 367883:8821 | 05/24/23 00:40:40 | 1050 | 1050 | 502.205581434  | 475.578216742 |
| 367884:8821 | 05/24/23 07:31:57 | 1011 | 1011 | 332.134906743  | 319.923630680 |
| 367902:8822 | 05/24/23 17:32:35 | 232  | 232  | 92.659393306   | 87.270903845  |
| 367904:8822 | 05/24/23 19:07:59 | 103  | 103  | 50.035566112   | 45.306469511  |
| 367905:8822 | 05/24/23 19:51:10 | 48   | 48   | 23.322276998   | 21.649381587  |
| 367906:8822 | 05/24/23 20:15:19 | 344  | 344  | 167.832298889  | 153.387008928 |
| 367907:8822 | 05/24/23 22:31:40 | 119  | 119  | 57.864710121   | 51.717888904  |
| 367908:8822 | 05/24/23 23:20:49 | 358  | 358  | 155.446404873  | 145.629396846 |
| 367910:8822 | 05/25/23 01:44:16 | 593  | 593  | 201.106447436  | 194.189596625 |
| 368223:8850 | 05/30/23 17:28:58 | 436  | 436  | 50.560615578   | 43.952053997  |
| 368224:8850 | 05/30/23 20:22:23 | 57   | 57   | 6.998255209    | 6.512157220   |
| 368229:8853 | 05/31/23 00:15:18 | 518  | 518  | 98.110824924   | 93.422953161  |
| 368318:8858 | 06/01/23 13:07:55 | 283  | 283  | 68.178866119   | 64.403354700  |
| 368320:8858 | 06/01/23 14:59:31 | 285  | 285  | 82.197404445   | 78.879628566  |
| 368321:8858 | 06/01/23 16:51:29 | 334  | 334  | 82.791643527   | 79.208583144  |
| 368332:8860 | 06/01/23 22:20:52 | 14   | 14   | 2.447771996    | 2.360127131   |
| 368333:8860 | 06/01/23 22:28:24 | 25   | 25   | 4.962680082    | 4.123253580   |
| 368382:8863 | 06/02/23 16:02:36 | 756  | 756  | 223.277480624  | 211.901050266 |
| 368384:8863 | 06/02/23 21:15:41 | 44   | 44   | 12.114126273   | 11.433677439  |
| 368388:8865 | 06/03/23 00:21:46 | 1429 | 1429 | 381.698377703  | 363.606755364 |
| 368389:8865 | 06/03/23 09:40:44 | 198  | 198  | 36.189282369   | 34.969769717  |
| 368400:8866 | 06/03/23 12:50:32 | 232  | 232  | 69.376428404   | 65.335545716  |
| 368410:8870 | 06/03/23 23:48:50 | 1450 | 1450 | 446.450226773  | 424.209247102 |
| 368412:8870 | 06/04/23 09:25:10 | 92   | 92   | 18.571863120   | 17.850067301  |
| 368423:8872 | 06/04/23 14:14:20 | 474  | 474  | 201.981901356  | 192.432310706 |
| 368451:8873 | 06/04/23 23:18:33 | 144  | 144  | 62.260570532   | 57.373214799  |
| 368453:8873 | 06/05/23 00:22:37 | 5    | 5    | 2.019930089    | 0.294970552   |
| 368454:8873 | 06/05/23 00:26:44 | 1165 | 1165 | 347.325526580  | 333.419527146 |
| 368489:8877 | 06/05/23 13:06:06 | 1537 | 1537 | 545.069001655  | 522.649383394 |
| 368546:8880 | 06/06/23 04:02:46 | 659  | 659  | 299.753815025  | 279.560371152 |
| 368547:8880 | 06/06/23 08:21:17 | 700  | 700  | 259.008948896  | 238.119377430 |
| 368548:8880 | 06/06/23 13:02:12 | 1038 | 1038 | 250.508802438  | 241.567166169 |
| 368566:8882 | 06/06/23 22:37:56 | 1195 | 1195 | 509.202951608  | 480.560978128 |
| 368567:8882 | 06/07/23 06:24:22 | 433  | 433  | 132.886559680  | 127.044692693 |
| 368609:8885 | 06/08/23 00:28:48 | 999  | 999  | 427.366437703  | 407.785539371 |
| 368611:8885 | 06/08/23 07:09:42 | 381  | 381  | 124.142129319  | 119.515105992 |
| 368613:8885 | 06/08/23 09:55:55 | 260  | 260  | 70.404165796   | 68.043683071  |
| 368636:8887 | 06/08/23 21:31:45 | 769  | 769  | 328.867954370  | 313.950743695 |
| 368669:8891 | 06/09/23 13:10:40 | 369  | 369  | 165.638545671  | 157.473707405 |
| 368670:8891 | 06/09/23 15:36:20 | 258  | 258  | 122.196697606  | 114.939720475 |
| 368672:8891 | 06/09/23 17:40:15 | 866  | 866  | 306.148327021  | 293.583818174 |
| 368674:8891 | 06/10/23 00:29:40 | 12   | 11   | 3.031769739    | 2.393005299   |
| 368675:8891 | 06/10/23 00:36:10 | 50   | 50   | 12.361974098   | 11.092736514  |
| 368676:8891 | 06/10/23 00:58:19 | 156  | 156  | 36.677392617   | 35.161722887  |
| 368678:8891 | 06/10/23 02:02:10 | 171  | 171  | 37.282319351   | 36.114645605  |
| 368684:8894 | 06/10/23 07:13:07 | 96   | 96   | 26.860710080   | 24.181767715  |
| 368685:8894 | 06/10/23 07:53:33 | 1481 | 1481 | 587.711885226  | 563.237418863 |
| 368723:8895 | 06/11/23 00:11:38 | 93   | 93   | 34.432514185   | 32.781236949  |
| 368724:8895 | 06/11/23 01:02:34 | 1200 | 1200 | 524.456899240  | 498.598111202 |
| 368746:8896 | 06/11/23 11:26:58 | 39   | 39   | 8.972337874    | 8.269401286   |
| 368749:8896 | 06/11/23 11:52:39 | 169  | 169  | 77.283238007   | 72.065072312  |
| 368753:8896 | 06/11/23 13:10:11 | 976  | 976  | 430.733566461  | 410.134541308 |
| 368762:8896 | 06/11/23 22:38:24 | 194  | 194  | 74.415033173   | 68.924086690  |
| 368764:8896 | 06/12/23 00:01:59 | 1    | 1    | 0.474583330    | 0.424110952   |
| 368765:8896 | 06/12/23 00:07:46 | 1386 | 1386 | 559.930420726  | 537.153844324 |
| 368822:8901 | 06/13/23 02:28:21 | 945  | 945  | 415.732917587  | 395.455359454 |
| 368823:8901 | 06/13/23 08:38:47 | 33   | 33   | 13.593059789   | 12.033419393  |
+-------------+-------------------+------+------+----------------+---------------+
#Summary: 
+-------+------+-------+-------+-------------------+------------------+
| nfill | nrun | nls   | ncms  | totdelivered(/pb) | totrecorded(/pb) |
+-------+------+-------+-------+-------------------+------------------+
| 46    | 125  | 55559 | 55558 | 18941.357786857   | 17964.217997764  |
+-------+------+-------+-------+-------------------+------------------+
#Check JSON:
#(run,ls) in json but not in results: [(370790, 54), (370790, 55), (370790, 56), (370790, 57), (370790, 58), (370790, 59), (370790, 60), (370790, 61), (370790, 62), (370790, 63), (370790, 64), (370790, 65), (370790, 66), (370790, 67), (370790, 68), (370790, 69), (370790, 70), (370790, 71), (370790, 72), (370790, 73), (370790, 74), (370790, 75), (370790, 76), (370776, 1), (370776, 2), (370776, 3), (370776, 4), (370776, 5), (370776, 6), (370776, 7), (370776, 8), (370776, 9), (370776, 10), (370776, 11), (370776, 12), (370776, 13), (370776, 14), (370776, 15), (370776, 16), (370776, 17), (370776, 18), (370776, 19), (370776, 20), (370776, 21), (370776, 22), (370776, 23), (370776, 24), (370776, 25), (370776, 26), (370776, 27), (370776, 28), (370776, 29), (370776, 30), (370776, 31), (370776, 32), (370776, 33), (370776, 34), (370776, 35), (370776, 36), (370776, 37), (370776, 38), (370776, 39), (370776, 40), (370776, 41), (370776, 42), (370776, 43), (370776, 44), (370776, 45), (370776, 46), (370776, 47), (370776, 48), (370776, 49), (370776, 50), (370776, 51), (370776, 52), (370776, 53), (370776, 54), (370776, 55), (370776, 56), (370776, 57), (370776, 58), (370776, 59), (370776, 60), (370776, 61), (370776, 62), (370776, 63), (370776, 64), (370776, 65), (370776, 66), (370776, 67), (370776, 68), (370776, 69), (370776, 70), (370776, 71), (370776, 72), (370776, 73), (370776, 74), (370776, 75), (370776, 76), (370776, 77), (370776, 78), (370776, 79), (370776, 80), (370776, 81), (370776, 82), (370776, 83), (370776, 84), (370776, 85), (370776, 86), (370776, 87), (370776, 88), (370776, 89), (370776, 90), (370776, 91), (370776, 92), (370776, 93), (370776, 94), (370776, 95), (370776, 96), (370776, 97), (370776, 98), (370776, 99), (370776, 100), (370776, 101), (370776, 102), (370776, 103), (370776, 104), (370776, 105), (370776, 106), (370776, 107), (370776, 108), (370776, 109), (370776, 110), (370776, 111), (370776, 112), (370776, 113), (370776, 114), (370776, 115), (370776, 116), (370776, 117), (370776, 118), (370776, 119), (370776, 120), (370776, 121), (370776, 122), (370776, 123), (370776, 124), (370776, 125), (370776, 126), (370776, 127), (370776, 128), (370776, 129), (370776, 130), (370776, 131), (370776, 132), (370776, 133), (370776, 134), (370776, 135), (370776, 136), (370776, 137), (370776, 138), (370776, 139), (370776, 140), (370776, 141), (370776, 142), (370776, 143), (370776, 144), (370776, 145), (370776, 146), (370776, 147), (370776, 148), (370776, 149), (370776, 150), (370776, 151), (370776, 152), (370776, 153), (370776, 154), (370776, 155), (370776, 156), (370776, 157), (370776, 158), (370776, 159), (370776, 160), (370776, 161), (370776, 162), (370776, 163), (370776, 164), (370776, 165), (370776, 166), (370776, 167), (370776, 168), (370776, 169), (370776, 170), (370776, 171), (370776, 172), (370776, 173), (370776, 174), (370776, 175), (370776, 176), (370776, 177), (370776, 178), (370776, 179), (370776, 180), (370776, 181), (370776, 182), (370776, 183), (370776, 184), (370776, 185), (370776, 186), (370776, 187), (370776, 188), (370776, 189), (370776, 190), (370776, 191), (370776, 192), (370776, 193), (370776, 194), (370776, 195), (370776, 196), (370776, 197), (370776, 198), (370776, 199), (370776, 200), (370776, 201), (370776, 202), (370776, 203), (370776, 204), (370776, 205), (370776, 206), (370776, 207), (370776, 208), (370776, 209), (370776, 210), (370776, 211), (370776, 212), (370776, 213), (370776, 214), (370776, 215), (370776, 216), (370776, 217), (370776, 218), (370776, 219), (370776, 220), (370776, 221), (370776, 222), (370776, 223), (370776, 224), (370776, 225), (370776, 226), (370776, 227), (370776, 228), (370776, 229), (370776, 230), (370776, 231), (370776, 232), (370776, 233), (370776, 234), (370776, 235), (370776, 236), (370776, 237), (370776, 238), (370776, 239), (370776, 240), (370776, 241), (370776, 242), (370776, 243), (370776, 244), (370776, 245), (370776, 246), (370776, 247), (370776, 248), (370776, 249), (370776, 250), (370776, 251), (370776, 252), (370776, 253), (370776, 254), (370776, 255), (370776, 256), (370776, 257), (370776, 258), (370776, 259), (370776, 260), (370776, 261), (370776, 262), (370776, 263), (370776, 264), (370776, 265), (370776, 266), (370776, 267), (370776, 268), (370776, 269), (370776, 270), (370776, 271), (370776, 272), (370776, 273), (370776, 274), (370776, 275), (370776, 276), (370776, 277), (370776, 278), (370776, 279), (370776, 280), (370776, 281), (370776, 282), (370776, 283), (370776, 284), (370776, 285), (370776, 286), (370776, 287), (370776, 288), (370776, 289), (370776, 290), (370776, 291), (370776, 292), (370776, 293), (370776, 294), (370776, 295), (370776, 296), (370776, 297), (370776, 298), (370776, 299), (370776, 300), (370776, 301), (370776, 302), (370776, 303), (370776, 304), (370776, 305), (370776, 306), (370776, 307), (370776, 308), (370776, 309), (370776, 310), (370776, 311), (370776, 312), (370776, 313), (370776, 314), (370776, 315), (370776, 316), (370776, 317), (370776, 318), (370776, 319), (370776, 320), (370776, 321), (370776, 322), (370776, 323), (370776, 324), (370776, 325), (370776, 326), (370775, 1), (370775, 2), (370775, 3), (370775, 4), (370775, 5), (370775, 6), (370775, 7), (370775, 8), (370775, 9), (370775, 10), (370775, 11), (370775, 12), (370775, 13), (370775, 14), (370775, 15), (370775, 16), (370775, 17), (370775, 18), (370775, 19), (370775, 20), (370775, 21), (370775, 22), (370775, 23), (370775, 24), (370775, 25), (370775, 26), (370775, 27), (370775, 28), (370775, 29), (370775, 30), (370775, 31), (370775, 32), (370775, 33), (370775, 34), (370775, 35), (370775, 36), (370775, 37), (370775, 38), (370775, 39), (370775, 40), (370775, 41), (370775, 42), (370775, 43), (370775, 44), (370775, 45), (370775, 46), (370775, 47), (370775, 48), (370775, 49), (370775, 50), (370775, 51), (370775, 52), (370775, 53), (370775, 54), (370775, 55), (370775, 56), (370775, 57), (370775, 58), (370775, 59), (370775, 60), (370775, 61), (370775, 62), (370775, 63), (370775, 64), (370775, 65), (370775, 66), (370775, 67), (370775, 68), (370775, 69), (370775, 70), (370775, 71), (370775, 72), (370775, 73), (370775, 74), (370775, 75), (370775, 76), (370775, 77), (370775, 78), (370775, 79), (370775, 80), (370775, 81), (370775, 82), (370775, 83), (370775, 84), (370775, 85), (370775, 86), (370775, 87), (370775, 88), (370775, 89), (370775, 90), (370775, 91), (370775, 92), (370775, 93), (370775, 94), (370775, 95), (370775, 96), (370775, 97), (370775, 98), (370775, 99), (370775, 100), (370775, 101), (370775, 102), (370775, 103), (370775, 104), (370775, 105), (370775, 106), (370775, 107), (370775, 108), (370775, 109), (370775, 110), (370775, 111), (370775, 112), (370775, 113), (370775, 114), (370775, 115), (370775, 116), (370775, 117), (370775, 118), (370775, 119), (370775, 120), (370775, 121), (370775, 122), (370775, 123), (370775, 124), (370775, 125), (370775, 126), (370775, 127), (370775, 128), (370775, 129), (370775, 130), (370775, 131), (370775, 132), (370775, 133), (370775, 134), (370775, 135), (370775, 136), (370775, 137), (370775, 138), (370775, 139), (370775, 140), (370775, 141), (370775, 142), (370775, 143), (370775, 144), (370775, 145), (370775, 146), (370775, 147), (370775, 148), (370775, 149), (370775, 150), (370775, 151), (370775, 152), (370775, 153), (370775, 154), (370775, 155), (370775, 156), (370775, 157), (370775, 158), (370775, 159), (370775, 160), (370775, 161), (370775, 162), (370775, 163), (370775, 164), (370775, 165), (370775, 166), (370775, 167), (370775, 168), (370774, 1), (370774, 2), (370774, 3), (370774, 4), (370774, 5), (370774, 6), (370774, 7), (370774, 8), (370774, 9), (370774, 10), (370774, 11), (370774, 12), (370774, 13), (370774, 14), (370774, 15), (370774, 16), (370774, 17), (370774, 18), (370774, 19), (370774, 20), (370774, 21), (370774, 22), (370774, 23), (370774, 24), (370774, 25), (370774, 26), (370774, 27), (370774, 28), (370774, 29), (370774, 30), (370774, 31), (370774, 32), (370774, 33), (370774, 34), (370774, 35), (370774, 36), (370774, 37), (370774, 38), (370774, 39), (370774, 40), (370774, 41), (370774, 42), (370774, 43), (370774, 44), (370774, 45), (370774, 46), (370774, 47), (370774, 48), (370774, 49), (370774, 50), (370774, 51), (370774, 52), (370774, 53), (370774, 54), (370774, 55), (370774, 56), (370774, 57), (370774, 58), (370774, 59), (370774, 60), (370774, 61), (370774, 62), (370774, 63), (370774, 64), (370774, 65), (370774, 66), (370774, 67), (370774, 68), (370774, 69), (370774, 70), (370774, 71), (370774, 72), (370774, 73), (370774, 74), (370774, 75), (370774, 76), (370774, 77), (370774, 78), (370774, 79), (370774, 80), (370774, 81), (370774, 82), (370774, 83), (370774, 84), (370774, 85), (370774, 86), (370774, 87), (370774, 88), (370774, 89), (370774, 90), (370774, 91), (370774, 92), (370774, 93), (370774, 94), (370774, 95), (370774, 96), (370774, 97), (370774, 98), (370774, 99), (370774, 100), (370774, 101), (370774, 102), (370774, 103), (370774, 104), (370774, 105), (370774, 106), (370774, 107), (370774, 108), (370774, 109), (370774, 110), (370774, 111), (370774, 112), (370774, 113), (370774, 114), (370774, 115), (370774, 116), (370774, 117), (370774, 118), (370774, 119), (370774, 120), (370774, 121), (370774, 122), (370774, 123), (370774, 124), (370774, 125), (370774, 126), (370774, 127), (370774, 128), (370774, 129), (370774, 130), (370774, 131), (370774, 132), (370774, 133), (370774, 134), (370774, 135), (370774, 136), (370774, 137), (370774, 138), (370774, 139), (370774, 140), (370774, 141), (370774, 142), (370774, 143), (370774, 144), (370774, 145), (370774, 146), (370774, 147), (370774, 148), (370774, 149), (370774, 150), (370774, 151), (370774, 152), (370774, 153), (370774, 154), (370774, 155), (370774, 156), (370774, 157), (370774, 158), (370774, 159), (370753, 1), (370753, 2), (370753, 3), (370753, 4), (370753, 5), (370753, 6), (370753, 7), (370753, 8), (370753, 9), (370753, 10), (370753, 11), (370753, 12), (370753, 13), (370753, 14), (370753, 15), (370753, 16), (370753, 17), (370753, 18), (370753, 19), (370753, 20), (370753, 21), (370753, 22), (370753, 23), (370753, 24), (370753, 25), (370753, 26), (370753, 27), (370753, 28), (370753, 29), (370753, 30), (370753, 31), (370753, 32), (370753, 33), (370753, 34), (370753, 35), (370753, 36), (370753, 37), (370753, 38), (370753, 39), (370753, 40), (370753, 41), (370753, 42), (370753, 43), (370753, 44), (370753, 45), (370753, 46), (370753, 47), (370753, 48), (370753, 49), (370753, 50), (370753, 51), (370753, 52), (370753, 53), (370753, 54), (370753, 55), (370753, 56), (370753, 57), (370753, 58), (370753, 59), (370753, 60), (370753, 61), (370753, 62), (370753, 63), (370753, 64), (370753, 65), (370753, 66), (370753, 67), (370753, 68), (370753, 69), (370753, 70), (370753, 71), (370753, 72), (370753, 73), (370753, 74), (370753, 75), (370753, 76), (370753, 77), (370753, 78), (370753, 79), (370753, 80), (370753, 81), (370753, 82), (370753, 83), (370753, 84), (370753, 85), (370753, 86), (370753, 87), (370753, 88), (370753, 89), (370753, 90), (370753, 91), (370753, 92), (370753, 93), (370753, 94), (370753, 95), (370753, 96), (370753, 97), (370753, 98), (370753, 99), (370753, 100), (370753, 101), (370753, 102), (370753, 103), (370753, 104), (370753, 105), (370753, 106), (370753, 107), (370753, 108), (370753, 109), (370753, 110), (370753, 111), (370753, 112), (370753, 113), (370753, 114), (370753, 115), (370753, 116), (370753, 117), (370753, 118), (370753, 119), (370753, 120), (370753, 121), (370753, 122), (370753, 123), (370753, 124), (370753, 125), (370753, 126), (370753, 127), (370753, 128), (370753, 129), (370753, 130), (370753, 131), (370753, 132), (370753, 133), (370753, 134), (370753, 135), (370753, 136), (370753, 137), (370753, 138), (370753, 139), (370753, 140), (370753, 141), (370753, 142), (370753, 143), (370753, 144), (370753, 145), (370753, 146), (370753, 147), (370753, 148), (370753, 149), (370753, 150), (370753, 151), (370753, 152), (370753, 153), (370753, 154), (370753, 155), (370753, 156), (370753, 157), (370753, 158), (370753, 159), (370753, 160), (370753, 161), (370753, 162), (370753, 163), (370753, 164), (370753, 165), (370753, 166), (370753, 167), (370753, 168), (370753, 169), (370753, 170), (370753, 171), (370753, 172), (370753, 173), (370753, 174), (370753, 175), (370753, 176), (370753, 177), (370753, 178), (370753, 179), (370753, 180), (370753, 181), (370753, 182), (370753, 183), (370753, 184), (370753, 185), (370753, 186), (370753, 187), (370753, 188), (370753, 189), (370753, 190), (370753, 191), (370753, 192), (370753, 193), (370753, 194), (370753, 195), (370753, 196), (370753, 197), (370753, 198), (370753, 199), (370753, 200), (370753, 201), (370753, 202), (370753, 203), (370753, 204), (370753, 205), (370753, 206), (370753, 207), (370753, 208), (370753, 209), (370753, 210), (370753, 211), (370753, 212), (370753, 213), (370753, 214), (370753, 215), (370753, 216), (370753, 217), (370753, 218), (370753, 219), (370753, 220), (370753, 221), (370753, 222), (370753, 223), (370753, 224), (370753, 225), (370753, 226), (370753, 227), (370753, 228), (370753, 229), (370753, 230), (370753, 231), (370753, 232), (370753, 233), (370753, 234), (370753, 235), (370753, 236), (370753, 237), (370753, 238), (370753, 239), (370753, 240), (370753, 241), (370753, 242), (370753, 243), (370753, 244), (370753, 245), (370753, 246), (370753, 247), (370753, 248), (370753, 249), (370749, 49), (370749, 50), (370749, 51), (370749, 52), (370749, 53), (370749, 54), (370749, 55), (370749, 56), (370749, 57), (370749, 58), (370749, 59), (370749, 60), (370749, 61), (370749, 62), (370749, 63), (370749, 64), (370749, 65), (370749, 66), (370749, 67), (370749, 68), (370749, 69), (370749, 70), (370749, 71), (370749, 72), (370749, 73), (370749, 74), (370749, 75), (370749, 76), (370749, 77), (370749, 78), (370749, 79), (370749, 80), (370749, 81), (370749, 82), (370749, 83), (370749, 84), (370749, 85), (370749, 86), (370749, 87), (370749, 88), (370749, 89), (370749, 90), (370749, 91), (370749, 92), (370749, 93), (370749, 94), (370749, 95), (370749, 96), (370749, 97), (370749, 98), (370749, 99), (370749, 100), (370749, 101), (370749, 102), (370749, 103), (370749, 104), (370749, 105), (370749, 106), (370749, 107), (370749, 108), (370749, 109), (370749, 110), (370749, 111), (370749, 112), (370749, 113), (370749, 114), (370749, 115), (370749, 116), (370749, 117), (370749, 118), (370749, 119), (370749, 120), (370749, 121), (370749, 122), (370749, 123), (370749, 124), (370749, 125), (370749, 126), (370749, 127), (370749, 128), (370749, 129), (370749, 130), (370749, 131), (370749, 132), (370749, 133), (370749, 134), (370749, 135), (370749, 136), (370749, 137), (370749, 138), (370749, 139), (370749, 140), (370749, 141), (370749, 142), (370749, 143), (370749, 144), (370749, 145), (370749, 146), (370749, 147), (370749, 148), (370749, 149), (370749, 150), (370749, 151), (370749, 152), (370749, 153), (370749, 154), (370749, 155), (370749, 156), (370749, 157), (370749, 158), (370749, 159), (370749, 160), (370749, 161), (370749, 162), (370749, 163), (370749, 164), (370749, 165), (370749, 166), (370749, 167), (370749, 168), (370749, 169), (370749, 170), (370749, 171), (370749, 172), (370749, 173), (370749, 175), (370749, 176), (370749, 177), (370749, 178), (370749, 179), (370749, 180), (370749, 181), (370749, 182), (370749, 183), (370749, 184), (370749, 185), (370749, 186), (370749, 187), (370749, 188), (370749, 189), (370749, 190), (370749, 191), (370749, 192), (370749, 193), (370749, 194), (370749, 195), (370749, 196), (370749, 197), (370749, 198), (370749, 199), (370749, 200), (370749, 201), (370749, 202), (370749, 203), (370749, 204), (370749, 205), (370749, 206), (370749, 207), (370749, 208), (370749, 209), (370749, 210), (370749, 211), (370749, 212), (370749, 213), (370749, 214), (370749, 215), (370749, 216), (370749, 217), (370749, 218), (370749, 219), (370749, 220), (370749, 221), (370749, 222), (370749, 223), (370749, 224), (370749, 225), (370749, 226), (370749, 227), (370749, 228), (370749, 229), (370749, 230), (370749, 231), (370749, 232), (370749, 233), (370749, 234), (370749, 235), (370749, 236), (370749, 237), (370749, 238), (370749, 239), (370749, 240), (370749, 241), (370749, 242), (370749, 243), (370749, 244), (370749, 245), (370749, 246), (370749, 247), (370749, 248), (370749, 249), (370749, 250), (370749, 251), (370749, 252), (370749, 253), (370749, 254), (370749, 255), (370749, 256), (370749, 257), (370749, 258), (370749, 259), (370749, 260), (370749, 261), (370749, 262), (370749, 263), (370749, 264), (370749, 265), (370749, 266), (370749, 267), (370749, 268), (370749, 269), (370749, 270), (370749, 271), (370749, 272), (370749, 273), (370749, 274), (370749, 275), (370749, 276), (370749, 277), (370749, 278), (370749, 279), (370749, 280), (370749, 281), (370749, 282), (370749, 283), (370749, 284), (370749, 285), (370749, 286), (370749, 287), (370749, 288), (370749, 289), (370749, 290), (370749, 291), (370749, 292), (370749, 293), (370749, 294), (370749, 295), (370749, 296), (370749, 297), (370749, 298), (370749, 299), (370749, 300), (370749, 301), (370749, 302), (370749, 303), (370749, 304), (370749, 305), (370749, 306), (370749, 307), (370749, 308), (370749, 309), (370749, 310), (370749, 311), (370749, 312), (370749, 313), (370749, 314), (370749, 315), (370749, 316), (370749, 317), (370749, 318), (370749, 319), (370749, 320), (370749, 321), (370749, 322), (370749, 323), (370749, 324), (370749, 325), (370749, 326), (370749, 327), (370749, 328), (370749, 329), (370749, 330), (370749, 331), (370749, 332), (370749, 333), (370749, 334), (370749, 335), (370749, 336), (370749, 337), (370749, 338), (370749, 339), (370749, 340), (370749, 341), (370749, 342), (370749, 343), (370749, 344), (370749, 345), (370749, 346), (370749, 347), (370749, 348), (370749, 349), (370749, 350), (370749, 351), (370749, 352), (370749, 353), (370749, 354), (370749, 355), (370749, 356), (370749, 357), (370749, 358), (370749, 359), (370749, 360), (370749, 361), (370749, 362), (370749, 363), (370749, 364), (370749, 365), (370749, 366), (370749, 367), (370749, 368), (370749, 369), (370749, 370), (370749, 371), (370749, 372), (370749, 373), (370749, 374), (370749, 375), (370749, 376), (370749, 377), (370749, 378), (370749, 379), (370749, 380), (370749, 381), (370749, 382), (370749, 383), (370749, 384), (370749, 385), (370749, 386), (370749, 387), (370749, 388), (370749, 389), (370749, 390), (370749, 391), (370749, 392), (370749, 393), (370749, 394), (370749, 395), (370749, 396), (370749, 397), (370749, 398), (370749, 399), (370749, 400), (370749, 401), (370749, 402), (370749, 403), (370749, 404), (370749, 405), (370749, 406), (370749, 407), (370749, 408), (370749, 409), (370749, 410), (370749, 411), (370749, 412), (370749, 413), (370749, 414), (370749, 415), (370749, 416), (370749, 417), (370749, 418), (370749, 419), (370749, 420), (370749, 421), (370749, 422), (370749, 423), (370749, 424), (370749, 425), (370749, 426), (370749, 427), (370749, 428), (370749, 429), (370749, 430), (370749, 431), (370749, 432), (370749, 433), (370749, 434), (370749, 435), (370749, 436), (370749, 437), (370749, 438), (370749, 439), (370749, 440), (370749, 441), (370749, 442), (370749, 443), (370749, 444), (370749, 445), (370749, 446), (370749, 447), (370749, 448), (370749, 449), (370749, 450), (370749, 451), (370749, 452), (370749, 453), (370749, 454), (370749, 455), (370749, 456), (370749, 457), (370749, 458), (370749, 459), (370749, 460), (370749, 461), (370749, 462), (370749, 463), (370749, 464), (370749, 465), (370749, 466), (370749, 467), (370749, 468), (370749, 469), (370749, 470), (370749, 471), (370749, 472), (370749, 473), (370749, 474), (370749, 475), (370749, 476), (370749, 477), (370749, 478), (370749, 479), (370749, 480), (370749, 481), (370749, 482), (370749, 483), (370749, 485), (370749, 486), (370749, 487), (370749, 488), (370749, 489), (370749, 490), (370749, 491), (370749, 492), (370749, 493), (370749, 494), (370749, 495), (370749, 496), (370749, 497), (370749, 498), (370749, 499), (370749, 500), (370749, 501), (370749, 502), (370749, 503), (370749, 504), (370749, 505), (370749, 506), (370749, 507), (370749, 508), (370749, 509), (370749, 510), (370749, 511), (370749, 512), (370749, 513), (370749, 514), (370749, 515), (370749, 516), (370749, 517), (370749, 518), (370749, 519), (370749, 520), (370749, 521), (370749, 522), (370749, 523), (370749, 524), (370749, 525), (370749, 526), (370749, 527), (370749, 528), (370749, 529), (370749, 530), (370749, 531), (370749, 532), (370749, 533), (370749, 534), (370749, 535), (370749, 536), (370749, 537), (370749, 538), (370749, 539), (370749, 540), (370749, 541), (370749, 542), (370749, 543), (370749, 544), (370749, 545), (370749, 546), (370749, 547), (370749, 548), (370749, 549), (370749, 550), (370749, 551), (370749, 552), (370749, 553), (370749, 554), (370749, 555), (370749, 556), (370749, 557), (370749, 558), (370749, 559), (370749, 560), (370749, 561), (370749, 562), (370749, 563), (370749, 564), (370749, 565), (370749, 566), (370749, 567), (370749, 568), (370749, 569), (370749, 570), (370749, 571), (370749, 572), (370749, 573), (370749, 574), (370749, 575), (370749, 576), (370749, 577), (370749, 578), (370749, 579), (370749, 580), (370749, 581), (370749, 582), (370749, 583), (370749, 584), (370749, 585), (370749, 586), (370749, 587), (370749, 588), (370749, 589), (370749, 590), (370749, 591), (370749, 592), (370749, 593), (370749, 594), (370749, 595), (370749, 596), (370749, 597), (370749, 598), (370749, 599), (370749, 600), (370749, 601), (370749, 602), (370749, 603), (370749, 604), (370749, 605), (370749, 606), (370749, 607), (370749, 608), (370749, 609), (370749, 610), (370749, 611), (370749, 612), (370749, 613), (370749, 614), (370749, 615), (370749, 616), (370749, 617), (370749, 618), (370749, 619), (370749, 620), (370749, 621), (370749, 622), (370749, 623), (370749, 624), (370749, 625), (370749, 626), (370749, 627), (370749, 628), (370749, 629), (370749, 630), (370749, 631), (370749, 632), (370749, 633), (370749, 634), (370749, 635), (370749, 636), (370749, 637), (370749, 638), (370749, 639), (370749, 640), (370749, 641), (370749, 642), (370749, 643), (370749, 644), (370749, 645), (370749, 646), (370749, 647), (370749, 648), (370749, 649), (370749, 650), (370749, 651), (370749, 652), (370749, 653), (370749, 654), (370749, 655), (370749, 656), (370749, 657), (370749, 658), (370749, 659), (370749, 660), (370749, 661), (370749, 662), (370749, 663), (370749, 664), (370749, 665), (370749, 666), (370749, 667), (370749, 668), (370749, 669), (370749, 670), (370749, 671), (370749, 672), (370749, 673), (370749, 674), (370749, 675), (370749, 676), (370749, 677), (370749, 678), (370749, 679), (370749, 680), (370749, 681), (370749, 682), (370749, 683), (370749, 684), (370749, 685), (370749, 686), (370749, 687), (370749, 688), (370749, 689), (370749, 690), (370749, 691), (370749, 692), (370749, 693), (370749, 694), (370749, 695), (370749, 696), (370749, 697), (370749, 698), (370749, 699), (370749, 700), (370749, 701), (370749, 702), (370749, 703), (370749, 704), (370749, 705), (370749, 706), (370749, 707), (370749, 708), (370749, 709), (370749, 710), (370749, 711), (370749, 712), (370749, 713), (370749, 714), (370749, 715), (370749, 716), (370749, 717), (370749, 718), (370749, 719), (370749, 720), (370749, 721), (370749, 722), (370749, 723), (370749, 724), (370749, 725), (370749, 726), (370749, 727), (370749, 728), (370749, 729), (370749, 730), (370749, 731), (370749, 732), (370749, 733), (370749, 734), (370749, 735), (370749, 736), (370749, 737), (370749, 738), (370749, 739), (370749, 740), (370749, 741), (370749, 742), (370749, 743), (370749, 744), (370749, 745), (370749, 746), (370749, 747), (370749, 748), (370749, 749), (370749, 750), (370749, 751), (370749, 752), (370749, 753), (370749, 754), (370749, 755), (370749, 756), (370749, 757), (370749, 758), (370749, 759), (370749, 760), (370749, 761), (370749, 762), (370749, 763), (370749, 764), (370749, 765), (370749, 766), (370749, 767), (370749, 768), (370749, 769), (370749, 770), (370749, 771), (370749, 772), (370749, 773), (370749, 774), (370749, 775), (370749, 776), (370749, 777), (370749, 778), (370749, 779), (370749, 780), (370749, 781), (370749, 782), (370749, 783), (370749, 784), (370749, 785), (370749, 786), (370749, 787), (370749, 788), (370749, 789), (370749, 790), (370749, 791), (370749, 792), (370749, 793), (370749, 794), (370749, 795), (370749, 796), (370749, 797), (370749, 798), (370749, 799), (370749, 800), (370749, 801), (370749, 802), (370749, 803), (370749, 804), (370749, 805), (370749, 806), (370749, 807), (370749, 808), (370749, 809), (370749, 810), (370749, 811), (370749, 812), (370749, 813), (370749, 814), (370749, 815), (370749, 816), (370749, 817), (370749, 818), (370749, 819), (370749, 820), (370749, 821), (370749, 822), (370749, 823), (370749, 824), (370749, 825), (370749, 826), (370749, 827), (370749, 828), (370749, 829), (370749, 830), (370749, 831), (370749, 832), (370749, 833), (370749, 834), (370749, 835), (370749, 836), (370749, 837), (370749, 838), (370749, 839), (370749, 840), (370749, 841), (370749, 842), (370749, 843), (370749, 844), (370749, 845), (370749, 846), (370749, 847), (370749, 848), (370749, 849), (370749, 850), (370749, 851), (370749, 852), (370749, 853), (370749, 854), (370749, 855), (370749, 856), (370749, 857), (370749, 858), (370749, 859), (370749, 860), (370749, 861), (370749, 862), (370749, 863), (370749, 864), (370749, 865), (370749, 866), (370749, 867), (370749, 868), (370749, 869), (370749, 870), (370749, 871), (370749, 872), (370749, 873), (370749, 874), (370749, 875), (370749, 876), (370749, 877), (370749, 878), (370749, 879), (370749, 880), (370749, 881), (370749, 882), (370749, 883), (370749, 884), (370749, 885), (370749, 886), (370749, 887), (370749, 888), (370749, 889), (370749, 890), (370749, 891), (370749, 892), (370749, 893), (370749, 894), (370749, 895), (370749, 896), (370749, 897), (370749, 898), (370749, 899), (370749, 900), (370749, 901), (370749, 902), (370749, 903), (370749, 904), (370749, 905), (370749, 906), (370749, 907), (370749, 908), (370749, 909), (370749, 910), (370749, 911), (370749, 912), (370749, 913), (370749, 914), (370749, 915), (370749, 916), (370749, 917), (370749, 918), (370749, 919), (370749, 920), (370749, 921), (370749, 922), (370749, 923), (370749, 924), (370749, 925), (370749, 926), (370749, 927), (370749, 928), (370749, 929), (370749, 930), (370749, 931), (370749, 932), (370749, 933), (370749, 934), (370749, 935), (370749, 936), (370749, 937), (370749, 938), (370749, 939), (370749, 940), (370749, 941), (370749, 942), (370749, 943), (370749, 944), (370749, 945), (370749, 946), (370749, 947), (370749, 948), (370749, 949), (370749, 950), (370749, 951), (370749, 952), (370749, 953), (370749, 954), (370749, 955), (370749, 956), (370749, 957), (370749, 958), (370749, 959), (370749, 960), (370749, 961), (370749, 962), (370749, 963), (370749, 964), (370749, 965), (370749, 966), (370749, 974), (370749, 975), (370749, 976), (370749, 977), (370749, 978), (370749, 979), (370749, 980), (370749, 981), (370749, 982), (370749, 983), (370749, 984), (370749, 985), (370749, 986), (370749, 987), (370749, 988), (370749, 989), (370749, 990), (370749, 991), (370749, 992), (370749, 993), (370749, 994), (370749, 995), (370749, 996), (370749, 997), (370749, 998), (370749, 999), (370749, 1000), (370749, 1001), (370749, 1002), (370749, 1003), (370749, 1004), (370749, 1005), (370749, 1006), (370749, 1007), (370749, 1008), (370749, 1009), (370749, 1010), (370749, 1011), (370749, 1012), (370749, 1013), (370749, 1014), (370749, 1015), (370749, 1016), (370749, 1017), (370749, 1018), (370749, 1019), (370749, 1020), (370749, 1021), (370749, 1022), (370749, 1023), (370749, 1024), (370749, 1025), (370749, 1026), (370749, 1027), (370749, 1028), (370749, 1029), (370749, 1030), (370749, 1031), (370749, 1032), (370749, 1033), (370749, 1034), (370749, 1035), (370749, 1036), (370749, 1037), (370749, 1038), (370749, 1039), (370749, 1040), (370749, 1041), (370749, 1042), (370749, 1043), (370749, 1044), (370749, 1045), (370749, 1046), (370749, 1047), (370749, 1048), (370749, 1049), (370749, 1050), (370749, 1051), (370749, 1052), (370749, 1053), (370749, 1054), (370749, 1055), (370749, 1056), (370749, 1057), (370749, 1058), (370749, 1059), (370749, 1060), (370749, 1061), (370749, 1062), (370749, 1063), (370749, 1064), (370749, 1065), (370749, 1066), (370749, 1067), (370749, 1068), (370749, 1069), (370749, 1070), (370749, 1071), (370749, 1072), (370749, 1073), (370749, 1074), (370749, 1075), (370749, 1076), (370749, 1077), (370749, 1078), (370749, 1079), (370749, 1080), (370749, 1081), (370749, 1082), (370749, 1083), (370749, 1084), (370749, 1085), (370749, 1086), (370749, 1087), (370749, 1088), (370749, 1089), (370749, 1090), (370749, 1091), (370749, 1092), (370749, 1093), (370749, 1094), (370749, 1095), (370749, 1096), (370749, 1097), (370749, 1098), (370749, 1099), (370749, 1100), (370749, 1101), (370749, 1102), (370749, 1103), (370749, 1104), (370749, 1105), (370749, 1106), (370749, 1107), (370749, 1108), (370749, 1109), (370749, 1110), (370749, 1111), (370749, 1112), (370749, 1113), (370749, 1114), (370749, 1115), (370749, 1116), (370749, 1117), (370749, 1118), (370749, 1119), (370749, 1120), (370749, 1121), (370749, 1122), (370749, 1123), (370749, 1124), (370749, 1125), (370749, 1126), (370749, 1127), (370749, 1128), (370749, 1129), (370749, 1130), (370749, 1131), (370749, 1132), (370749, 1133), (370749, 1134), (370749, 1135), (370749, 1136), (370749, 1137), (370749, 1138), (370749, 1139), (370749, 1140), (370749, 1141), (370749, 1142), (370749, 1143), (370749, 1144), (370749, 1145), (370749, 1146), (370749, 1147), (370749, 1148), (370749, 1149), (370749, 1150), (370749, 1151), (370749, 1152), (370749, 1153), (370749, 1154), (370749, 1155), (370749, 1156), (370749, 1157), (370749, 1158), (370749, 1159), (370749, 1160), (370749, 1161), (370749, 1162), (370749, 1163), (370749, 1164), (370749, 1165), (370749, 1166), (370749, 1167), (370749, 1168), (370749, 1169), (370749, 1170), (370749, 1171), (370749, 1172), (370749, 1173), (370749, 1174), (370749, 1175), (370749, 1176), (370749, 1177), (370749, 1178), (370749, 1179), (370749, 1180), (370749, 1181), (370749, 1182), (370749, 1183), (370749, 1184), (370749, 1185), (370749, 1186), (370749, 1187), (370749, 1188), (370749, 1189), (370749, 1190), (370749, 1191), (370749, 1192), (370749, 1193), (370749, 1194), (370749, 1195), (370749, 1196), (370749, 1197), (370749, 1198), (370749, 1199), (370749, 1200), (370749, 1201), (370749, 1202), (370749, 1203), (370749, 1204), (370749, 1205), (370749, 1206), (370749, 1207), (370749, 1208), (370749, 1209), (370749, 1210), (370749, 1211), (370749, 1212), (370749, 1213), (370749, 1214), (370749, 1215), (370749, 1216), (370749, 1217), (370749, 1218), (370749, 1219), (370749, 1220), (370749, 1221), (370749, 1222), (370749, 1223), (370749, 1224), (370749, 1225), (370749, 1226), (370749, 1227), (370749, 1228), (370749, 1229), (370749, 1230), (370749, 1231), (370749, 1232), (370749, 1233), (370749, 1234), (370749, 1235), (370749, 1236), (370749, 1237), (370749, 1238), (370749, 1239), (370749, 1240), (370749, 1241), (370749, 1242), (370749, 1243), (370749, 1244), (370749, 1245), (370749, 1246), (370749, 1247), (370749, 1248), (370749, 1249), (370749, 1250), (370749, 1251), (370749, 1252), (370749, 1253), (370749, 1254), (370749, 1255), (370749, 1256), (370749, 1257), (370749, 1258), (370749, 1259), (370749, 1260), (370749, 1261), (370749, 1262), (370749, 1263), (370749, 1264), (370749, 1265), (370749, 1266), (370749, 1267), (370749, 1268), (370749, 1269), (370749, 1270), (370749, 1271), (370749, 1272), (370749, 1273), (370749, 1274), (370749, 1275), (370749, 1276), (370749, 1277), (370749, 1278), (370749, 1279), (370749, 1280), (370749, 1281), (370749, 1282), (370749, 1283), (370749, 1284), (370749, 1285), (370749, 1286), (370749, 1287), (370749, 1288), (370749, 1289), (370749, 1290), (370749, 1291), (370749, 1292), (370749, 1293), (370749, 1294), (370749, 1295), (370749, 1296), (370749, 1297), (370749, 1298), (370749, 1299), (370749, 1300), (370749, 1301), (370749, 1302), (370749, 1303), (370749, 1304), (370749, 1305), (370749, 1306), (370749, 1307), (370749, 1308), (370749, 1309), (370749, 1310), (370749, 1311), (370749, 1312), (370749, 1313), (370749, 1314), (370749, 1315), (370749, 1316), (370749, 1317), (370749, 1318), (370749, 1319), (370749, 1320), (370749, 1321), (370749, 1322), (370749, 1323), (370749, 1324), (370749, 1325), (370749, 1326), (370749, 1327), (370749, 1328), (370749, 1329), (370749, 1330), (370749, 1331), (370749, 1332), (370749, 1333), (370749, 1334), (370749, 1335), (370749, 1336), (370749, 1337), (370749, 1338), (370749, 1339), (370749, 1340), (370749, 1341), (370749, 1342), (370749, 1343), (370749, 1344), (370749, 1345), (370749, 1346), (370749, 1347), (370749, 1348), (370749, 1349), (370749, 1350), (370749, 1351), (370749, 1352), (370749, 1353), (370749, 1354), (370749, 1355), (370749, 1356), (370749, 1357), (370749, 1358), (370749, 1359), (370749, 1360), (370749, 1361), (370749, 1362), (370749, 1363), (370749, 1364), (370749, 1365), (370749, 1366), (370749, 1367), (370749, 1368), (370749, 1369), (370749, 1370), (370749, 1371), (370749, 1372), (370749, 1373), (370749, 1374), (370749, 1375), (370749, 1376), (370749, 1377), (370749, 1378), (370749, 1379), (370749, 1380), (370749, 1381), (370749, 1382), (370749, 1383), (370749, 1384), (370749, 1385), (370749, 1386), (370749, 1387), (370749, 1388), (370749, 1389), (370749, 1390), (370749, 1391), (370749, 1392), (370749, 1393), (370749, 1394), (370749, 1395), (370749, 1396), (370749, 1397), (370749, 1398), (370749, 1399), (370749, 1400), (370749, 1401), (370749, 1402), (370749, 1403), (370749, 1404), (370749, 1405), (370749, 1406), (370749, 1407), (370749, 1408), (370749, 1409), (370749, 1410), (370749, 1411), (370749, 1412), (370749, 1413), (370749, 1414), (370749, 1415), (370749, 1416), (370749, 1417), (370749, 1418), (370749, 1419), (370749, 1420), (370749, 1421), (370749, 1422), (370749, 1423), (370749, 1424), (370749, 1425), (370749, 1426), (370749, 1427), (370749, 1428), (370749, 1429), (370749, 1430), (370749, 1431), (370749, 1432), (370749, 1433), (370749, 1434), (370749, 1435), (370749, 1436), (370749, 1437), (370749, 1438), (370749, 1439), (370749, 1440), (370749, 1441), (370749, 1442), (370749, 1443), (370749, 1444), (370749, 1445), (370749, 1446), (370749, 1447), (370749, 1448), (370749, 1449), (370749, 1450), (370749, 1451), (370749, 1452), (370749, 1453), (370749, 1454), (370749, 1455), (370749, 1456), (370749, 1457), (370749, 1458), (370749, 1459), (370749, 1460), (370749, 1461), (370749, 1462), (370749, 1463), (370749, 1464), (370749, 1465), (370749, 1466), (370749, 1467), (370749, 1468), (370749, 1469), (370749, 1470), (370749, 1471), (370749, 1472), (370749, 1473), (370749, 1474), (370749, 1475), (370749, 1476), (370749, 1477), (370749, 1478), (370749, 1479), (370749, 1480), (370749, 1481), (370749, 1482), (370749, 1483), (370749, 1484), (370749, 1485), (370749, 1486), (370749, 1487), (370749, 1488), (370749, 1489), (370749, 1490), (370749, 1491), (370749, 1492), (370749, 1493), (370749, 1494), (370749, 1495), (370749, 1496), (370749, 1497), (370749, 1498), (370749, 1499), (370749, 1500), (370749, 1501), (370749, 1502), (370749, 1503), (370749, 1504), (370749, 1505), (370749, 1506), (370749, 1507), (370749, 1508), (370749, 1509), (370749, 1510), (370749, 1511), (370749, 1512), (370749, 1513), (370749, 1514), (370749, 1515), (370749, 1516), (370749, 1517), (370749, 1518), (370749, 1519), (370749, 1520), (370749, 1521), (370749, 1522), (370749, 1523), (370749, 1524), (370749, 1525), (370749, 1526), (370749, 1527), (370749, 1528), (370749, 1529), (370749, 1530), (370749, 1531), (370749, 1532), (370749, 1533), (370749, 1534), (370749, 1535), (370749, 1536), (370749, 1537), (370749, 1538), (370749, 1539), (370749, 1540), (370749, 1541), (370725, 44), (370725, 45), (370725, 46), (370725, 47), (370725, 48), (370725, 49), (370725, 50), (370725, 51), (370725, 52), (370725, 53), (370725, 54), (370725, 55), (370725, 56), (370725, 57), (370725, 58), (370725, 59), (370725, 60), (370725, 61), (370725, 62), (370725, 63), (370725, 64), (370725, 65), (370725, 66), (370725, 67), (370725, 68), (370725, 69), (370725, 70), (370725, 71), (370725, 72), (370725, 73), (370725, 74), (370725, 75), (370725, 76), (370725, 77), (370725, 78), (370725, 79), (370725, 80), (370725, 81), (370725, 82), (370725, 83), (370725, 84), (370725, 85), (370725, 86), (370725, 87), (370725, 88), (370725, 89), (370725, 90), (370725, 91), (370725, 92), (370725, 93), (370725, 94), (370725, 95), (370725, 96), (370725, 97), (370725, 98), (370725, 99), (370725, 100), (370725, 101), (370725, 102), (370725, 103), (370725, 104), (370725, 105), (370725, 106), (370725, 107), (370725, 108), (370725, 109), (370725, 110), (370725, 111), (370725, 112), (370725, 113), (370725, 114), (370725, 115), (370725, 116), (370725, 117), (370725, 118), (370725, 119), (370725, 120), (370725, 121), (370725, 122), (370725, 123), (370725, 124), (370725, 125), (370725, 126), (370725, 127), (370725, 128), (370725, 129), (370725, 130), (370725, 131), (370725, 132), (370725, 133), (370725, 134), (370725, 135), (370725, 136), (370725, 137), (370725, 138), (370725, 139), (370725, 140), (370725, 141), (370725, 142), (370725, 143), (370725, 144), (370725, 145), (370725, 146), (370725, 147), (370725, 148), (370725, 149), (370725, 150), (370725, 151), (370725, 152), (370725, 153), (370725, 154), (370725, 155), (370725, 156), (370725, 157), (370725, 158), (370725, 159), (370725, 160), (370725, 161), (370725, 162), (370725, 163), (370725, 164), (370725, 165), (370725, 166), (370725, 167), (370725, 168), (370725, 169), (370725, 170), (370725, 171), (370725, 172), (370725, 173), (370725, 174), (370725, 175), (370725, 176), (370725, 177), (370725, 178), (370725, 179), (370725, 180), (370725, 181), (370725, 182), (370725, 183), (370725, 184), (370725, 185), (370725, 186), (370725, 187), (370725, 188), (370725, 189), (370725, 190), (370725, 191), (370725, 192), (370725, 193), (370725, 194), (370725, 195), (370725, 196), (370725, 197), (370725, 198), (370725, 199), (370725, 200), (370725, 201), (370725, 202), (370725, 203), (370725, 204), (370725, 205), (370725, 206), (370725, 207), (370725, 208), (370725, 209), (370725, 210), (370725, 211), (370725, 212), (370725, 213), (370725, 214), (370725, 215), (370725, 216), (370725, 217), (370725, 218), (370725, 219), (370725, 220), (370725, 221), (370725, 222), (370725, 223), (370725, 224), (370725, 225), (370725, 226), (370725, 227), (370725, 228), (370725, 229), (370725, 230), (370725, 231), (370725, 232), (370725, 233), (370725, 234), (370725, 235), (370725, 236), (370725, 237), (370725, 238), (370725, 239), (370725, 240), (370725, 241), (370725, 242), (370725, 243), (370725, 244), (370725, 245), (370725, 246), (370725, 247), (370725, 248), (370725, 249), (370725, 250), (370725, 251), (370725, 252), (370725, 253), (370725, 254), (370725, 255), (370725, 256), (370725, 257), (370725, 258), (370725, 259), (370725, 260), (370725, 261), (370725, 262), (370725, 263), (370725, 264), (370725, 265), (370725, 266), (370725, 267), (370725, 268), (370725, 269), (370725, 270), (370725, 271), (370725, 272), (370725, 273), (370725, 274), (370725, 275), (370725, 276), (370725, 277), (370725, 278), (370725, 279), (370725, 280), (370725, 281), (370725, 282), (370725, 283), (370725, 284), (370725, 285), (370725, 286), (370725, 287), (370725, 288), (370725, 289), (370725, 290), (370725, 291), (370725, 292), (370725, 293), (370725, 294), (370725, 295), (370725, 296), (370725, 297), (370725, 298), (370725, 299), (370725, 300), (370725, 301), (370725, 302), (370725, 303), (370725, 304), (370725, 305), (370725, 306), (370725, 307), (370725, 308), (370725, 309), (370725, 310), (370725, 311), (370725, 312), (370725, 313), (370725, 314), (370725, 315), (370725, 316), (370725, 317), (370725, 318), (370725, 319), (370725, 320), (370725, 321), (370725, 322), (370725, 323), (370725, 324), (370725, 325), (370725, 326), (370725, 327), (370725, 328), (370725, 329), (370725, 330), (370725, 331), (370725, 332), (370725, 333), (370725, 334), (370725, 335), (370725, 336), (370725, 337), (370725, 338), (370725, 339), (370725, 340), (370725, 341), (370725, 342), (370725, 343), (370725, 344), (370725, 345), (370725, 346), (370725, 347), (370725, 348), (370725, 349), (370725, 350), (370725, 351), (370725, 352), (370725, 353), (370725, 354), (370725, 355), (370725, 356), (370725, 357), (370725, 358), (370725, 359), (370725, 360), (370725, 361), (370725, 362), (370725, 363), (370725, 364), (370725, 365), (370725, 366), (370725, 367), (370725, 368), (370725, 369), (370725, 370), (370725, 371), (370725, 372), (370725, 373), (370725, 374), (370725, 375), (370725, 376), (370725, 377), (370725, 378), (370725, 379), (370725, 380), (370725, 381), (370725, 382), (370725, 383), (370725, 384), (370725, 385), (370725, 386), (370725, 387), (370725, 388), (370725, 389), (370725, 390), (370725, 391), (370725, 392), (370725, 399), (370725, 400), (370725, 401), (370725, 402), (370725, 403), (370725, 404), (370725, 405), (370725, 406), (370725, 407), (370725, 408), (370725, 409), (370725, 410), (370725, 411), (370725, 412), (370725, 413), (370725, 414), (370725, 415), (370725, 416), (370725, 417), (370725, 418), (370725, 419), (370725, 420), (370725, 421), (370725, 422), (370725, 423), (370725, 424), (370725, 425), (370725, 426), (370725, 427), (370725, 428), (370725, 429), (370725, 430), (370725, 431), (370725, 432), (370725, 433), (370725, 434), (370725, 435), (370725, 436), (370725, 437), (370725, 438), (370725, 439), (370725, 440), (370725, 441), (370725, 442), (370725, 443), (370725, 444), (370725, 445), (370725, 446), (370725, 447), (370725, 448), (370725, 449), (370725, 450), (370725, 451), (370725, 452), (370725, 453), (370725, 454), (370725, 455), (370725, 456), (370667, 1), (370667, 2), (370667, 3), (370667, 4), (370667, 5), (370667, 6), (370667, 7), (370667, 8), (370667, 9), (370667, 10), (370667, 11), (370667, 12), (370667, 13), (370667, 14), (370667, 15), (370667, 16), (370667, 17), (370667, 18), (370667, 19), (370667, 20), (370667, 21), (370667, 22), (370667, 23), (370667, 24), (370667, 25), (370667, 26), (370667, 27), (370667, 28), (370667, 30), (370667, 31), (370667, 32), (370667, 33), (370667, 34), (370667, 35), (370667, 36), (370667, 37), (370667, 38), (370667, 39), (370667, 40), (370667, 41), (370667, 42), (370667, 43), (370667, 44), (370667, 45), (370667, 46), (370667, 47), (370667, 48), (370667, 49), (370667, 50), (370667, 51), (370667, 52), (370667, 53), (370667, 54), (370667, 55), (370667, 56), (370667, 57), (370667, 58), (370667, 59), (370667, 60), (370667, 61), (370667, 62), (370667, 63), (370667, 64), (370667, 65), (370667, 66), (370667, 67), (370667, 68), (370667, 69), (370667, 70), (370667, 71), (370667, 72), (370667, 73), (370667, 74), (370667, 75), (370667, 76), (370667, 77), (370667, 78), (370667, 79), (370667, 80), (370667, 81), (370667, 82), (370667, 83), (370667, 84), (370667, 85), (370667, 86), (370667, 87), (370667, 88), (370667, 89), (370667, 90), (370667, 91), (370667, 92), (370667, 93), (370667, 94), (370667, 95), (370667, 96), (370667, 97), (370667, 98), (370667, 99), (370667, 100), (370667, 101), (370667, 102), (370580, 1), (370580, 2), (370580, 3), (370580, 4), (370580, 5), (370580, 6), (370580, 7), (370580, 8), (370580, 9), (370580, 10), (370580, 11), (370580, 12), (370580, 13), (370580, 14), (370580, 15), (370580, 16), (370580, 17), (370580, 18), (370580, 19), (370580, 20), (370580, 21), (370580, 22), (370580, 23), (370580, 24), (370580, 25), (370580, 26), (370580, 27), (370580, 28), (370580, 29), (370580, 30), (370580, 31), (370580, 32), (370580, 33), (370580, 34), (370580, 35), (370580, 36), (370580, 37), (370580, 38), (370580, 39), (370580, 40), (370580, 41), (370580, 42), (370580, 43), (370580, 44), (370580, 45), (370580, 46), (370580, 47), (370580, 48), (370580, 49), (370580, 50), (370580, 51), (370580, 52), (370580, 53), (370580, 54), (370580, 55), (370580, 56), (370580, 57), (370580, 58), (370580, 59), (370580, 60), (370580, 61), (370580, 62), (370580, 63), (370580, 64), (370580, 65), (370580, 66), (370580, 67), (370580, 68), (370580, 69), (370580, 70), (370580, 71), (370580, 72), (370580, 73), (370580, 74), (370580, 75), (370580, 76), (370580, 77), (370580, 78), (370580, 79), (370580, 80), (370580, 81), (370580, 82), (370580, 83), (370580, 84), (370580, 85), (370580, 86), (370580, 87), (370580, 88), (370580, 89), (370580, 90), (370580, 91), (370580, 92), (370580, 93), (370580, 94), (370580, 95), (370580, 96), (370580, 97), (370580, 98), (370580, 99), (370580, 100), (370580, 101), (370580, 102), (370580, 103), (370580, 104), (370580, 105), (370580, 106), (370580, 107), (370580, 108), (370580, 109), (370580, 110), (370580, 111), (370580, 112), (370580, 113), (370580, 114), (370580, 115), (370580, 116), (370580, 117), (370580, 118), (370580, 119), (370580, 120), (370580, 121), (370580, 122), (370580, 123), (370580, 124), (370580, 125), (370580, 126), (370580, 127), (370580, 128), (370580, 129), (370580, 130), (370580, 131), (370580, 132), (370580, 133), (370580, 134), (370580, 135), (370580, 136), (370580, 137), (370580, 138), (370580, 139), (370580, 140), (370580, 141), (370580, 142), (370580, 143), (370580, 144), (370580, 145), (370580, 146), (370580, 147), (370580, 148), (370580, 149), (370580, 150), (370580, 151), (370580, 152), (370580, 153), (370580, 154), (370580, 155), (370580, 156), (370580, 157), (370580, 158), (370580, 159), (370580, 160), (370580, 161), (370580, 162), (370580, 163), (370580, 164), (370580, 165), (370580, 166), (370580, 167), (370580, 168), (370580, 169), (370580, 170), (370580, 171), (370580, 172), (370580, 173), (370580, 174), (370580, 175), (370580, 176), (370580, 177), (370580, 178), (370580, 179), (370580, 180), (370580, 181), (370580, 182), (370580, 183), (370580, 184), (370580, 185), (370580, 186), (370580, 187), (370580, 188), (370580, 189), (370580, 190), (370580, 191), (370580, 192), (370580, 193), (370580, 194), (370580, 195), (370580, 196), (370580, 197), (370580, 198), (370580, 199), (370580, 200), (370580, 201), (370580, 202), (370580, 203), (370580, 204), (370580, 205), (370580, 206), (370580, 207), (370580, 208), (370580, 209), (370580, 210), (370580, 211), (370580, 212), (370580, 213), (370580, 214), (370580, 215), (370580, 216), (370580, 217), (370580, 218), (370580, 219), (370580, 220), (370580, 221), (370580, 222), (370580, 223), (370580, 224), (370580, 225), (370580, 226), (370580, 227), (370580, 228), (370580, 229), (370580, 230), (370580, 231), (370580, 232), (370580, 233), (370580, 234), (370580, 235), (370580, 236), (370580, 237), (370580, 238), (370580, 239), (370580, 240), (370580, 241), (370580, 242), (370580, 243), (370580, 244), (370580, 245), (370580, 246), (370580, 247), (370580, 248), (370580, 249), (370580, 250), (370580, 251), (370580, 252), (370580, 253), (370580, 254), (370580, 255), (370580, 256), (370580, 257), (370580, 258), (370580, 259), (370580, 260), (370580, 261), (370580, 262), (370580, 263), (370580, 264), (370580, 265), (370580, 266), (370580, 267), (370580, 268), (370580, 269), (370580, 270), (370580, 271), (370580, 272), (370580, 273), (370580, 274), (370580, 275), (370580, 276), (370580, 277), (370580, 278), (370580, 279), (370580, 280), (370580, 281), (370580, 282), (370580, 283), (370580, 284), (370580, 285), (370580, 286), (370580, 287), (370580, 288), (370580, 289), (370580, 290), (370580, 291), (370580, 292), (370580, 293), (370580, 294), (370580, 295), (370580, 296), (370580, 297), (370580, 298), (370580, 299), (370580, 300), (370580, 301), (370580, 302), (370580, 303), (370580, 304), (370580, 305), (370580, 306), (370580, 307), (370580, 308), (370580, 309), (370580, 310), (370580, 311), (370580, 312), (370580, 313), (370580, 314), (370580, 315), (370580, 316), (370580, 317), (370580, 318), (370580, 319), (370580, 320), (370580, 321), (370580, 322), (370580, 323), (370580, 324), (370580, 325), (370580, 326), (370580, 327), (370580, 328), (370580, 329), (370580, 330), (370580, 331), (370580, 332), (370580, 333), (370580, 334), (370580, 335), (370580, 336), (370580, 337), (370580, 338), (370580, 339), (370580, 340), (370580, 341), (370580, 342), (370580, 343), (370580, 344), (370580, 345), (370580, 346), (370580, 347), (370580, 348), (370580, 349), (370580, 350), (370580, 351), (370580, 352), (370580, 353), (370580, 354), (370580, 355), (370580, 356), (370580, 357), (370580, 358), (370580, 359), (370580, 360), (370580, 361), (370580, 362), (370580, 363), (370580, 364), (370580, 365), (370580, 366), (370580, 367), (370580, 368), (370580, 369), (370580, 370), (370580, 371), (370580, 372), (370580, 373), (370580, 374), (370580, 375), (370580, 376), (370580, 377), (370580, 378), (370580, 379), (370580, 380), (370580, 381), (370580, 382), (370580, 383), (370580, 384), (370580, 385), (370580, 386), (370580, 387), (370580, 388), (370580, 389), (370580, 390), (370580, 391), (370580, 392), (370580, 393), (370580, 394), (370580, 395), (370580, 396), (370580, 397), (370580, 398), (370580, 399), (370580, 400), (370580, 401), (370580, 402), (370580, 403), (370580, 404), (370580, 405), (370580, 406), (370580, 407), (370580, 408), (370580, 409), (370580, 410), (370580, 411), (370580, 412), (370580, 413), (370580, 414), (370580, 415), (370580, 416), (370580, 417), (370580, 418), (370580, 419), (370580, 420), (370580, 421), (370580, 422), (370580, 423), (370580, 424), (370580, 425), (370580, 426), (370580, 427), (370580, 428), (370580, 429), (370580, 430), (370580, 431), (370580, 432), (370580, 433), (370580, 434), (370580, 435), (370580, 436), (370580, 437), (370580, 438), (370580, 439), (370580, 440), (370580, 441), (370580, 442), (370580, 443), (370580, 444), (370580, 445), (370580, 446), (370580, 447), (370580, 448), (370580, 449), (370580, 450), (370580, 451), (370580, 452), (370580, 453), (370580, 454), (370580, 455), (370580, 456), (370580, 457), (370580, 458), (370580, 459), (370580, 460), (370580, 461), (370580, 462), (370580, 463), (370580, 464), (370580, 465), (370580, 466), (370580, 467), (370580, 468), (370580, 469), (370580, 470), (370580, 471), (370580, 472), (370580, 473), (370580, 474), (370580, 475), (370580, 476), (370580, 477), (370580, 478), (370580, 479), (370580, 480), (370580, 481), (370580, 482), (370580, 483), (370580, 484), (370580, 485), (370580, 486), (370580, 487), (370580, 488), (370580, 489), (370580, 490), (370580, 491), (370580, 492), (370580, 493), (370580, 494), (370580, 495), (370580, 496), (370580, 497), (370580, 498), (370580, 499), (370580, 500), (370580, 501), (370580, 502), (370580, 503), (370580, 504), (370580, 505), (370580, 506), (370580, 507), (370580, 508), (370580, 509), (370580, 510), (370580, 511), (370580, 512), (370580, 513), (370580, 514), (370580, 515), (370580, 516), (370580, 517), (370580, 518), (370580, 519), (370580, 520), (370580, 521), (370580, 522), (370580, 523), (370580, 524), (370580, 525), (370580, 526), (370580, 527), (370580, 528), (370580, 529), (370580, 530), (370580, 531), (370580, 532), (370580, 533), (370580, 534), (370580, 535), (370580, 536), (370580, 537), (370580, 538), (370580, 539), (370580, 540), (370580, 541), (370580, 542), (370580, 543), (370580, 544), (370580, 545), (370580, 546), (370580, 547), (370580, 548), (370580, 549), (370580, 550), (370580, 551), (370580, 552), (370580, 553), (370580, 554), (370580, 555), (370580, 556), (370580, 557), (370580, 558), (370580, 559), (370580, 560), (370580, 561), (370580, 562), (370580, 563), (370580, 564), (370580, 565), (370580, 566), (370580, 567), (370580, 568), (370580, 569), (370580, 570), (370580, 571), (370580, 572), (370580, 573), (370580, 574), (370580, 575), (370580, 576), (370580, 577), (370580, 578), (370580, 579), (370580, 580), (370580, 581), (370580, 582), (370580, 583), (370580, 584), (370580, 585), (370580, 586), (370580, 587), (370580, 588), (370580, 589), (370580, 590), (370580, 591), (370580, 592), (370580, 593), (370580, 594), (370580, 595), (370580, 596), (370580, 597), (370580, 598), (370580, 599), (370580, 600), (370580, 601), (370580, 602), (370580, 603), (370580, 604), (370580, 605), (370580, 606), (370580, 607), (370580, 608), (370580, 609), (370580, 610), (370580, 611), (370580, 612), (370580, 613), (370580, 614), (370580, 615), (370580, 616), (370580, 617), (370580, 618), (370580, 619), (370580, 620), (370580, 621), (370580, 622), (370580, 623), (370580, 624), (370580, 625), (370580, 626), (370580, 627), (370580, 628), (370580, 629), (370580, 630), (370580, 631), (370580, 632), (370580, 633), (370580, 634), (370580, 635), (370580, 636), (370580, 637), (370580, 638), (370580, 639), (370580, 640), (370580, 641), (370580, 642), (370580, 643), (370580, 644), (370580, 645), (370580, 646), (370580, 647), (370580, 648), (370580, 649), (370580, 650), (370580, 651), (370580, 652), (370580, 653), (370580, 654), (370580, 655), (370580, 656), (370580, 657), (370580, 658), (370580, 659), (370580, 660), (370580, 661), (370580, 662), (370580, 663), (370580, 664), (370580, 665), (370580, 666), (370580, 667), (370580, 668), (370580, 669), (370580, 670), (370580, 671), (370580, 672), (370580, 673), (370580, 674), (370580, 675), (370580, 676), (370580, 677), (370580, 678), (370580, 679), (370580, 680), (370580, 681), (370580, 682), (370580, 683), (370580, 684), (370580, 685), (370580, 686), (370580, 687), (370580, 688), (370580, 689), (370580, 690), (370580, 691), (370580, 692), (370580, 693), (370580, 694), (370580, 695), (370580, 696), (370580, 697), (370580, 698), (370580, 699), (370580, 700), (370580, 701), (370580, 702), (370580, 703), (370580, 704), (370580, 705), (370580, 706), (370580, 707), (370580, 708), (370580, 709), (370580, 710), (370580, 711), (370580, 712), (370580, 713), (370580, 714), (370580, 715), (370580, 716), (370580, 717), (370580, 718), (370580, 719), (370580, 720), (370580, 721), (370580, 722), (370580, 723), (370580, 724), (370580, 725), (370580, 726), (370580, 727), (370580, 728), (370580, 729), (370580, 730), (370580, 731), (370580, 732), (370580, 733), (370580, 734), (370580, 735), (370580, 736), (370580, 737), (370580, 738), (370580, 739), (370580, 740), (370580, 741), (370580, 742), (370580, 743), (370580, 744), (370580, 745), (370580, 746), (370580, 747), (370580, 748), (370580, 749), (370580, 750), (370580, 751), (370580, 752), (370580, 753), (370580, 754), (370580, 755), (370580, 756), (370580, 757), (370580, 758), (370580, 759), (370580, 760), (370580, 761), (370580, 762), (370580, 763), (370580, 764), (370580, 765), (370580, 766), (370580, 767), (370580, 768), (370580, 769), (370580, 770), (370580, 771), (370580, 772), (370580, 773), (370580, 774), (370580, 775), (370580, 776), (370580, 777), (370580, 778), (370580, 779), (370580, 780), (370580, 781), (370580, 782), (370580, 783), (370580, 784), (370580, 785), (370580, 786), (370580, 787), (370580, 788), (370580, 789), (370580, 790), (370580, 791), (370580, 792), (370580, 793), (370580, 794), (370580, 795), (370580, 796), (370580, 797), (370580, 798), (370580, 799), (370580, 800), (370580, 801), (370580, 802), (370580, 803), (370580, 804), (370580, 805), (370580, 806), (370580, 807), (370580, 808), (370580, 809), (370580, 810), (370580, 811), (370580, 812), (370580, 813), (370580, 814), (370580, 815), (370580, 816), (370580, 817), (370580, 818), (370580, 819), (370580, 820), (370580, 821), (370580, 822), (370580, 823), (370580, 824), (370580, 825), (370580, 826), (370580, 827), (370580, 828), (370580, 829), (370580, 830), (370580, 831), (370580, 832), (370580, 833), (370580, 834), (370580, 835), (370580, 836), (370580, 837), (370580, 838), (370580, 839), (370580, 840), (370580, 841), (370580, 842), (370580, 843), (370580, 844), (370580, 845), (370580, 846), (370580, 847), (370580, 848), (370580, 849), (370580, 850), (370580, 851), (370580, 852), (370580, 853), (370580, 854), (370580, 855), (370580, 856), (370580, 857), (370580, 858), (370580, 859), (370580, 860), (370580, 861), (370580, 862), (370580, 863), (370580, 864), (370580, 865), (370580, 866), (370580, 867), (370580, 868), (370580, 869), (370580, 870), (370580, 871), (370580, 872), (370580, 873), (370580, 874), (370580, 875), (370580, 876), (370580, 877), (370580, 878), (370580, 879), (370580, 880), (370580, 881), (370580, 882), (370580, 883), (370580, 884), (370580, 885), (370580, 886), (370580, 887), (370580, 888), (370580, 889), (370580, 890), (370580, 891), (370580, 892), (370580, 893), (370580, 894), (370580, 895), (370580, 896), (370580, 897), (370580, 898), (370580, 899), (370580, 900), (370580, 901), (370580, 902), (370580, 903), (370580, 904), (370580, 905), (370580, 906), (370580, 907), (370580, 908), (370580, 909), (370580, 910), (370580, 911), (370580, 912), (370580, 913), (370580, 914), (370580, 915), (370580, 916), (370580, 917), (370580, 918), (370580, 919), (370580, 920), (370580, 921), (370580, 922), (370580, 923), (370580, 924), (370580, 925), (370580, 926), (370580, 927), (370580, 928), (370580, 929), (370580, 930), (370580, 931), (370580, 932), (370580, 933), (370580, 934), (370580, 935), (370580, 936), (370580, 937), (370580, 938), (370580, 939), (370580, 940), (370580, 941), (370580, 942), (370580, 943), (370580, 944), (370580, 945), (370580, 946), (370580, 947), (370580, 948), (370580, 949), (370580, 950), (370580, 951), (370580, 952), (370580, 953), (370580, 954), (370580, 955), (370580, 956), (370580, 957), (370580, 958), (370580, 959), (370580, 960), (370580, 961), (370580, 962), (370580, 963), (370580, 964), (370580, 965), (370580, 966), (370580, 967), (370580, 968), (370580, 969), (370580, 970), (370580, 971), (370580, 972), (370580, 973), (370580, 974), (370580, 975), (370580, 976), (370580, 977), (370580, 978), (370580, 979), (370580, 980), (370580, 981), (370580, 982), (370580, 983), (370580, 984), (370580, 985), (370580, 986), (370580, 987), (370580, 988), (370580, 989), (370580, 990), (370580, 991), (370580, 992), (370580, 993), (370580, 994), (370580, 995), (370580, 996), (370580, 997), (370580, 998), (370580, 999), (370580, 1000), (370580, 1001), (370580, 1002), (370580, 1003), (370580, 1004), (370580, 1005), (370580, 1006), (370580, 1007), (370580, 1008), (370580, 1009), (370580, 1010), (370580, 1011), (370580, 1012), (370580, 1013), (370580, 1014), (370580, 1015), (370580, 1016), (370580, 1017), (370580, 1018), (370580, 1019), (370580, 1020), (370580, 1021), (370580, 1022), (370580, 1023), (370580, 1024), (370580, 1025), (370580, 1026), (370580, 1027), (370580, 1028), (370580, 1029), (370580, 1030), (370580, 1031), (370580, 1032), (370580, 1033), (370580, 1034), (370580, 1035), (370580, 1036), (370580, 1037), (370580, 1038), (370580, 1039), (370580, 1040), (370580, 1041), (370580, 1042), (370580, 1043), (370580, 1044), (370580, 1045), (370580, 1046), (370580, 1047), (370580, 1048), (370580, 1049), (370580, 1050), (370580, 1051), (370580, 1052), (370580, 1053), (370580, 1054), (370580, 1055), (370580, 1056), (370580, 1057), (370580, 1058), (370580, 1059), (370580, 1060), (370580, 1061), (370580, 1062), (370580, 1063), (370580, 1064), (370580, 1065), (370580, 1066), (370580, 1067), (370580, 1068), (370580, 1069), (370580, 1070), (370580, 1071), (370580, 1072), (370580, 1073), (370580, 1074), (370580, 1075), (370580, 1076), (370580, 1077), (370580, 1078), (370580, 1079), (370580, 1080), (370580, 1081), (370580, 1082), (370580, 1083), (370580, 1084), (370580, 1085), (370580, 1086), (370580, 1087), (370580, 1088), (370580, 1089), (370580, 1090), (370580, 1091), (370580, 1092), (370580, 1093), (370580, 1094), (370580, 1095), (370580, 1096), (370580, 1097), (370580, 1098), (370580, 1099), (370580, 1100), (370580, 1101), (370580, 1102), (370580, 1103), (370580, 1104), (370580, 1105), (370580, 1106), (370580, 1107), (370580, 1108), (370580, 1109), (370580, 1110), (370580, 1111), (370580, 1112), (370580, 1113), (370580, 1114), (370580, 1115), (370580, 1116), (370580, 1117), (370580, 1118), (370580, 1119), (370580, 1120), (370580, 1121), (370580, 1122), (370580, 1123), (370580, 1124), (370580, 1125), (370580, 1126), (370580, 1127), (370580, 1128), (370580, 1129), (370580, 1130), (370580, 1131), (370580, 1132), (370580, 1133), (370580, 1134), (370580, 1135), (370580, 1136), (370580, 1137), (370580, 1138), (370580, 1139), (370580, 1140), (370580, 1141), (370580, 1142), (370580, 1143), (370580, 1144), (370580, 1145), (370580, 1146), (370580, 1147), (370580, 1148), (370580, 1149), (370580, 1150), (370580, 1151), (370580, 1152), (370580, 1153), (370580, 1154), (370580, 1155), (370580, 1156), (370580, 1157), (370580, 1158), (370580, 1159), (370580, 1160), (370580, 1161), (370580, 1162), (370580, 1163), (370580, 1164), (370580, 1165), (370580, 1166), (370580, 1167), (370580, 1168), (370580, 1169), (370580, 1170), (370580, 1171), (370580, 1172), (370580, 1173), (370580, 1174), (370580, 1175), (370580, 1176), (370580, 1177), (370580, 1178), (370580, 1179), (370580, 1180), (370580, 1181), (370580, 1182), (370580, 1183), (370580, 1184), (370580, 1185), (370580, 1186), (370580, 1187), (370580, 1188), (370580, 1189), (370580, 1190), (370580, 1191), (370580, 1192), (370580, 1193), (370580, 1194), (370580, 1195), (370580, 1196), (370580, 1197), (370580, 1198), (370580, 1199), (370580, 1200), (370580, 1201), (370580, 1202), (370580, 1203), (370580, 1204), (370580, 1205), (370580, 1206), (370580, 1207), (370580, 1208), (370580, 1209), (370580, 1210), (370580, 1211), (370580, 1212), (370580, 1213), (370580, 1214), (370580, 1215), (370580, 1216), (370580, 1217), (370580, 1218), (370580, 1219), (370580, 1220), (370580, 1221), (370580, 1222), (370580, 1223), (370580, 1224), (370580, 1225), (370580, 1226), (370580, 1227), (370580, 1228), (370580, 1229), (370580, 1230), (370580, 1231), (370580, 1232), (370580, 1233), (370580, 1234), (370580, 1235), (370580, 1236), (370580, 1237), (370580, 1238), (370580, 1239), (370580, 1240), (370580, 1241), (370580, 1242), (370580, 1243), (370580, 1244), (370580, 1245), (370580, 1246), (370580, 1247), (370580, 1248), (370580, 1249), (370580, 1250), (370580, 1251), (370580, 1252), (370580, 1253), (370580, 1254), (370580, 1255), (370580, 1256), (370580, 1257), (370580, 1258), (370580, 1259), (370580, 1260), (370580, 1261), (370580, 1262), (370580, 1263), (370580, 1264), (370580, 1265), (370580, 1266), (370580, 1267), (370580, 1268), (370580, 1269), (370580, 1270), (370580, 1271), (370580, 1272), (370580, 1273), (370580, 1274), (370580, 1275), (370580, 1276), (370580, 1277), (370580, 1278), (370580, 1279), (370580, 1280), (370580, 1281), (370580, 1282), (370580, 1283), (370580, 1284), (370580, 1285), (370580, 1286), (370580, 1287), (370580, 1288), (370580, 1289), (370580, 1290), (370580, 1291), (370580, 1292), (370580, 1293), (370580, 1294), (370580, 1295), (370580, 1296), (370580, 1297), (370580, 1298), (370580, 1299), (370580, 1300), (370580, 1301), (370580, 1302), (370580, 1303), (370580, 1304), (370580, 1305), (370580, 1306), (370580, 1307), (370580, 1308), (370580, 1309), (370580, 1310), (370580, 1311), (370580, 1312), (370580, 1313), (370580, 1314), (370580, 1315), (370580, 1316), (370580, 1317), (370580, 1318), (370580, 1319), (370580, 1320), (370580, 1321), (370580, 1322), (370580, 1323), (370580, 1324), (370580, 1325), (370580, 1326), (370580, 1327), (370580, 1328), (370580, 1329), (370580, 1330), (370580, 1331), (370580, 1332), (370580, 1333), (370580, 1334), (370580, 1335), (370580, 1336), (370580, 1337), (370580, 1338), (370580, 1339), (370580, 1340), (370580, 1341), (370580, 1342), (370580, 1343), (370580, 1344), (370580, 1345), (370580, 1346), (370580, 1347), (370580, 1348), (370580, 1349), (370580, 1350), (370580, 1351), (370580, 1352), (370580, 1353), (370580, 1354), (370580, 1355), (370580, 1356), (370580, 1357), (370580, 1358), (370580, 1359), (370580, 1360), (370580, 1361), (370580, 1362), (370580, 1363), (370580, 1364), (370580, 1365), (370580, 1366), (370580, 1367), (370580, 1368), (370580, 1369), (370580, 1370), (370580, 1371), (370580, 1372), (370580, 1373), (370580, 1374), (370580, 1375), (370580, 1376), (370580, 1377), (370580, 1378), (370580, 1379), (370580, 1380), (370580, 1381), (370580, 1382), (370580, 1383), (370580, 1384), (370580, 1385), (370580, 1386), (370580, 1387), (370580, 1388), (370580, 1389), (370580, 1390), (370580, 1391), (370580, 1392), (370580, 1393), (370580, 1394), (370580, 1395), (370580, 1396), (370580, 1397), (370580, 1398), (370580, 1399), (370580, 1400), (370580, 1401), (370580, 1402), (370580, 1403), (370580, 1404), (370580, 1405), (370580, 1406), (370580, 1407), (370580, 1408), (370580, 1409), (370580, 1410), (370580, 1411), (370580, 1412), (370580, 1413), (370580, 1414), (370580, 1415), (370580, 1416), (370580, 1417), (370580, 1418), (370580, 1419), (370580, 1420), (370580, 1421), (370580, 1422), (370580, 1423), (370580, 1424), (370580, 1425), (370580, 1426), (370580, 1427), (370580, 1428), (370580, 1429), (370580, 1430), (370580, 1431), (370580, 1432), (370580, 1433), (370580, 1434), (370580, 1435), (370580, 1436), (370580, 1437), (370580, 1438), (370580, 1439), (370580, 1440), (370580, 1441), (370580, 1442), (370580, 1443), (370580, 1444), (370580, 1445), (370580, 1446), (370580, 1447), (370580, 1448), (370580, 1449), (370580, 1450), (370580, 1451), (370580, 1452), (370580, 1453), (370580, 1454), (370580, 1455), (370580, 1456), (370580, 1457), (370580, 1458), (370580, 1459), (370580, 1460), (370580, 1461), (370580, 1462), (370580, 1463), (370580, 1464), (370580, 1465), (370580, 1466), (370580, 1467), (370580, 1468), (370580, 1469), (370580, 1470), (370580, 1471), (370580, 1472), (370580, 1473), (370580, 1474), (370580, 1475), (370580, 1476), (370580, 1477), (370580, 1478), (370580, 1479), (370580, 1480), (370580, 1481), (370580, 1482), (370580, 1483), (370580, 1484), (370580, 1485), (370580, 1486), (370580, 1487), (370580, 1488), (370580, 1489), (370580, 1490), (370580, 1491), (370580, 1492), (370580, 1493), (370580, 1494), (370580, 1495), (370580, 1496), (370580, 1497), (370580, 1498), (370580, 1499), (370580, 1500), (370580, 1501), (370580, 1502), (370580, 1503), (370580, 1504), (370580, 1505), (370580, 1506), (370580, 1507), (370580, 1508), (370580, 1509), (370580, 1510), (370580, 1511), (370580, 1512), (370580, 1513), (370580, 1514), (370580, 1515), (370580, 1516), (370580, 1517), (370580, 1518), (370580, 1519), (370580, 1520), (370580, 1521), (370580, 1522), (370580, 1523), (370580, 1524), (370580, 1525), (370580, 1526), (370580, 1527), (370580, 1528), (370580, 1529), (370580, 1530), (370580, 1531), (370580, 1532), (370580, 1533), (370580, 1534), (370580, 1535), (370580, 1536), (370580, 1537), (370580, 1538), (370580, 1539), (370580, 1540), (370580, 1541), (370580, 1542), (370580, 1543), (370580, 1544), (370580, 1545), (370580, 1546), (370580, 1547), (370580, 1548), (370580, 1549), (370580, 1550), (370580, 1551), (370580, 1552), (370580, 1553), (370580, 1554), (370580, 1555), (370580, 1556), (370580, 1557), (370580, 1558), (370580, 1559), (370580, 1560), (370580, 1561), (370580, 1562), (370580, 1563), (370580, 1564), (370580, 1565), (370580, 1566), (370580, 1567), (370580, 1568), (370580, 1569), (370580, 1570), (370580, 1571), (370580, 1572), (370580, 1573), (370580, 1574), (370580, 1575), (370580, 1576), (370580, 1577), (370580, 1578), (370580, 1579), (370580, 1580), (370580, 1581), (370580, 1582), (370580, 1583), (370580, 1584), (370580, 1585), (370580, 1586), (370580, 1587), (370580, 1588), (370580, 1589), (370580, 1590), (370580, 1591), (370580, 1592), (370580, 1593), (370580, 1594), (370580, 1595), (370580, 1596), (370580, 1597), (370580, 1598), (370580, 1599), (370580, 1600), (370580, 1601), (370580, 1602), (370580, 1603), (370580, 1604), (370580, 1605), (370580, 1606), (370580, 1607), (370580, 1608), (370580, 1609), (370580, 1610), (370580, 1611), (370580, 1612), (370580, 1613), (370580, 1614), (370580, 1615), (370580, 1616), (370580, 1617), (370580, 1618), (370580, 1619), (370580, 1620), (370580, 1621), (370580, 1622), (370580, 1623), (370580, 1624), (370580, 1625), (370580, 1626), (370580, 1627), (370580, 1628), (370580, 1629), (370580, 1630), (370580, 1631), (370580, 1632), (370580, 1633), (370580, 1634), (370580, 1635), (370580, 1636), (370580, 1637), (370580, 1638), (370580, 1639), (370580, 1640), (370580, 1641), (370580, 1642), (370580, 1643), (370580, 1644), (370580, 1645), (370580, 1646), (370580, 1647), (370580, 1648), (370580, 1649), (370580, 1650), (370580, 1651), (370580, 1652), (370580, 1653), (370580, 1654), (370580, 1655), (370580, 1656), (370580, 1657), (370580, 1658), (370580, 1659), (370580, 1660), (370580, 1661), (370580, 1662), (370580, 1663), (370580, 1664), (370580, 1665), (370580, 1666), (370580, 1667), (370580, 1668), (370580, 1669), (370580, 1670), (370580, 1671), (370580, 1672), (370580, 1673), (370580, 1674), (370580, 1675), (370580, 1676), (370580, 1677), (370580, 1678), (370580, 1679), (370580, 1680), (370580, 1681), (370580, 1682), (370580, 1683), (370580, 1684), (370580, 1685), (370580, 1686), (370580, 1687), (370580, 1688), (370580, 1689), (370580, 1690), (370580, 1691), (370580, 1692), (370580, 1693), (370580, 1694), (370580, 1695), (370580, 1696), (370580, 1697), (370580, 1698), (370580, 1699), (370580, 1700), (370580, 1701), (370580, 1702), (370580, 1703), (370580, 1704), (370580, 1705), (370580, 1706), (370580, 1707), (370580, 1708), (370580, 1709), (370580, 1710), (370580, 1711), (370580, 1712), (370580, 1713), (370580, 1714), (370580, 1715), (370580, 1716), (370580, 1717), (370580, 1718), (370580, 1719), (370580, 1720), (370580, 1721), (370580, 1722), (370580, 1723), (370580, 1724), (370580, 1725), (370580, 1726), (370580, 1727), (370580, 1728), (370580, 1729), (370580, 1730), (370580, 1731), (370580, 1732), (370580, 1733), (370580, 1734), (370580, 1735), (370580, 1736), (370580, 1737), (370580, 1738), (370580, 1739), (370580, 1740), (370580, 1741), (370580, 1742), (370580, 1743), (370580, 1744), (370580, 1745), (370580, 1746), (370580, 1747), (370580, 1748), (370580, 1749), (370580, 1750), (370580, 1751), (370580, 1752), (370580, 1753), (370580, 1754), (370580, 1755), (370580, 1756), (370580, 1757), (370580, 1758), (370580, 1759), (370580, 1760), (370580, 1761), (370580, 1762), (370580, 1763), (370580, 1764), (370580, 1765), (370580, 1766), (370580, 1767), (370580, 1768), (370580, 1769), (370580, 1770), (370580, 1771), (370580, 1772), (370580, 1773), (370580, 1774), (370580, 1775), (370580, 1776), (370580, 1777), (370580, 1778), (370580, 1779), (370580, 1780), (370580, 1781), (370580, 1782), (370580, 1783), (370580, 1784), (370580, 1785), (370580, 1786), (370580, 1787), (370580, 1788), (370580, 1789), (370580, 1790), (370580, 1791), (370580, 1792), (370580, 1793), (370580, 1794), (370580, 1795), (370580, 1796), (370580, 1797), (370580, 1798), (370580, 1799), (370580, 1800), (370580, 1801), (370580, 1802), (370580, 1803), (370580, 1804), (370580, 1805), (370580, 1806), (370580, 1807), (370580, 1808), (370580, 1809), (370580, 1810), (370580, 1811), (370580, 1812), (370580, 1813), (370580, 1814), (370580, 1815), (370580, 1816), (370580, 1817), (370580, 1818), (370580, 1819), (370580, 1820), (370580, 1821), (370580, 1822), (370580, 1823), (370580, 1824), (370580, 1825), (370580, 1826), (370580, 1827), (370580, 1828), (370580, 1829), (370580, 1830), (370580, 1831), (370580, 1832), (370580, 1833), (370580, 1834), (370580, 1835), (370580, 1836), (370580, 1837), (370580, 1838), (370580, 1839), (370580, 1840), (370580, 1841), (370580, 1842), (370580, 1843), (370580, 1844), (370580, 1845), (370580, 1846), (370580, 1847), (370580, 1848), (370580, 1849), (370580, 1850), (370580, 1851), (370580, 1852), (370580, 1853), (370580, 1854), (370580, 1855), (370580, 1856), (370580, 1857), (370580, 1858), (370580, 1859), (370580, 1860), (370580, 1861), (370580, 1862), (370580, 1863), (370580, 1864), (370580, 1865), (370580, 1866), (370580, 1867), (370580, 1868), (370580, 1869), (370580, 1870), (370580, 1871), (370580, 1872), (370580, 1873), (370580, 1874), (370580, 1875), (370580, 1876), (370580, 1877), (370580, 1878), (370580, 1879), (370580, 1880), (370580, 1881), (370580, 1882), (370580, 1883), (370580, 1884), (370580, 1885), (370580, 1886), (370580, 1887), (370580, 1888), (370580, 1889), (370580, 1890), (370580, 1891), (370580, 1892), (370580, 1893), (370580, 1894), (370580, 1895), (370580, 1896), (370580, 1897), (370580, 1898), (370580, 1899), (370580, 1900), (370580, 1901), (370580, 1902), (370580, 1903), (370580, 1904), (370580, 1905), (370580, 1906), (370580, 1907), (370580, 1908), (370580, 1909), (370580, 1910), (370580, 1911), (370580, 1912), (370580, 1913), (370580, 1914), (370580, 1915), (370580, 1916), (370580, 1917), (370580, 1918), (370580, 1919), (370580, 1920), (370580, 1921), (370580, 1922), (370580, 1923), (370580, 1924), (370580, 1925), (370580, 1926), (370580, 1927), (370580, 1928), (370580, 1929), (370580, 1930), (370580, 1931), (370580, 1932), (370580, 1933), (370580, 1934), (370580, 1935), (370580, 1936), (370580, 1937), (370580, 1938), (370580, 1939), (370580, 1940), (370580, 1941), (370580, 1942), (370580, 1943), (370580, 1944), (370580, 1945), (370580, 1946), (370580, 1947), (370580, 1948), (370580, 1949), (370580, 1950), (370580, 1951), (370580, 1952), (370580, 1953), (370580, 1954), (370580, 1955), (370580, 1956), (370580, 1957), (370580, 1958), (370580, 1959), (370580, 1960), (370580, 1961), (370580, 1962), (370580, 1963), (370580, 1964), (370580, 1965), (370580, 1966), (370580, 1967), (370580, 1968), (370580, 1969), (370580, 1970), (370580, 1971), (370580, 1972), (370580, 1973), (370580, 1974), (370580, 1975), (370580, 1976), (370580, 1977), (370580, 1978), (370580, 1979), (370580, 1980), (370580, 1981), (370580, 1982), (370580, 1983), (370580, 1984), (370580, 1985), (370580, 1986), (370580, 1987), (370580, 1988), (370580, 1989), (370580, 1990), (370580, 1991), (370580, 1992), (370580, 1993), (370580, 1994), (370580, 1995), (370580, 1996), (370580, 1997), (370580, 1998), (370580, 1999), (370580, 2000), (370580, 2001), (370580, 2002), (370580, 2003), (370580, 2004), (370580, 2005), (370580, 2006), (370580, 2007), (370580, 2008), (370580, 2009), (370580, 2010), (370580, 2011), (370580, 2012), (370580, 2013), (370580, 2014), (370580, 2015), (370580, 2016), (370580, 2017), (370580, 2018), (370580, 2019), (370580, 2020), (370580, 2021), (370580, 2022), (370580, 2023), (370580, 2024), (370580, 2025), (370580, 2026), (370580, 2027), (370580, 2028), (370580, 2029), (370580, 2030), (370580, 2031), (370580, 2032), (370580, 2033), (370580, 2034), (370580, 2035), (370580, 2036), (370580, 2037), (370580, 2038), (370580, 2039), (370580, 2040), (370580, 2041), (370580, 2042), (370580, 2043), (370580, 2044), (370580, 2045), (370580, 2046), (370580, 2047), (370580, 2048), (370580, 2049), (370580, 2050), (370580, 2051), (370580, 2052), (370580, 2053), (370580, 2054), (370580, 2055), (370580, 2056), (370580, 2057), (370580, 2058), (370580, 2059), (370580, 2060), (370580, 2061), (370580, 2062), (370580, 2063), (370580, 2064), (370580, 2065), (370580, 2066), (370580, 2067), (370580, 2068), (370580, 2069), (370580, 2070), (370580, 2071), (370580, 2072), (370580, 2073), (370580, 2074), (370580, 2075), (370580, 2076), (370580, 2077), (370580, 2078), (370580, 2079), (370580, 2080), (370580, 2081), (370580, 2082), (370580, 2083), (370580, 2084), (370580, 2085), (370580, 2086), (370580, 2087), (370580, 2088), (370580, 2089), (370580, 2090), (370580, 2091), (370580, 2092), (370580, 2093), (370580, 2094), (370580, 2095), (370580, 2096), (370580, 2097), (370580, 2098), (370580, 2099), (370580, 2100), (370580, 2101), (370580, 2102), (370580, 2103), (370580, 2104), (370580, 2105), (370580, 2106), (370580, 2107), (370580, 2108), (370580, 2109), (370580, 2110), (370580, 2111), (370580, 2112), (370580, 2113), (370580, 2114), (370580, 2115), (370580, 2116), (370580, 2117), (370580, 2118), (370580, 2119), (370580, 2120), (370580, 2121), (370580, 2122), (370580, 2123), (370580, 2124), (370580, 2125), (370580, 2126), (370580, 2127), (370580, 2128), (370580, 2129), (370580, 2130), (370580, 2131), (370580, 2132), (370580, 2133), (370580, 2134), (370580, 2135), (370580, 2136), (370580, 2137), (370580, 2138), (370580, 2139), (370580, 2140), (370580, 2141), (370580, 2142), (370580, 2143), (370580, 2144), (370580, 2145), (370580, 2146), (370580, 2147), (370580, 2148), (370580, 2149), (370580, 2150), (370580, 2151), (370580, 2152), (370580, 2153), (370580, 2154), (370580, 2155), (370580, 2156), (370580, 2157), (370580, 2158), (370580, 2159), (370580, 2160), (370580, 2161), (370580, 2162), (370580, 2163), (370580, 2164), (370580, 2165), (370580, 2166), (370580, 2167), (370580, 2168), (370580, 2169), (370580, 2170), (370580, 2171), (370580, 2172), (370580, 2173), (370580, 2174), (370580, 2175), (370580, 2176), (370580, 2177), (370580, 2178), (370580, 2179), (370580, 2180), (370580, 2181), (370580, 2182), (370580, 2183), (370580, 2184), (370580, 2185), (370580, 2186), (370580, 2187), (370580, 2188), (370580, 2189), (370580, 2190), (370580, 2191), (370580, 2192), (370580, 2193), (370580, 2194), (370580, 2195), (370580, 2196), (370580, 2197), (370580, 2198), (370580, 2199), (370580, 2200), (370580, 2201), (370580, 2202), (370580, 2203), (370580, 2204), (370580, 2205), (370580, 2206), (370580, 2207), (370580, 2208), (370580, 2209), (370580, 2210), (370580, 2211), (370580, 2212), (370580, 2213), (370580, 2214), (370580, 2215), (370580, 2216), (370580, 2217), (370580, 2218), (370580, 2219), (370580, 2220), (370580, 2221), (370580, 2222), (370580, 2223), (370580, 2224), (370580, 2225), (370580, 2226), (370580, 2227), (370580, 2228), (370580, 2229), (370580, 2230), (370580, 2231), (370580, 2232), (370580, 2233), (370580, 2234), (370580, 2235), (370580, 2236), (370580, 2237), (370580, 2238), (370580, 2239), (370580, 2240), (370580, 2241), (370580, 2242), (370580, 2243), (370580, 2244), (370580, 2245), (370580, 2246), (370580, 2247), (370580, 2248), (370580, 2249), (370580, 2250), (370580, 2251), (370580, 2252), (370580, 2253), (370580, 2254), (370580, 2255), (370580, 2256), (370580, 2257), (370580, 2258), (370580, 2259), (370580, 2260), (370580, 2261), (370580, 2262), (370580, 2263), (370580, 2264), (370580, 2265), (370580, 2266), (370580, 2267), (370580, 2268), (370580, 2269), (370580, 2270), (370580, 2271), (370580, 2272), (370580, 2273), (370580, 2274), (370580, 2275), (370580, 2276), (370580, 2277), (370580, 2278), (370580, 2279), (370580, 2280), (370580, 2281), (370580, 2282), (370580, 2283), (370580, 2284), (370580, 2285), (370580, 2286), (370580, 2287), (370580, 2288), (370580, 2289), (370580, 2290), (370580, 2291), (370580, 2292), (370580, 2293), (370580, 2294), (370580, 2295), (370580, 2296), (370580, 2297), (370580, 2298), (370580, 2299), (370580, 2300), (370580, 2301), (370580, 2302), (370580, 2303), (370580, 2304), (370580, 2305), (370580, 2306), (370580, 2307), (370580, 2308), (370580, 2309), (370580, 2310), (370580, 2311), (370580, 2312), (370580, 2313), (370580, 2314), (370580, 2315), (370580, 2316), (370580, 2317), (370580, 2318), (370580, 2319), (370580, 2320), (370580, 2321), (370580, 2322), (370580, 2323), (370580, 2324), (370580, 2325), (370580, 2326), (370580, 2327), (370580, 2328), (370580, 2329), (370580, 2330), (370580, 2331), (370580, 2332), (370580, 2333), (370580, 2334), (370580, 2335), (370580, 2336), (370580, 2337), (370580, 2338), (370580, 2339), (370580, 2340), (370580, 2341), (370580, 2342), (370580, 2343), (370580, 2344), (370580, 2345), (370580, 2346), (370580, 2347), (370580, 2348), (370580, 2349), (370580, 2350), (370580, 2351), (370580, 2352), (370580, 2353), (370580, 2354), (370580, 2355), (370580, 2356), (370580, 2357), (370580, 2358), (370580, 2359), (370580, 2360), (370580, 2361), (370580, 2362), (370580, 2363), (370580, 2364), (370580, 2365), (370580, 2366), (370580, 2367), (370580, 2368), (370580, 2369), (370580, 2370), (370580, 2371), (370580, 2372), (370580, 2373), (370580, 2374), (370580, 2375), (370580, 2376), (370580, 2377), (370580, 2378), (370580, 2379), (370580, 2380), (370580, 2381), (370580, 2382), (370580, 2383), (370580, 2384), (370580, 2385), (370580, 2386), (370580, 2387), (370580, 2388), (370580, 2389), (370580, 2390), (370580, 2391), (370580, 2392), (370580, 2393), (370580, 2394), (370580, 2395), (370580, 2396), (370580, 2397), (370580, 2398), (370580, 2399), (370580, 2400), (370580, 2401), (370580, 2402), (370580, 2403), (370580, 2404), (370580, 2405), (370580, 2406), (370580, 2407), (370580, 2408), (370580, 2409), (370580, 2410), (370580, 2411), (370580, 2412), (370580, 2413), (370580, 2414), (370580, 2415), (370580, 2416), (370580, 2417), (370580, 2418), (370580, 2419), (370580, 2420), (370580, 2421), (370580, 2422), (370580, 2423), (370580, 2424), (370580, 2425), (370580, 2426), (370580, 2427), (370580, 2428), (370580, 2429), (370580, 2430), (370580, 2431), (370580, 2432), (370580, 2433), (370580, 2434), (370580, 2435), (370580, 2436), (370580, 2437), (370580, 2438), (370580, 2439), (370580, 2440), (370580, 2441), (370580, 2442), (370580, 2443), (370580, 2444), (370580, 2445), (370580, 2446), (370580, 2447), (370580, 2448), (370580, 2449), (370580, 2450), (370580, 2451), (370580, 2452), (370580, 2453), (370580, 2454), (370580, 2455), (370580, 2456), (370580, 2457), (370580, 2458), (370580, 2459), (370580, 2460), (370580, 2461), (370580, 2462), (370580, 2463), (370580, 2464), (370580, 2465), (370580, 2466), (370580, 2467), (370580, 2468), (370580, 2469), (370580, 2470), (370580, 2471), (370580, 2472), (370580, 2473), (370580, 2474), (370580, 2475), (370580, 2476), (370580, 2477), (370580, 2478), (370580, 2479), (370580, 2480), (370580, 2481), (370580, 2482), (370580, 2483), (370580, 2484), (370580, 2485), (370580, 2486), (370580, 2487), (370580, 2488), (370580, 2489), (370580, 2490), (370580, 2491), (370580, 2492), (370580, 2493), (370580, 2494), (370580, 2495), (370580, 2496), (370580, 2497), (370580, 2498), (370580, 2499), (370580, 2500), (370580, 2501), (370580, 2502), (370580, 2503), (370580, 2504), (370580, 2505), (370580, 2506), (370580, 2507), (370580, 2508), (370580, 2509), (370580, 2510), (370580, 2511), (370580, 2512), (370580, 2513), (370580, 2514), (370580, 2515), (370580, 2516), (370580, 2517), (370580, 2518), (370580, 2519), (370580, 2520), (370580, 2521), (370580, 2522), (370580, 2523), (370580, 2524), (370580, 2525), (370580, 2526), (370580, 2527), (370580, 2528), (370580, 2529), (370580, 2530), (370580, 2531), (370580, 2532), (370580, 2533), (370580, 2534), (370580, 2535), (370580, 2536), (370580, 2537), (370580, 2538), (370580, 2539), (370580, 2540), (370580, 2541), (370580, 2542), (370580, 2543), (370580, 2544), (370580, 2545), (370580, 2546), (370580, 2547), (370580, 2548), (370580, 2549), (370580, 2550), (370580, 2551), (370580, 2552), (370580, 2553), (370580, 2554), (370580, 2555), (370580, 2556), (370580, 2557), (370580, 2558), (370580, 2559), (370580, 2560), (370580, 2561), (370580, 2562), (370580, 2563), (370580, 2564), (370580, 2565), (370580, 2566), (370580, 2567), (370580, 2568), (370580, 2569), (370580, 2570), (370580, 2571), (370580, 2572), (370580, 2573), (370580, 2574), (370580, 2575), (370580, 2576), (370580, 2577), (370580, 2578), (370580, 2579), (370580, 2580), (370580, 2581), (370580, 2582), (370580, 2583), (370580, 2584), (370580, 2585), (370580, 2586), (370580, 2587), (370580, 2588), (370580, 2589), (370580, 2590), (370580, 2591), (370580, 2592), (370580, 2593), (370580, 2594), (370580, 2595), (370580, 2596), (370580, 2597), (370580, 2598), (370580, 2599), (370580, 2600), (370580, 2601), (370580, 2602), (370580, 2603), (370580, 2604), (370580, 2605), (370580, 2606), (370580, 2607), (370580, 2608), (370580, 2609), (370580, 2610), (370580, 2611), (370580, 2612), (370580, 2613), (370580, 2614), (370580, 2615), (370580, 2616), (370580, 2617), (370580, 2618), (370580, 2619), (370580, 2620), (370580, 2621), (370580, 2622), (370580, 2623), (370580, 2624), (370580, 2625), (370580, 2626), (370580, 2627), (370580, 2628), (370580, 2629), (370580, 2630), (370580, 2631), (370580, 2632), (370580, 2633), (370580, 2634), (370580, 2635), (370580, 2636), (370580, 2637), (370580, 2638), (370580, 2639), (370580, 2640), (370580, 2641), (370580, 2642), (370580, 2643), (370580, 2644), (370580, 2645), (370580, 2646), (370580, 2647), (370580, 2648), (370580, 2649), (370580, 2650), (370580, 2651), (370580, 2652), (370580, 2653), (370580, 2654), (370580, 2655), (370580, 2656), (370580, 2657), (370580, 2658), (370580, 2659), (370580, 2660), (370580, 2661), (370580, 2662), (370580, 2663), (370580, 2664), (370580, 2665), (370580, 2666), (370580, 2667), (370580, 2668), (370580, 2669), (370580, 2670), (370580, 2671), (370580, 2672), (370580, 2673), (370580, 2674), (370580, 2675), (370580, 2676), (370580, 2677), (370580, 2678), (370580, 2679), (370580, 2680), (370580, 2681), (370580, 2682), (370580, 2683), (370580, 2684), (370580, 2685), (370580, 2686), (370580, 2687), (370580, 2688), (370580, 2689), (370580, 2690), (370580, 2691), (370580, 2692), (370580, 2693), (370580, 2694), (370580, 2695), (370580, 2696), (370580, 2697), (370580, 2698), (370580, 2699), (370580, 2700), (370580, 2701), (370580, 2702), (370580, 2703), (370580, 2704), (370580, 2705), (370580, 2706), (370580, 2707), (370580, 2708), (370580, 2709), (370580, 2710), (370580, 2711), (370580, 2712), (370580, 2713), (370580, 2714), (370580, 2715), (370580, 2716), (370580, 2717), (370580, 2718), (370580, 2719), (370580, 2720), (370580, 2721), (370580, 2722), (370580, 2723), (370580, 2724), (370580, 2725), (370580, 2726), (370580, 2727), (370580, 2728), (370580, 2729), (370580, 2730), (370580, 2731), (370580, 2732), (370580, 2733), (370580, 2734), (370580, 2735), (370580, 2736), (370580, 2737), (370580, 2738), (370580, 2739), (370580, 2740), (370580, 2741), (370580, 2742), (370580, 2743), (370580, 2744), (370580, 2745), (370580, 2746), (370580, 2747), (370580, 2748), (370580, 2749), (370580, 2750), (370580, 2751), (370580, 2752), (370580, 2753), (370580, 2754), (370580, 2755), (370580, 2756), (370580, 2757), (370580, 2758), (370580, 2759), (370580, 2760), (370580, 2761), (370580, 2762), (370580, 2763), (370580, 2764), (370580, 2765), (370580, 2766), (370580, 2767), (370580, 2768), (370580, 2769), (370580, 2770), (370580, 2771), (370580, 2772), (370580, 2773), (370580, 2774), (370580, 2775), (370580, 2776), (370580, 2777), (370580, 2778), (370580, 2779), (370580, 2780), (370580, 2781), (370580, 2782), (370580, 2783), (370580, 2784), (370580, 2785), (370580, 2786), (370580, 2787), (370580, 2788), (370580, 2789), (370580, 2790), (370580, 2791), (370580, 2792), (370580, 2793), (370580, 2794), (370580, 2795), (370580, 2796), (370580, 2797), (370580, 2798), (370580, 2799), (370580, 2800), (370580, 2801), (370580, 2802), (370580, 2803), (370580, 2804), (370580, 2805), (370580, 2806), (370580, 2807), (370580, 2808), (370580, 2809), (370580, 2810), (370580, 2811), (370580, 2812), (370580, 2813), (370580, 2814), (370580, 2815), (370580, 2816), (370580, 2817), (370580, 2818), (370580, 2819), (370580, 2820), (370580, 2821), (370580, 2822), (370580, 2823), (370580, 2824), (370580, 2825), (370580, 2826), (370580, 2827), (370580, 2828), (370580, 2829), (370580, 2830), (370580, 2831), (370580, 2832), (370580, 2833), (370580, 2834), (370580, 2835), (370580, 2836), (370580, 2837), (370580, 2838), (370580, 2839), (370580, 2840), (370580, 2841), (370580, 2842), (370580, 2843), (370580, 2844), (370580, 2845), (370580, 2846), (370580, 2847), (370580, 2848), (370580, 2849), (370580, 2850), (370580, 2851), (370580, 2852), (370580, 2853), (370580, 2854), (370580, 2855), (370580, 2856), (370580, 2857), (370580, 2858), (370580, 2859), (370580, 2860), (370580, 2861), (370580, 2862), (370580, 2863), (370580, 2864), (370580, 2865), (370580, 2866), (370580, 2867), (370580, 2868), (370580, 2869), (370580, 2870), (370580, 2871), (370580, 2872), (370580, 2873), (370580, 2874), (370580, 2875), (370579, 33), (370579, 34), (370579, 35), (370579, 36), (370579, 37), (370579, 38), (370579, 39), (370579, 40), (370579, 41), (370579, 42), (370579, 43), (370579, 44), (370579, 45), (370579, 46), (370579, 47), (370579, 48), (370579, 49), (370579, 50), (370579, 51), (370579, 52), (370579, 53), (370579, 54), (370579, 55), (370579, 56), (370579, 57), (370579, 58), (370579, 59), (370579, 60), (370579, 61), (370579, 62), (370579, 63), (370579, 64), (370579, 65), (370579, 66), (370579, 67), (370579, 68), (370579, 69), (370579, 70), (370579, 71), (370579, 72), (370579, 73), (370579, 74), (370579, 75), (370579, 76), (370579, 77), (370579, 78), (370579, 79), (370579, 80), (370579, 81), (370579, 82), (370579, 83), (370579, 84), (370579, 85), (370579, 86), (370579, 87), (370579, 88), (370579, 89), (370579, 90), (370579, 91), (370579, 92), (370579, 93), (370579, 94), (370579, 95), (370579, 96), (370579, 97), (370579, 98), (370579, 99), (370579, 100), (370579, 101), (370579, 102), (370579, 103), (370579, 104), (370579, 105), (370579, 106), (370579, 107), (370579, 108), (370579, 109), (370579, 110), (370579, 111), (370579, 112), (370579, 113), (370579, 120), (370579, 121), (370579, 122), (370579, 123), (370560, 62), (370560, 63), (370560, 64), (370560, 65), (370560, 66), (370560, 67), (370560, 68), (370560, 69), (370560, 70), (370560, 71), (370560, 72), (370560, 73), (370560, 74), (370560, 75), (370560, 76), (370560, 77), (370560, 78), (370560, 79), (370560, 80), (370560, 81), (370560, 82), (370560, 83), (370560, 84), (370560, 85), (370560, 86), (370560, 87), (370560, 88), (370560, 89), (370560, 90), (370560, 92), (370560, 93), (370560, 94), (370560, 95), (370560, 96), (370560, 97), (370560, 98), (370560, 99), (370560, 100), (370560, 101), (370560, 102), (370560, 103), (370560, 104), (370560, 105), (370560, 106), (370560, 107), (370560, 108), (370560, 109), (370560, 110), (370560, 111), (370560, 112), (370560, 113), (370560, 114), (370560, 115), (370560, 116), (370560, 117), (370560, 118), (370560, 119), (370560, 120), (370560, 121), (370560, 122), (370560, 123), (370560, 124), (370560, 125), (370560, 126), (370560, 127), (370560, 128), (370560, 129), (370560, 130), (370560, 131), (370560, 132), (370560, 133), (370560, 134), (370560, 135), (370560, 136), (370560, 137), (370560, 138), (370560, 139), (370560, 140), (370560, 141), (370560, 142), (370560, 143), (370560, 144), (370560, 145), (370560, 146), (370560, 147), (370560, 148), (370560, 149), (370560, 150), (370560, 151), (370560, 152), (370560, 153), (370560, 154), (370560, 155), (370560, 156), (370560, 157), (370560, 158), (370560, 159), (370560, 160), (370560, 161), (370560, 162), (370560, 163), (370560, 164), (370560, 165), (370560, 166), (370560, 167), (370560, 168), (370560, 169), (370560, 170), (370560, 171), (370560, 172), (370560, 173), (370560, 174), (370560, 175), (370560, 176), (370560, 177), (370560, 178), (370560, 179), (370560, 180), (370560, 181), (370560, 182), (370560, 183), (370560, 184), (370560, 185), (370560, 186), (370560, 187), (370560, 188), (370560, 189), (370560, 190), (370560, 191), (370560, 192), (370560, 193), (370560, 194), (370560, 195), (370560, 196), (370560, 197), (370560, 198), (370560, 199), (370560, 200), (370560, 201), (370560, 202), (370560, 203), (370560, 204), (370560, 205), (370560, 206), (370560, 207), (370560, 208), (370560, 209), (370560, 210), (370560, 211), (370560, 212), (370560, 213), (370560, 214), (370560, 215), (370560, 216), (370560, 217), (370560, 218), (370560, 219), (370560, 220), (370560, 221), (370560, 222), (370560, 223), (370560, 224), (370560, 225), (370560, 226), (370560, 227), (370560, 228), (370560, 229), (370560, 230), (370560, 231), (370560, 232), (370560, 233), (370560, 234), (370560, 235), (370560, 236), (370560, 237), (370560, 238), (370560, 239), (370560, 240), (370560, 241), (370560, 242), (370560, 243), (370560, 244), (370560, 245), (370560, 246), (370560, 247), (370560, 248), (370560, 249), (370560, 250), (370560, 251), (370560, 252), (370560, 253), (370560, 254), (370560, 255), (370560, 256), (370560, 257), (370560, 258), (370560, 259), (370560, 260), (370560, 261), (370560, 262), (370560, 263), (370560, 264), (370560, 265), (370560, 266), (370560, 267), (370560, 268), (370560, 269), (370560, 270), (370560, 271), (370560, 272), (370560, 273), (370560, 274), (370560, 275), (370560, 276), (370560, 277), (370560, 278), (370560, 279), (370560, 280), (370560, 281), (370560, 282), (370560, 283), (370560, 284), (370560, 285), (370560, 286), (370560, 287), (370560, 288), (370560, 289), (370560, 290), (370560, 291), (370560, 292), (370560, 293), (370560, 294), (370560, 295), (370560, 296), (370560, 297), (370560, 298), (370560, 299), (370560, 300), (370560, 301), (370560, 302), (370560, 303), (370560, 304), (370560, 305), (370560, 306), (370560, 307), (370560, 308), (370560, 309), (370560, 310), (370560, 311), (370560, 312), (370560, 313), (370560, 314), (370560, 315), (370560, 316), (370560, 317), (370560, 318), (370560, 319), (370560, 320), (370560, 321), (370560, 322), (370560, 323), (370560, 324), (370560, 325), (370560, 326), (370560, 327), (370560, 328), (370560, 329), (370560, 330), (370560, 331), (370560, 332), (370560, 333), (370560, 334), (370560, 335), (370560, 336), (370560, 337), (370560, 338), (370560, 339), (370560, 340), (370560, 341), (370560, 342), (370560, 343), (370560, 344), (370560, 345), (370560, 346), (370560, 347), (370560, 348), (370560, 349), (370560, 350), (370560, 351), (370560, 352), (370560, 353), (370560, 354), (370560, 355), (370560, 356), (370560, 357), (370560, 358), (370560, 359), (370560, 360), (370560, 361), (370560, 362), (370560, 363), (370560, 364), (370560, 365), (370560, 366), (370560, 367), (370560, 368), (370560, 369), (370560, 370), (370560, 371), (370560, 372), (370560, 373), (370560, 374), (370560, 375), (370560, 376), (370560, 377), (370560, 378), (370560, 379), (370560, 380), (370560, 381), (370560, 382), (370560, 383), (370560, 384), (370560, 385), (370560, 386), (370560, 387), (370560, 388), (370560, 389), (370560, 390), (370560, 391), (370560, 392), (370560, 393), (370560, 394), (370560, 395), (370560, 396), (370560, 397), (370560, 398), (370560, 399), (370560, 400), (370560, 401), (370560, 402), (370560, 403), (370560, 404), (370560, 405), (370560, 406), (370560, 407), (370560, 408), (370560, 409), (370560, 410), (370497, 1), (370497, 2), (370497, 3), (370497, 4), (370497, 5), (370497, 6), (370497, 7), (370497, 8), (370497, 9), (370497, 10), (370497, 11), (370497, 12), (370497, 13), (370497, 14), (370497, 15), (370497, 16), (370497, 17), (370497, 18), (370497, 19), (370497, 20), (370497, 21), (370497, 22), (370497, 23), (370497, 24), (370497, 25), (370497, 26), (370497, 27), (370497, 28), (370497, 29), (370497, 30), (370497, 31), (370497, 32), (370497, 33), (370497, 34), (370497, 35), (370497, 36), (370497, 37), (370497, 38), (370497, 39), (370497, 40), (370497, 41), (370497, 42), (370497, 43), (370497, 44), (370497, 45), (370497, 46), (370497, 47), (370497, 48), (370497, 49), (370497, 50), (370497, 51), (370497, 52), (370497, 53), (370497, 54), (370497, 55), (370497, 56), (370497, 57), (370497, 58), (370497, 59), (370497, 60), (370497, 61), (370497, 62), (370497, 63), (370497, 64), (370497, 65), (370497, 66), (370497, 67), (370497, 68), (370497, 69), (370497, 70), (370497, 71), (370497, 72), (370497, 73), (370497, 74), (370497, 75), (370497, 76), (370497, 77), (370497, 78), (370497, 79), (370497, 80), (370497, 81), (370497, 82), (370497, 83), (370497, 84), (370497, 85), (370497, 86), (370497, 87), (370497, 88), (370497, 89), (370497, 90), (370497, 91), (370497, 92), (370497, 93), (370497, 94), (370497, 95), (370497, 96), (370497, 97), (370497, 98), (370497, 99), (370497, 100), (370497, 101), (370497, 102), (370497, 103), (370497, 104), (370497, 105), (370497, 106), (370497, 107), (370497, 108), (370497, 109), (370497, 110), (370497, 111), (370497, 112), (370497, 113), (370497, 114), (370497, 115), (370497, 117), (370497, 118), (370497, 119), (370497, 120), (370497, 121), (370497, 122), (370497, 123), (370497, 124), (370497, 125), (370497, 126), (370497, 127), (370497, 128), (370497, 129), (370497, 130), (370497, 131), (370497, 132), (370497, 133), (370497, 134), (370497, 135), (370497, 136), (370497, 137), (370497, 138), (370497, 139), (370497, 140), (370497, 141), (370497, 142), (370497, 143), (370497, 144), (370497, 145), (370497, 146), (370497, 147), (370497, 148), (370497, 149), (370497, 150), (370497, 151), (370497, 152), (370497, 153), (370497, 154), (370497, 155), (370497, 156), (370497, 157), (370497, 158), (370497, 159), (370497, 160), (370497, 161), (370497, 162), (370497, 163), (370497, 164), (370497, 165), (370497, 166), (370497, 167), (370497, 168), (370497, 169), (370497, 170), (370497, 171), (370497, 172), (370497, 173), (370497, 174), (370497, 175), (370497, 176), (370497, 177), (370497, 178), (370497, 179), (370497, 180), (370497, 181), (370497, 182), (370497, 183), (370497, 184), (370497, 185), (370497, 186), (370497, 187), (370497, 188), (370497, 189), (370497, 190), (370497, 191), (370497, 192), (370497, 193), (370497, 194), (370497, 195), (370497, 196), (370497, 197), (370497, 198), (370497, 199), (370497, 200), (370497, 201), (370497, 202), (370497, 203), (370497, 204), (370497, 205), (370497, 206), (370497, 207), (370497, 208), (370497, 209), (370497, 210), (370497, 211), (370497, 212), (370497, 213), (370497, 214), (370497, 215), (370497, 216), (370497, 217), (370497, 218), (370497, 219), (370497, 220), (370497, 221), (370497, 222), (370497, 223), (370497, 224), (370497, 225), (370497, 226), (370497, 227), (370497, 228), (370497, 229), (370497, 230), (370497, 231), (370497, 232), (370497, 233), (370497, 234), (370497, 235), (370497, 236), (370497, 237), (370497, 238), (370497, 239), (370497, 240), (370497, 241), (370497, 242), (370497, 243), (370497, 244), (370497, 245), (370497, 246), (370497, 247), (370497, 248), (370497, 249), (370497, 250), (370497, 251), (370497, 252), (370497, 253), (370497, 254), (370497, 255), (370497, 256), (370497, 257), (370497, 258), (370497, 259), (370497, 260), (370497, 261), (370497, 262), (370497, 263), (370497, 264), (370497, 265), (370497, 266), (370497, 267), (370497, 268), (370497, 269), (370497, 270), (370497, 271), (370497, 272), (370497, 273), (370497, 274), (370497, 275), (370497, 276), (370497, 277), (370497, 278), (370497, 279), (370497, 280), (370497, 281), (370497, 282), (370497, 283), (370497, 284), (370497, 285), (370497, 286), (370497, 287), (370497, 288), (370497, 289), (370497, 290), (370497, 291), (370497, 292), (370497, 293), (370497, 294), (370497, 295), (370497, 296), (370497, 297), (370497, 298), (370497, 299), (370497, 300), (370497, 301), (370497, 302), (370497, 303), (370497, 304), (370497, 305), (370497, 306), (370497, 307), (370497, 308), (370497, 309), (370497, 310), (370497, 311), (370497, 312), (370497, 313), (370497, 314), (370497, 315), (370497, 316), (370497, 317), (370497, 318), (370497, 319), (370497, 320), (370497, 321), (370497, 322), (370497, 323), (370497, 324), (370497, 325), (370497, 326), (370497, 327), (370497, 328), (370497, 329), (370497, 330), (370497, 331), (370497, 332), (370497, 333), (370497, 334), (370497, 335), (370497, 336), (370497, 337), (370497, 338), (370497, 339), (370497, 340), (370497, 341), (370497, 342), (370497, 343), (370497, 344), (370497, 345), (370497, 346), (370497, 347), (370497, 348), (370497, 349), (370497, 350), (370497, 351), (370497, 352), (370497, 353), (370497, 354), (370497, 355), (370497, 356), (370497, 357), (370497, 358), (370497, 359), (370497, 360), (370497, 361), (370497, 362), (370497, 363), (370497, 364), (370497, 365), (370497, 366), (370497, 367), (370497, 368), (370497, 369), (370497, 370), (370497, 371), (370497, 372), (370497, 373), (370497, 374), (370497, 375), (370497, 376), (370497, 377), (370497, 378), (370497, 379), (370497, 380), (370497, 381), (370497, 382), (370497, 383), (370497, 384), (370497, 385), (370497, 386), (370497, 387), (370497, 388), (370497, 389), (370497, 390), (370497, 391), (370497, 392), (370497, 393), (370497, 394), (370497, 395), (370497, 396), (370497, 397), (370497, 398), (370497, 399), (370497, 400), (370497, 401), (370497, 402), (370497, 403), (370497, 404), (370497, 405), (370497, 406), (370497, 407), (370497, 408), (370497, 409), (370497, 410), (370497, 411), (370497, 412), (370497, 413), (370497, 414), (370497, 415), (370497, 416), (370497, 417), (370497, 418), (370497, 419), (370497, 420), (370497, 421), (370497, 422), (370497, 423), (370497, 424), (370497, 425), (370497, 426), (370497, 427), (370497, 428), (370497, 429), (370497, 430), (370497, 431), (370497, 432), (370497, 433), (370497, 434), (370497, 435), (370497, 436), (370497, 437), (370497, 438), (370497, 439), (370497, 440), (370497, 441), (370497, 442), (370497, 443), (370497, 444), (370497, 445), (370497, 446), (370497, 447), (370497, 448), (370497, 449), (370497, 450), (370497, 451), (370497, 452), (370497, 453), (370497, 454), (370497, 455), (370497, 456), (370497, 457), (370497, 458), (370497, 459), (370497, 460), (370497, 461), (370497, 462), (370497, 463), (370497, 464), (370497, 465), (370497, 466), (370497, 467), (370497, 468), (370497, 469), (370497, 470), (370497, 471), (370497, 472), (370497, 473), (370497, 474), (370497, 475), (370497, 476), (370497, 477), (370497, 478), (370497, 479), (370497, 480), (370497, 481), (370497, 482), (370497, 483), (370497, 484), (370497, 485), (370497, 486), (370497, 487), (370497, 488), (370497, 489), (370497, 490), (370497, 491), (370497, 492), (370497, 493), (370497, 494), (370497, 495), (370497, 496), (370497, 497), (370497, 498), (370497, 499), (370497, 500), (370497, 501), (370497, 502), (370497, 503), (370497, 504), (370497, 505), (370497, 506), (370497, 507), (370497, 508), (370497, 509), (370497, 510), (370497, 511), (370497, 512), (370497, 513), (370497, 514), (370497, 515), (370497, 516), (370497, 517), (370497, 518), (370497, 519), (370497, 520), (370497, 521), (370497, 522), (370497, 523), (370497, 524), (370497, 525), (370497, 526), (370497, 527), (370497, 528), (370497, 529), (370497, 530), (370497, 531), (370497, 532), (370497, 533), (370497, 534), (370497, 535), (370497, 536), (370497, 537), (370497, 538), (370497, 539), (370497, 540), (370497, 541), (370497, 542), (370497, 543), (370497, 544), (370497, 545), (370497, 546), (370497, 547), (370497, 548), (370497, 549), (370497, 550), (370497, 551), (370497, 552), (370497, 553), (370497, 554), (370497, 555), (370497, 556), (370497, 557), (370497, 558), (370497, 559), (370497, 560), (370497, 561), (370497, 562), (370497, 563), (370497, 564), (370497, 565), (370497, 566), (370497, 567), (370497, 568), (370497, 569), (370497, 570), (370497, 571), (370497, 572), (370497, 573), (370497, 574), (370497, 575), (370497, 576), (370497, 577), (370497, 578), (370497, 579), (370497, 580), (370497, 581), (370497, 582), (370497, 583), (370497, 584), (370497, 585), (370497, 586), (370497, 587), (370497, 588), (370497, 589), (370497, 590), (370497, 591), (370497, 592), (370497, 593), (370497, 594), (370497, 595), (370497, 596), (370497, 597), (370497, 598), (370497, 599), (370497, 600), (370497, 601), (370497, 602), (370497, 603), (370497, 604), (370497, 605), (370497, 606), (370497, 607), (370497, 608), (370497, 609), (370497, 610), (370497, 611), (370497, 612), (370497, 613), (370497, 614), (370497, 615), (370497, 616), (370497, 617), (370497, 618), (370497, 619), (370497, 620), (370497, 621), (370497, 622), (370497, 623), (370497, 624), (370497, 625), (370497, 626), (370497, 627), (370497, 628), (370497, 629), (370497, 630), (370497, 631), (370497, 632), (370497, 633), (370497, 634), (370497, 635), (370497, 636), (370497, 637), (370497, 638), (370497, 639), (370497, 640), (370497, 641), (370497, 642), (370497, 643), (370497, 644), (370497, 645), (370497, 646), (370497, 647), (370497, 648), (370497, 649), (370497, 650), (370497, 651), (370497, 652), (370497, 653), (370497, 654), (370497, 655), (370497, 656), (370497, 657), (370497, 658), (370497, 659), (370497, 660), (370497, 661), (370497, 662), (370497, 663), (370497, 664), (370497, 665), (370497, 666), (370497, 667), (370497, 668), (370497, 669), (370497, 670), (370497, 671), (370497, 672), (370497, 673), (370497, 674), (370497, 675), (370497, 676), (370497, 677), (370497, 678), (370497, 679), (370497, 680), (370497, 681), (370497, 682), (370497, 683), (370497, 684), (370497, 685), (370497, 686), (370497, 687), (370497, 688), (370497, 689), (370497, 690), (370497, 691), (370497, 692), (370497, 693), (370497, 694), (370497, 695), (370497, 696), (370497, 697), (370497, 698), (370497, 699), (370497, 700), (370497, 701), (370497, 702), (370497, 703), (370497, 704), (370497, 705), (370497, 706), (370497, 707), (370497, 708), (370497, 709), (370497, 710), (370497, 711), (370497, 712), (370497, 713), (370497, 714), (370497, 715), (370497, 716), (370497, 717), (370497, 718), (370497, 719), (370497, 720), (370497, 721), (370497, 722), (370497, 723), (370497, 724), (370497, 725), (370497, 726), (370497, 727), (370497, 728), (370497, 729), (370497, 730), (370497, 731), (370497, 732), (370497, 733), (370497, 734), (370497, 735), (370497, 736), (370497, 737), (370497, 738), (370497, 739), (370497, 740), (370497, 741), (370497, 742), (370497, 743), (370497, 744), (370497, 745), (370497, 746), (370497, 747), (370497, 748), (370497, 749), (370497, 750), (370497, 751), (370497, 752), (370497, 753), (370497, 754), (370497, 755), (370497, 756), (370497, 757), (370497, 758), (370497, 759), (370497, 760), (370497, 761), (370497, 762), (370497, 763), (370497, 764), (370497, 765), (370497, 766), (370497, 767), (370497, 768), (370497, 769), (370497, 770), (370497, 771), (370497, 772), (370497, 773), (370497, 774), (370497, 775), (370497, 776), (370497, 777), (370497, 778), (370497, 779), (370497, 780), (370497, 781), (370497, 782), (370497, 783), (370497, 784), (370497, 785), (370497, 786), (370497, 787), (370497, 788), (370497, 789), (370497, 790), (370497, 791), (370497, 792), (370497, 793), (370497, 794), (370497, 795), (370497, 796), (370497, 797), (370497, 798), (370497, 799), (370497, 800), (370497, 801), (370497, 802), (370497, 803), (370497, 804), (370497, 805), (370497, 806), (370497, 807), (370497, 808), (370497, 809), (370497, 810), (370497, 811), (370497, 812), (370497, 813), (370497, 814), (370497, 815), (370497, 816), (370497, 817), (370497, 818), (370497, 819), (370497, 820), (370497, 821), (370497, 822), (370497, 823), (370497, 824), (370497, 825), (370497, 826), (370497, 827), (370497, 828), (370497, 829), (370497, 830), (370497, 831), (370497, 832), (370497, 833), (370497, 834), (370497, 835), (370497, 836), (370497, 837), (370497, 838), (370497, 839), (370497, 840), (370497, 841), (370497, 842), (370497, 843), (370497, 844), (370497, 845), (370497, 846), (370497, 847), (370497, 848), (370497, 849), (370497, 850), (370497, 851), (370497, 852), (370497, 853), (370497, 854), (370497, 855), (370497, 856), (370497, 857), (370497, 858), (370497, 859), (370497, 860), (370497, 861), (370497, 862), (370497, 863), (370497, 864), (370497, 865), (370497, 866), (370497, 867), (370497, 868), (370497, 869), (370497, 870), (370497, 871), (370497, 872), (370497, 873), (370497, 874), (370497, 875), (370497, 876), (370497, 877), (370497, 878), (370497, 879), (370497, 880), (370497, 881), (370497, 882), (370497, 883), (370497, 884), (370497, 885), (370497, 886), (370497, 887), (370497, 888), (370497, 889), (370497, 890), (370497, 891), (370497, 892), (370497, 893), (370497, 894), (370497, 895), (370497, 896), (370497, 897), (370497, 898), (370497, 899), (370497, 900), (370497, 901), (370497, 902), (370497, 903), (370497, 904), (370497, 905), (370497, 906), (370497, 907), (370497, 908), (370497, 909), (370497, 910), (370497, 911), (370497, 912), (370497, 913), (370497, 914), (370497, 915), (370497, 916), (370497, 917), (370497, 918), (370497, 919), (370497, 920), (370497, 921), (370497, 922), (370497, 923), (370497, 924), (370497, 925), (370497, 926), (370497, 927), (370497, 928), (370497, 929), (370497, 930), (370497, 931), (370497, 932), (370497, 933), (370497, 934), (370497, 935), (370497, 936), (370497, 937), (370497, 938), (370497, 939), (370497, 940), (370497, 941), (370497, 942), (370497, 943), (370497, 944), (370497, 945), (370497, 946), (370497, 947), (370497, 948), (370497, 949), (370497, 950), (370497, 951), (370497, 952), (370497, 953), (370497, 954), (370497, 955), (370497, 956), (370497, 957), (370497, 958), (370497, 959), (370497, 960), (370497, 961), (370497, 962), (370497, 963), (370497, 964), (370497, 965), (370497, 966), (370497, 967), (370497, 968), (370497, 969), (370497, 970), (370497, 971), (370497, 972), (370497, 973), (370497, 974), (370497, 975), (370497, 976), (370497, 977), (370497, 978), (370497, 979), (370497, 980), (370497, 981), (370497, 982), (370497, 983), (370497, 984), (370497, 985), (370497, 986), (370497, 987), (370497, 988), (370497, 989), (370497, 990), (370497, 991), (370497, 992), (370497, 993), (370497, 994), (370497, 995), (370497, 996), (370497, 997), (370497, 998), (370497, 999), (370497, 1000), (370497, 1001), (370497, 1002), (370497, 1003), (370497, 1004), (370497, 1005), (370497, 1006), (370497, 1007), (370497, 1008), (370497, 1009), (370497, 1010), (370497, 1011), (370497, 1012), (370497, 1013), (370497, 1014), (370497, 1015), (370497, 1016), (370497, 1017), (370497, 1018), (370497, 1019), (370497, 1020), (370497, 1021), (370497, 1022), (370497, 1023), (370497, 1024), (370497, 1025), (370497, 1026), (370497, 1027), (370497, 1028), (370497, 1029), (370497, 1030), (370497, 1031), (370497, 1032), (370497, 1033), (370497, 1034), (370497, 1035), (370497, 1036), (370497, 1037), (370497, 1038), (370497, 1039), (370497, 1040), (370497, 1041), (370497, 1042), (370497, 1043), (370497, 1044), (370497, 1045), (370497, 1046), (370497, 1047), (370497, 1048), (370497, 1049), (370497, 1050), (370497, 1051), (370497, 1052), (370497, 1053), (370497, 1054), (370497, 1055), (370497, 1056), (370497, 1057), (370497, 1058), (370497, 1059), (370497, 1060), (370497, 1061), (370497, 1062), (370497, 1063), (370497, 1064), (370497, 1065), (370497, 1066), (370497, 1067), (370497, 1068), (370497, 1069), (370497, 1070), (370497, 1071), (370497, 1072), (370497, 1073), (370497, 1074), (370497, 1075), (370497, 1076), (370497, 1077), (370497, 1078), (370497, 1079), (370497, 1080), (370497, 1081), (370497, 1082), (370497, 1083), (370497, 1084), (370497, 1085), (370497, 1086), (370497, 1087), (370497, 1088), (370497, 1089), (370497, 1090), (370497, 1091), (370497, 1092), (370497, 1093), (370497, 1094), (370497, 1095), (370497, 1096), (370497, 1097), (370497, 1098), (370497, 1099), (370497, 1100), (370497, 1101), (370497, 1102), (370497, 1103), (370497, 1104), (370497, 1105), (370497, 1106), (370497, 1107), (370497, 1108), (370497, 1109), (370497, 1110), (370497, 1111), (370497, 1112), (370497, 1113), (370497, 1114), (370497, 1115), (370497, 1116), (370497, 1117), (370497, 1118), (370497, 1119), (370497, 1120), (370497, 1121), (370497, 1122), (370497, 1123), (370497, 1124), (370497, 1125), (370497, 1126), (370497, 1127), (370497, 1128), (370497, 1129), (370497, 1130), (370497, 1131), (370497, 1132), (370497, 1133), (370497, 1134), (370497, 1135), (370497, 1136), (370497, 1137), (370497, 1138), (370497, 1139), (370497, 1140), (370497, 1141), (370497, 1142), (370497, 1143), (370497, 1144), (370497, 1145), (370497, 1146), (370497, 1147), (370497, 1148), (370497, 1149), (370497, 1150), (370497, 1151), (370497, 1152), (370497, 1153), (370497, 1154), (370497, 1155), (370497, 1156), (370497, 1157), (370497, 1158), (370497, 1159), (370497, 1160), (370497, 1161), (370497, 1162), (370497, 1163), (370497, 1164), (370497, 1165), (370497, 1166), (370497, 1167), (370497, 1168), (370497, 1169), (370497, 1170), (370497, 1171), (370497, 1172), (370497, 1173), (370497, 1174), (370497, 1175), (370497, 1176), (370497, 1177), (370497, 1178), (370497, 1179), (370497, 1180), (370497, 1181), (370497, 1182), (370497, 1183), (370497, 1184), (370497, 1185), (370497, 1186), (370497, 1187), (370497, 1188), (370497, 1189), (370497, 1190), (370497, 1191), (370497, 1192), (370497, 1193), (370497, 1194), (370497, 1195), (370497, 1196), (370497, 1197), (370497, 1198), (370497, 1199), (370497, 1200), (370497, 1201), (370497, 1202), (370497, 1203), (370497, 1204), (370497, 1205), (370497, 1206), (370497, 1207), (370497, 1208), (370497, 1209), (370497, 1210), (370497, 1211), (370497, 1212), (370497, 1213), (370497, 1214), (370497, 1215), (370497, 1216), (370497, 1217), (370497, 1218), (370497, 1219), (370497, 1220), (370497, 1221), (370497, 1222), (370497, 1223), (370497, 1224), (370497, 1225), (370497, 1226), (370497, 1227), (370497, 1228), (370497, 1229), (370497, 1230), (370497, 1231), (370497, 1232), (370497, 1233), (370497, 1234), (370497, 1235), (370497, 1236), (370497, 1237), (370497, 1238), (370497, 1239), (370497, 1240), (370497, 1241), (370497, 1242), (370497, 1243), (370497, 1244), (370497, 1245), (370497, 1246), (370497, 1247), (370497, 1248), (370497, 1249), (370497, 1250), (370497, 1251), (370497, 1252), (370497, 1253), (370497, 1254), (370497, 1255), (370497, 1256), (370497, 1257), (370497, 1258), (370497, 1259), (370497, 1260), (370497, 1261), (370497, 1262), (370497, 1263), (370497, 1264), (370497, 1265), (370497, 1266), (370497, 1267), (370497, 1268), (370497, 1269), (370497, 1270), (370497, 1271), (370497, 1272), (370497, 1273), (370497, 1274), (370497, 1275), (370497, 1276), (370497, 1277), (370497, 1278), (370497, 1279), (370497, 1280), (370497, 1281), (370497, 1282), (370497, 1283), (370497, 1284), (370497, 1285), (370497, 1286), (370497, 1287), (370497, 1288), (370497, 1289), (370497, 1290), (370497, 1291), (370497, 1292), (370497, 1293), (370497, 1294), (370497, 1295), (370497, 1296), (370497, 1297), (370497, 1298), (370497, 1299), (370497, 1300), (370497, 1301), (370497, 1302), (370497, 1303), (370497, 1304), (370497, 1305), (370497, 1306), (370497, 1307), (370497, 1308), (370497, 1309), (370497, 1310), (370497, 1311), (370497, 1312), (370497, 1313), (370497, 1314), (370497, 1315), (370497, 1316), (370497, 1317), (370497, 1318), (370497, 1319), (370497, 1320), (370497, 1321), (370497, 1322), (370497, 1323), (370497, 1324), (370497, 1325), (370497, 1326), (370497, 1327), (370497, 1328), (370497, 1329), (370497, 1330), (370497, 1331), (370497, 1332), (370497, 1333), (370497, 1334), (370497, 1335), (370497, 1336), (370497, 1337), (370497, 1338), (370497, 1339), (370497, 1340), (370497, 1341), (370497, 1342), (370497, 1343), (370497, 1344), (370497, 1345), (370497, 1346), (370497, 1347), (370497, 1348), (370497, 1349), (370497, 1350), (370497, 1351), (370497, 1352), (370497, 1353), (370497, 1354), (370497, 1355), (370497, 1356), (370497, 1357), (370497, 1358), (370497, 1359), (370497, 1360), (370497, 1361), (370497, 1362), (370497, 1363), (370497, 1364), (370497, 1365), (370497, 1366), (370497, 1367), (370497, 1368), (370497, 1369), (370497, 1370), (370497, 1371), (370497, 1372), (370497, 1373), (370497, 1374), (370497, 1375), (370497, 1376), (370497, 1377), (370497, 1378), (370497, 1379), (370497, 1380), (370497, 1381), (370497, 1382), (370497, 1383), (370497, 1384), (370497, 1385), (370497, 1386), (370497, 1387), (370497, 1388), (370497, 1389), (370497, 1390), (370497, 1391), (370497, 1392), (370497, 1393), (370497, 1394), (370497, 1395), (370497, 1396), (370497, 1397), (370497, 1398), (370497, 1399), (370497, 1400), (370497, 1401), (370497, 1402), (370497, 1403), (370497, 1404), (370497, 1405), (370497, 1406), (370497, 1407), (370497, 1408), (370497, 1409), (370497, 1410), (370497, 1411), (370497, 1412), (370497, 1413), (370497, 1414), (370497, 1415), (370497, 1416), (370497, 1417), (370497, 1418), (370497, 1419), (370497, 1426), (370497, 1427), (370497, 1428), (370497, 1429), (370497, 1430), (370497, 1431), (370497, 1432), (370497, 1433), (370497, 1434), (370497, 1435), (370497, 1436), (370472, 1), (370472, 2), (370472, 3), (370472, 4), (370472, 5), (370472, 6), (370472, 7), (370472, 8), (370472, 9), (370472, 10), (370472, 11), (370472, 12), (370472, 13), (370472, 14), (370472, 15), (370472, 16), (370472, 17), (370472, 18), (370472, 19), (370472, 20), (370472, 21), (370472, 22), (370472, 23), (370472, 24), (370472, 25), (370472, 26), (370472, 27), (370472, 28), (370472, 29), (370472, 30), (370472, 31), (370472, 32), (370472, 34), (370472, 35), (370472, 36), (370472, 37), (370472, 38), (370472, 39), (370472, 40), (370472, 41), (370472, 42), (370472, 43), (370436, 1), (370436, 2), (370436, 3), (370436, 4), (370436, 5), (370436, 6), (370436, 7), (370436, 8), (370436, 9), (370436, 10), (370436, 11), (370436, 12), (370436, 13), (370436, 14), (370436, 15), (370436, 16), (370436, 17), (370436, 18), (370436, 19), (370436, 20), (370436, 21), (370436, 22), (370436, 23), (370436, 24), (370436, 25), (370436, 26), (370436, 27), (370436, 28), (370436, 29), (370436, 30), (370436, 31), (370406, 37), (370406, 38), (370406, 39), (370406, 40), (370406, 41), (370406, 42), (370406, 43), (370406, 44), (370406, 45), (370406, 46), (370406, 47), (370406, 48), (370406, 49), (370406, 50), (370406, 51), (370406, 52), (370406, 53), (370406, 54), (370406, 55), (370406, 56), (370406, 57), (370406, 58), (370406, 59), (370406, 60), (370406, 61), (370406, 62), (370406, 63), (370406, 64), (370406, 65), (370406, 66), (370406, 67), (370406, 68), (370406, 69), (370406, 70), (370406, 71), (370406, 72), (370406, 73), (370406, 74), (370406, 75), (370406, 76), (370406, 77), (370406, 78), (370406, 79), (370406, 80), (370406, 81), (370406, 82), (370406, 83), (370406, 84), (370406, 85), (370406, 86), (370406, 87), (370406, 88), (370406, 89), (370406, 90), (370406, 91), (370406, 92), (370406, 93), (370406, 94), (370406, 95), (370406, 96), (370406, 97), (370406, 98), (370406, 99), (370406, 100), (370406, 101), (370406, 102), (370406, 103), (370406, 104), (370406, 105), (370406, 106), (370406, 107), (370406, 108), (370406, 109), (370406, 110), (370406, 111), (370406, 112), (370406, 113), (370406, 114), (370406, 115), (370406, 116), (370406, 117), (370406, 118), (370406, 119), (370406, 120), (370406, 121), (370406, 123), (370406, 124), (370406, 125), (370406, 126), (370406, 127), (370406, 128), (370406, 129), (370406, 130), (370406, 131), (370406, 132), (370406, 133), (370406, 134), (370406, 135), (370406, 136), (370406, 137), (370406, 138), (370406, 139), (370406, 140), (370406, 141), (370406, 142), (370406, 143), (370406, 144), (370406, 145), (370406, 146), (370406, 147), (370406, 148), (370406, 149), (370406, 150), (370406, 151), (370406, 152), (370406, 153), (370406, 154), (370406, 155), (370406, 156), (370406, 157), (370406, 158), (370406, 159), (370406, 160), (370406, 161), (370406, 162), (370406, 163), (370406, 164), (370406, 165), (370406, 166), (370406, 167), (370406, 168), (370406, 169), (370406, 170), (370406, 171), (370406, 172), (370406, 173), (370406, 174), (370406, 175), (370406, 176), (370406, 177), (370406, 178), (370406, 179), (370406, 180), (370406, 181), (370406, 182), (370406, 183), (370406, 184), (370406, 185), (370406, 186), (370406, 187), (370406, 188), (370406, 189), (370406, 190), (370406, 191), (370406, 192), (370406, 193), (370406, 194), (370406, 195), (370406, 196), (370406, 197), (370406, 198), (370406, 199), (370406, 200), (370406, 201), (370406, 202), (370406, 203), (370406, 204), (370406, 205), (370406, 206), (370406, 207), (370406, 208), (370406, 209), (370406, 210), (370406, 211), (370406, 212), (370406, 213), (370406, 214), (370406, 215), (370406, 216), (370406, 217), (370406, 218), (370406, 219), (370406, 220), (370406, 221), (370406, 222), (370406, 223), (370406, 224), (370406, 225), (370406, 226), (370406, 227), (370406, 228), (370406, 229), (370406, 230), (370406, 231), (370406, 232), (370406, 233), (370406, 234), (370406, 235), (370406, 236), (370406, 237), (370406, 238), (370406, 239), (370406, 240), (370406, 241), (370406, 242), (370406, 243), (370406, 244), (370406, 245), (370406, 246), (370406, 247), (370406, 248), (370406, 249), (370406, 250), (370406, 251), (370406, 252), (370406, 253), (370406, 254), (370406, 255), (370406, 256), (370406, 257), (370406, 258), (370406, 259), (370406, 260), (370406, 261), (370406, 262), (370406, 263), (370406, 264), (370406, 265), (370406, 266), (370406, 267), (370406, 268), (370406, 269), (370406, 270), (370406, 271), (370406, 272), (370406, 273), (370406, 274), (370406, 275), (370406, 276), (370406, 277), (370406, 278), (370406, 279), (370406, 280), (370406, 281), (370406, 282), (370406, 283), (370406, 284), (370406, 285), (370406, 286), (370406, 287), (370406, 288), (370406, 289), (370406, 290), (370406, 291), (370406, 292), (370406, 293), (370406, 294), (370406, 295), (370406, 296), (370406, 297), (370406, 298), (370406, 299), (370406, 300), (370406, 301), (370406, 302), (370406, 303), (370406, 304), (370406, 305), (370406, 306), (370406, 307), (370406, 308), (370406, 309), (370406, 310), (370406, 311), (370406, 312), (370406, 313), (370406, 314), (370406, 315), (370406, 316), (370406, 317), (370406, 318), (370406, 319), (370406, 320), (370406, 321), (370406, 322), (370406, 323), (370406, 324), (370406, 325), (370406, 326), (370406, 327), (370406, 328), (370406, 329), (370406, 330), (370406, 331), (370406, 332), (370406, 333), (370406, 334), (370406, 335), (370406, 336), (370406, 337), (370406, 338), (370406, 339), (370406, 340), (370406, 341), (370406, 342), (370406, 343), (370406, 344), (370406, 345), (370406, 346), (370406, 347), (370406, 348), (370406, 349), (370406, 350), (370406, 351), (370406, 352), (370406, 353), (370406, 354), (370406, 355), (370406, 356), (370406, 357), (370406, 358), (370406, 359), (370406, 360), (370406, 361), (370406, 362), (370406, 363), (370406, 364), (370406, 365), (370406, 366), (370406, 367), (370406, 368), (370406, 369), (370406, 370), (370406, 371), (370406, 372), (370406, 373), (370406, 374), (370406, 375), (370406, 376), (370406, 377), (370406, 378), (370406, 379), (370406, 380), (370406, 381), (370406, 382), (370406, 383), (370406, 384), (370406, 385), (370406, 386), (370406, 387), (370406, 388), (370406, 389), (370406, 390), (370406, 391), (370406, 392), (370406, 393), (370406, 394), (370406, 395), (370406, 396), (370406, 397), (370406, 398), (370406, 399), (370406, 400), (370406, 401), (370406, 402), (370406, 403), (370406, 404), (370406, 405), (370406, 406), (370406, 407), (370406, 408), (370406, 409), (370406, 410), (370406, 411), (370406, 412), (370406, 413), (370406, 414), (370406, 415), (370406, 416), (370406, 417), (370406, 418), (370406, 419), (370406, 420), (370406, 421), (370406, 422), (370406, 423), (370406, 424), (370406, 425), (370406, 426), (370406, 427), (370406, 428), (370406, 429), (370406, 430), (370406, 431), (370406, 432), (370406, 433), (370406, 434), (370406, 435), (370406, 436), (370406, 437), (370406, 438), (370406, 439), (370406, 440), (370406, 441), (370406, 442), (370406, 443), (370406, 444), (370406, 445), (370406, 446), (370406, 447), (370406, 448), (370406, 449), (370406, 450), (370406, 451), (370406, 452), (370406, 453), (370406, 454), (370406, 455), (370406, 456), (370406, 457), (370406, 458), (370406, 459), (370406, 460), (370406, 461), (370406, 462), (370406, 463), (370406, 464), (370406, 465), (370406, 466), (370406, 467), (370406, 468), (370406, 469), (370406, 470), (370406, 471), (370406, 472), (370406, 473), (370406, 474), (370406, 475), (370406, 476), (370406, 477), (370406, 478), (370406, 479), (370406, 480), (370406, 481), (370406, 482), (370406, 483), (370406, 484), (370406, 485), (370406, 486), (370406, 487), (370406, 488), (370406, 489), (370406, 490), (370406, 491), (370406, 492), (370406, 493), (370406, 494), (370406, 495), (370406, 496), (370406, 497), (370406, 498), (370406, 499), (370406, 500), (370406, 501), (370406, 502), (370406, 503), (370406, 504), (370406, 505), (370406, 506), (370406, 507), (370406, 508), (370406, 509), (370406, 510), (370406, 511), (370406, 512), (370406, 513), (370406, 514), (370406, 515), (370406, 516), (370406, 517), (370406, 518), (370406, 519), (370406, 520), (370406, 521), (370406, 522), (370406, 523), (370406, 524), (370406, 525), (370406, 526), (370406, 527), (370406, 528), (370406, 529), (370406, 530), (370406, 531), (370406, 532), (370406, 533), (370406, 534), (370406, 535), (370406, 536), (370406, 537), (370406, 538), (370406, 539), (370406, 540), (370406, 541), (370406, 542), (370406, 543), (370406, 544), (370406, 545), (370406, 546), (370406, 547), (370406, 548), (370406, 549), (370406, 550), (370406, 551), (370406, 552), (370406, 553), (370406, 554), (370406, 555), (370406, 556), (370406, 557), (370406, 558), (370406, 559), (370406, 560), (370406, 561), (370406, 562), (370406, 563), (370406, 564), (370406, 565), (370406, 566), (370406, 567), (370406, 568), (370406, 569), (370406, 570), (370406, 571), (370406, 572), (370406, 573), (370406, 574), (370406, 575), (370406, 576), (370406, 577), (370406, 578), (370406, 579), (370406, 580), (370406, 581), (370406, 582), (370406, 583), (370406, 584), (370406, 585), (370406, 586), (370406, 587), (370406, 588), (370406, 589), (370406, 590), (370406, 591), (370406, 592), (370406, 593), (370406, 594), (370406, 595), (370406, 596), (370406, 597), (370406, 598), (370406, 599), (370406, 600), (370406, 601), (370406, 602), (370406, 603), (370406, 604), (370406, 605), (370406, 606), (370406, 607), (370406, 608), (370406, 609), (370406, 610), (370406, 611), (370406, 612), (370406, 613), (370406, 614), (370406, 615), (370406, 616), (370406, 617), (370406, 618), (370406, 619), (370406, 620), (370406, 621), (370406, 622), (370406, 623), (370406, 624), (370406, 625), (370406, 626), (370406, 627), (370406, 628), (370406, 629), (370406, 630), (370406, 631), (370406, 632), (370406, 633), (370406, 634), (370406, 635), (370406, 636), (370406, 637), (370406, 638), (370406, 639), (370406, 640), (370406, 641), (370406, 642), (370406, 643), (370406, 644), (370406, 645), (370406, 646), (370406, 647), (370406, 648), (370406, 649), (370406, 650), (370406, 651), (370406, 652), (370406, 653), (370406, 654), (370406, 655), (370406, 656), (370406, 657), (370406, 658), (370406, 659), (370406, 660), (370406, 661), (370406, 662), (370406, 663), (370406, 664), (370406, 665), (370406, 666), (370406, 667), (370406, 668), (370406, 669), (370406, 670), (370406, 671), (370406, 672), (370406, 673), (370406, 674), (370406, 675), (370406, 676), (370406, 677), (370406, 678), (370406, 679), (370406, 680), (370406, 681), (370406, 682), (370406, 683), (370406, 684), (370406, 685), (370406, 686), (370406, 687), (370406, 688), (370406, 689), (370406, 690), (370406, 691), (370406, 692), (370406, 693), (370406, 694), (370406, 695), (370406, 696), (370406, 697), (370406, 698), (370406, 699), (370406, 700), (370406, 701), (370406, 702), (370406, 703), (370406, 704), (370406, 705), (370406, 706), (370406, 707), (370406, 708), (370406, 709), (370406, 710), (370406, 711), (370406, 712), (370406, 713), (370406, 714), (370406, 715), (370406, 716), (370406, 717), (370406, 718), (370406, 719), (370406, 720), (370406, 721), (370406, 722), (370406, 723), (370406, 724), (370406, 725), (370406, 726), (370406, 727), (370406, 728), (370406, 729), (370406, 730), (370406, 731), (370406, 732), (370406, 733), (370406, 734), (370406, 735), (370406, 736), (370406, 737), (370406, 738), (370406, 746), (370406, 747), (370406, 748), (370406, 749), (370406, 750), (370406, 751), (370406, 752), (370406, 753), (370406, 754), (370406, 755), (370406, 756), (370406, 757), (370406, 758), (370406, 759), (370406, 760), (370406, 761), (370406, 762), (370406, 763), (370406, 764), (370406, 765), (370406, 766), (370406, 767), (370406, 768), (370406, 769), (370406, 770), (370406, 771), (370406, 772), (370406, 773), (370406, 774), (370406, 775), (370406, 776), (370406, 777), (370406, 778), (370406, 779), (370406, 780), (370406, 781), (370406, 782), (370406, 783), (370406, 784), (370406, 785), (370406, 786), (370406, 787), (370406, 788), (370406, 789), (370406, 790), (370406, 791), (370406, 792), (370406, 793), (370406, 794), (370406, 795), (370406, 796), (370406, 797), (370406, 798), (370406, 799), (370406, 800), (370406, 801), (370406, 802), (370406, 803), (370406, 804), (370406, 805), (370406, 806), (370406, 807), (370406, 808), (370406, 809), (370406, 810), (370406, 811), (370406, 812), (370406, 813), (370406, 814), (370406, 815), (370406, 816), (370406, 817), (370406, 818), (370406, 819), (370406, 820), (370406, 821), (370406, 822), (370406, 823), (370406, 824), (370406, 825), (370406, 826), (370406, 827), (370406, 828), (370406, 829), (370406, 830), (370406, 831), (370406, 832), (370406, 833), (370406, 834), (370406, 835), (370406, 836), (370406, 837), (370406, 838), (370406, 839), (370406, 840), (370406, 841), (370406, 842), (370406, 843), (370406, 844), (370406, 845), (370406, 846), (370406, 847), (370406, 848), (370406, 849), (370406, 850), (370406, 851), (370406, 852), (370406, 853), (370406, 854), (370406, 855), (370406, 856), (370406, 857), (370406, 858), (370406, 859), (370406, 860), (370406, 861), (370406, 862), (370406, 863), (370406, 864), (370406, 865), (370406, 866), (370406, 867), (370406, 868), (370406, 869), (370357, 1), (370357, 2), (370357, 3), (370357, 4), (370357, 5), (370357, 6), (370357, 7), (370357, 8), (370357, 9), (370357, 10), (370357, 11), (370357, 12), (370357, 13), (370357, 14), (370357, 15), (370357, 16), (370357, 17), (370357, 18), (370357, 19), (370357, 20), (370357, 21), (370357, 22), (370357, 23), (370357, 24), (370357, 25), (370357, 26), (370357, 27), (370357, 28), (370357, 29), (370357, 30), (370357, 31), (370357, 32), (370357, 33), (370357, 34), (370357, 35), (370357, 36), (370357, 37), (370357, 38), (370357, 39), (370357, 40), (370357, 41), (370357, 42), (370357, 43), (370357, 44), (370357, 45), (370357, 46), (370357, 47), (370357, 48), (370357, 49), (370357, 50), (370357, 51), (370357, 52), (370357, 53), (370357, 54), (370357, 55), (370357, 56), (370357, 57), (370357, 58), (370357, 59), (370357, 60), (370357, 61), (370357, 62), (370357, 63), (370357, 64), (370357, 65), (370357, 66), (370357, 67), (370357, 68), (370357, 69), (370357, 70), (370357, 71), (370357, 72), (370357, 73), (370357, 74), (370357, 75), (370357, 76), (370357, 77), (370357, 78), (370357, 79), (370357, 80), (370357, 81), (370357, 82), (370357, 83), (370357, 84), (370357, 85), (370357, 86), (370357, 87), (370357, 88), (370357, 89), (370357, 90), (370357, 91), (370357, 92), (370357, 93), (370357, 94), (370357, 95), (370357, 96), (370357, 97), (370357, 98), (370357, 99), (370357, 100), (370357, 101), (370357, 102), (370357, 103), (370357, 104), (370357, 105), (370357, 106), (370357, 107), (370357, 108), (370357, 109), (370357, 110), (370357, 111), (370357, 112), (370357, 113), (370357, 114), (370357, 115), (370357, 116), (370357, 117), (370357, 118), (370357, 119), (370357, 120), (370357, 121), (370357, 122), (370357, 123), (370357, 124), (370357, 125), (370357, 126), (370357, 127), (370357, 128), (370357, 129), (370357, 130), (370357, 131), (370357, 132), (370357, 133), (370357, 134), (370357, 135), (370357, 136), (370357, 137), (370357, 138), (370357, 139), (370357, 140), (370357, 141), (370357, 142), (370357, 143), (370357, 144), (370357, 145), (370357, 146), (370357, 147), (370357, 148), (370357, 149), (370357, 150), (370357, 151), (370357, 152), (370357, 153), (370357, 154), (370357, 155), (370357, 156), (370357, 157), (370357, 158), (370357, 159), (370357, 160), (370357, 161), (370357, 162), (370357, 163), (370357, 164), (370357, 165), (370357, 166), (370357, 167), (370357, 168), (370357, 169), (370357, 170), (370357, 171), (370357, 172), (370357, 173), (370357, 174), (370357, 175), (370357, 176), (370357, 177), (370357, 178), (370357, 179), (370357, 180), (370357, 181), (370357, 182), (370357, 183), (370357, 184), (370357, 185), (370357, 186), (370357, 187), (370357, 188), (370357, 189), (370357, 190), (370357, 191), (370357, 192), (370357, 193), (370357, 194), (370357, 195), (370357, 196), (370357, 197), (370357, 198), (370357, 199), (370357, 200), (370357, 201), (370357, 202), (370357, 203), (370357, 204), (370357, 205), (370357, 206), (370357, 207), (370357, 208), (370357, 209), (370357, 210), (370357, 211), (370357, 212), (370357, 213), (370357, 214), (370357, 215), (370357, 216), (370357, 217), (370357, 218), (370357, 219), (370357, 220), (370357, 221), (370357, 222), (370357, 223), (370357, 224), (370357, 225), (370357, 226), (370357, 227), (370357, 228), (370357, 229), (370357, 230), (370357, 231), (370357, 232), (370357, 233), (370357, 234), (370357, 235), (370357, 236), (370357, 237), (370357, 238), (370357, 239), (370357, 240), (370357, 241), (370357, 242), (370357, 243), (370357, 244), (370357, 245), (370357, 246), (370357, 247), (370357, 248), (370357, 249), (370357, 250), (370357, 251), (370357, 252), (370357, 253), (370357, 254), (370357, 255), (370357, 256), (370357, 257), (370357, 258), (370357, 259), (370357, 260), (370357, 261), (370357, 262), (370357, 263), (370357, 264), (370357, 265), (370357, 266), (370357, 267), (370357, 268), (370357, 269), (370357, 270), (370357, 271), (370357, 272), (370357, 273), (370357, 274), (370357, 275), (370357, 276), (370357, 277), (370357, 278), (370357, 279), (370357, 280), (370357, 281), (370357, 282), (370357, 283), (370357, 284), (370357, 285), (370357, 286), (370357, 287), (370357, 288), (370357, 289), (370357, 290), (370357, 291), (370357, 292), (370357, 293), (370357, 294), (370357, 295), (370357, 296), (370357, 297), (370357, 298), (370357, 299), (370357, 300), (370357, 301), (370357, 302), (370357, 303), (370357, 304), (370357, 305), (370357, 306), (370357, 307), (370357, 308), (370357, 309), (370357, 310), (370357, 311), (370357, 312), (370357, 313), (370357, 314), (370357, 315), (370357, 316), (370357, 317), (370357, 318), (370357, 319), (370357, 320), (370357, 321), (370357, 322), (370357, 323), (370357, 324), (370357, 325), (370357, 326), (370357, 327), (370357, 328), (370357, 329), (370357, 330), (370357, 331), (370357, 332), (370357, 333), (370357, 334), (370357, 335), (370357, 336), (370357, 337), (370357, 338), (370357, 339), (370357, 340), (370357, 341), (370357, 342), (370357, 343), (370357, 344), (370357, 345), (370357, 346), (370357, 347), (370357, 348), (370357, 349), (370357, 350), (370357, 351), (370357, 352), (370357, 353), (370357, 354), (370357, 355), (370357, 356), (370357, 357), (370357, 358), (370357, 359), (370357, 360), (370357, 361), (370357, 362), (370357, 363), (370357, 364), (370357, 365), (370357, 366), (370357, 367), (370357, 368), (370357, 369), (370357, 370), (370357, 371), (370357, 372), (370357, 373), (370357, 374), (370357, 375), (370357, 376), (370357, 377), (370357, 378), (370357, 379), (370357, 380), (370357, 381), (370357, 382), (370357, 383), (370357, 384), (370357, 385), (370357, 386), (370357, 387), (370357, 388), (370357, 389), (370357, 390), (370357, 391), (370357, 392), (370357, 393), (370357, 394), (370357, 395), (370357, 396), (370357, 397), (370357, 398), (370357, 399), (370357, 400), (370357, 401), (370357, 402), (370357, 403), (370357, 404), (370357, 405), (370357, 406), (370357, 407), (370357, 408), (370357, 409), (370357, 410), (370357, 411), (370357, 412), (370357, 413), (370357, 414), (370357, 415), (370357, 416), (370357, 417), (370357, 418), (370357, 419), (370357, 420), (370357, 421), (370357, 422), (370357, 423), (370357, 424), (370357, 425), (370357, 426), (370357, 427), (370357, 428), (370357, 429), (370357, 430), (370357, 431), (370357, 432), (370357, 433), (370357, 434), (370357, 435), (370357, 436), (370357, 437), (370357, 438), (370357, 439), (370357, 440), (370357, 441), (370357, 442), (370357, 443), (370357, 444), (370357, 445), (370357, 446), (370357, 447), (370357, 448), (370357, 449), (370357, 450), (370357, 451), (370357, 452), (370357, 453), (370357, 454), (370357, 455), (370357, 456), (370357, 457), (370357, 458), (370357, 459), (370357, 460), (370357, 461), (370357, 462), (370357, 463), (370357, 464), (370357, 465), (370357, 466), (370357, 467), (370357, 468), (370357, 469), (370357, 470), (370357, 471), (370357, 472), (370357, 473), (370357, 474), (370357, 475), (370357, 476), (370357, 477), (370357, 478), (370357, 479), (370357, 480), (370357, 481), (370357, 482), (370357, 483), (370357, 484), (370357, 485), (370357, 486), (370357, 487), (370357, 488), (370357, 489), (370357, 490), (370357, 491), (370357, 492), (370357, 493), (370357, 494), (370357, 495), (370357, 496), (370357, 497), (370357, 498), (370357, 499), (370357, 500), (370357, 501), (370357, 502), (370357, 503), (370357, 504), (370357, 505), (370357, 506), (370357, 507), (370357, 508), (370357, 509), (370357, 510), (370357, 511), (370357, 512), (370357, 513), (370357, 514), (370357, 515), (370357, 516), (370357, 517), (370357, 518), (370357, 519), (370357, 520), (370357, 521), (370357, 522), (370357, 523), (370357, 524), (370357, 525), (370357, 526), (370357, 527), (370357, 528), (370357, 529), (370357, 530), (370357, 531), (370357, 532), (370357, 533), (370357, 534), (370357, 535), (370357, 536), (370357, 537), (370357, 538), (370357, 539), (370357, 540), (370357, 541), (370357, 542), (370357, 543), (370357, 544), (370357, 545), (370357, 546), (370357, 547), (370357, 548), (370357, 549), (370357, 550), (370357, 551), (370357, 552), (370357, 553), (370357, 554), (370357, 555), (370357, 556), (370357, 557), (370357, 558), (370357, 559), (370357, 560), (370357, 561), (370357, 562), (370357, 563), (370357, 564), (370357, 565), (370357, 566), (370357, 567), (370357, 568), (370357, 569), (370357, 570), (370357, 571), (370357, 572), (370357, 573), (370357, 574), (370357, 575), (370357, 576), (370357, 577), (370357, 578), (370357, 579), (370357, 580), (370357, 581), (370357, 582), (370357, 583), (370357, 584), (370357, 585), (370357, 586), (370357, 587), (370357, 588), (370357, 589), (370357, 590), (370357, 591), (370357, 592), (370357, 593), (370357, 594), (370357, 595), (370357, 596), (370357, 597), (370357, 598), (370357, 599), (370357, 600), (370357, 601), (370357, 602), (370357, 603), (370357, 604), (370357, 605), (370357, 606), (370357, 607), (370357, 608), (370357, 609), (370357, 610), (370357, 611), (370357, 612), (370357, 613), (370357, 614), (370357, 615), (370357, 616), (370357, 617), (370357, 618), (370357, 619), (370357, 620), (370357, 621), (370357, 622), (370357, 623), (370357, 624), (370357, 625), (370357, 626), (370357, 627), (370357, 628), (370357, 629), (370357, 630), (370357, 631), (370357, 632), (370357, 633), (370357, 634), (370357, 635), (370357, 636), (370357, 637), (370357, 638), (370357, 639), (370357, 640), (370357, 641), (370357, 642), (370357, 643), (370357, 644), (370357, 645), (370357, 646), (370357, 647), (370357, 648), (370357, 649), (370357, 650), (370357, 651), (370357, 652), (370357, 653), (370357, 654), (370357, 655), (370357, 656), (370357, 657), (370357, 658), (370357, 659), (370357, 660), (370357, 661), (370357, 662), (370357, 663), (370357, 664), (370357, 665), (370357, 666), (370357, 667), (370357, 668), (370357, 669), (370357, 670), (370357, 671), (370357, 672), (370357, 673), (370357, 674), (370357, 675), (370357, 676), (370357, 677), (370357, 678), (370357, 679), (370357, 680), (370357, 681), (370357, 682), (370357, 683), (370357, 684), (370357, 685), (370357, 686), (370357, 687), (370357, 688), (370357, 689), (370357, 690), (370357, 691), (370357, 692), (370357, 693), (370357, 694), (370357, 695), (370357, 696), (370357, 697), (370357, 698), (370357, 699), (370357, 700), (370357, 701), (370357, 702), (370357, 703), (370357, 704), (370357, 705), (370357, 706), (370357, 707), (370357, 708), (370357, 709), (370357, 710), (370357, 711), (370357, 712), (370357, 713), (370357, 714), (370357, 715), (370357, 716), (370357, 717), (370357, 718), (370357, 719), (370357, 720), (370357, 721), (370357, 722), (370357, 723), (370357, 724), (370357, 725), (370357, 726), (370357, 727), (370357, 728), (370357, 729), (370357, 730), (370357, 731), (370357, 732), (370357, 733), (370357, 734), (370357, 735), (370357, 736), (370357, 737), (370357, 738), (370357, 739), (370357, 740), (370357, 741), (370357, 742), (370357, 743), (370357, 744), (370357, 745), (370357, 746), (370357, 747), (370357, 748), (370357, 749), (370357, 750), (370357, 751), (370357, 752), (370357, 753), (370357, 754), (370357, 755), (370357, 756), (370357, 757), (370357, 758), (370357, 759), (370357, 760), (370357, 761), (370357, 762), (370357, 763), (370357, 764), (370357, 765), (370357, 766), (370357, 767), (370357, 768), (370357, 769), (370357, 770), (370357, 771), (370357, 772), (370357, 773), (370357, 774), (370357, 775), (370357, 776), (370357, 777), (370357, 778), (370357, 779), (370357, 780), (370357, 781), (370357, 782), (370357, 783), (370357, 784), (370357, 785), (370357, 786), (370357, 787), (370357, 788), (370357, 789), (370357, 790), (370357, 791), (370357, 792), (370357, 793), (370357, 794), (370357, 795), (370357, 796), (370357, 797), (370357, 798), (370357, 799), (370357, 800), (370357, 801), (370332, 1), (370332, 2), (370332, 3), (370332, 4), (370332, 5), (370332, 6), (370332, 7), (370332, 8), (370332, 9), (370332, 10), (370332, 11), (370332, 12), (370332, 13), (370332, 14), (370332, 15), (370332, 16), (370332, 17), (370332, 18), (370332, 19), (370332, 20), (370332, 21), (370332, 22), (370332, 23), (370332, 24), (370332, 25), (370332, 26), (370332, 27), (370332, 28), (370332, 29), (370332, 30), (370332, 31), (370332, 32), (370332, 33), (370332, 34), (370332, 35), (370332, 36), (370332, 37), (370332, 38), (370332, 39), (370332, 40), (370332, 41), (370332, 42), (370332, 43), (370332, 44), (370332, 45), (370332, 46), (370332, 47), (370332, 48), (370332, 49), (370332, 50), (370332, 51), (370332, 52), (370332, 53), (370332, 54), (370332, 55), (370332, 56), (370332, 57), (370332, 58), (370332, 59), (370332, 60), (370332, 61), (370332, 62), (370332, 63), (370332, 64), (370332, 65), (370332, 66), (370332, 67), (370332, 68), (370332, 69), (370332, 70), (370332, 71), (370332, 72), (370332, 73), (370332, 74), (370332, 75), (370332, 76), (370332, 77), (370332, 78), (370332, 79), (370332, 80), (370332, 81), (370332, 82), (370332, 83), (370332, 84), (370332, 85), (370332, 86), (370332, 87), (370332, 88), (370332, 89), (370332, 90), (370332, 91), (370332, 92), (370332, 93), (370332, 94), (370332, 95), (370332, 96), (370332, 97), (370332, 98), (370332, 99), (370332, 100), (370332, 101), (370332, 102), (370332, 103), (370332, 104), (370332, 105), (370332, 106), (370332, 107), (370332, 108), (370332, 109), (370332, 110), (370332, 111), (370332, 112), (370332, 113), (370332, 114), (370332, 115), (370332, 116), (370332, 117), (370332, 118), (370332, 119), (370332, 120), (370332, 121), (370332, 122), (370332, 123), (370332, 124), (370332, 125), (370332, 126), (370332, 127), (370332, 128), (370332, 129), (370332, 130), (370332, 131), (370332, 132), (370332, 133), (370332, 134), (370332, 135), (370332, 136), (370332, 137), (370332, 138), (370332, 139), (370332, 140), (370332, 141), (370332, 142), (370332, 143), (370332, 144), (370332, 146), (370332, 147), (370332, 148), (370332, 149), (370332, 150), (370332, 151), (370332, 152), (370332, 153), (370332, 154), (370332, 155), (370332, 156), (370332, 157), (370332, 158), (370332, 159), (370332, 160), (370332, 161), (370332, 162), (370332, 163), (370332, 164), (370332, 165), (370332, 166), (370332, 167), (370332, 168), (370332, 169), (370332, 170), (370332, 171), (370332, 172), (370332, 173), (370332, 174), (370332, 175), (370332, 176), (370332, 177), (370332, 178), (370332, 179), (370332, 180), (370332, 181), (370332, 182), (370332, 183), (370332, 184), (370332, 185), (370332, 186), (370332, 187), (370332, 188), (370332, 189), (370332, 190), (370332, 191), (370332, 192), (370332, 193), (370332, 194), (370332, 195), (370332, 196), (370332, 197), (370332, 198), (370332, 199), (370332, 200), (370332, 201), (370332, 202), (370332, 203), (370332, 204), (370332, 205), (370332, 206), (370332, 207), (370332, 208), (370332, 209), (370332, 210), (370332, 211), (370332, 212), (370332, 213), (370332, 214), (370332, 215), (370332, 216), (370332, 217), (370332, 218), (370332, 219), (370332, 220), (370332, 221), (370332, 222), (370332, 223), (370332, 224), (370332, 225), (370332, 226), (370332, 227), (370332, 228), (370332, 229), (370332, 230), (370332, 231), (370332, 232), (370332, 233), (370332, 234), (370332, 235), (370332, 236), (370332, 237), (370332, 238), (370332, 239), (370332, 240), (370332, 241), (370332, 242), (370332, 243), (370332, 244), (370332, 245), (370332, 246), (370332, 247), (370332, 248), (370332, 249), (370332, 250), (370332, 251), (370332, 252), (370332, 253), (370332, 254), (370332, 255), (370332, 256), (370332, 257), (370332, 258), (370332, 259), (370332, 260), (370332, 261), (370332, 262), (370332, 263), (370332, 264), (370332, 265), (370332, 266), (370332, 267), (370332, 268), (370332, 269), (370332, 270), (370332, 271), (370332, 272), (370332, 273), (370332, 274), (370332, 275), (370332, 276), (370332, 277), (370332, 278), (370332, 279), (370332, 280), (370332, 281), (370332, 282), (370332, 283), (370332, 284), (370332, 285), (370332, 286), (370332, 287), (370332, 288), (370332, 289), (370332, 290), (370332, 291), (370332, 292), (370332, 293), (370332, 294), (370332, 295), (370332, 296), (370332, 297), (370332, 298), (370332, 299), (370332, 300), (370332, 301), (370332, 302), (370332, 303), (370332, 304), (370332, 305), (370332, 306), (370332, 307), (370332, 308), (370332, 309), (370332, 310), (370332, 311), (370332, 312), (370332, 313), (370332, 314), (370332, 315), (370332, 316), (370332, 317), (370332, 318), (370332, 319), (370332, 320), (370332, 321), (370332, 322), (370332, 323), (370332, 324), (370332, 325), (370332, 326), (370332, 327), (370332, 328), (370332, 329), (370332, 330), (370332, 331), (370332, 332), (370332, 333), (370332, 334), (370332, 335), (370332, 336), (370332, 337), (370332, 338), (370332, 339), (370332, 340), (370332, 341), (370332, 342), (370332, 343), (370332, 344), (370332, 345), (370332, 346), (370332, 347), (370332, 348), (370332, 349), (370332, 350), (370332, 351), (370332, 352), (370332, 353), (370332, 354), (370332, 355), (370332, 356), (370332, 357), (370332, 358), (370332, 359), (370332, 360), (370332, 361), (370332, 362), (370332, 363), (370332, 364), (370332, 365), (370332, 366), (370332, 367), (370332, 368), (370332, 369), (370332, 370), (370332, 371), (370332, 372), (370332, 373), (370332, 374), (370332, 375), (370332, 376), (370332, 377), (370332, 378), (370332, 379), (370332, 380), (370332, 381), (370332, 382), (370332, 383), (370332, 384), (370332, 385), (370332, 386), (370332, 387), (370332, 388), (370332, 389), (370332, 390), (370332, 391), (370332, 392), (370332, 393), (370332, 394), (370332, 395), (370332, 396), (370332, 397), (370332, 398), (370332, 399), (370332, 400), (370332, 401), (370332, 402), (370332, 403), (370332, 404), (370332, 405), (370332, 406), (370332, 407), (370332, 408), (370332, 409), (370332, 410), (370332, 411), (370332, 412), (370332, 413), (370332, 414), (370332, 415), (370332, 416), (370332, 417), (370332, 418), (370332, 419), (370332, 420), (370332, 421), (370332, 422), (370332, 423), (370332, 424), (370332, 425), (370332, 426), (370332, 427), (370332, 428), (370332, 429), (370332, 430), (370332, 431), (370332, 432), (370332, 433), (370332, 434), (370332, 435), (370332, 436), (370332, 437), (370332, 438), (370332, 439), (370332, 440), (370332, 441), (370332, 442), (370332, 443), (370332, 444), (370332, 445), (370332, 446), (370332, 447), (370332, 448), (370332, 449), (370332, 450), (370332, 451), (370332, 452), (370332, 453), (370332, 454), (370332, 455), (370332, 456), (370332, 457), (370332, 458), (370332, 459), (370332, 460), (370332, 461), (370332, 462), (370332, 463), (370332, 464), (370332, 465), (370332, 466), (370332, 467), (370332, 468), (370332, 469), (370332, 470), (370332, 471), (370332, 472), (370332, 473), (370332, 474), (370332, 475), (370332, 476), (370332, 477), (370332, 478), (370332, 479), (370332, 480), (370332, 481), (370332, 482), (370332, 483), (370332, 484), (370332, 485), (370332, 486), (370332, 487), (370332, 488), (370332, 489), (370332, 490), (370332, 491), (370332, 492), (370332, 493), (370332, 494), (370332, 495), (370332, 496), (370332, 497), (370332, 498), (370332, 499), (370332, 500), (370332, 501), (370332, 502), (370332, 503), (370332, 504), (370332, 505), (370332, 506), (370332, 507), (370332, 508), (370332, 509), (370332, 510), (370332, 511), (370332, 512), (370332, 513), (370332, 514), (370332, 515), (370332, 516), (370332, 517), (370332, 518), (370332, 519), (370332, 520), (370332, 521), (370332, 522), (370332, 523), (370332, 524), (370332, 525), (370332, 526), (370332, 527), (370332, 528), (370332, 529), (370332, 530), (370332, 531), (370332, 532), (370332, 533), (370332, 534), (370332, 535), (370332, 536), (370332, 537), (370332, 538), (370332, 539), (370332, 540), (370332, 541), (370332, 542), (370332, 543), (370332, 544), (370332, 545), (370332, 546), (370332, 547), (370332, 548), (370332, 549), (370332, 550), (370332, 551), (370332, 552), (370332, 553), (370332, 554), (370332, 555), (370332, 556), (370332, 557), (370332, 558), (370332, 559), (370332, 560), (370332, 561), (370332, 562), (370332, 563), (370332, 564), (370332, 565), (370332, 566), (370332, 567), (370332, 568), (370332, 569), (370332, 570), (370332, 571), (370332, 572), (370332, 573), (370332, 574), (370332, 575), (370332, 576), (370332, 577), (370332, 578), (370332, 579), (370332, 580), (370332, 581), (370332, 582), (370332, 583), (370332, 584), (370332, 585), (370332, 586), (370332, 587), (370332, 588), (370332, 589), (370332, 590), (370332, 591), (370332, 592), (370332, 593), (370332, 594), (370332, 595), (370332, 596), (370332, 597), (370332, 598), (370332, 599), (370332, 600), (370332, 601), (370332, 602), (370332, 603), (370332, 604), (370332, 605), (370332, 606), (370332, 607), (370332, 608), (370332, 609), (370332, 610), (370332, 611), (370332, 612), (370332, 613), (370332, 614), (370332, 615), (370332, 616), (370332, 617), (370332, 618), (370332, 619), (370332, 620), (370332, 621), (370332, 622), (370332, 623), (370332, 624), (370332, 625), (370332, 626), (370332, 627), (370332, 628), (370332, 629), (370332, 630), (370332, 631), (370332, 632), (370332, 633), (370332, 634), (370332, 635), (370332, 636), (370332, 637), (370332, 638), (370332, 639), (370332, 640), (370332, 641), (370332, 642), (370332, 643), (370332, 644), (370332, 645), (370332, 646), (370332, 647), (370332, 648), (370332, 649), (370332, 650), (370332, 651), (370332, 652), (370332, 653), (370332, 654), (370332, 655), (370332, 656), (370332, 657), (370332, 658), (370332, 659), (370332, 660), (370332, 661), (370332, 662), (370332, 663), (370332, 664), (370332, 665), (370332, 666), (370332, 667), (370332, 668), (370332, 669), (370332, 670), (370332, 671), (370332, 672), (370332, 673), (370332, 674), (370332, 675), (370332, 676), (370332, 677), (370332, 678), (370332, 679), (370332, 680), (370332, 681), (370332, 682), (370332, 683), (370332, 684), (370332, 685), (370332, 686), (370332, 687), (370332, 688), (370332, 689), (370332, 690), (370332, 691), (370332, 692), (370332, 693), (370332, 694), (370332, 695), (370332, 696), (370332, 697), (370332, 698), (370332, 699), (370332, 700), (370332, 701), (370332, 702), (370332, 703), (370332, 704), (370332, 705), (370332, 706), (370332, 707), (370332, 708), (370332, 709), (370332, 710), (370332, 711), (370332, 712), (370332, 713), (370332, 714), (370332, 715), (370332, 716), (370332, 717), (370332, 718), (370332, 719), (370332, 720), (370332, 721), (370332, 722), (370332, 723), (370332, 724), (370332, 725), (370332, 726), (370332, 727), (370332, 728), (370332, 729), (370332, 730), (370332, 731), (370332, 732), (370332, 733), (370332, 734), (370332, 735), (370332, 736), (370332, 737), (370332, 738), (370332, 739), (370332, 740), (370332, 741), (370332, 742), (370332, 743), (370332, 744), (370332, 745), (370332, 746), (370332, 747), (370332, 748), (370332, 749), (370332, 750), (370332, 751), (370332, 752), (370332, 753), (370332, 754), (370332, 755), (370332, 756), (370332, 757), (370332, 758), (370332, 759), (370332, 760), (370332, 761), (370332, 762), (370332, 763), (370332, 764), (370332, 765), (370332, 766), (370332, 767), (370332, 768), (370332, 769), (370332, 770), (370332, 771), (370332, 772), (370332, 773), (370332, 774), (370332, 775), (370332, 776), (370332, 777), (370332, 778), (370332, 779), (370332, 780), (370332, 781), (370332, 782), (370332, 783), (370332, 784), (370332, 785), (370332, 786), (370332, 787), (370332, 788), (370332, 789), (370332, 790), (370332, 791), (370332, 792), (370332, 793), (370332, 794), (370332, 795), (370332, 796), (370332, 797), (370332, 798), (370332, 799), (370332, 800), (370332, 801), (370332, 802), (370332, 803), (370332, 804), (370332, 805), (370332, 806), (370332, 807), (370332, 808), (370332, 809), (370332, 810), (370332, 811), (370332, 812), (370332, 813), (370332, 814), (370332, 815), (370332, 816), (370332, 817), (370332, 818), (370332, 819), (370332, 820), (370332, 821), (370332, 822), (370332, 823), (370332, 824), (370332, 825), (370332, 826), (370332, 827), (370332, 828), (370332, 829), (370332, 830), (370332, 831), (370332, 832), (370332, 833), (370332, 834), (370332, 835), (370332, 836), (370332, 837), (370332, 838), (370332, 839), (370332, 840), (370332, 841), (370332, 842), (370332, 843), (370332, 844), (370332, 845), (370332, 846), (370332, 847), (370332, 848), (370332, 849), (370332, 850), (370332, 851), (370332, 852), (370332, 853), (370332, 854), (370332, 855), (370332, 856), (370332, 857), (370332, 858), (370332, 859), (370332, 860), (370332, 861), (370332, 862), (370332, 863), (370332, 864), (370332, 865), (370332, 866), (370332, 867), (370332, 868), (370332, 869), (370332, 870), (370332, 871), (370332, 872), (370332, 873), (370332, 874), (370332, 875), (370332, 876), (370332, 877), (370332, 878), (370332, 879), (370332, 880), (370332, 881), (370332, 882), (370332, 883), (370332, 884), (370332, 885), (370332, 886), (370332, 887), (370332, 888), (370332, 889), (370332, 890), (370332, 891), (370332, 892), (370332, 893), (370332, 894), (370332, 895), (370332, 896), (370332, 897), (370332, 898), (370332, 899), (370332, 900), (370332, 901), (370332, 902), (370332, 903), (370332, 904), (370332, 905), (370332, 906), (370332, 907), (370332, 908), (370332, 909), (370332, 910), (370332, 911), (370332, 912), (370332, 913), (370332, 914), (370332, 915), (370332, 916), (370332, 917), (370332, 918), (370332, 919), (370332, 920), (370332, 921), (370332, 922), (370332, 923), (370332, 924), (370332, 925), (370332, 926), (370332, 927), (370332, 928), (370332, 929), (370332, 930), (370332, 931), (370332, 932), (370332, 933), (370332, 934), (370332, 935), (370332, 936), (370332, 937), (370332, 938), (370332, 939), (370332, 940), (370332, 941), (370332, 942), (370332, 943), (370332, 944), (370332, 945), (370332, 946), (370332, 947), (370332, 948), (370332, 949), (370332, 950), (370332, 951), (370332, 952), (370332, 953), (370332, 954), (370332, 955), (370332, 956), (370332, 957), (370332, 958), (370332, 959), (370332, 960), (370332, 961), (370332, 962), (370332, 963), (370332, 964), (370332, 965), (370332, 966), (370332, 967), (370332, 968), (370332, 969), (370332, 970), (370332, 971), (370332, 972), (370332, 973), (370332, 974), (370332, 975), (370332, 976), (370332, 977), (370332, 978), (370332, 979), (370332, 980), (370332, 981), (370332, 982), (370332, 983), (370332, 984), (370332, 985), (370332, 986), (370332, 987), (370332, 988), (370332, 989), (370332, 990), (370332, 991), (370332, 992), (370332, 993), (370332, 994), (370332, 995), (370332, 996), (370332, 997), (370332, 998), (370332, 999), (370332, 1000), (370332, 1001), (370332, 1002), (370332, 1003), (370332, 1004), (370332, 1005), (370332, 1006), (370332, 1007), (370332, 1008), (370332, 1009), (370332, 1010), (370332, 1011), (370332, 1012), (370332, 1013), (370332, 1014), (370332, 1015), (370332, 1016), (370332, 1017), (370332, 1018), (370332, 1019), (370332, 1020), (370332, 1021), (370332, 1022), (370332, 1023), (370332, 1024), (370332, 1025), (370332, 1026), (370332, 1027), (370332, 1028), (370332, 1029), (370332, 1030), (370332, 1031), (370332, 1032), (370332, 1033), (370332, 1034), (370332, 1035), (370332, 1036), (370332, 1037), (370332, 1038), (370332, 1039), (370332, 1040), (370332, 1041), (370332, 1042), (370332, 1043), (370332, 1044), (370332, 1045), (370332, 1046), (370332, 1047), (370332, 1048), (370332, 1049), (370332, 1050), (370332, 1051), (370332, 1052), (370332, 1053), (370332, 1054), (370332, 1055), (370332, 1056), (370332, 1057), (370332, 1058), (370332, 1059), (370332, 1060), (370332, 1061), (370332, 1062), (370332, 1063), (370332, 1064), (370332, 1065), (370332, 1066), (370332, 1067), (370332, 1068), (370332, 1069), (370332, 1070), (370332, 1071), (370332, 1072), (370332, 1073), (370332, 1074), (370332, 1075), (370332, 1076), (370332, 1077), (370332, 1078), (370332, 1079), (370332, 1080), (370332, 1081), (370332, 1082), (370332, 1083), (370332, 1084), (370332, 1085), (370332, 1086), (370332, 1087), (370332, 1088), (370332, 1089), (370332, 1090), (370332, 1091), (370332, 1092), (370332, 1093), (370332, 1094), (370332, 1095), (370332, 1096), (370332, 1097), (370332, 1098), (370332, 1099), (370332, 1100), (370332, 1101), (370332, 1102), (370332, 1103), (370332, 1104), (370332, 1105), (370332, 1106), (370332, 1107), (370332, 1108), (370332, 1109), (370332, 1110), (370332, 1111), (370332, 1112), (370332, 1113), (370332, 1114), (370332, 1115), (370332, 1116), (370332, 1117), (370332, 1118), (370332, 1119), (370332, 1120), (370332, 1121), (370332, 1122), (370332, 1123), (370332, 1124), (370332, 1125), (370332, 1126), (370332, 1127), (370332, 1128), (370332, 1129), (370332, 1130), (370332, 1131), (370332, 1132), (370332, 1133), (370332, 1134), (370332, 1135), (370332, 1136), (370332, 1137), (370332, 1138), (370332, 1139), (370332, 1140), (370332, 1141), (370332, 1142), (370332, 1143), (370332, 1144), (370332, 1145), (370332, 1146), (370332, 1147), (370332, 1148), (370332, 1149), (370332, 1150), (370332, 1151), (370332, 1152), (370332, 1153), (370332, 1154), (370332, 1155), (370332, 1156), (370332, 1157), (370332, 1158), (370332, 1159), (370332, 1160), (370332, 1161), (370332, 1162), (370332, 1163), (370332, 1164), (370332, 1165), (370332, 1166), (370332, 1167), (370332, 1168), (370332, 1169), (370332, 1170), (370332, 1171), (370332, 1172), (370332, 1173), (370332, 1174), (370332, 1175), (370332, 1176), (370332, 1177), (370332, 1178), (370332, 1179), (370332, 1180), (370332, 1181), (370332, 1182), (370332, 1183), (370332, 1184), (370332, 1185), (370332, 1186), (370332, 1187), (370332, 1188), (370332, 1189), (370332, 1190), (370332, 1191), (370332, 1192), (370332, 1193), (370332, 1194), (370332, 1195), (370332, 1196), (370332, 1197), (370332, 1198), (370332, 1199), (370332, 1200), (370332, 1201), (370332, 1202), (370332, 1203), (370332, 1204), (370332, 1205), (370332, 1206), (370332, 1207), (370332, 1208), (370332, 1209), (370332, 1210), (370332, 1211), (370332, 1212), (370332, 1213), (370332, 1214), (370332, 1215), (370332, 1216), (370332, 1217), (370332, 1218), (370332, 1219), (370332, 1220), (370332, 1221), (370332, 1222), (370332, 1223), (370332, 1224), (370332, 1225), (370332, 1226), (370332, 1227), (370332, 1228), (370332, 1229), (370332, 1230), (370332, 1231), (370332, 1232), (370332, 1233), (370332, 1234), (370332, 1235), (370332, 1236), (370332, 1237), (370332, 1238), (370332, 1239), (370332, 1240), (370332, 1241), (370332, 1242), (370332, 1243), (370332, 1244), (370332, 1245), (370332, 1246), (370332, 1247), (370332, 1248), (370332, 1249), (370332, 1250), (370332, 1251), (370332, 1252), (370332, 1253), (370332, 1254), (370332, 1255), (370332, 1256), (370332, 1257), (370332, 1258), (370332, 1259), (370332, 1260), (370332, 1261), (370332, 1262), (370332, 1263), (370332, 1264), (370332, 1265), (370332, 1266), (370332, 1267), (370332, 1268), (370332, 1269), (370332, 1270), (370332, 1271), (370332, 1272), (370332, 1273), (370332, 1274), (370332, 1275), (370332, 1276), (370332, 1277), (370332, 1278), (370332, 1279), (370332, 1280), (370332, 1281), (370332, 1282), (370332, 1283), (370332, 1284), (370332, 1285), (370332, 1286), (370332, 1287), (370332, 1288), (370332, 1289), (370332, 1290), (370332, 1291), (370332, 1292), (370332, 1293), (370332, 1294), (370332, 1295), (370332, 1296), (370332, 1297), (370332, 1298), (370332, 1299), (370332, 1300), (370332, 1301), (370332, 1302), (370332, 1303), (370332, 1304), (370332, 1305), (370332, 1306), (370332, 1307), (370332, 1308), (370332, 1309), (370332, 1310), (370332, 1311), (370332, 1312), (370332, 1313), (370332, 1314), (370332, 1315), (370332, 1316), (370332, 1317), (370332, 1318), (370332, 1319), (370332, 1320), (370332, 1321), (370332, 1322), (370332, 1323), (370332, 1324), (370332, 1325), (370332, 1326), (370332, 1327), (370332, 1328), (370332, 1329), (370332, 1330), (370332, 1331), (370332, 1332), (370332, 1333), (370332, 1334), (370332, 1335), (370332, 1336), (370332, 1337), (370332, 1338), (370332, 1339), (370332, 1340), (370332, 1341), (370332, 1342), (370332, 1343), (370332, 1344), (370332, 1345), (370332, 1346), (370332, 1347), (370332, 1348), (370332, 1349), (370332, 1350), (370332, 1351), (370332, 1352), (370332, 1353), (370332, 1354), (370332, 1355), (370332, 1356), (370332, 1357), (370332, 1358), (370332, 1359), (370332, 1360), (370332, 1361), (370332, 1362), (370332, 1363), (370332, 1364), (370332, 1365), (370332, 1366), (370332, 1367), (370332, 1368), (370332, 1369), (370332, 1370), (370332, 1371), (370332, 1372), (370332, 1373), (370332, 1374), (370332, 1375), (370332, 1376), (370332, 1377), (370332, 1378), (370332, 1379), (370332, 1380), (370332, 1381), (370332, 1382), (370332, 1383), (370332, 1384), (370332, 1385), (370332, 1386), (370332, 1387), (370332, 1388), (370332, 1389), (370332, 1390), (370332, 1391), (370332, 1392), (370332, 1393), (370332, 1394), (370332, 1395), (370332, 1396), (370332, 1397), (370332, 1398), (370332, 1399), (370332, 1400), (370332, 1401), (370332, 1402), (370332, 1403), (370332, 1404), (370332, 1405), (370332, 1406), (370332, 1407), (370332, 1408), (370332, 1409), (370332, 1410), (370332, 1411), (370332, 1412), (370332, 1413), (370332, 1414), (370332, 1415), (370332, 1416), (370332, 1417), (370332, 1418), (370332, 1419), (370332, 1420), (370332, 1421), (370332, 1422), (370332, 1423), (370332, 1424), (370332, 1425), (370332, 1426), (370332, 1427), (370332, 1428), (370332, 1429), (370332, 1430), (370332, 1431), (370332, 1432), (370332, 1433), (370332, 1434), (370332, 1435), (370332, 1436), (370332, 1437), (370332, 1438), (370332, 1439), (370332, 1440), (370332, 1441), (370332, 1442), (370332, 1443), (370332, 1444), (370332, 1445), (370332, 1446), (370332, 1447), (370332, 1448), (370332, 1449), (370332, 1450), (370332, 1451), (370332, 1452), (370332, 1453), (370332, 1454), (370332, 1455), (370332, 1456), (370332, 1457), (370332, 1458), (370332, 1459), (370332, 1460), (370332, 1461), (370332, 1462), (370332, 1463), (370332, 1464), (370332, 1465), (370332, 1466), (370332, 1467), (370332, 1468), (370332, 1469), (370332, 1470), (370332, 1471), (370332, 1472), (370332, 1473), (370332, 1474), (370332, 1475), (370332, 1476), (370332, 1477), (370332, 1478), (370332, 1479), (370332, 1480), (370332, 1481), (370332, 1482), (370332, 1483), (370332, 1484), (370332, 1485), (370332, 1486), (370332, 1487), (370332, 1488), (370332, 1489), (370332, 1490), (370332, 1491), (370332, 1492), (370332, 1493), (370332, 1494), (370332, 1495), (370332, 1496), (370332, 1497), (370332, 1498), (370332, 1499), (370332, 1500), (370332, 1501), (370332, 1502), (370332, 1503), (370332, 1504), (370332, 1505), (370332, 1506), (370332, 1507), (370332, 1508), (370332, 1509), (370332, 1510), (370332, 1511), (370332, 1512), (370332, 1513), (370332, 1514), (370332, 1515), (370332, 1516), (370332, 1517), (370332, 1518), (370332, 1519), (370332, 1520), (370332, 1521), (370332, 1522), (370332, 1523), (370332, 1525), (370332, 1526), (370332, 1527), (370332, 1528), (370332, 1529), (370332, 1530), (370332, 1531), (370332, 1532), (370332, 1533), (370332, 1534), (370332, 1535), (370332, 1536), (370332, 1537), (370332, 1538), (370332, 1539), (370332, 1540), (370332, 1541), (370332, 1542), (370332, 1543), (370332, 1544), (370332, 1545), (370332, 1546), (370332, 1547), (370332, 1548), (370332, 1549), (370332, 1550), (370332, 1551), (370332, 1552), (370332, 1553), (370332, 1554), (370332, 1555), (370332, 1556), (370332, 1557), (370332, 1558), (370332, 1559), (370332, 1560), (370332, 1561), (370332, 1562), (370332, 1563), (370332, 1564), (370332, 1565), (370332, 1566), (370332, 1567), (370332, 1568), (370332, 1569), (370332, 1570), (370332, 1571), (370332, 1572), (370332, 1573), (370332, 1574), (370332, 1575), (370332, 1576), (370332, 1577), (370332, 1578), (370332, 1579), (370332, 1580), (370332, 1581), (370332, 1582), (370332, 1583), (370332, 1584), (370332, 1585), (370332, 1586), (370332, 1587), (370332, 1588), (370332, 1589), (370332, 1590), (370332, 1591), (370332, 1592), (370332, 1593), (370332, 1594), (370332, 1595), (370332, 1596), (370332, 1597), (370332, 1598), (370332, 1599), (370332, 1600), (370332, 1601), (370332, 1602), (370332, 1603), (370332, 1604), (370332, 1605), (370332, 1606), (370332, 1607), (370332, 1608), (370332, 1609), (370332, 1610), (370332, 1611), (370332, 1612), (370332, 1613), (370332, 1614), (370332, 1615), (370332, 1616), (370332, 1617), (370332, 1618), (370332, 1619), (370332, 1620), (370332, 1621), (370332, 1622), (370332, 1623), (370332, 1624), (370332, 1625), (370332, 1626), (370332, 1627), (370332, 1628), (370332, 1629), (370332, 1630), (370332, 1631), (370332, 1632), (370332, 1633), (370332, 1634), (370332, 1635), (370332, 1636), (370332, 1637), (370332, 1638), (370332, 1639), (370332, 1640), (370332, 1641), (370332, 1642), (370332, 1643), (370332, 1644), (370332, 1645), (370332, 1646), (370332, 1647), (370332, 1648), (370332, 1649), (370332, 1650), (370332, 1651), (370332, 1652), (370332, 1653), (370332, 1654), (370332, 1655), (370332, 1656), (370332, 1657), (370332, 1658), (370332, 1659), (370332, 1660), (370332, 1661), (370332, 1662), (370332, 1663), (370332, 1664), (370332, 1665), (370332, 1666), (370332, 1667), (370332, 1668), (370332, 1669), (370332, 1670), (370332, 1671), (370332, 1672), (370332, 1673), (370332, 1674), (370332, 1675), (370332, 1676), (370332, 1677), (370332, 1678), (370332, 1679), (370332, 1680), (370332, 1681), (370332, 1682), (370332, 1683), (370332, 1684), (370332, 1685), (370332, 1686), (370332, 1687), (370332, 1688), (370332, 1689), (370332, 1690), (370332, 1691), (370332, 1692), (370332, 1693), (370332, 1694), (370332, 1695), (370332, 1696), (370332, 1697), (370332, 1698), (370332, 1699), (370332, 1700), (370332, 1701), (370332, 1702), (370332, 1703), (370332, 1704), (370332, 1705), (370332, 1706), (370332, 1707), (370332, 1708), (370332, 1709), (370332, 1710), (370332, 1711), (370332, 1712), (370332, 1713), (370332, 1714), (370332, 1715), (370332, 1716), (370332, 1717), (370332, 1718), (370332, 1719), (370332, 1720), (370332, 1721), (370332, 1722), (370332, 1723), (370332, 1724), (370332, 1725), (370332, 1726), (370332, 1727), (370332, 1728), (370332, 1729), (370332, 1730), (370332, 1731), (370332, 1732), (370332, 1733), (370332, 1734), (370332, 1735), (370332, 1736), (370332, 1737), (370332, 1738), (370332, 1739), (370332, 1740), (370332, 1741), (370332, 1742), (370332, 1743), (370332, 1744), (370332, 1745), (370332, 1746), (370332, 1747), (370332, 1748), (370332, 1749), (370332, 1750), (370332, 1751), (370332, 1752), (370332, 1753), (370332, 1754), (370332, 1755), (370332, 1756), (370332, 1757), (370332, 1758), (370332, 1759), (370332, 1760), (370332, 1761), (370332, 1762), (370332, 1763), (370332, 1764), (370332, 1765), (370332, 1766), (370332, 1767), (370332, 1768), (370332, 1769), (370332, 1770), (370332, 1771), (370332, 1772), (370332, 1773), (370332, 1774), (370332, 1775), (370332, 1776), (370332, 1777), (370332, 1778), (370332, 1779), (370332, 1780), (370332, 1781), (370332, 1782), (370332, 1783), (370332, 1784), (370332, 1785), (370332, 1786), (370332, 1787), (370332, 1788), (370332, 1789), (370332, 1790), (370332, 1791), (370332, 1792), (370332, 1793), (370332, 1794), (370332, 1795), (370332, 1796), (370332, 1797), (370332, 1798), (370332, 1799), (370332, 1800), (370332, 1801), (370332, 1802), (370332, 1803), (370332, 1804), (370332, 1805), (370332, 1806), (370332, 1807), (370332, 1808), (370332, 1809), (370332, 1810), (370332, 1811), (370332, 1812), (370332, 1813), (370332, 1814), (370332, 1815), (370332, 1816), (370332, 1817), (370332, 1818), (370332, 1819), (370332, 1820), (370332, 1821), (370332, 1822), (370332, 1823), (370332, 1824), (370332, 1825), (370332, 1826), (370332, 1827), (370332, 1828), (370332, 1829), (370332, 1830), (370332, 1831), (370332, 1832), (370332, 1833), (370332, 1834), (370332, 1835), (370332, 1836), (370332, 1837), (370332, 1838), (370332, 1839), (370332, 1840), (370332, 1841), (370332, 1842), (370332, 1843), (370332, 1844), (370332, 1845), (370332, 1846), (370332, 1847), (370332, 1848), (370332, 1849), (370332, 1850), (370332, 1851), (370332, 1852), (370332, 1853), (370332, 1854), (370332, 1855), (370332, 1856), (370332, 1857), (370332, 1858), (370332, 1859), (370332, 1860), (370332, 1861), (370332, 1862), (370332, 1863), (370332, 1864), (370332, 1865), (370332, 1866), (370332, 1867), (370332, 1868), (370332, 1869), (370332, 1870), (370332, 1871), (370332, 1872), (370332, 1873), (370332, 1874), (370332, 1875), (370332, 1876), (370332, 1877), (370332, 1878), (370332, 1879), (370332, 1880), (370332, 1881), (370332, 1882), (370332, 1883), (370332, 1884), (370332, 1885), (370332, 1886), (370332, 1887), (370332, 1888), (370332, 1889), (370332, 1890), (370332, 1891), (370332, 1892), (370332, 1893), (370332, 1894), (370332, 1895), (370332, 1896), (370332, 1897), (370332, 1898), (370332, 1899), (370332, 1900), (370332, 1901), (370332, 1902), (370332, 1903), (370332, 1904), (370332, 1905), (370332, 1906), (370332, 1907), (370332, 1908), (370332, 1909), (370332, 1910), (370332, 1911), (370332, 1912), (370332, 1913), (370332, 1914), (370332, 1915), (370332, 1916), (370332, 1917), (370332, 1918), (370332, 1919), (370332, 1920), (370332, 1921), (370332, 1922), (370332, 1923), (370332, 1924), (370332, 1925), (370332, 1926), (370332, 1927), (370332, 1928), (370332, 1929), (370332, 1930), (370332, 1931), (370332, 1932), (370332, 1933), (370332, 1934), (370332, 1935), (370332, 1936), (370332, 1937), (370332, 1938), (370332, 1939), (370332, 1940), (370332, 1941), (370332, 1942), (370332, 1943), (370332, 1944), (370332, 1945), (370332, 1946), (370332, 1947), (370332, 1948), (370332, 1949), (370332, 1950), (370332, 1951), (370332, 1952), (370332, 1953), (370332, 1954), (370332, 1955), (370332, 1956), (370332, 1957), (370332, 1958), (370332, 1959), (370332, 1960), (370332, 1961), (370332, 1962), (370332, 1963), (370332, 1964), (370332, 1965), (370332, 1966), (370332, 1967), (370332, 1968), (370321, 39), (370321, 40), (370321, 41), (370321, 42), (370321, 43), (370321, 44), (370321, 45), (370321, 46), (370321, 47), (370321, 48), (370321, 49), (370321, 50), (370321, 51), (370321, 52), (370307, 1), (370307, 2), (370307, 3), (370307, 4), (370307, 5), (370307, 6), (370307, 7), (370307, 8), (370307, 9), (370307, 10), (370307, 11), (370307, 12), (370307, 13), (370307, 14), (370307, 15), (370307, 16), (370307, 17), (370307, 18), (370307, 19), (370307, 20), (370307, 21), (370307, 22), (370307, 23), (370307, 24), (370307, 25), (370307, 26), (370307, 27), (370307, 28), (370307, 29), (370307, 30), (370307, 31), (370307, 32), (370307, 33), (370307, 34), (370307, 35), (370307, 36), (370307, 37), (370307, 38), (370307, 39), (370307, 40), (370307, 41), (370307, 42), (370307, 43), (370307, 44), (370307, 45), (370307, 46), (370307, 47), (370307, 48), (370307, 49), (370307, 50), (370307, 51), (370307, 52), (370307, 53), (370307, 54), (370307, 55), (370307, 56), (370307, 57), (370307, 58), (370307, 59), (370307, 60), (370307, 61), (370307, 62), (370307, 63), (370307, 64), (370307, 65), (370307, 66), (370307, 67), (370307, 68), (370307, 69), (370307, 70), (370307, 71), (370307, 72), (370307, 73), (370307, 74), (370307, 75), (370307, 76), (370307, 77), (370307, 78), (370307, 79), (370307, 80), (370307, 81), (370307, 82), (370307, 83), (370307, 84), (370307, 85), (370307, 86), (370307, 87), (370307, 88), (370307, 89), (370307, 90), (370307, 91), (370307, 92), (370307, 93), (370307, 94), (370307, 95), (370307, 96), (370307, 97), (370307, 98), (370307, 99), (370307, 100), (370307, 101), (370307, 102), (370307, 103), (370307, 104), (370307, 105), (370307, 106), (370307, 107), (370307, 108), (370307, 109), (370307, 110), (370307, 111), (370307, 112), (370307, 113), (370307, 114), (370307, 115), (370307, 116), (370307, 117), (370307, 118), (370307, 119), (370307, 120), (370307, 121), (370307, 122), (370307, 123), (370307, 124), (370307, 125), (370307, 126), (370307, 127), (370307, 128), (370307, 129), (370307, 130), (370307, 131), (370307, 132), (370307, 133), (370307, 134), (370307, 135), (370307, 136), (370307, 137), (370307, 138), (370307, 139), (370307, 140), (370307, 141), (370307, 142), (370307, 143), (370307, 144), (370307, 145), (370307, 146), (370307, 147), (370307, 148), (370307, 149), (370307, 150), (370307, 151), (370307, 152), (370307, 153), (370307, 154), (370307, 155), (370307, 156), (370307, 157), (370307, 158), (370307, 159), (370307, 160), (370307, 161), (370307, 162), (370307, 163), (370307, 164), (370307, 165), (370307, 166), (370307, 167), (370307, 168), (370307, 169), (370307, 170), (370307, 171), (370307, 172), (370307, 173), (370307, 174), (370307, 175), (370307, 176), (370307, 177), (370307, 178), (370307, 179), (370307, 180), (370307, 181), (370307, 182), (370307, 183), (370307, 184), (370307, 185), (370307, 186), (370307, 187), (370307, 188), (370307, 189), (370307, 190), (370307, 191), (370307, 192), (370307, 193), (370307, 194), (370307, 195), (370307, 196), (370307, 197), (370307, 198), (370307, 199), (370307, 200), (370307, 201), (370307, 202), (370307, 203), (370307, 204), (370307, 205), (370307, 206), (370307, 207), (370307, 208), (370307, 209), (370307, 210), (370307, 211), (370307, 212), (370307, 213), (370307, 214), (370307, 215), (370307, 216), (370307, 217), (370307, 218), (370307, 219), (370307, 220), (370307, 221), (370307, 222), (370307, 223), (370307, 224), (370307, 225), (370307, 226), (370307, 227), (370307, 228), (370307, 229), (370307, 230), (370307, 231), (370307, 232), (370307, 233), (370307, 234), (370307, 235), (370307, 236), (370307, 237), (370307, 238), (370307, 239), (370307, 240), (370307, 241), (370307, 242), (370307, 243), (370307, 244), (370307, 245), (370307, 246), (370307, 247), (370307, 248), (370307, 249), (370307, 250), (370307, 251), (370307, 252), (370307, 253), (370307, 254), (370307, 255), (370307, 256), (370307, 257), (370307, 258), (370307, 259), (370307, 260), (370307, 261), (370307, 262), (370307, 263), (370307, 264), (370307, 265), (370307, 266), (370307, 267), (370307, 268), (370307, 269), (370307, 270), (370307, 271), (370307, 272), (370307, 273), (370307, 274), (370307, 275), (370307, 276), (370307, 277), (370307, 278), (370307, 279), (370307, 280), (370307, 281), (370307, 282), (370307, 283), (370307, 284), (370307, 285), (370307, 286), (370307, 287), (370307, 288), (370307, 289), (370307, 290), (370307, 291), (370307, 292), (370307, 293), (370307, 294), (370307, 295), (370307, 296), (370307, 297), (370307, 298), (370307, 299), (370307, 300), (370307, 301), (370307, 302), (370307, 303), (370307, 304), (370307, 305), (370307, 306), (370307, 307), (370307, 308), (370307, 309), (370307, 310), (370307, 311), (370307, 312), (370307, 313), (370307, 314), (370307, 315), (370307, 316), (370307, 317), (370307, 318), (370307, 319), (370307, 320), (370307, 321), (370307, 322), (370307, 323), (370307, 324), (370307, 325), (370307, 326), (370307, 327), (370307, 328), (370307, 329), (370307, 330), (370307, 331), (370307, 332), (370307, 333), (370307, 334), (370307, 335), (370307, 336), (370307, 337), (370307, 338), (370307, 339), (370307, 340), (370307, 341), (370307, 342), (370307, 343), (370307, 344), (370307, 345), (370307, 346), (370307, 347), (370307, 348), (370307, 349), (370307, 350), (370307, 351), (370307, 352), (370307, 353), (370307, 354), (370307, 355), (370307, 356), (370307, 357), (370307, 358), (370307, 359), (370307, 360), (370307, 361), (370307, 362), (370307, 363), (370307, 364), (370307, 365), (370307, 366), (370307, 367), (370307, 368), (370307, 369), (370307, 370), (370307, 371), (370307, 372), (370307, 373), (370307, 374), (370307, 375), (370307, 376), (370307, 377), (370307, 378), (370307, 379), (370307, 380), (370307, 381), (370307, 382), (370307, 383), (370307, 384), (370307, 385), (370307, 386), (370307, 387), (370307, 388), (370307, 389), (370307, 390), (370307, 391), (370307, 392), (370307, 393), (370307, 394), (370307, 395), (370307, 396), (370307, 397), (370307, 398), (370307, 399), (370307, 400), (370307, 401), (370307, 402), (370307, 403), (370307, 404), (370307, 405), (370307, 406), (370307, 407), (370307, 408), (370307, 409), (370307, 410), (370307, 411), (370307, 412), (370307, 413), (370307, 414), (370307, 415), (370307, 416), (370307, 417), (370307, 418), (370307, 419), (370307, 420), (370307, 421), (370307, 422), (370307, 423), (370307, 424), (370307, 425), (370307, 426), (370307, 427), (370307, 428), (370307, 429), (370307, 430), (370307, 431), (370307, 432), (370307, 433), (370307, 434), (370307, 435), (370307, 436), (370307, 437), (370307, 438), (370307, 439), (370307, 440), (370307, 441), (370307, 442), (370307, 443), (370307, 444), (370307, 445), (370307, 446), (370307, 447), (370307, 448), (370307, 449), (370307, 450), (370307, 451), (370307, 452), (370307, 453), (370307, 454), (370307, 455), (370307, 456), (370307, 457), (370307, 458), (370307, 459), (370307, 460), (370307, 461), (370307, 462), (370307, 463), (370307, 464), (370307, 465), (370307, 466), (370307, 467), (370307, 468), (370307, 469), (370307, 470), (370307, 471), (370307, 472), (370307, 473), (370307, 474), (370307, 475), (370307, 476), (370307, 477), (370307, 478), (370307, 479), (370307, 480), (370307, 481), (370307, 482), (370307, 483), (370307, 484), (370307, 485), (370307, 486), (370307, 487), (370307, 488), (370307, 489), (370307, 490), (370307, 491), (370307, 492), (370307, 493), (370307, 494), (370307, 495), (370307, 496), (370307, 497), (370307, 498), (370307, 499), (370307, 500), (370307, 501), (370307, 502), (370307, 503), (370307, 504), (370307, 505), (370307, 506), (370307, 507), (370307, 508), (370307, 509), (370307, 510), (370307, 511), (370307, 512), (370307, 513), (370307, 514), (370307, 515), (370307, 516), (370307, 517), (370307, 518), (370307, 519), (370307, 520), (370307, 521), (370307, 522), (370307, 523), (370307, 524), (370307, 525), (370307, 526), (370307, 527), (370307, 528), (370307, 529), (370307, 530), (370307, 531), (370307, 532), (370307, 533), (370307, 534), (370307, 535), (370307, 536), (370307, 537), (370307, 538), (370307, 539), (370307, 540), (370307, 541), (370307, 542), (370307, 543), (370307, 544), (370307, 545), (370307, 546), (370307, 547), (370307, 548), (370307, 549), (370307, 550), (370307, 551), (370307, 552), (370307, 553), (370307, 554), (370307, 555), (370307, 556), (370307, 557), (370307, 558), (370307, 559), (370307, 560), (370307, 561), (370307, 562), (370307, 563), (370307, 564), (370307, 565), (370307, 566), (370307, 567), (370307, 568), (370307, 569), (370307, 570), (370307, 571), (370307, 572), (370307, 573), (370307, 574), (370307, 575), (370307, 576), (370307, 577), (370307, 578), (370307, 579), (370307, 580), (370307, 581), (370307, 582), (370307, 583), (370307, 584), (370307, 585), (370307, 586), (370307, 587), (370307, 588), (370307, 589), (370307, 590), (370307, 591), (370307, 592), (370307, 593), (370307, 594), (370307, 595), (370307, 596), (370307, 597), (370307, 598), (370307, 599), (370307, 600), (370307, 601), (370307, 602), (370307, 603), (370307, 604), (370307, 605), (370307, 606), (370307, 607), (370307, 608), (370307, 609), (370307, 610), (370307, 611), (370307, 612), (370307, 613), (370307, 614), (370307, 615), (370307, 616), (370307, 617), (370307, 618), (370307, 619), (370307, 620), (370307, 621), (370307, 622), (370307, 623), (370307, 624), (370307, 625), (370307, 626), (370307, 627), (370307, 628), (370307, 629), (370307, 630), (370307, 631), (370307, 632), (370307, 633), (370307, 634), (370307, 635), (370307, 636), (370307, 637), (370307, 638), (370307, 639), (370307, 640), (370307, 641), (370307, 642), (370307, 643), (370307, 644), (370307, 645), (370307, 646), (370307, 647), (370307, 648), (370307, 649), (370307, 650), (370307, 651), (370307, 652), (370307, 653), (370307, 654), (370307, 655), (370307, 656), (370307, 657), (370307, 658), (370307, 659), (370307, 660), (370307, 661), (370307, 662), (370307, 663), (370307, 664), (370307, 665), (370307, 666), (370307, 667), (370307, 668), (370307, 669), (370307, 670), (370307, 671), (370307, 672), (370307, 673), (370307, 674), (370307, 675), (370307, 676), (370307, 677), (370307, 678), (370307, 679), (370307, 680), (370307, 681), (370307, 682), (370307, 683), (370307, 684), (370307, 685), (370307, 686), (370307, 687), (370307, 688), (370307, 689), (370307, 690), (370307, 691), (370307, 692), (370307, 693), (370307, 694), (370307, 695), (370307, 696), (370307, 697), (370307, 698), (370307, 699), (370307, 700), (370307, 701), (370307, 702), (370307, 703), (370307, 704), (370307, 705), (370307, 706), (370307, 707), (370307, 708), (370304, 1), (370304, 2), (370304, 3), (370304, 4), (370304, 5), (370304, 6), (370304, 7), (370304, 8), (370304, 9), (370304, 10), (370304, 11), (370304, 12), (370304, 13), (370304, 14), (370304, 15), (370304, 16), (370304, 17), (370304, 18), (370304, 19), (370304, 20), (370304, 21), (370304, 22), (370304, 23), (370304, 24), (370304, 25), (370304, 26), (370304, 27), (370304, 28), (370304, 29), (370304, 30), (370304, 31), (370304, 32), (370304, 33), (370304, 34), (370304, 35), (370304, 36), (370304, 37), (370304, 38), (370304, 39), (370304, 40), (370304, 41), (370304, 42), (370304, 43), (370304, 44), (370304, 45), (370304, 46), (370304, 47), (370304, 48), (370304, 49), (370304, 50), (370304, 51), (370304, 52), (370304, 53), (370304, 54), (370304, 55), (370304, 56), (370304, 57), (370304, 58), (370304, 59), (370304, 60), (370304, 61), (370304, 62), (370304, 63), (370304, 64), (370304, 65), (370304, 66), (370304, 67), (370304, 68), (370304, 69), (370304, 70), (370304, 71), (370304, 72), (370304, 73), (370304, 74), (370304, 75), (370304, 76), (370304, 77), (370304, 78), (370304, 79), (370304, 80), (370304, 81), (370304, 82), (370304, 83), (370304, 84), (370304, 85), (370304, 86), (370304, 87), (370304, 88), (370304, 89), (370304, 90), (370304, 91), (370304, 92), (370304, 93), (370304, 94), (370304, 95), (370304, 96), (370304, 97), (370304, 98), (370304, 99), (370304, 100), (370304, 101), (370304, 102), (370304, 103), (370304, 104), (370304, 105), (370304, 106), (370304, 107), (370304, 108), (370304, 109), (370304, 110), (370304, 111), (370304, 112), (370304, 113), (370304, 114), (370304, 115), (370304, 116), (370304, 117), (370304, 118), (370304, 119), (370304, 120), (370304, 121), (370304, 122), (370304, 123), (370304, 124), (370304, 125), (370304, 126), (370304, 127), (370304, 128), (370304, 129), (370304, 130), (370304, 131), (370304, 132), (370304, 133), (370304, 134), (370304, 135), (370304, 136), (370304, 137), (370304, 138), (370304, 139), (370304, 140), (370304, 141), (370304, 142), (370304, 143), (370304, 144), (370304, 145), (370304, 146), (370304, 147), (370304, 148), (370304, 149), (370304, 150), (370304, 151), (370304, 152), (370304, 153), (370304, 154), (370304, 155), (370304, 156), (370304, 157), (370304, 158), (370304, 159), (370304, 160), (370304, 161), (370304, 162), (370304, 163), (370304, 164), (370304, 165), (370304, 166), (370304, 167), (370304, 168), (370304, 169), (370304, 170), (370304, 171), (370304, 172), (370304, 173), (370304, 174), (370304, 175), (370304, 176), (370304, 177), (370304, 178), (370304, 179), (370304, 180), (370304, 181), (370304, 182), (370304, 183), (370304, 184), (370304, 185), (370304, 186), (370304, 187), (370304, 188), (370304, 189), (370304, 190), (370304, 191), (370304, 192), (370304, 193), (370304, 194), (370304, 195), (370304, 196), (370304, 197), (370304, 198), (370304, 199), (370304, 200), (370304, 201), (370304, 202), (370304, 203), (370304, 204), (370304, 205), (370304, 206), (370304, 207), (370304, 208), (370304, 209), (370304, 210), (370304, 211), (370304, 212), (370304, 213), (370304, 214), (370304, 215), (370304, 216), (370304, 217), (370304, 218), (370304, 219), (370304, 220), (370304, 221), (370304, 222), (370304, 223), (370304, 224), (370304, 225), (370304, 226), (370304, 227), (370304, 228), (370304, 229), (370304, 230), (370304, 231), (370304, 232), (370304, 233), (370304, 234), (370304, 235), (370304, 236), (370304, 237), (370304, 238), (370304, 239), (370304, 240), (370304, 241), (370304, 242), (370304, 243), (370304, 244), (370304, 245), (370304, 246), (370304, 247), (370304, 248), (370304, 249), (370304, 250), (370304, 251), (370304, 252), (370304, 253), (370304, 254), (370304, 255), (370304, 256), (370304, 257), (370304, 258), (370304, 259), (370304, 260), (370304, 261), (370304, 262), (370304, 263), (370304, 264), (370304, 265), (370304, 266), (370304, 267), (370304, 268), (370304, 269), (370304, 270), (370304, 271), (370304, 272), (370304, 273), (370304, 274), (370304, 275), (370304, 276), (370304, 277), (370304, 278), (370304, 279), (370304, 280), (370304, 281), (370304, 282), (370304, 283), (370304, 284), (370304, 285), (370304, 286), (370304, 287), (370304, 288), (370304, 289), (370304, 290), (370304, 291), (370304, 292), (370304, 293), (370304, 294), (370304, 295), (370304, 296), (370304, 297), (370304, 298), (370304, 299), (370304, 300), (370304, 301), (370304, 302), (370304, 303), (370304, 304), (370304, 305), (370304, 306), (370304, 307), (370304, 308), (370304, 309), (370304, 310), (370304, 311), (370304, 312), (370304, 313), (370304, 314), (370304, 315), (370304, 316), (370304, 317), (370304, 318), (370304, 319), (370304, 320), (370304, 321), (370304, 322), (370304, 323), (370304, 324), (370304, 325), (370304, 326), (370304, 327), (370300, 1), (370300, 2), (370300, 3), (370300, 4), (370300, 5), (370300, 6), (370300, 7), (370300, 8), (370300, 9), (370300, 10), (370300, 11), (370300, 12), (370300, 13), (370300, 14), (370300, 15), (370300, 16), (370300, 17), (370300, 18), (370300, 19), (370300, 20), (370300, 21), (370300, 22), (370300, 23), (370300, 24), (370300, 25), (370300, 26), (370300, 27), (370300, 28), (370300, 29), (370300, 30), (370300, 31), (370300, 32), (370300, 33), (370300, 34), (370300, 35), (370300, 36), (370300, 37), (370300, 38), (370300, 39), (370300, 40), (370300, 41), (370300, 42), (370300, 43), (370300, 44), (370300, 45), (370300, 46), (370300, 47), (370300, 48), (370300, 49), (370300, 50), (370300, 51), (370300, 52), (370300, 53), (370300, 54), (370300, 55), (370300, 56), (370300, 57), (370300, 58), (370300, 59), (370300, 60), (370300, 61), (370300, 62), (370300, 63), (370300, 64), (370300, 65), (370300, 66), (370300, 67), (370300, 68), (370300, 69), (370300, 70), (370300, 71), (370300, 72), (370300, 73), (370300, 74), (370300, 75), (370300, 76), (370300, 77), (370300, 78), (370300, 79), (370300, 80), (370300, 81), (370300, 82), (370300, 83), (370300, 84), (370300, 85), (370300, 86), (370300, 87), (370300, 88), (370300, 89), (370300, 90), (370300, 91), (370300, 92), (370300, 93), (370300, 94), (370300, 95), (370300, 96), (370300, 97), (370300, 98), (370300, 99), (370300, 100), (370300, 101), (370300, 102), (370300, 103), (370300, 104), (370300, 105), (370300, 106), (370300, 107), (370300, 108), (370300, 109), (370300, 110), (370300, 111), (370300, 112), (370300, 113), (370300, 114), (370300, 115), (370300, 116), (370300, 117), (370300, 118), (370300, 119), (370300, 120), (370300, 121), (370300, 122), (370300, 123), (370300, 124), (370300, 125), (370300, 126), (370300, 127), (370300, 128), (370300, 129), (370300, 130), (370300, 131), (370300, 132), (370300, 133), (370300, 134), (370300, 135), (370300, 136), (370300, 137), (370300, 138), (370300, 139), (370300, 140), (370300, 141), (370300, 142), (370300, 143), (370300, 144), (370300, 145), (370300, 146), (370300, 147), (370300, 148), (370300, 149), (370300, 150), (370300, 151), (370300, 152), (370300, 153), (370300, 154), (370300, 155), (370300, 156), (370300, 157), (370300, 158), (370300, 159), (370300, 160), (370300, 161), (370300, 162), (370300, 163), (370300, 164), (370300, 165), (370300, 166), (370300, 167), (370300, 168), (370300, 169), (370300, 170), (370300, 171), (370300, 172), (370300, 173), (370300, 174), (370300, 175), (370300, 176), (370300, 177), (370300, 178), (370300, 179), (370300, 180), (370300, 181), (370300, 182), (370300, 183), (370300, 184), (370300, 185), (370300, 186), (370300, 187), (370300, 188), (370300, 189), (370300, 190), (370300, 191), (370300, 192), (370300, 193), (370300, 194), (370300, 195), (370300, 196), (370300, 197), (370300, 198), (370300, 199), (370300, 200), (370300, 201), (370300, 202), (370300, 203), (370300, 204), (370300, 205), (370300, 206), (370300, 207), (370300, 208), (370300, 209), (370300, 210), (370300, 211), (370300, 212), (370300, 213), (370300, 214), (370300, 215), (370300, 216), (370300, 217), (370300, 218), (370300, 219), (370300, 220), (370300, 221), (370300, 222), (370300, 223), (370300, 224), (370300, 225), (370300, 226), (370300, 227), (370300, 228), (370300, 229), (370300, 230), (370300, 231), (370300, 232), (370300, 233), (370300, 234), (370300, 235), (370300, 236), (370300, 237), (370300, 238), (370300, 239), (370300, 240), (370300, 241), (370300, 242), (370300, 243), (370300, 244), (370300, 245), (370300, 246), (370300, 247), (370300, 248), (370300, 249), (370300, 250), (370300, 251), (370300, 252), (370300, 253), (370300, 254), (370300, 255), (370300, 256), (370300, 257), (370300, 258), (370300, 259), (370300, 260), (370300, 261), (370300, 262), (370300, 263), (370300, 264), (370300, 265), (370300, 266), (370300, 267), (370300, 268), (370300, 269), (370300, 270), (370300, 271), (370300, 272), (370300, 273), (370300, 274), (370300, 275), (370300, 276), (370300, 277), (370300, 278), (370300, 279), (370300, 280), (370300, 281), (370300, 282), (370300, 283), (370300, 284), (370300, 285), (370300, 286), (370300, 287), (370300, 288), (370300, 289), (370300, 290), (370300, 291), (370300, 292), (370300, 293), (370300, 294), (370300, 295), (370300, 296), (370300, 297), (370300, 298), (370300, 299), (370300, 300), (370300, 301), (370300, 302), (370300, 303), (370300, 304), (370300, 305), (370300, 306), (370300, 307), (370300, 308), (370300, 309), (370300, 310), (370300, 311), (370300, 312), (370300, 313), (370300, 314), (370300, 315), (370300, 316), (370300, 317), (370300, 318), (370300, 319), (370300, 320), (370300, 321), (370300, 322), (370300, 323), (370300, 324), (370300, 325), (370300, 326), (370300, 327), (370300, 328), (370300, 329), (370300, 330), (370300, 331), (370300, 332), (370300, 333), (370300, 334), (370300, 335), (370300, 336), (370300, 337), (370300, 338), (370300, 339), (370300, 340), (370300, 341), (370300, 342), (370300, 343), (370300, 344), (370300, 345), (370300, 346), (370300, 347), (370300, 348), (370300, 349), (370300, 350), (370300, 351), (370300, 352), (370300, 353), (370300, 354), (370300, 355), (370300, 356), (370300, 357), (370300, 358), (370300, 359), (370300, 360), (370300, 361), (370300, 362), (370300, 363), (370300, 364), (370300, 365), (370300, 366), (370300, 367), (370300, 368), (370300, 369), (370300, 370), (370300, 371), (370300, 372), (370300, 373), (370300, 374), (370300, 375), (370300, 376), (370300, 377), (370300, 378), (370300, 379), (370300, 380), (370300, 381), (370300, 382), (370300, 383), (370300, 384), (370300, 385), (370300, 386), (370300, 387), (370300, 388), (370300, 389), (370300, 390), (370300, 391), (370300, 392), (370300, 393), (370300, 394), (370300, 395), (370300, 396), (370300, 397), (370300, 398), (370300, 399), (370300, 400), (370300, 401), (370300, 402), (370300, 403), (370300, 404), (370300, 405), (370300, 406), (370300, 407), (370300, 408), (370300, 409), (370300, 410), (370300, 411), (370300, 412), (370300, 413), (370300, 414), (370300, 415), (370300, 416), (370300, 417), (370300, 418), (370300, 419), (370300, 420), (370300, 421), (370300, 422), (370300, 423), (370300, 424), (370300, 425), (370300, 426), (370300, 427), (370300, 428), (370300, 429), (370300, 430), (370300, 431), (370300, 432), (370300, 433), (370300, 434), (370300, 435), (370300, 436), (370300, 437), (370300, 438), (370300, 439), (370300, 440), (370300, 441), (370300, 442), (370300, 443), (370300, 444), (370300, 445), (370300, 446), (370300, 447), (370300, 448), (370300, 449), (370300, 450), (370300, 451), (370300, 452), (370300, 453), (370300, 454), (370300, 455), (370300, 456), (370300, 457), (370300, 458), (370300, 459), (370300, 460), (370300, 461), (370300, 462), (370300, 463), (370300, 464), (370300, 465), (370300, 466), (370300, 467), (370300, 468), (370300, 469), (370300, 470), (370300, 471), (370300, 472), (370300, 473), (370300, 474), (370300, 475), (370300, 476), (370300, 477), (370300, 478), (370300, 479), (370300, 480), (370300, 481), (370300, 482), (370300, 483), (370300, 484), (370300, 485), (370300, 486), (370300, 487), (370300, 488), (370300, 489), (370300, 490), (370300, 491), (370300, 492), (370300, 493), (370300, 494), (370300, 495), (370300, 496), (370300, 497), (370300, 498), (370300, 499), (370300, 500), (370300, 501), (370300, 502), (370300, 503), (370300, 504), (370300, 505), (370300, 506), (370300, 507), (370300, 508), (370300, 509), (370300, 510), (370300, 511), (370300, 512), (370300, 513), (370300, 514), (370300, 515), (370300, 516), (370300, 517), (370300, 518), (370300, 519), (370300, 520), (370300, 521), (370300, 522), (370300, 523), (370300, 524), (370300, 525), (370300, 526), (370300, 527), (370300, 528), (370300, 529), (370300, 530), (370300, 531), (370300, 532), (370300, 533), (370300, 534), (370300, 535), (370300, 536), (370300, 537), (370300, 538), (370300, 539), (370300, 540), (370300, 541), (370300, 542), (370300, 543), (370300, 544), (370300, 545), (370300, 546), (370300, 547), (370300, 548), (370300, 549), (370300, 550), (370300, 551), (370300, 552), (370300, 553), (370300, 554), (370300, 555), (370300, 556), (370300, 557), (370300, 558), (370300, 559), (370300, 560), (370300, 561), (370300, 562), (370300, 563), (370300, 564), (370300, 565), (370300, 566), (370300, 567), (370300, 568), (370300, 569), (370300, 570), (370300, 571), (370300, 572), (370300, 573), (370300, 574), (370300, 575), (370300, 576), (370300, 577), (370300, 578), (370300, 579), (370300, 580), (370300, 581), (370300, 582), (370300, 583), (370300, 584), (370300, 585), (370300, 586), (370300, 587), (370300, 588), (370300, 589), (370300, 590), (370300, 591), (370300, 592), (370300, 593), (370300, 594), (370300, 595), (370300, 596), (370300, 597), (370300, 598), (370300, 599), (370300, 600), (370300, 601), (370300, 602), (370300, 603), (370300, 604), (370300, 605), (370300, 606), (370300, 607), (370300, 608), (370300, 609), (370300, 610), (370300, 611), (370300, 612), (370300, 613), (370300, 614), (370300, 615), (370300, 616), (370300, 617), (370300, 618), (370300, 619), (370300, 620), (370300, 621), (370300, 622), (370300, 623), (370300, 624), (370300, 625), (370300, 626), (370300, 627), (370300, 628), (370300, 629), (370300, 630), (370300, 631), (370300, 632), (370300, 633), (370300, 634), (370300, 635), (370300, 636), (370300, 637), (370300, 638), (370300, 639), (370300, 640), (370300, 641), (370300, 642), (370300, 643), (370300, 644), (370300, 645), (370300, 646), (370300, 647), (370300, 648), (370300, 649), (370300, 650), (370300, 651), (370300, 652), (370300, 653), (370300, 654), (370300, 655), (370300, 656), (370300, 657), (370300, 658), (370300, 659), (370300, 660), (370300, 661), (370300, 662), (370300, 663), (370300, 664), (370300, 665), (370300, 666), (370300, 667), (370300, 668), (370300, 669), (370300, 670), (370300, 671), (370300, 672), (370300, 673), (370300, 674), (370300, 675), (370300, 676), (370300, 677), (370300, 678), (370300, 679), (370300, 680), (370300, 681), (370300, 682), (370300, 683), (370300, 684), (370300, 685), (370300, 686), (370300, 687), (370300, 688), (370300, 689), (370300, 690), (370300, 691), (370300, 692), (370300, 693), (370300, 694), (370300, 695), (370300, 696), (370300, 697), (370300, 698), (370300, 699), (370300, 700), (370300, 701), (370300, 702), (370300, 703), (370300, 704), (370300, 705), (370300, 706), (370300, 707), (370300, 708), (370300, 709), (370300, 710), (370300, 711), (370300, 712), (370300, 713), (370300, 714), (370300, 715), (370300, 716), (370300, 717), (370300, 718), (370300, 719), (370300, 720), (370300, 721), (370300, 722), (370300, 723), (370300, 724), (370300, 725), (370300, 726), (370300, 727), (370300, 728), (370300, 729), (370300, 730), (370300, 731), (370300, 732), (370300, 733), (370300, 734), (370300, 735), (370300, 736), (370300, 737), (370300, 738), (370300, 739), (370300, 740), (370300, 741), (370300, 742), (370300, 743), (370300, 744), (370300, 745), (370300, 746), (370300, 747), (370300, 748), (370300, 749), (370300, 750), (370300, 751), (370300, 752), (370300, 753), (370300, 754), (370300, 755), (370300, 756), (370300, 757), (370300, 758), (370300, 759), (370300, 760), (370300, 761), (370300, 762), (370300, 763), (370300, 764), (370300, 765), (370300, 766), (370300, 767), (370300, 768), (370300, 769), (370300, 770), (370300, 771), (370300, 772), (370300, 773), (370300, 774), (370300, 775), (370300, 776), (370300, 777), (370300, 778), (370300, 779), (370300, 780), (370300, 781), (370300, 782), (370300, 783), (370300, 784), (370300, 785), (370300, 786), (370300, 787), (370300, 788), (370300, 789), (370300, 790), (370300, 791), (370300, 792), (370300, 793), (370300, 794), (370300, 795), (370300, 796), (370300, 797), (370300, 798), (370300, 799), (370300, 800), (370300, 801), (370300, 802), (370300, 803), (370300, 804), (370300, 805), (370300, 806), (370300, 807), (370300, 808), (370300, 809), (370300, 810), (370300, 811), (370300, 812), (370300, 813), (370300, 814), (370300, 815), (370300, 816), (370300, 817), (370300, 818), (370300, 819), (370300, 820), (370300, 821), (370300, 822), (370300, 823), (370300, 824), (370300, 825), (370300, 826), (370300, 827), (370300, 828), (370300, 829), (370300, 830), (370300, 831), (370300, 832), (370300, 833), (370300, 834), (370300, 835), (370300, 836), (370300, 837), (370300, 838), (370300, 839), (370300, 840), (370300, 841), (370300, 842), (370300, 843), (370300, 844), (370300, 845), (370300, 846), (370300, 847), (370300, 848), (370300, 849), (370300, 850), (370300, 851), (370300, 852), (370300, 853), (370300, 854), (370300, 855), (370300, 856), (370300, 857), (370300, 858), (370300, 859), (370300, 860), (370300, 861), (370300, 862), (370300, 863), (370300, 864), (370300, 865), (370300, 866), (370300, 867), (370300, 868), (370300, 869), (370300, 870), (370300, 871), (370300, 872), (370300, 873), (370300, 874), (370300, 875), (370300, 876), (370300, 877), (370300, 878), (370300, 879), (370300, 880), (370300, 881), (370300, 882), (370300, 883), (370300, 884), (370300, 885), (370300, 886), (370300, 887), (370300, 888), (370300, 889), (370300, 890), (370300, 891), (370300, 892), (370300, 893), (370300, 894), (370300, 895), (370300, 896), (370300, 897), (370300, 898), (370300, 899), (370300, 900), (370300, 901), (370300, 902), (370300, 903), (370300, 904), (370300, 905), (370300, 906), (370300, 907), (370300, 908), (370300, 909), (370300, 910), (370300, 911), (370300, 912), (370300, 913), (370300, 914), (370300, 915), (370300, 916), (370300, 917), (370300, 918), (370300, 919), (370300, 920), (370300, 921), (370300, 922), (370300, 923), (370300, 924), (370300, 925), (370300, 926), (370300, 927), (370300, 928), (370300, 929), (370300, 930), (370300, 931), (370300, 932), (370300, 933), (370300, 934), (370300, 935), (370300, 936), (370300, 937), (370300, 938), (370300, 939), (370300, 940), (370300, 941), (370300, 942), (370300, 943), (370300, 944), (370300, 945), (370300, 946), (370300, 947), (370300, 948), (370300, 949), (370300, 950), (370300, 951), (370300, 952), (370300, 953), (370300, 954), (370300, 955), (370300, 956), (370300, 957), (370300, 958), (370300, 959), (370300, 960), (370300, 961), (370300, 962), (370294, 1), (370294, 2), (370294, 3), (370294, 4), (370294, 5), (370294, 6), (370294, 7), (370294, 8), (370294, 9), (370294, 10), (370294, 11), (370294, 12), (370294, 13), (370294, 14), (370294, 15), (370294, 16), (370294, 17), (370294, 18), (370294, 19), (370294, 20), (370294, 21), (370294, 22), (370294, 23), (370294, 24), (370294, 25), (370294, 26), (370294, 27), (370294, 28), (370294, 29), (370294, 30), (370294, 31), (370294, 32), (370294, 33), (370294, 34), (370294, 35), (370294, 36), (370294, 37), (370294, 38), (370294, 39), (370294, 40), (370294, 41), (370294, 42), (370294, 43), (370294, 44), (370294, 45), (370294, 46), (370294, 47), (370294, 48), (370294, 49), (370294, 50), (370294, 51), (370294, 52), (370294, 53), (370294, 54), (370294, 55), (370294, 56), (370294, 57), (370294, 58), (370294, 59), (370294, 60), (370294, 61), (370294, 62), (370294, 63), (370294, 64), (370294, 65), (370294, 66), (370294, 67), (370294, 68), (370294, 69), (370294, 70), (370294, 71), (370294, 72), (370294, 73), (370294, 74), (370294, 75), (370294, 76), (370294, 77), (370294, 78), (370294, 79), (370294, 80), (370294, 81), (370294, 82), (370294, 83), (370294, 84), (370294, 85), (370294, 86), (370294, 87), (370294, 88), (370294, 89), (370294, 90), (370294, 91), (370294, 92), (370294, 93), (370294, 94), (370294, 95), (370294, 96), (370294, 97), (370294, 98), (370294, 99), (370294, 100), (370294, 101), (370294, 102), (370294, 103), (370294, 104), (370294, 105), (370294, 106), (370294, 107), (370294, 108), (370294, 109), (370294, 110), (370294, 111), (370294, 112), (370294, 113), (370294, 114), (370294, 115), (370294, 116), (370294, 117), (370294, 118), (370294, 119), (370294, 120), (370294, 121), (370294, 122), (370294, 123), (370294, 124), (370294, 125), (370294, 126), (370294, 127), (370294, 128), (370294, 129), (370294, 130), (370294, 131), (370294, 132), (370294, 133), (370294, 134), (370294, 135), (370294, 136), (370294, 137), (370294, 138), (370294, 139), (370294, 140), (370294, 141), (370294, 142), (370294, 143), (370294, 144), (370294, 145), (370294, 146), (370294, 147), (370294, 148), (370294, 149), (370294, 150), (370294, 151), (370294, 152), (370294, 153), (370294, 154), (370294, 155), (370294, 156), (370294, 157), (370294, 158), (370294, 159), (370294, 160), (370294, 161), (370294, 162), (370294, 163), (370294, 164), (370294, 165), (370294, 166), (370294, 167), (370294, 168), (370294, 169), (370294, 170), (370294, 171), (370294, 172), (370294, 173), (370294, 174), (370294, 175), (370294, 176), (370294, 177), (370294, 178), (370294, 179), (370294, 180), (370294, 181), (370294, 182), (370294, 183), (370294, 184), (370294, 185), (370294, 186), (370294, 187), (370294, 188), (370294, 189), (370294, 190), (370294, 191), (370294, 192), (370294, 193), (370294, 194), (370294, 195), (370294, 196), (370294, 197), (370294, 198), (370294, 199), (370294, 200), (370294, 201), (370294, 202), (370294, 203), (370294, 204), (370294, 205), (370294, 206), (370294, 207), (370294, 208), (370294, 209), (370294, 210), (370294, 211), (370294, 212), (370294, 213), (370294, 214), (370294, 215), (370294, 216), (370294, 217), (370294, 218), (370294, 219), (370294, 220), (370294, 221), (370294, 222), (370294, 223), (370294, 224), (370294, 225), (370294, 226), (370294, 227), (370294, 228), (370294, 229), (370294, 230), (370294, 231), (370294, 232), (370294, 233), (370294, 234), (370294, 235), (370294, 236), (370294, 237), (370294, 238), (370294, 239), (370294, 240), (370294, 241), (370294, 242), (370294, 243), (370294, 244), (370294, 245), (370294, 246), (370294, 247), (370294, 248), (370294, 249), (370294, 250), (370294, 251), (370294, 252), (370294, 253), (370294, 254), (370294, 255), (370294, 256), (370294, 257), (370294, 258), (370294, 259), (370294, 260), (370294, 261), (370294, 262), (370294, 263), (370294, 264), (370294, 265), (370294, 266), (370294, 267), (370294, 268), (370294, 269), (370294, 270), (370294, 271), (370294, 272), (370294, 273), (370294, 274), (370294, 275), (370294, 276), (370294, 277), (370294, 278), (370294, 279), (370294, 280), (370294, 281), (370294, 282), (370294, 283), (370294, 284), (370294, 285), (370294, 286), (370294, 287), (370294, 288), (370294, 289), (370294, 290), (370294, 291), (370294, 292), (370294, 293), (370294, 294), (370294, 295), (370294, 296), (370294, 297), (370294, 298), (370294, 299), (370294, 300), (370294, 301), (370294, 302), (370294, 303), (370294, 304), (370294, 305), (370294, 306), (370294, 307), (370294, 308), (370294, 309), (370294, 310), (370294, 311), (370294, 312), (370294, 313), (370294, 314), (370294, 315), (370294, 316), (370294, 317), (370294, 318), (370294, 319), (370294, 320), (370294, 321), (370294, 322), (370294, 323), (370294, 324), (370294, 325), (370294, 326), (370294, 327), (370294, 328), (370294, 329), (370294, 330), (370294, 331), (370294, 332), (370294, 333), (370294, 334), (370294, 335), (370294, 336), (370294, 337), (370294, 338), (370294, 339), (370294, 340), (370294, 341), (370294, 342), (370294, 343), (370294, 344), (370294, 345), (370294, 346), (370294, 347), (370294, 348), (370294, 349), (370294, 350), (370294, 351), (370294, 352), (370294, 353), (370294, 354), (370294, 355), (370294, 356), (370294, 357), (370294, 358), (370294, 359), (370294, 360), (370294, 361), (370294, 362), (370294, 363), (370294, 364), (370294, 365), (370294, 366), (370294, 367), (370294, 368), (370294, 369), (370294, 370), (370294, 371), (370294, 372), (370294, 373), (370294, 374), (370294, 375), (370294, 376), (370294, 377), (370294, 378), (370294, 379), (370294, 380), (370294, 381), (370294, 382), (370294, 383), (370294, 384), (370294, 385), (370294, 386), (370294, 387), (370294, 388), (370294, 389), (370294, 390), (370294, 391), (370294, 392), (370294, 393), (370294, 394), (370294, 395), (370294, 396), (370294, 397), (370294, 398), (370294, 399), (370294, 400), (370294, 401), (370294, 402), (370294, 403), (370294, 404), (370294, 405), (370294, 406), (370294, 407), (370294, 408), (370294, 409), (370294, 410), (370294, 411), (370294, 412), (370294, 413), (370294, 414), (370294, 415), (370294, 416), (370294, 417), (370294, 418), (370294, 419), (370294, 420), (370294, 421), (370294, 422), (370294, 423), (370294, 424), (370294, 425), (370294, 426), (370294, 427), (370294, 428), (370294, 429), (370294, 430), (370294, 431), (370294, 432), (370294, 433), (370294, 434), (370294, 435), (370294, 436), (370294, 437), (370294, 438), (370294, 439), (370294, 440), (370294, 441), (370294, 442), (370294, 443), (370294, 444), (370294, 445), (370294, 446), (370294, 447), (370294, 448), (370294, 449), (370294, 450), (370294, 451), (370294, 452), (370294, 453), (370294, 454), (370294, 455), (370294, 456), (370294, 457), (370294, 458), (370294, 459), (370294, 460), (370294, 461), (370294, 462), (370294, 463), (370294, 464), (370294, 465), (370294, 466), (370294, 467), (370294, 468), (370294, 469), (370294, 470), (370294, 471), (370294, 472), (370294, 473), (370294, 474), (370294, 475), (370294, 476), (370294, 477), (370294, 478), (370294, 479), (370294, 480), (370294, 481), (370294, 482), (370294, 483), (370294, 484), (370294, 485), (370294, 486), (370294, 487), (370294, 488), (370294, 489), (370294, 490), (370294, 491), (370294, 492), (370294, 493), (370294, 494), (370294, 495), (370294, 496), (370294, 497), (370294, 498), (370294, 499), (370294, 500), (370294, 501), (370294, 502), (370294, 503), (370294, 504), (370294, 505), (370294, 506), (370294, 507), (370294, 508), (370294, 509), (370294, 510), (370294, 511), (370294, 512), (370294, 513), (370294, 514), (370294, 515), (370294, 516), (370294, 517), (370294, 518), (370294, 519), (370294, 520), (370294, 521), (370294, 522), (370294, 523), (370294, 524), (370294, 525), (370294, 526), (370294, 527), (370294, 528), (370294, 529), (370294, 530), (370294, 531), (370294, 532), (370294, 533), (370294, 534), (370294, 535), (370294, 536), (370294, 537), (370294, 538), (370294, 539), (370294, 540), (370294, 541), (370294, 542), (370294, 543), (370294, 544), (370294, 545), (370294, 546), (370294, 547), (370294, 548), (370294, 549), (370294, 550), (370294, 551), (370294, 552), (370294, 553), (370294, 554), (370294, 555), (370294, 556), (370294, 557), (370294, 558), (370294, 559), (370294, 560), (370294, 561), (370294, 562), (370294, 563), (370294, 564), (370294, 565), (370294, 566), (370294, 567), (370294, 568), (370294, 569), (370294, 570), (370294, 571), (370294, 572), (370294, 573), (370294, 574), (370294, 575), (370294, 576), (370294, 577), (370294, 578), (370294, 579), (370294, 580), (370294, 581), (370294, 582), (370294, 583), (370294, 584), (370294, 585), (370294, 586), (370294, 587), (370294, 588), (370294, 589), (370294, 590), (370294, 591), (370294, 592), (370294, 593), (370294, 594), (370294, 595), (370294, 596), (370294, 597), (370294, 598), (370294, 599), (370294, 600), (370294, 601), (370294, 602), (370294, 603), (370294, 604), (370294, 605), (370294, 606), (370294, 607), (370294, 608), (370294, 609), (370294, 610), (370294, 611), (370294, 612), (370294, 613), (370294, 614), (370294, 615), (370294, 616), (370294, 617), (370294, 618), (370294, 619), (370294, 620), (370294, 621), (370294, 622), (370294, 623), (370294, 624), (370294, 625), (370294, 626), (370294, 627), (370294, 628), (370294, 629), (370294, 630), (370294, 631), (370294, 632), (370294, 633), (370294, 634), (370294, 635), (370294, 636), (370294, 637), (370294, 638), (370294, 639), (370294, 640), (370294, 641), (370294, 642), (370294, 643), (370294, 644), (370294, 645), (370294, 646), (370294, 647), (370294, 648), (370294, 649), (370294, 650), (370294, 651), (370294, 652), (370294, 653), (370294, 654), (370294, 655), (370294, 656), (370294, 657), (370294, 658), (370294, 659), (370294, 660), (370294, 661), (370294, 662), (370294, 663), (370294, 664), (370294, 665), (370294, 666), (370294, 667), (370294, 668), (370293, 39), (370293, 40), (370293, 41), (370293, 42), (370293, 43), (370293, 44), (370293, 45), (370293, 46), (370293, 47), (370293, 48), (370293, 49), (370293, 50), (370293, 51), (370293, 52), (370293, 53), (370293, 54), (370293, 55), (370293, 56), (370293, 57), (370293, 58), (370293, 59), (370293, 60), (370293, 61), (370293, 62), (370293, 63), (370293, 64), (370293, 65), (370293, 66), (370293, 67), (370293, 68), (370293, 69), (370293, 70), (370293, 71), (370293, 72), (370293, 73), (370293, 74), (370293, 75), (370293, 76), (370293, 77), (370293, 78), (370293, 79), (370293, 80), (370293, 81), (370293, 82), (370293, 83), (370293, 84), (370293, 85), (370293, 86), (370293, 87), (370293, 88), (370293, 89), (370293, 90), (370293, 91), (370293, 92), (370293, 93), (370293, 94), (370293, 95), (370293, 96), (370293, 97), (370293, 98), (370293, 99), (370293, 100), (370293, 101), (370293, 102), (370293, 103), (370293, 104), (370293, 105), (370293, 106), (370293, 107), (370293, 108), (370293, 109), (370293, 110), (370293, 111), (370293, 112), (370293, 113), (370293, 114), (370293, 115), (370293, 116), (370293, 117), (370293, 118), (370293, 119), (370293, 120), (370293, 121), (370293, 122), (370293, 123), (370293, 124), (370293, 125), (370293, 126), (370293, 127), (370293, 128), (370293, 129), (370293, 130), (370293, 131), (370293, 132), (370293, 133), (370293, 134), (370293, 135), (370293, 136), (370293, 137), (370293, 138), (370293, 139), (370293, 140), (370293, 141), (370293, 142), (370293, 143), (370293, 144), (370293, 145), (370293, 146), (370293, 147), (370293, 148), (370293, 149), (370293, 150), (370293, 151), (370293, 152), (370293, 153), (370293, 154), (370293, 155), (370293, 156), (370293, 157), (370293, 158), (370293, 159), (370293, 160), (370293, 161), (370293, 162), (370293, 163), (370293, 164), (370293, 165), (370293, 166), (370293, 167), (370293, 168), (370293, 169), (370293, 170), (370293, 171), (370293, 172), (370293, 173), (370293, 174), (370293, 175), (370293, 176), (370293, 177), (370293, 178), (370293, 179), (370293, 180), (370293, 181), (370293, 182), (370293, 183), (370293, 184), (370293, 185), (370293, 186), (370293, 187), (370293, 188), (370293, 189), (370293, 190), (370293, 191), (370293, 192), (370293, 193), (370293, 194), (370293, 195), (370293, 196), (370293, 197), (370293, 198), (370293, 199), (370293, 200), (370293, 201), (370293, 202), (370293, 203), (370293, 204), (370293, 205), (370293, 206), (370293, 207), (370293, 208), (370293, 209), (370293, 210), (370293, 211), (370293, 212), (370293, 213), (370293, 214), (370293, 215), (370293, 216), (370293, 217), (370293, 218), (370293, 219), (370293, 220), (370293, 221), (370293, 222), (370293, 223), (370293, 224), (370293, 225), (370293, 226), (370293, 227), (370293, 228), (370293, 229), (370293, 230), (370293, 231), (370293, 232), (370293, 233), (370293, 234), (370293, 235), (370293, 236), (370293, 237), (370293, 238), (370293, 239), (370293, 240), (370293, 241), (370293, 242), (370293, 243), (370293, 244), (370293, 245), (370293, 246), (370293, 247), (370293, 248), (370293, 249), (370293, 250), (370293, 251), (370293, 252), (370293, 253), (370293, 254), (370293, 255), (370293, 256), (370293, 257), (370293, 258), (370293, 259), (370293, 260), (370293, 261), (370293, 262), (370293, 263), (370293, 264), (370293, 265), (370293, 266), (370293, 267), (370293, 268), (370293, 269), (370293, 270), (370293, 271), (370293, 272), (370293, 273), (370293, 274), (370293, 275), (370293, 276), (370293, 277), (370293, 278), (370293, 279), (370293, 280), (370293, 281), (370293, 282), (370293, 283), (370293, 284), (370293, 285), (370293, 286), (370293, 287), (370293, 288), (370293, 289), (370293, 290), (370293, 291), (370293, 292), (370293, 293), (370293, 294), (370293, 295), (370293, 296), (370293, 297), (370293, 298), (370293, 299), (370293, 300), (370293, 301), (370293, 302), (370293, 303), (370293, 304), (370293, 305), (370293, 306), (370293, 307), (370293, 308), (370293, 309), (370293, 310), (370293, 311), (370293, 312), (370293, 313), (370293, 314), (370293, 315), (370293, 316), (370293, 317), (370293, 318), (370293, 319), (370293, 320), (370293, 321), (370293, 322), (370293, 323), (370293, 324), (370293, 325), (370293, 326), (370293, 327), (370293, 328), (370293, 329), (370293, 330), (370293, 331), (370293, 332), (370293, 333), (370293, 334), (370293, 335), (370293, 336), (370293, 337), (370293, 338), (370293, 339), (370293, 340), (370293, 341), (370293, 342), (370293, 343), (370293, 344), (370293, 345), (370293, 346), (370293, 347), (370293, 348), (370293, 349), (370293, 350), (370293, 351), (370293, 352), (370293, 353), (370293, 354), (370293, 355), (370293, 356), (370293, 357), (370293, 358), (370293, 359), (370293, 360), (370293, 361), (370293, 362), (370293, 363), (370293, 364), (370293, 365), (370293, 366), (370293, 367), (370293, 368), (370293, 369), (370293, 370), (370293, 371), (370293, 372), (370293, 373), (370293, 374), (370293, 375), (370293, 376), (370293, 377), (370293, 378), (370293, 379), (370293, 380), (370293, 381), (370293, 382), (370293, 383), (370293, 384), (370293, 385), (370293, 386), (370293, 387), (370293, 388), (370293, 389), (370293, 390), (370293, 391), (370293, 392), (370293, 393), (370293, 394), (370293, 395), (370293, 396), (370293, 397), (370293, 398), (370293, 399), (370293, 400), (370293, 401), (370293, 402), (370293, 403), (370293, 404), (370293, 405), (370293, 406), (370293, 407), (370293, 408), (370293, 409), (370293, 410), (370293, 411), (370293, 412), (370293, 413), (370293, 414), (370293, 415), (370293, 416), (370293, 417), (370293, 418), (370293, 419), (370293, 420), (370293, 421), (370293, 422), (370293, 423), (370293, 424), (370293, 425), (370293, 426), (370293, 427), (370293, 428), (370293, 429), (370293, 430), (370293, 431), (370293, 432), (370293, 433), (370293, 434), (370293, 435), (370293, 436), (370293, 437), (370293, 438), (370293, 439), (370293, 440), (370293, 441), (370293, 442), (370293, 443), (370293, 444), (370293, 445), (370293, 446), (370293, 447), (370293, 448), (370293, 449), (370293, 450), (370293, 451), (370293, 452), (370293, 453), (370293, 454), (370293, 455), (370293, 456), (370293, 457), (370293, 458), (370293, 459), (370293, 460), (370293, 461), (370293, 462), (370293, 463), (370293, 464), (370293, 465), (370293, 466), (370293, 467), (370293, 468), (370293, 469), (370293, 470), (370293, 471), (370293, 472), (370293, 473), (370293, 474), (370293, 475), (370293, 476), (370293, 477), (370293, 478), (370293, 479), (370293, 480), (370293, 481), (370293, 482), (370293, 483), (370293, 484), (370293, 485), (370293, 486), (370293, 487), (370293, 488), (370293, 489), (370293, 490), (370293, 491), (370293, 492), (370293, 493), (370293, 494), (370293, 495), (370293, 496), (370293, 497), (370293, 498), (370293, 499), (370293, 500), (370293, 501), (370293, 502), (370293, 503), (370293, 504), (370293, 505), (370293, 506), (370293, 507), (370293, 508), (370293, 509), (370293, 510), (370293, 511), (370293, 512), (370293, 513), (370293, 514), (370293, 515), (370293, 516), (370293, 517), (370293, 518), (370293, 519), (370293, 520), (370293, 521), (370293, 522), (370293, 523), (370293, 524), (370293, 525), (370293, 526), (370293, 527), (370293, 528), (370293, 529), (370293, 530), (370293, 531), (370293, 532), (370293, 533), (370293, 534), (370293, 535), (370293, 536), (370293, 537), (370293, 538), (370293, 539), (370293, 540), (370293, 541), (370293, 542), (370293, 543), (370293, 544), (370293, 545), (370293, 546), (370293, 547), (370293, 548), (370293, 549), (370293, 550), (370293, 551), (370293, 552), (370293, 553), (370293, 554), (370293, 555), (370293, 556), (370293, 557), (370293, 558), (370293, 559), (370293, 560), (370293, 561), (370293, 562), (370293, 563), (370293, 564), (370293, 565), (370293, 566), (370293, 567), (370293, 568), (370293, 569), (370293, 570), (370293, 571), (370293, 572), (370293, 573), (370293, 574), (370293, 575), (370293, 576), (370293, 577), (370293, 578), (370293, 579), (370293, 580), (370293, 581), (370293, 582), (370293, 583), (370293, 584), (370293, 585), (370293, 586), (370293, 587), (370293, 588), (370293, 589), (370293, 590), (370293, 591), (370293, 592), (370293, 593), (370293, 594), (370293, 595), (370293, 596), (370293, 597), (370293, 598), (370293, 599), (370293, 600), (370293, 601), (370293, 602), (370293, 603), (370293, 604), (370293, 605), (370293, 606), (370293, 607), (370293, 608), (370293, 609), (370293, 610), (370293, 611), (370293, 612), (370293, 613), (370293, 614), (370293, 615), (370293, 616), (370293, 617), (370293, 618), (370293, 619), (370293, 620), (370293, 621), (370293, 622), (370293, 623), (370293, 624), (370293, 625), (370293, 626), (370293, 627), (370293, 628), (370293, 629), (370293, 630), (370293, 631), (370293, 632), (370293, 633), (370293, 634), (370293, 635), (370293, 636), (370293, 637), (370293, 638), (370293, 639), (370293, 640), (370293, 641), (370293, 642), (370293, 643), (370293, 644), (370293, 645), (370293, 646), (370293, 647), (370293, 648), (370293, 649), (370293, 650), (370293, 651), (370293, 652), (370293, 653), (370293, 654), (370293, 655), (370293, 656), (370293, 657), (370293, 658), (370293, 659), (370293, 660), (370293, 661), (370293, 662), (370293, 663), (370293, 664), (370293, 665), (370293, 666), (370293, 667), (370293, 668), (370293, 669), (370293, 670), (370293, 671), (370293, 672), (370293, 673), (370293, 674), (370293, 675), (370293, 676), (370293, 677), (370293, 678), (370293, 679), (370293, 680), (370293, 681), (370293, 682), (370293, 683), (370293, 684), (370293, 685), (370293, 686), (370293, 687), (370293, 688), (370293, 689), (370293, 690), (370293, 691), (370293, 692), (370293, 693), (370293, 694), (370293, 695), (370293, 696), (370293, 697), (370293, 698), (370293, 699), (370293, 700), (370293, 701), (370293, 702), (370293, 703), (370293, 704), (370293, 705), (370293, 706), (370293, 707), (370293, 708), (370293, 709), (370293, 710), (370293, 711), (370293, 712), (370293, 713), (370293, 714), (370293, 715), (370293, 716), (370293, 717), (370293, 718), (370293, 719), (370293, 720), (370293, 721), (370293, 722), (370293, 723), (370293, 724), (370293, 725), (370293, 726), (370293, 727), (370293, 728), (370293, 729), (370293, 730), (370293, 731), (370293, 732), (370293, 733), (370293, 734), (370293, 735), (370293, 736), (370293, 737), (370293, 738), (370293, 739), (370293, 740), (370293, 741), (370293, 742), (370293, 743), (370293, 744), (370293, 745), (370293, 746), (370293, 747), (370293, 748), (370293, 749), (370293, 750), (370293, 751), (370293, 752), (370293, 753), (370293, 754), (370293, 755), (370293, 756), (370293, 757), (370293, 758), (370293, 759), (370293, 760), (370293, 761), (370293, 762), (370293, 763), (370293, 764), (370293, 765), (370293, 766), (370293, 767), (370293, 768), (370293, 769), (370293, 770), (370293, 771), (370293, 772), (370293, 773), (370293, 774), (370293, 775), (370293, 776), (370293, 777), (370293, 778), (370293, 779), (370293, 780), (370293, 781), (370293, 782), (370293, 783), (370293, 784), (370293, 785), (370293, 786), (370293, 787), (370293, 788), (370293, 789), (370293, 790), (370293, 791), (370293, 792), (370293, 793), (370293, 794), (370293, 795), (370293, 796), (370293, 797), (370293, 798), (370293, 799), (370293, 800), (370293, 801), (370293, 802), (370293, 803), (370293, 804), (370293, 805), (370293, 806), (370293, 807), (370293, 808), (370293, 809), (370293, 810), (370293, 811), (370293, 812), (370293, 813), (370293, 814), (370293, 815), (370293, 816), (370293, 817), (370293, 818), (370293, 819), (370293, 820), (370293, 821), (370293, 822), (370293, 823), (370293, 824), (370293, 825), (370293, 826), (370293, 827), (370293, 828), (370293, 829), (370293, 830), (370293, 831), (370293, 832), (370293, 833), (370293, 834), (370293, 835), (370293, 836), (370293, 837), (370293, 838), (370293, 839), (370293, 840), (370293, 841), (370293, 842), (370293, 843), (370293, 844), (370293, 845), (370293, 846), (370293, 847), (370293, 848), (370293, 849), (370293, 850), (370293, 851), (370293, 852), (370293, 853), (370293, 854), (370293, 855), (370293, 856), (370293, 857), (370293, 858), (370293, 859), (370293, 860), (370293, 861), (370293, 862), (370293, 863), (370293, 864), (370293, 865), (370293, 866), (370293, 867), (370293, 868), (370293, 869), (370293, 870), (370293, 871), (370293, 872), (370293, 873), (370293, 874), (370293, 875), (370293, 876), (370293, 877), (370293, 878), (370293, 879), (370293, 880), (370293, 881), (370293, 882), (370293, 883), (370293, 884), (370293, 885), (370293, 886), (370293, 887), (370293, 888), (370293, 889), (370293, 890), (370293, 891), (370293, 892), (370293, 893), (370293, 894), (370293, 895), (370293, 896), (370293, 897), (370293, 898), (370293, 899), (370293, 900), (370293, 901), (370293, 902), (370293, 903), (370293, 904), (370293, 905), (370293, 906), (370293, 907), (370293, 908), (370293, 909), (370293, 910), (370293, 911), (370293, 912), (370293, 913), (370293, 914), (370293, 915), (370293, 916), (370293, 917), (370293, 918), (370293, 919), (370293, 920), (370293, 921), (370293, 922), (370293, 923), (370293, 924), (370293, 925), (370293, 926), (370293, 927), (370293, 928), (370293, 929), (370293, 930), (370293, 931), (370293, 932), (370293, 933), (370293, 934), (370293, 935), (370293, 936), (370293, 937), (370293, 938), (370293, 939), (370293, 940), (370293, 941), (370293, 942), (370293, 943), (370293, 944), (370293, 945), (370293, 946), (370293, 947), (370293, 948), (370293, 949), (370293, 950), (370293, 951), (370293, 952), (370293, 953), (370293, 954), (370293, 955), (370293, 956), (370293, 957), (370293, 958), (370293, 959), (370293, 960), (370293, 961), (370293, 962), (370293, 963), (370293, 964), (370293, 965), (370293, 966), (370293, 967), (370293, 968), (370293, 969), (370293, 970), (370293, 971), (370293, 972), (370293, 973), (370293, 974), (370293, 975), (370293, 976), (370293, 977), (370293, 978), (370293, 979), (370293, 980), (370293, 981), (370293, 982), (370293, 983), (370293, 984), (370293, 985), (370293, 986), (370293, 987), (370293, 988), (370293, 989), (370293, 990), (370293, 991), (370293, 992), (370293, 993), (370293, 994), (370293, 995), (370293, 996), (370293, 997), (370293, 998), (370293, 999), (370293, 1000), (370293, 1001), (370293, 1002), (370293, 1003), (370293, 1004), (370293, 1005), (370293, 1006), (370293, 1007), (370293, 1008), (370293, 1009), (370293, 1010), (370293, 1011), (370293, 1012), (370293, 1013), (370293, 1014), (370293, 1015), (370293, 1016), (370293, 1017), (370293, 1018), (370293, 1019), (370293, 1020), (370293, 1021), (370293, 1022), (370293, 1023), (370293, 1024), (370293, 1025), (370293, 1026), (370293, 1027), (370293, 1028), (370293, 1029), (370293, 1030), (370293, 1031), (370293, 1032), (370293, 1033), (370293, 1034), (370293, 1035), (370293, 1036), (370293, 1037), (370293, 1038), (370293, 1039), (370293, 1040), (370293, 1041), (370293, 1042), (370293, 1043), (370293, 1044), (370293, 1045), (370293, 1046), (370293, 1047), (370293, 1048), (370293, 1049), (370293, 1050), (370293, 1051), (370293, 1052), (370293, 1053), (370293, 1054), (370293, 1055), (370293, 1056), (370293, 1057), (370293, 1058), (370293, 1059), (370293, 1060), (370293, 1061), (370293, 1062), (370293, 1063), (370293, 1064), (370293, 1065), (370293, 1066), (370293, 1067), (370293, 1068), (370293, 1069), (370293, 1070), (370293, 1071), (370293, 1072), (370293, 1073), (370293, 1074), (370293, 1075), (370293, 1076), (370293, 1077), (370293, 1078), (370293, 1079), (370293, 1080), (370293, 1081), (370293, 1082), (370293, 1083), (370293, 1084), (370293, 1085), (370293, 1086), (370293, 1087), (370293, 1088), (370293, 1089), (370293, 1090), (370293, 1091), (370293, 1092), (370293, 1093), (370293, 1094), (370293, 1095), (370293, 1096), (370293, 1097), (370293, 1098), (370293, 1099), (370293, 1100), (370293, 1101), (370293, 1102), (370293, 1103), (370293, 1104), (370293, 1105), (370293, 1106), (370293, 1107), (370293, 1108), (370293, 1109), (370293, 1110), (370293, 1111), (370293, 1112), (370293, 1113), (370293, 1114), (370293, 1115), (370293, 1116), (370293, 1117), (370293, 1118), (370293, 1119), (370293, 1120), (370293, 1121), (370293, 1122), (370293, 1123), (370293, 1124), (370293, 1125), (370293, 1126), (370293, 1127), (370293, 1128), (370293, 1129), (370293, 1130), (370293, 1131), (370293, 1132), (370293, 1133), (370293, 1134), (370293, 1135), (370293, 1136), (370293, 1137), (370293, 1138), (370293, 1139), (370293, 1140), (370293, 1141), (370293, 1142), (370293, 1143), (370293, 1144), (370293, 1145), (370293, 1146), (370293, 1147), (370293, 1148), (370293, 1149), (370293, 1150), (370293, 1151), (370293, 1152), (370293, 1153), (370293, 1154), (370293, 1155), (370293, 1156), (370293, 1157), (370293, 1158), (370293, 1159), (370293, 1160), (370293, 1161), (370293, 1162), (370293, 1163), (370293, 1164), (370293, 1165), (370293, 1166), (370293, 1167), (370293, 1168), (370293, 1169), (370293, 1170), (370293, 1171), (370293, 1172), (370293, 1173), (370293, 1174), (370293, 1175), (370293, 1176), (370293, 1177), (370293, 1178), (370293, 1179), (370293, 1180), (370293, 1181), (370293, 1182), (370293, 1183), (370293, 1184), (370293, 1185), (370293, 1186), (370293, 1187), (370293, 1188), (370293, 1189), (370293, 1190), (370293, 1191), (370293, 1192), (370293, 1193), (370293, 1194), (370293, 1195), (370293, 1196), (370293, 1197), (370293, 1198), (370293, 1199), (370293, 1200), (370293, 1201), (370293, 1202), (370293, 1203), (370293, 1204), (370293, 1205), (370293, 1206), (370293, 1207), (370293, 1208), (370293, 1209), (370293, 1210), (370293, 1211), (370293, 1212), (370293, 1213), (370293, 1214), (370293, 1215), (370293, 1216), (370293, 1217), (370293, 1218), (370293, 1219), (370293, 1220), (370293, 1221), (370293, 1222), (370293, 1223), (370293, 1224), (370293, 1225), (370293, 1226), (370293, 1227), (370293, 1228), (370293, 1229), (370293, 1230), (370293, 1231), (370293, 1232), (370293, 1233), (370293, 1234), (370293, 1235), (370293, 1236), (370293, 1237), (370293, 1238), (370293, 1239), (370293, 1240), (370293, 1241), (370293, 1242), (370293, 1243), (370293, 1244), (370293, 1245), (370293, 1246), (370293, 1247), (370293, 1248), (370293, 1249), (370293, 1250), (370293, 1251), (370293, 1252), (370293, 1253), (370293, 1254), (370293, 1255), (370293, 1256), (370293, 1257), (370293, 1258), (370293, 1259), (370293, 1260), (370293, 1261), (370293, 1262), (370293, 1263), (370293, 1264), (370293, 1265), (370293, 1266), (370293, 1267), (370293, 1268), (370293, 1269), (370293, 1270), (370293, 1271), (370293, 1272), (370293, 1273), (370293, 1274), (370293, 1275), (370293, 1276), (370293, 1277), (370293, 1278), (370293, 1279), (370293, 1280), (370293, 1281), (370293, 1282), (370293, 1283), (370293, 1284), (370293, 1285), (370293, 1286), (370293, 1287), (370293, 1288), (370293, 1289), (370293, 1290), (370293, 1291), (370293, 1292), (370293, 1293), (370293, 1294), (370293, 1295), (370293, 1296), (370293, 1297), (370293, 1298), (370293, 1299), (370293, 1300), (370293, 1301), (370293, 1302), (370293, 1303), (370293, 1304), (370293, 1305), (370293, 1306), (370293, 1307), (370293, 1308), (370293, 1309), (370293, 1310), (370293, 1311), (370293, 1312), (370293, 1313), (370293, 1314), (370293, 1315), (370293, 1316), (370293, 1317), (370293, 1318), (370293, 1319), (370293, 1320), (370293, 1321), (370293, 1322), (370293, 1323), (370293, 1324), (370293, 1325), (370293, 1326), (370293, 1327), (370293, 1328), (370293, 1329), (370293, 1330), (370293, 1331), (370293, 1332), (370293, 1333), (370293, 1334), (370293, 1335), (370293, 1336), (370293, 1337), (370293, 1338), (370293, 1339), (370293, 1340), (370293, 1341), (370293, 1342), (370293, 1343), (370293, 1344), (370293, 1345), (370293, 1346), (370293, 1347), (370293, 1348), (370293, 1349), (370293, 1350), (370293, 1351), (370293, 1352), (370293, 1353), (370293, 1354), (370293, 1355), (370293, 1356), (370293, 1357), (370293, 1358), (370293, 1359), (370293, 1360), (370293, 1361), (370293, 1362), (370293, 1363), (370293, 1364), (370293, 1365), (370293, 1366), (370293, 1367), (370293, 1368), (370293, 1369), (370293, 1370), (370293, 1371), (370293, 1372), (370293, 1373), (370293, 1374), (370293, 1375), (370293, 1376), (370293, 1377), (370293, 1378), (370293, 1379), (370293, 1380), (370293, 1381), (370293, 1382), (370293, 1383), (370293, 1384), (370293, 1385), (370293, 1386), (370293, 1387), (370293, 1388), (370293, 1389), (370293, 1390), (370293, 1391), (370293, 1392), (370293, 1393), (370293, 1394), (370293, 1395), (370293, 1396), (370293, 1397), (370293, 1398), (370293, 1399), (370293, 1400), (370293, 1401), (370293, 1402), (370293, 1403), (370293, 1404), (370293, 1405), (370293, 1406), (370293, 1407), (370293, 1408), (370293, 1409), (370293, 1410), (370293, 1411), (370293, 1412), (370293, 1413), (370293, 1414), (370293, 1415), (370293, 1416), (370293, 1417), (370293, 1418), (370293, 1419), (370293, 1420), (370293, 1421), (370293, 1422), (370293, 1423), (370293, 1424), (370293, 1425), (370293, 1426), (370293, 1427), (370293, 1428), (370293, 1429), (370293, 1430), (370293, 1431), (370293, 1432), (370293, 1433), (370293, 1434), (370293, 1435), (370293, 1436), (370293, 1437), (370293, 1438), (370293, 1439), (370293, 1440), (370293, 1441), (370293, 1442), (370293, 1443), (370293, 1444), (370293, 1445), (370293, 1446), (370293, 1447), (370293, 1448), (370293, 1449), (370293, 1450), (370293, 1451), (370293, 1452), (370293, 1453), (370293, 1454), (370293, 1455), (370293, 1456), (370293, 1457), (370293, 1458), (370293, 1459), (370293, 1460), (370293, 1461), (370293, 1462), (370293, 1463), (370293, 1464), (370293, 1465), (370293, 1466), (370293, 1467), (370293, 1468), (370293, 1469), (370293, 1470), (370293, 1471), (370293, 1472), (370293, 1473), (370293, 1474), (370293, 1475), (370293, 1476), (370293, 1477), (370293, 1478), (370293, 1479), (370293, 1480), (370293, 1481), (370293, 1482), (370293, 1483), (370293, 1484), (370293, 1485), (370293, 1486), (370293, 1487), (370293, 1488), (370293, 1489), (370293, 1490), (370293, 1491), (370293, 1492), (370293, 1493), (370293, 1494), (370293, 1495), (370293, 1496), (370293, 1497), (370293, 1498), (370293, 1499), (370293, 1500), (370293, 1501), (370293, 1502), (370293, 1503), (370293, 1504), (370293, 1505), (370293, 1506), (370293, 1507), (370293, 1508), (370293, 1509), (370293, 1510), (370293, 1511), (370293, 1512), (370293, 1513), (370293, 1514), (370293, 1515), (370293, 1516), (370293, 1517), (370293, 1518), (370293, 1519), (370293, 1520), (370293, 1521), (370293, 1522), (370293, 1523), (370293, 1524), (370293, 1525), (370293, 1526), (370293, 1527), (370293, 1528), (370293, 1529), (370293, 1530), (370293, 1531), (370293, 1532), (370293, 1533), (370293, 1534), (370293, 1535), (370293, 1536), (370293, 1537), (370293, 1538), (370293, 1539), (370293, 1540), (370293, 1541), (370293, 1542), (370293, 1543), (370293, 1544), (370293, 1545), (370293, 1546), (370293, 1547), (370293, 1548), (370293, 1549), (370293, 1550), (370293, 1551), (370293, 1552), (370293, 1553), (370293, 1554), (370293, 1555), (370293, 1556), (370293, 1557), (370293, 1558), (370293, 1559), (370293, 1560), (370293, 1561), (370293, 1562), (370293, 1563), (370293, 1564), (370293, 1565), (370293, 1566), (370293, 1567), (370293, 1568), (370293, 1569), (370293, 1570), (370293, 1571), (370293, 1572), (370293, 1573), (370293, 1574), (370293, 1575), (370293, 1576), (370293, 1577), (370293, 1578), (370293, 1579), (370293, 1580), (370293, 1581), (370293, 1582), (370293, 1583), (370293, 1584), (370293, 1585), (370293, 1586), (370293, 1587), (370293, 1588), (370293, 1589), (370293, 1590), (370293, 1591), (370293, 1592), (370293, 1593), (370293, 1594), (370293, 1595), (370293, 1596), (370293, 1597), (370293, 1598), (370293, 1599), (370293, 1600), (370293, 1601), (370293, 1602), (370293, 1603), (370293, 1604), (370293, 1605), (370293, 1606), (370293, 1607), (370293, 1608), (370293, 1609), (370293, 1610), (370293, 1611), (370293, 1612), (370293, 1613), (370293, 1614), (370293, 1615), (370293, 1616), (370293, 1617), (370293, 1618), (370175, 92), (370175, 93), (370175, 94), (370175, 95), (370175, 96), (370175, 97), (370175, 98), (370175, 99), (370175, 100), (370175, 101), (370175, 102), (370175, 103), (370175, 104), (370175, 105), (370175, 106), (370175, 107), (370175, 108), (370175, 109), (370175, 110), (370175, 111), (370175, 112), (370175, 113), (370175, 114), (370175, 115), (370175, 116), (370175, 117), (370175, 118), (370175, 119), (370175, 120), (370175, 121), (370175, 122), (370175, 123), (370175, 124), (370175, 125), (370175, 126), (370175, 127), (370175, 128), (370175, 129), (370175, 130), (370175, 131), (370175, 132), (370175, 133), (370175, 134), (370175, 135), (370175, 136), (370175, 137), (370175, 138), (370175, 139), (370175, 140), (370175, 141), (370175, 142), (370175, 143), (370175, 144), (370175, 145), (370175, 146), (370175, 147), (370175, 148), (370175, 149), (370175, 150), (370175, 151), (370175, 152), (370175, 153), (370175, 154), (370175, 155), (370175, 156), (370175, 157), (370175, 158), (370175, 159), (370175, 160), (370175, 161), (370175, 162), (370175, 163), (370175, 164), (370175, 165), (370175, 166), (370175, 167), (370175, 168), (370175, 169), (370175, 170), (370175, 171), (370175, 172), (370175, 173), (370175, 174), (370175, 175), (370175, 176), (370175, 177), (370175, 178), (370175, 179), (370175, 180), (370175, 181), (370175, 182), (370175, 183), (370175, 184), (370175, 185), (370175, 186), (370175, 187), (370175, 188), (370175, 189), (370175, 190), (370175, 191), (370175, 192), (370175, 193), (370175, 194), (370175, 195), (370175, 196), (370175, 197), (370175, 198), (370175, 199), (370175, 200), (370175, 201), (370175, 202), (370175, 203), (370175, 204), (370175, 205), (370175, 206), (370175, 207), (370175, 208), (370175, 209), (370175, 210), (370175, 211), (370175, 212), (370175, 213), (370175, 214), (370175, 215), (370175, 216), (370175, 217), (370175, 218), (370175, 219), (370175, 220), (370175, 221), (370175, 222), (370175, 223), (370175, 224), (370175, 225), (370175, 226), (370175, 227), (370175, 228), (370175, 229), (370175, 230), (370175, 231), (370175, 232), (370175, 233), (370175, 234), (370175, 235), (370175, 236), (370175, 237), (370175, 238), (370175, 239), (370175, 240), (370175, 241), (370175, 242), (370175, 243), (370175, 244), (370175, 245), (370175, 246), (370175, 247), (370175, 248), (370175, 249), (370175, 250), (370175, 251), (370175, 252), (370175, 253), (370175, 254), (370175, 255), (370175, 256), (370175, 257), (370175, 258), (370175, 259), (370175, 260), (370175, 261), (370175, 262), (370175, 263), (370175, 264), (370175, 265), (370175, 266), (370175, 267), (370175, 268), (370175, 269), (370175, 270), (370175, 271), (370175, 272), (370175, 273), (370175, 274), (370175, 275), (370175, 276), (370175, 277), (370175, 278), (370175, 279), (370175, 280), (370175, 281), (370175, 282), (370175, 283), (370175, 284), (370175, 285), (370175, 286), (370175, 287), (370175, 288), (370175, 289), (370175, 290), (370175, 291), (370175, 292), (370175, 293), (370175, 294), (370175, 295), (370175, 296), (370175, 297), (370175, 298), (370175, 299), (370175, 300), (370175, 301), (370175, 302), (370175, 303), (370175, 304), (370175, 305), (370175, 306), (370175, 307), (370175, 308), (370175, 309), (370175, 310), (370175, 311), (370175, 312), (370175, 313), (370175, 314), (370175, 315), (370175, 316), (370175, 317), (370175, 318), (370175, 319), (370175, 320), (370175, 321), (370175, 322), (370175, 323), (370175, 324), (370175, 325), (370175, 326), (370175, 327), (370175, 328), (370175, 329), (370175, 330), (370175, 331), (370175, 332), (370175, 333), (370175, 334), (370175, 335), (370175, 336), (370175, 337), (370175, 338), (370175, 339), (370175, 340), (370175, 341), (370175, 342), (370175, 343), (370175, 344), (370175, 345), (370175, 346), (370175, 347), (370175, 348), (370175, 349), (370175, 350), (370175, 351), (370175, 352), (370175, 353), (370175, 354), (370175, 355), (370175, 356), (370175, 357), (370175, 358), (370175, 359), (370175, 360), (370175, 361), (370175, 362), (370175, 363), (370175, 364), (370175, 365), (370175, 366), (370175, 367), (370175, 368), (370175, 369), (370175, 370), (370175, 371), (370175, 372), (370175, 373), (370175, 374), (370175, 375), (370175, 376), (370175, 377), (370175, 378), (370175, 379), (370175, 380), (370175, 381), (370175, 382), (370175, 383), (370175, 384), (370175, 385), (370175, 386), (370175, 387), (370175, 388), (370175, 389), (370175, 390), (370175, 391), (370175, 392), (370175, 393), (370175, 394), (370175, 395), (370175, 396), (370175, 397), (370175, 398), (370175, 399), (370175, 400), (370175, 401), (370175, 402), (370175, 403), (370175, 404), (370175, 405), (370175, 406), (370175, 407), (370175, 408), (370175, 409), (370175, 410), (370175, 411), (370175, 412), (370175, 413), (370175, 414), (370175, 415), (370175, 416), (370175, 417), (370175, 418), (370175, 419), (370175, 420), (370175, 421), (370175, 422), (370175, 423), (370175, 424), (370175, 425), (370175, 426), (370175, 427), (370175, 428), (370175, 429), (370175, 430), (370175, 431), (370175, 432), (370175, 433), (370175, 434), (370175, 435), (370175, 436), (370175, 437), (370175, 438), (370175, 439), (370175, 440), (370175, 441), (370175, 442), (370175, 443), (370175, 444), (370175, 445), (370175, 446), (370175, 447), (370175, 448), (370175, 449), (370175, 450), (370175, 451), (370175, 452), (370175, 453), (370175, 454), (370175, 455), (370175, 456), (370175, 457), (370175, 458), (370175, 459), (370175, 460), (370175, 461), (370175, 462), (370175, 463), (370175, 464), (370175, 465), (370175, 466), (370175, 467), (370175, 468), (370175, 469), (370175, 470), (370175, 471), (370175, 472), (370175, 473), (370175, 474), (370175, 475), (370175, 476), (370175, 477), (370175, 478), (370175, 479), (370175, 480), (370175, 481), (370175, 482), (370175, 483), (370175, 484), (370175, 485), (370175, 486), (370175, 487), (370175, 488), (370175, 489), (370175, 490), (370175, 491), (370175, 492), (370175, 493), (370175, 494), (370175, 495), (370175, 496), (370175, 497), (370175, 498), (370175, 499), (370175, 500), (370175, 501), (370175, 502), (370175, 503), (370175, 504), (370175, 505), (370175, 506), (370175, 507), (370175, 508), (370175, 509), (370175, 510), (370175, 511), (370175, 512), (370175, 513), (370175, 514), (370175, 515), (370175, 516), (370175, 517), (370175, 518), (370175, 519), (370175, 520), (370175, 521), (370175, 522), (370175, 523), (370175, 524), (370175, 525), (370175, 526), (370175, 527), (370175, 528), (370175, 529), (370175, 530), (370175, 531), (370175, 532), (370175, 533), (370175, 534), (370175, 535), (370175, 536), (370175, 537), (370175, 538), (370175, 539), (370175, 540), (370175, 541), (370175, 542), (370175, 543), (370175, 544), (370175, 545), (370175, 546), (370175, 547), (370175, 548), (370175, 549), (370175, 550), (370175, 551), (370175, 552), (370175, 553), (370175, 554), (370175, 555), (370175, 556), (370175, 557), (370175, 558), (370175, 559), (370175, 560), (370175, 561), (370175, 562), (370175, 563), (370175, 564), (370175, 565), (370175, 566), (370175, 567), (370175, 568), (370175, 569), (370175, 570), (370175, 571), (370175, 572), (370175, 573), (370175, 574), (370175, 575), (370175, 576), (370175, 577), (370175, 578), (370175, 579), (370175, 580), (370175, 581), (370175, 582), (370175, 583), (370175, 584), (370175, 585), (370175, 586), (370175, 587), (370175, 588), (370175, 589), (370175, 590), (370175, 591), (370175, 592), (370175, 593), (370175, 594), (370175, 595), (370175, 596), (370175, 597), (370175, 598), (370175, 599), (370175, 600), (370175, 601), (370175, 602), (370175, 603), (370175, 604), (370175, 605), (370175, 606), (370175, 607), (370175, 608), (370175, 609), (370175, 610), (370175, 611), (370175, 612), (370175, 613), (370175, 614), (370175, 615), (370175, 616), (370175, 617), (370175, 618), (370175, 619), (370175, 620), (370175, 621), (370175, 622), (370175, 623), (370175, 624), (370175, 625), (370175, 626), (370175, 627), (370175, 628), (370175, 629), (370175, 630), (370175, 631), (370175, 632), (370175, 633), (370175, 634), (370175, 635), (370175, 636), (370175, 637), (370175, 638), (370175, 639), (370175, 640), (370175, 641), (370175, 642), (370175, 643), (370175, 644), (370175, 645), (370175, 646), (370175, 647), (370175, 648), (370175, 649), (370175, 650), (370175, 651), (370175, 652), (370175, 653), (370175, 654), (370175, 655), (370175, 656), (370175, 657), (370175, 658), (370175, 659), (370175, 660), (370175, 661), (370175, 662), (370175, 663), (370175, 664), (370175, 665), (370175, 666), (370175, 667), (370175, 668), (370175, 669), (370175, 670), (370175, 671), (370175, 672), (370175, 673), (370175, 674), (370175, 675), (370175, 676), (370175, 677), (370175, 678), (370175, 679), (370175, 680), (370175, 681), (370175, 682), (370175, 683), (370175, 684), (370175, 685), (370175, 686), (370175, 687), (370175, 688), (370175, 689), (370175, 690), (370175, 691), (370175, 692), (370175, 693), (370175, 694), (370175, 695), (370175, 696), (370175, 697), (370175, 698), (370175, 699), (370175, 700), (370175, 701), (370175, 702), (370175, 703), (370175, 704), (370175, 705), (370175, 706), (370175, 707), (370175, 708), (370175, 709), (370175, 710), (370175, 711), (370175, 712), (370175, 713), (370175, 714), (370175, 715), (370175, 716), (370175, 717), (370175, 718), (370175, 719), (370175, 720), (370175, 721), (370175, 722), (370175, 723), (370175, 724), (370175, 725), (370175, 726), (370175, 727), (370175, 728), (370175, 729), (370175, 730), (370175, 731), (370175, 732), (370175, 733), (370175, 734), (370175, 735), (370175, 736), (370175, 737), (370175, 738), (370175, 739), (370175, 740), (370175, 741), (370175, 742), (370175, 743), (370175, 744), (370175, 745), (370175, 746), (370175, 747), (370175, 748), (370175, 749), (370175, 750), (370175, 751), (370175, 752), (370175, 753), (370175, 754), (370175, 755), (370175, 756), (370175, 757), (370175, 759), (370175, 760), (370175, 761), (370175, 762), (370175, 763), (370175, 764), (370175, 765), (370175, 766), (370175, 767), (370175, 768), (370175, 769), (370175, 770), (370175, 771), (370175, 772), (370175, 773), (370175, 774), (370175, 775), (370175, 776), (370175, 777), (370175, 778), (370175, 779), (370175, 780), (370175, 781), (370175, 782), (370175, 783), (370175, 784), (370175, 785), (370175, 786), (370175, 787), (370175, 788), (370175, 789), (370175, 790), (370175, 791), (370175, 792), (370175, 793), (370175, 794), (370175, 795), (370175, 796), (370175, 797), (370175, 798), (370175, 799), (370175, 800), (370175, 801), (370175, 802), (370175, 803), (370175, 804), (370175, 805), (370175, 806), (370175, 807), (370175, 808), (370175, 809), (370175, 810), (370175, 811), (370175, 812), (370175, 813), (370175, 814), (370175, 815), (370175, 816), (370175, 817), (370175, 818), (370175, 819), (370175, 820), (370175, 821), (370175, 822), (370175, 823), (370175, 824), (370175, 825), (370175, 826), (370175, 827), (370175, 828), (370175, 829), (370175, 830), (370175, 831), (370175, 832), (370175, 833), (370175, 834), (370175, 835), (370175, 836), (370175, 837), (370175, 838), (370175, 839), (370175, 840), (370175, 841), (370175, 842), (370175, 843), (370175, 844), (370175, 845), (370175, 846), (370175, 847), (370175, 848), (370175, 849), (370175, 850), (370175, 851), (370175, 852), (370175, 853), (370175, 854), (370175, 855), (370175, 856), (370175, 857), (370175, 858), (370175, 859), (370175, 860), (370175, 861), (370175, 862), (370175, 863), (370175, 864), (370175, 865), (370175, 866), (370175, 867), (370175, 868), (370175, 869), (370175, 870), (370175, 871), (370175, 872), (370175, 873), (370175, 874), (370175, 875), (370175, 876), (370175, 877), (370175, 878), (370175, 879), (370175, 880), (370175, 881), (370175, 882), (370175, 883), (370175, 884), (370175, 885), (370175, 886), (370175, 887), (370175, 888), (370175, 889), (370175, 890), (370175, 891), (370175, 892), (370175, 893), (370175, 894), (370175, 895), (370175, 896), (370175, 897), (370175, 898), (370175, 899), (370175, 900), (370175, 901), (370175, 902), (370175, 903), (370175, 904), (370175, 905), (370175, 906), (370175, 907), (370175, 908), (370175, 909), (370175, 910), (370175, 911), (370175, 912), (370175, 913), (370175, 914), (370175, 915), (370175, 916), (370175, 917), (370175, 918), (370175, 919), (370175, 920), (370175, 921), (370175, 922), (370175, 923), (370175, 924), (370175, 925), (370175, 926), (370175, 927), (370175, 928), (370175, 929), (370175, 930), (370175, 931), (370175, 932), (370175, 933), (370175, 934), (370175, 935), (370175, 936), (370175, 937), (370175, 938), (370175, 939), (370175, 940), (370175, 941), (370175, 942), (370175, 943), (370175, 944), (370175, 945), (370175, 946), (370175, 947), (370175, 948), (370175, 949), (370175, 950), (370175, 951), (370175, 952), (370175, 953), (370175, 954), (370175, 955), (370175, 956), (370175, 957), (370175, 958), (370175, 959), (370175, 960), (370175, 961), (370175, 962), (370175, 963), (370175, 964), (370175, 965), (370175, 966), (370175, 967), (370175, 968), (370175, 969), (370175, 970), (370175, 971), (370175, 972), (370175, 973), (370175, 974), (370175, 975), (370175, 976), (370175, 977), (370175, 978), (370175, 979), (370175, 980), (370175, 981), (370175, 982), (370175, 983), (370175, 984), (370175, 985), (370175, 986), (370175, 987), (370175, 988), (370175, 989), (370175, 990), (370175, 991), (370175, 992), (370175, 993), (370175, 994), (370175, 995), (370175, 996), (370175, 997), (370175, 998), (370175, 999), (370175, 1000), (370175, 1001), (370175, 1002), (370175, 1003), (370175, 1004), (370175, 1005), (370175, 1006), (370175, 1007), (370175, 1008), (370175, 1009), (370175, 1010), (370175, 1011), (370175, 1012), (370175, 1013), (370175, 1014), (370175, 1015), (370175, 1016), (370175, 1017), (370175, 1018), (370175, 1019), (370175, 1020), (370175, 1021), (370175, 1022), (370175, 1023), (370175, 1024), (370175, 1025), (370175, 1026), (370175, 1027), (370175, 1028), (370175, 1029), (370175, 1030), (370175, 1031), (370175, 1032), (370175, 1033), (370175, 1034), (370175, 1035), (370175, 1036), (370175, 1037), (370175, 1038), (370175, 1039), (370175, 1040), (370175, 1041), (370175, 1042), (370175, 1043), (370175, 1044), (370175, 1045), (370175, 1046), (370175, 1047), (370175, 1048), (370175, 1049), (370175, 1050), (370175, 1051), (370175, 1052), (370175, 1053), (370175, 1054), (370175, 1055), (370175, 1056), (370175, 1057), (370175, 1058), (370175, 1059), (370175, 1060), (370175, 1061), (370175, 1062), (370175, 1063), (370175, 1064), (370175, 1065), (370175, 1066), (370175, 1067), (370175, 1068), (370175, 1069), (370175, 1070), (370175, 1071), (370175, 1072), (370175, 1073), (370175, 1074), (370175, 1075), (370175, 1076), (370175, 1077), (370175, 1078), (370175, 1079), (370175, 1080), (370175, 1081), (370175, 1082), (370175, 1083), (370175, 1084), (370175, 1085), (370175, 1086), (370175, 1087), (370175, 1088), (370175, 1089), (370175, 1090), (370175, 1091), (370175, 1092), (370175, 1093), (370175, 1094), (370175, 1095), (370175, 1096), (370175, 1097), (370175, 1098), (370175, 1099), (370175, 1100), (370175, 1101), (370175, 1102), (370175, 1103), (370175, 1104), (370175, 1105), (370175, 1106), (370175, 1107), (370175, 1108), (370175, 1109), (370175, 1110), (370175, 1111), (370175, 1112), (370175, 1113), (370175, 1114), (370175, 1115), (370175, 1116), (370175, 1117), (370175, 1118), (370175, 1119), (370175, 1120), (370175, 1121), (370175, 1122), (370175, 1123), (370175, 1124), (370175, 1125), (370175, 1126), (370175, 1127), (370175, 1128), (370175, 1129), (370175, 1130), (370175, 1131), (370175, 1132), (370175, 1133), (370175, 1134), (370175, 1135), (370175, 1136), (370175, 1137), (370175, 1138), (370175, 1139), (370175, 1140), (370175, 1141), (370175, 1142), (370175, 1143), (370175, 1144), (370175, 1145), (370175, 1146), (370175, 1147), (370175, 1148), (370175, 1149), (370175, 1150), (370175, 1151), (370175, 1152), (370175, 1153), (370175, 1154), (370175, 1155), (370175, 1156), (370175, 1157), (370175, 1158), (370175, 1159), (370175, 1160), (370175, 1161), (370175, 1162), (370175, 1163), (370175, 1164), (370175, 1165), (370175, 1166), (370175, 1167), (370175, 1168), (370175, 1169), (370175, 1170), (370175, 1171), (370175, 1172), (370175, 1173), (370175, 1174), (370175, 1175), (370175, 1176), (370175, 1177), (370175, 1178), (370175, 1179), (370175, 1180), (370175, 1181), (370175, 1182), (370175, 1183), (370175, 1184), (370175, 1185), (370175, 1186), (370175, 1187), (370175, 1188), (370175, 1189), (370175, 1190), (370175, 1191), (370175, 1192), (370175, 1193), (370175, 1194), (370175, 1195), (370175, 1196), (370175, 1197), (370175, 1198), (370175, 1199), (370175, 1200), (370175, 1201), (370175, 1202), (370175, 1203), (370175, 1204), (370175, 1205), (370175, 1206), (370175, 1207), (370175, 1208), (370175, 1209), (370175, 1210), (370175, 1211), (370175, 1212), (370175, 1213), (370175, 1214), (370175, 1215), (370175, 1216), (370175, 1217), (370175, 1218), (370175, 1219), (370175, 1220), (370175, 1221), (370175, 1222), (370175, 1223), (370175, 1224), (370175, 1225), (370175, 1226), (370175, 1227), (370175, 1228), (370175, 1229), (370175, 1230), (370175, 1231), (370175, 1232), (370175, 1233), (370175, 1234), (370175, 1235), (370175, 1236), (370175, 1237), (370175, 1238), (370175, 1239), (370175, 1240), (370175, 1241), (370175, 1242), (370175, 1243), (370175, 1244), (370175, 1245), (370175, 1246), (370175, 1247), (370175, 1248), (370175, 1249), (370175, 1250), (370175, 1251), (370175, 1252), (370175, 1253), (370175, 1254), (370175, 1255), (370175, 1256), (370175, 1257), (370175, 1258), (370175, 1259), (370175, 1260), (370175, 1261), (370175, 1262), (370175, 1263), (370175, 1264), (370175, 1265), (370175, 1266), (370175, 1267), (370175, 1268), (370175, 1269), (370175, 1270), (370175, 1271), (370175, 1272), (370175, 1273), (370175, 1274), (370175, 1275), (370175, 1276), (370175, 1277), (370175, 1278), (370175, 1279), (370175, 1280), (370175, 1281), (370175, 1282), (370175, 1283), (370175, 1284), (370175, 1285), (370175, 1286), (370175, 1287), (370175, 1288), (370175, 1289), (370175, 1290), (370175, 1291), (370175, 1292), (370175, 1293), (370175, 1294), (370175, 1295), (370175, 1296), (370175, 1297), (370175, 1298), (370175, 1299), (370175, 1300), (370175, 1301), (370175, 1302), (370175, 1303), (370175, 1304), (370175, 1305), (370175, 1306), (370175, 1307), (370175, 1308), (370175, 1309), (370175, 1310), (370175, 1311), (370175, 1312), (370175, 1313), (370175, 1314), (370175, 1315), (370175, 1316), (370175, 1317), (370175, 1318), (370175, 1319), (370175, 1320), (370175, 1321), (370175, 1322), (370175, 1323), (370175, 1324), (370175, 1325), (370175, 1326), (370175, 1327), (370175, 1328), (370175, 1329), (370175, 1330), (370175, 1331), (370175, 1332), (370175, 1333), (370175, 1334), (370175, 1335), (370175, 1336), (370175, 1337), (370175, 1338), (370175, 1339), (370175, 1340), (370175, 1341), (370175, 1342), (370175, 1343), (370175, 1344), (370175, 1345), (370175, 1346), (370175, 1347), (370175, 1348), (370175, 1349), (370175, 1350), (370175, 1351), (370175, 1352), (370175, 1353), (370175, 1354), (370175, 1355), (370175, 1356), (370175, 1357), (370175, 1358), (370175, 1359), (370175, 1360), (370175, 1361), (370175, 1362), (370175, 1363), (370175, 1364), (370175, 1365), (370175, 1366), (370175, 1367), (370175, 1368), (370175, 1369), (370175, 1370), (370175, 1371), (370175, 1372), (370175, 1373), (370175, 1374), (370175, 1375), (370175, 1376), (370175, 1377), (370175, 1378), (370175, 1379), (370175, 1380), (370175, 1381), (370175, 1382), (370175, 1383), (370175, 1384), (370175, 1385), (370175, 1386), (370175, 1387), (370175, 1388), (370175, 1389), (370175, 1390), (370175, 1391), (370175, 1392), (370175, 1393), (370175, 1394), (370175, 1395), (370175, 1396), (370175, 1397), (370175, 1398), (370175, 1399), (370175, 1400), (370175, 1401), (370175, 1402), (370175, 1403), (370175, 1404), (370175, 1405), (370175, 1406), (370175, 1407), (370175, 1408), (370175, 1409), (370175, 1410), (370175, 1411), (370175, 1412), (370175, 1413), (370175, 1414), (370175, 1415), (370175, 1416), (370175, 1417), (370175, 1418), (370175, 1419), (370175, 1420), (370175, 1421), (370175, 1422), (370175, 1423), (370175, 1424), (370175, 1425), (370175, 1426), (370175, 1427), (370175, 1428), (370175, 1429), (370175, 1430), (370175, 1431), (370175, 1432), (370175, 1433), (370175, 1434), (370175, 1435), (370175, 1436), (370175, 1437), (370175, 1438), (370175, 1439), (370175, 1440), (370175, 1441), (370175, 1442), (370175, 1443), (370175, 1444), (370175, 1445), (370175, 1446), (370175, 1447), (370175, 1448), (370175, 1449), (370175, 1450), (370175, 1451), (370175, 1452), (370175, 1453), (370175, 1454), (370175, 1455), (370175, 1456), (370175, 1457), (370175, 1458), (370175, 1459), (370175, 1460), (370175, 1461), (370175, 1462), (370175, 1463), (370175, 1464), (370175, 1465), (370175, 1466), (370175, 1467), (370175, 1468), (370175, 1469), (370175, 1470), (370175, 1471), (370175, 1472), (370175, 1473), (370175, 1474), (370175, 1475), (370175, 1476), (370175, 1477), (370175, 1478), (370175, 1479), (370175, 1480), (370175, 1481), (370175, 1482), (370175, 1483), (370175, 1484), (370175, 1485), (370175, 1486), (370175, 1487), (370175, 1488), (370175, 1489), (370175, 1490), (370175, 1491), (370175, 1492), (370175, 1493), (370175, 1494), (370175, 1495), (370175, 1496), (370175, 1497), (370175, 1498), (370175, 1499), (370175, 1500), (370175, 1501), (370175, 1502), (370175, 1503), (370175, 1504), (370175, 1505), (370175, 1506), (370175, 1507), (370175, 1508), (370175, 1509), (370175, 1510), (370175, 1511), (370175, 1512), (370175, 1513), (370175, 1514), (370175, 1515), (370175, 1516), (370175, 1517), (370175, 1518), (370175, 1519), (370175, 1520), (370175, 1521), (370175, 1522), (370175, 1523), (370175, 1524), (370175, 1525), (370175, 1526), (370175, 1527), (370175, 1528), (370175, 1529), (370175, 1530), (370175, 1531), (370175, 1532), (370175, 1533), (370175, 1534), (370175, 1535), (370175, 1536), (370175, 1537), (370175, 1538), (370175, 1539), (370175, 1540), (370175, 1541), (370175, 1542), (370175, 1543), (370175, 1544), (370175, 1545), (370175, 1546), (370175, 1547), (370175, 1548), (370175, 1549), (370175, 1550), (370175, 1551), (370175, 1552), (370175, 1553), (370175, 1554), (370175, 1555), (370175, 1556), (370175, 1557), (370175, 1558), (370175, 1559), (370175, 1560), (370175, 1561), (370175, 1562), (370175, 1563), (370175, 1564), (370175, 1565), (370175, 1566), (370175, 1567), (370175, 1568), (370175, 1569), (370175, 1570), (370175, 1571), (370175, 1572), (370175, 1573), (370175, 1574), (370175, 1575), (370175, 1576), (370175, 1577), (370175, 1578), (370175, 1579), (370175, 1580), (370175, 1581), (370175, 1582), (370175, 1583), (370175, 1584), (370175, 1585), (370175, 1586), (370175, 1587), (370175, 1588), (370175, 1589), (370175, 1590), (370175, 1591), (370175, 1592), (370175, 1593), (370175, 1594), (370175, 1595), (370175, 1596), (370175, 1597), (370175, 1598), (370175, 1599), (370175, 1600), (370175, 1601), (370175, 1602), (370175, 1603), (370175, 1604), (370175, 1605), (370175, 1606), (370175, 1607), (370175, 1608), (370175, 1609), (370175, 1610), (370175, 1611), (370175, 1612), (370175, 1613), (370175, 1614), (370175, 1615), (370175, 1616), (370175, 1617), (370175, 1618), (370175, 1619), (370175, 1620), (370175, 1621), (370175, 1622), (370175, 1623), (370175, 1624), (370175, 1625), (370175, 1626), (370175, 1627), (370175, 1628), (370175, 1629), (370175, 1630), (370175, 1631), (370175, 1632), (370175, 1633), (370175, 1634), (370175, 1635), (370175, 1636), (370175, 1637), (370175, 1638), (370175, 1639), (370175, 1640), (370175, 1641), (370175, 1642), (370175, 1643), (370175, 1644), (370175, 1645), (370175, 1646), (370175, 1647), (370175, 1648), (370175, 1649), (370175, 1650), (370175, 1651), (370175, 1652), (370175, 1653), (370175, 1654), (370175, 1655), (370175, 1656), (370175, 1657), (370175, 1658), (370175, 1659), (370175, 1660), (370175, 1661), (370175, 1662), (370175, 1663), (370175, 1664), (370175, 1665), (370175, 1666), (370175, 1667), (370175, 1668), (370175, 1669), (370175, 1670), (370175, 1671), (370175, 1672), (370175, 1673), (370175, 1674), (370175, 1675), (370175, 1676), (370175, 1677), (370175, 1678), (370175, 1679), (370175, 1680), (370175, 1681), (370175, 1682), (370175, 1683), (370175, 1684), (370175, 1685), (370175, 1686), (370175, 1687), (370175, 1688), (370175, 1689), (370175, 1690), (370175, 1691), (370175, 1692), (370175, 1693), (370175, 1694), (370175, 1695), (370175, 1696), (370175, 1697), (370175, 1698), (370175, 1699), (370175, 1700), (370175, 1701), (370175, 1702), (370175, 1703), (370175, 1704), (370175, 1705), (370175, 1706), (370175, 1707), (370175, 1708), (370175, 1709), (370175, 1710), (370175, 1711), (370175, 1712), (370175, 1713), (370175, 1714), (370175, 1715), (370175, 1716), (370175, 1717), (370175, 1718), (370175, 1719), (370175, 1720), (370175, 1721), (370175, 1722), (370175, 1723), (370175, 1727), (370175, 1728), (370175, 1729), (370175, 1730), (370175, 1731), (370175, 1732), (370175, 1733), (370175, 1734), (370175, 1735), (370175, 1736), (370175, 1737), (370175, 1738), (370175, 1739), (370175, 1740), (370175, 1741), (370175, 1742), (370175, 1743), (370175, 1744), (370175, 1745), (370175, 1746), (370175, 1747), (370175, 1748), (370175, 1749), (370175, 1750), (370175, 1751), (370175, 1752), (370175, 1753), (370175, 1754), (370175, 1755), (370175, 1756), (370175, 1757), (370175, 1758), (370175, 1759), (370175, 1760), (370175, 1761), (370175, 1762), (370175, 1763), (370175, 1764), (370175, 1765), (370175, 1766), (370175, 1767), (370175, 1768), (370175, 1769), (370175, 1770), (370175, 1771), (370175, 1772), (370175, 1773), (370175, 1774), (370175, 1775), (370175, 1776), (370175, 1777), (370175, 1778), (370175, 1779), (370175, 1780), (370175, 1781), (370175, 1782), (370175, 1783), (370175, 1784), (370175, 1785), (370172, 1), (370172, 2), (370172, 3), (370172, 4), (370172, 5), (370172, 6), (370172, 7), (370172, 8), (370172, 9), (370172, 10), (370172, 11), (370172, 12), (370172, 13), (370172, 14), (370172, 15), (370172, 16), (370172, 17), (370172, 18), (370172, 19), (370172, 20), (370172, 21), (370172, 22), (370172, 23), (370172, 24), (370172, 25), (370172, 26), (370172, 27), (370172, 28), (370172, 29), (370172, 30), (370172, 31), (370172, 32), (370172, 33), (370172, 34), (370172, 35), (370172, 36), (370172, 37), (370172, 38), (370172, 39), (370172, 40), (370172, 41), (370172, 42), (370172, 43), (370172, 44), (370172, 45), (370172, 46), (370172, 47), (370172, 48), (370172, 49), (370172, 50), (370172, 51), (370172, 52), (370172, 53), (370172, 54), (370172, 55), (370172, 56), (370172, 57), (370172, 58), (370172, 59), (370172, 60), (370172, 61), (370172, 62), (370172, 63), (370172, 64), (370172, 65), (370172, 66), (370172, 67), (370172, 68), (370172, 69), (370172, 70), (370172, 71), (370172, 72), (370172, 73), (370172, 74), (370172, 75), (370172, 76), (370172, 77), (370172, 78), (370172, 79), (370172, 80), (370172, 81), (370172, 82), (370172, 83), (370172, 84), (370172, 85), (370172, 86), (370172, 87), (370172, 88), (370172, 89), (370172, 90), (370172, 91), (370172, 92), (370172, 93), (370172, 94), (370172, 95), (370172, 96), (370172, 97), (370172, 98), (370172, 99), (370172, 100), (370172, 101), (370172, 102), (370172, 103), (370172, 104), (370172, 105), (370172, 106), (370172, 107), (370172, 108), (370172, 109), (370172, 110), (370172, 111), (370172, 112), (370172, 113), (370172, 114), (370172, 115), (370172, 116), (370172, 117), (370172, 118), (370172, 119), (370172, 120), (370172, 121), (370172, 122), (370172, 123), (370172, 124), (370172, 125), (370172, 126), (370172, 127), (370172, 128), (370172, 129), (370172, 130), (370172, 131), (370172, 132), (370172, 133), (370172, 134), (370172, 135), (370172, 136), (370172, 137), (370172, 138), (370172, 139), (370172, 140), (370172, 141), (370172, 142), (370172, 143), (370172, 144), (370172, 145), (370172, 146), (370172, 147), (370172, 148), (370172, 149), (370172, 150), (370172, 151), (370172, 152), (370172, 153), (370172, 154), (370172, 155), (370172, 156), (370172, 157), (370172, 158), (370172, 159), (370172, 160), (370172, 161), (370172, 162), (370172, 163), (370172, 164), (370172, 165), (370172, 166), (370172, 167), (370172, 168), (370172, 169), (370172, 170), (370172, 171), (370172, 172), (370172, 173), (370172, 174), (370172, 175), (370172, 176), (370172, 177), (370172, 178), (370172, 179), (370172, 180), (370172, 181), (370172, 182), (370172, 183), (370172, 184), (370172, 185), (370172, 186), (370172, 187), (370172, 188), (370172, 189), (370172, 190), (370172, 191), (370172, 192), (370172, 193), (370172, 194), (370172, 195), (370172, 196), (370172, 197), (370172, 198), (370172, 199), (370172, 200), (370172, 201), (370172, 202), (370172, 203), (370172, 204), (370172, 205), (370172, 206), (370172, 207), (370172, 208), (370172, 209), (370172, 210), (370172, 211), (370172, 212), (370172, 213), (370172, 214), (370172, 215), (370172, 216), (370172, 217), (370172, 218), (370172, 219), (370172, 220), (370172, 221), (370172, 222), (370172, 223), (370172, 224), (370172, 225), (370172, 226), (370172, 227), (370172, 228), (370172, 229), (370172, 230), (370172, 231), (370172, 232), (370172, 233), (370172, 234), (370172, 235), (370172, 236), (370172, 237), (370172, 238), (370172, 239), (370172, 240), (370172, 241), (370172, 242), (370172, 243), (370172, 244), (370172, 245), (370172, 246), (370172, 247), (370172, 248), (370172, 249), (370172, 250), (370172, 251), (370172, 252), (370172, 253), (370172, 254), (370172, 255), (370172, 256), (370172, 257), (370172, 258), (370172, 259), (370172, 260), (370172, 261), (370172, 262), (370172, 263), (370172, 264), (370172, 265), (370172, 266), (370172, 267), (370172, 268), (370172, 269), (370172, 270), (370172, 271), (370172, 272), (370172, 273), (370172, 274), (370172, 275), (370172, 276), (370172, 277), (370172, 278), (370172, 279), (370172, 280), (370172, 281), (370172, 282), (370172, 283), (370172, 284), (370172, 285), (370172, 286), (370172, 287), (370172, 288), (370172, 289), (370172, 290), (370172, 291), (370172, 292), (370172, 293), (370172, 294), (370172, 295), (370172, 296), (370172, 297), (370172, 298), (370172, 299), (370172, 300), (370169, 46), (370169, 47), (370169, 48), (370169, 49), (370169, 50), (370169, 51), (370169, 52), (370169, 53), (370169, 54), (370169, 55), (370169, 56), (370169, 57), (370169, 58), (370169, 59), (370169, 60), (370169, 61), (370169, 62), (370169, 63), (370169, 64), (370169, 65), (370169, 66), (370169, 67), (370169, 68), (370169, 69), (370169, 70), (370169, 71), (370169, 72), (370169, 73), (370169, 74), (370169, 75), (370169, 76), (370169, 77), (370169, 78), (370169, 79), (370169, 80), (370169, 81), (370169, 82), (370169, 83), (370169, 84), (370169, 85), (370169, 86), (370169, 87), (370169, 88), (370169, 89), (370169, 90), (370169, 91), (370169, 92), (370169, 93), (370169, 94), (370169, 95), (370169, 96), (370169, 97), (370169, 98), (370169, 99), (370169, 100), (370169, 101), (370169, 102), (370169, 103), (370169, 104), (370169, 105), (370169, 106), (370169, 107), (370169, 108), (370169, 109), (370169, 110), (370169, 111), (370169, 112), (370169, 113), (370169, 114), (370169, 115), (370169, 116), (370169, 117), (370169, 118), (370169, 119), (370169, 120), (370169, 121), (370169, 122), (370169, 123), (370169, 124), (370169, 125), (370169, 126), (370169, 127), (370169, 128), (370169, 129), (370169, 130), (370169, 131), (370169, 132), (370169, 133), (370169, 134), (370169, 135), (370169, 136), (370169, 137), (370169, 138), (370169, 139), (370169, 140), (370169, 141), (370169, 142), (370169, 143), (370169, 144), (370169, 145), (370169, 146), (370169, 147), (370169, 148), (370169, 149), (370169, 150), (370169, 151), (370169, 152), (370169, 153), (370169, 154), (370169, 155), (370169, 156), (370169, 157), (370169, 158), (370169, 159), (370169, 160), (370169, 161), (370169, 162), (370169, 163), (370169, 164), (370169, 165), (370169, 166), (370169, 167), (370169, 168), (370169, 169), (370169, 170), (370169, 171), (370169, 172), (370169, 173), (370169, 174), (370169, 175), (370169, 176), (370169, 177), (370169, 178), (370169, 179), (370169, 180), (370169, 181), (370169, 182), (370169, 183), (370169, 184), (370169, 185), (370169, 186), (370169, 187), (370169, 188), (370169, 189), (370169, 190), (370169, 191), (370169, 192), (370169, 193), (370169, 194), (370169, 195), (370169, 196), (370169, 197), (370169, 198), (370169, 199), (370169, 200), (370169, 201), (370169, 202), (370169, 203), (370169, 204), (370169, 205), (370169, 206), (370169, 207), (370169, 208), (370169, 209), (370169, 210), (370169, 211), (370169, 212), (370169, 213), (370169, 214), (370169, 215), (370169, 216), (370169, 217), (370169, 218), (370169, 219), (370169, 220), (370169, 221), (370169, 222), (370169, 223), (370169, 224), (370169, 225), (370169, 226), (370169, 227), (370169, 228), (370169, 229), (370169, 230), (370169, 231), (370169, 232), (370169, 233), (370169, 234), (370169, 235), (370169, 236), (370169, 237), (370169, 238), (370169, 239), (370169, 240), (370169, 241), (370169, 242), (370169, 243), (370169, 244), (370169, 245), (370169, 246), (370169, 247), (370169, 248), (370169, 249), (370169, 250), (370169, 251), (370169, 252), (370169, 253), (370169, 254), (370169, 255), (370169, 256), (370169, 257), (370169, 258), (370169, 259), (370169, 260), (370169, 261), (370169, 262), (370169, 263), (370169, 264), (370169, 265), (370169, 266), (370169, 267), (370169, 268), (370169, 269), (370169, 270), (370169, 271), (370169, 272), (370169, 273), (370169, 274), (370169, 275), (370169, 276), (370169, 277), (370169, 278), (370169, 279), (370169, 280), (370169, 281), (370169, 282), (370169, 283), (370169, 284), (370169, 285), (370169, 286), (370169, 287), (370169, 288), (370169, 289), (370169, 290), (370169, 291), (370169, 292), (370169, 293), (370169, 294), (370169, 295), (370169, 296), (370169, 297), (370169, 298), (370169, 299), (370169, 300), (370169, 301), (370169, 302), (370169, 303), (370169, 304), (370169, 305), (370169, 306), (370169, 307), (370169, 308), (370169, 309), (370169, 310), (370169, 311), (370169, 312), (370169, 313), (370169, 314), (370169, 315), (370169, 316), (370169, 317), (370169, 318), (370169, 319), (370169, 320), (370169, 321), (370169, 322), (370169, 323), (370169, 324), (370169, 325), (370169, 326), (370169, 327), (370169, 328), (370169, 329), (370169, 330), (370169, 331), (370169, 332), (370169, 333), (370169, 334), (370169, 335), (370169, 336), (370169, 337), (370169, 338), (370169, 339), (370169, 340), (370169, 341), (370169, 342), (370169, 343), (370169, 344), (370169, 345), (370169, 346), (370169, 347), (370169, 348), (370169, 349), (370169, 350), (370169, 351), (370169, 352), (370169, 353), (370169, 354), (370169, 355), (370169, 356), (370169, 357), (370169, 358), (370169, 359), (370169, 360), (370169, 361), (370169, 362), (370169, 363), (370169, 364), (370169, 365), (370169, 366), (370169, 367), (370169, 368), (370169, 369), (370169, 370), (370169, 371), (370169, 372), (370169, 373), (370169, 374), (370169, 375), (370169, 376), (370169, 377), (370169, 378), (370169, 379), (370169, 380), (370169, 381), (370169, 382), (370169, 383), (370169, 384), (370169, 385), (370169, 386), (370169, 387), (370169, 388), (370169, 389), (370169, 390), (370169, 391), (370169, 392), (370169, 393), (370169, 394), (370169, 395), (370169, 396), (370169, 397), (370169, 398), (370169, 399), (370169, 400), (370169, 401), (370169, 402), (370169, 403), (370169, 404), (370169, 405), (370169, 406), (370169, 407), (370169, 408), (370169, 409), (370169, 410), (370169, 411), (370169, 412), (370169, 413), (370169, 414), (370169, 415), (370169, 416), (370169, 417), (370169, 418), (370169, 419), (370169, 420), (370169, 421), (370169, 422), (370169, 423), (370169, 424), (370169, 425), (370169, 426), (370169, 427), (370169, 428), (370169, 429), (370169, 430), (370169, 431), (370169, 432), (370169, 433), (370169, 434), (370169, 435), (370169, 436), (370169, 437), (370169, 438), (370169, 439), (370169, 440), (370169, 441), (370169, 442), (370169, 443), (370169, 444), (370169, 445), (370169, 446), (370169, 447), (370169, 448), (370169, 449), (370169, 450), (370169, 451), (370169, 452), (370169, 453), (370169, 454), (370169, 456), (370169, 457), (370169, 458), (370169, 459), (370169, 460), (370169, 461), (370169, 462), (370169, 463), (370169, 464), (370169, 465), (370169, 466), (370169, 467), (370169, 468), (370169, 469), (370169, 470), (370169, 471), (370169, 472), (370169, 473), (370169, 474), (370169, 475), (370169, 476), (370169, 477), (370169, 478), (370169, 479), (370169, 480), (370169, 481), (370169, 482), (370169, 483), (370169, 484), (370169, 485), (370169, 486), (370169, 487), (370169, 488), (370169, 489), (370169, 490), (370169, 492), (370169, 493), (370169, 494), (370169, 495), (370169, 496), (370169, 497), (370169, 498), (370169, 499), (370169, 500), (370169, 501), (370169, 502), (370169, 503), (370169, 504), (370169, 505), (370169, 506), (370169, 507), (370169, 508), (370169, 509), (370169, 510), (370169, 511), (370169, 512), (370169, 513), (370169, 514), (370169, 515), (370169, 516), (370169, 517), (370169, 518), (370169, 519), (370169, 520), (370169, 521), (370169, 522), (370169, 523), (370169, 524), (370169, 525), (370169, 526), (370169, 528), (370169, 529), (370169, 530), (370169, 531), (370169, 532), (370169, 533), (370169, 534), (370169, 535), (370169, 536), (370169, 537), (370169, 538), (370169, 539), (370169, 540), (370169, 541), (370169, 542), (370169, 543), (370169, 544), (370169, 545), (370169, 546), (370169, 547), (370169, 548), (370169, 549), (370169, 550), (370169, 551), (370169, 552), (370169, 553), (370169, 554), (370169, 555), (370169, 556), (370169, 557), (370169, 558), (370169, 559), (370169, 560), (370169, 561), (370169, 562), (370169, 564), (370169, 565), (370169, 566), (370169, 567), (370169, 568), (370169, 569), (370169, 570), (370169, 571), (370169, 572), (370169, 573), (370169, 574), (370169, 575), (370169, 576), (370169, 577), (370169, 578), (370169, 579), (370169, 580), (370169, 581), (370169, 582), (370169, 583), (370169, 584), (370169, 585), (370169, 586), (370169, 587), (370169, 588), (370169, 589), (370169, 590), (370169, 591), (370169, 592), (370169, 593), (370169, 594), (370169, 595), (370169, 596), (370169, 597), (370169, 598), (370169, 600), (370169, 601), (370169, 602), (370169, 603), (370169, 604), (370169, 605), (370169, 606), (370169, 607), (370169, 608), (370169, 609), (370169, 610), (370169, 611), (370169, 612), (370169, 613), (370169, 614), (370169, 615), (370169, 616), (370169, 617), (370169, 618), (370169, 619), (370169, 620), (370169, 621), (370169, 622), (370169, 623), (370169, 624), (370169, 625), (370169, 626), (370169, 627), (370169, 628), (370169, 629), (370169, 630), (370169, 631), (370169, 632), (370169, 633), (370169, 634), (370169, 636), (370169, 637), (370169, 638), (370169, 639), (370169, 640), (370169, 641), (370169, 642), (370169, 643), (370169, 644), (370169, 645), (370169, 646), (370169, 647), (370169, 648), (370169, 649), (370169, 650), (370169, 651), (370169, 652), (370169, 653), (370169, 654), (370169, 655), (370169, 656), (370169, 657), (370169, 658), (370169, 659), (370169, 660), (370169, 661), (370169, 662), (370169, 663), (370169, 664), (370169, 665), (370169, 666), (370169, 667), (370169, 668), (370169, 669), (370169, 670), (370169, 672), (370169, 673), (370169, 674), (370169, 675), (370169, 676), (370169, 677), (370169, 678), (370169, 679), (370169, 680), (370169, 681), (370169, 682), (370169, 683), (370169, 684), (370169, 685), (370169, 686), (370169, 687), (370169, 688), (370169, 689), (370169, 690), (370169, 691), (370169, 692), (370169, 693), (370169, 694), (370169, 695), (370169, 696), (370169, 697), (370169, 698), (370169, 699), (370169, 700), (370169, 701), (370169, 702), (370169, 703), (370169, 704), (370169, 705), (370169, 706), (370169, 707), (370169, 708), (370169, 709), (370169, 710), (370169, 711), (370169, 712), (370169, 713), (370169, 714), (370169, 715), (370169, 716), (370169, 717), (370169, 718), (370169, 719), (370169, 720), (370169, 721), (370169, 722), (370169, 723), (370169, 724), (370169, 725), (370169, 726), (370169, 727), (370169, 728), (370169, 729), (370169, 730), (370169, 731), (370169, 732), (370169, 733), (370169, 734), (370169, 735), (370169, 736), (370169, 737), (370169, 738), (370169, 739), (370169, 740), (370169, 741), (370169, 742), (370169, 743), (370169, 744), (370169, 745), (370169, 746), (370169, 747), (370169, 748), (370169, 749), (370169, 750), (370169, 751), (370169, 752), (370169, 753), (370169, 754), (370169, 755), (370169, 756), (370169, 757), (370169, 758), (370169, 759), (370169, 760), (370169, 761), (370169, 762), (370169, 763), (370169, 764), (370169, 765), (370169, 766), (370169, 767), (370169, 768), (370169, 769), (370169, 770), (370169, 771), (370169, 772), (370169, 773), (370169, 774), (370169, 775), (370169, 776), (370169, 777), (370169, 778), (370169, 779), (370169, 780), (370169, 781), (370169, 782), (370169, 783), (370169, 784), (370169, 785), (370169, 786), (370169, 787), (370169, 788), (370169, 789), (370169, 790), (370169, 791), (370169, 792), (370169, 793), (370169, 794), (370169, 795), (370169, 796), (370169, 797), (370169, 798), (370169, 799), (370169, 800), (370169, 801), (370169, 802), (370169, 803), (370169, 804), (370169, 805), (370169, 806), (370169, 807), (370169, 808), (370169, 809), (370169, 810), (370169, 811), (370169, 812), (370169, 813), (370169, 814), (370169, 815), (370169, 816), (370169, 817), (370169, 818), (370169, 819), (370169, 820), (370169, 821), (370169, 822), (370169, 823), (370169, 824), (370169, 825), (370169, 826), (370169, 827), (370169, 828), (370169, 829), (370169, 830), (370169, 831), (370169, 832), (370169, 833), (370169, 834), (370169, 835), (370169, 836), (370169, 837), (370169, 838), (370169, 839), (370169, 840), (370169, 841), (370169, 842), (370169, 843), (370169, 844), (370169, 845), (370169, 846), (370169, 847), (370169, 848), (370169, 849), (370169, 850), (370169, 851), (370169, 852), (370169, 853), (370169, 854), (370169, 855), (370169, 856), (370169, 857), (370169, 858), (370169, 859), (370169, 860), (370169, 861), (370169, 862), (370169, 863), (370169, 864), (370169, 865), (370169, 866), (370169, 867), (370169, 868), (370169, 869), (370169, 870), (370169, 871), (370169, 872), (370169, 873), (370169, 874), (370169, 875), (370169, 876), (370169, 877), (370169, 878), (370169, 879), (370169, 880), (370169, 881), (370169, 882), (370169, 883), (370169, 884), (370169, 885), (370169, 886), (370169, 887), (370169, 888), (370169, 889), (370169, 890), (370169, 891), (370169, 892), (370169, 893), (370169, 894), (370169, 895), (370169, 896), (370169, 897), (370169, 898), (370169, 899), (370169, 900), (370169, 901), (370169, 902), (370169, 903), (370169, 904), (370169, 905), (370169, 906), (370169, 907), (370169, 908), (370169, 909), (370169, 910), (370169, 911), (370169, 912), (370169, 913), (370169, 914), (370169, 915), (370169, 916), (370169, 917), (370169, 918), (370169, 919), (370169, 920), (370169, 921), (370169, 922), (370169, 923), (370169, 924), (370169, 925), (370169, 926), (370169, 927), (370169, 928), (370169, 929), (370169, 930), (370169, 931), (370169, 932), (370169, 933), (370169, 934), (370169, 935), (370169, 936), (370169, 937), (370169, 1043), (370169, 1044), (370169, 1045), (370169, 1046), (370169, 1047), (370169, 1048), (370169, 1049), (370169, 1050), (370169, 1051), (370169, 1052), (370169, 1053), (370169, 1054), (370169, 1055), (370169, 1056), (370169, 1057), (370169, 1058), (370169, 1059), (370169, 1060), (370169, 1061), (370169, 1062), (370169, 1063), (370169, 1064), (370169, 1065), (370169, 1066), (370169, 1067), (370169, 1068), (370169, 1069), (370169, 1070), (370169, 1071), (370169, 1072), (370169, 1073), (370169, 1074), (370169, 1075), (370169, 1076), (370169, 1077), (370169, 1078), (370169, 1079), (370169, 1080), (370169, 1081), (370169, 1082), (370169, 1083), (370169, 1084), (370169, 1085), (370169, 1086), (370169, 1087), (370169, 1088), (370169, 1089), (370169, 1090), (370169, 1091), (370169, 1092), (370169, 1093), (370169, 1094), (370169, 1095), (370169, 1096), (370169, 1097), (370169, 1098), (370169, 1099), (370169, 1100), (370169, 1101), (370169, 1102), (370169, 1103), (370169, 1104), (370169, 1105), (370169, 1106), (370169, 1107), (370169, 1108), (370169, 1109), (370169, 1110), (370169, 1111), (370169, 1112), (370169, 1113), (370169, 1114), (370169, 1115), (370169, 1116), (370169, 1117), (370169, 1118), (370169, 1119), (370169, 1120), (370169, 1121), (370169, 1122), (370169, 1123), (370169, 1124), (370169, 1125), (370169, 1126), (370169, 1127), (370169, 1128), (370169, 1129), (370169, 1130), (370169, 1131), (370169, 1132), (370169, 1133), (370169, 1134), (370169, 1135), (370169, 1136), (370169, 1137), (370169, 1138), (370169, 1139), (370169, 1140), (370169, 1141), (370169, 1142), (370169, 1143), (370169, 1144), (370169, 1145), (370169, 1146), (370169, 1147), (370169, 1148), (370169, 1149), (370169, 1150), (370169, 1151), (370169, 1152), (370169, 1153), (370169, 1154), (370169, 1155), (370169, 1156), (370169, 1157), (370169, 1158), (370169, 1159), (370169, 1160), (370169, 1161), (370169, 1162), (370169, 1163), (370169, 1164), (370169, 1165), (370169, 1166), (370169, 1167), (370169, 1168), (370169, 1169), (370169, 1170), (370169, 1171), (370169, 1172), (370169, 1173), (370169, 1174), (370169, 1175), (370169, 1176), (370169, 1177), (370169, 1178), (370169, 1179), (370169, 1180), (370169, 1181), (370169, 1182), (370169, 1183), (370169, 1184), (370169, 1185), (370169, 1186), (370169, 1187), (370169, 1188), (370169, 1189), (370169, 1190), (370169, 1191), (370169, 1192), (370169, 1193), (370169, 1194), (370169, 1195), (370169, 1196), (370169, 1197), (370169, 1198), (370169, 1199), (370169, 1200), (370169, 1201), (370169, 1202), (370169, 1203), (370169, 1204), (370169, 1205), (370169, 1206), (370169, 1207), (370169, 1208), (370169, 1209), (370169, 1210), (370169, 1211), (370169, 1212), (370169, 1213), (370169, 1214), (370169, 1215), (370169, 1216), (370169, 1217), (370169, 1218), (370169, 1219), (370169, 1220), (370169, 1221), (370169, 1222), (370169, 1223), (370169, 1224), (370169, 1225), (370169, 1226), (370169, 1227), (370169, 1228), (370169, 1229), (370169, 1230), (370169, 1231), (370169, 1232), (370169, 1233), (370169, 1234), (370169, 1235), (370169, 1236), (370169, 1237), (370169, 1238), (370169, 1239), (370169, 1240), (370169, 1241), (370169, 1242), (370169, 1243), (370169, 1244), (370169, 1245), (370169, 1246), (370169, 1247), (370169, 1248), (370169, 1249), (370169, 1250), (370169, 1251), (370169, 1252), (370169, 1253), (370169, 1254), (370169, 1255), (370169, 1256), (370169, 1257), (370169, 1258), (370169, 1259), (370169, 1260), (370169, 1261), (370169, 1262), (370169, 1263), (370169, 1264), (370169, 1265), (370169, 1266), (370169, 1267), (370169, 1268), (370169, 1269), (370169, 1270), (370169, 1271), (370169, 1272), (370169, 1273), (370169, 1274), (370169, 1275), (370169, 1276), (370169, 1277), (370169, 1278), (370169, 1279), (370169, 1280), (370169, 1281), (370169, 1282), (370169, 1283), (370169, 1284), (370169, 1285), (370169, 1286), (370169, 1287), (370169, 1288), (370169, 1289), (370169, 1290), (370169, 1291), (370169, 1292), (370169, 1293), (370169, 1294), (370169, 1295), (370169, 1296), (370169, 1297), (370169, 1298), (370169, 1299), (370169, 1300), (370169, 1301), (370169, 1302), (370169, 1303), (370169, 1304), (370169, 1305), (370169, 1306), (370169, 1307), (370169, 1308), (370169, 1309), (370169, 1310), (370169, 1311), (370169, 1312), (370169, 1313), (370169, 1314), (370169, 1315), (370169, 1316), (370169, 1317), (370169, 1318), (370169, 1319), (370169, 1320), (370169, 1321), (370169, 1322), (370169, 1323), (370169, 1324), (370169, 1325), (370169, 1326), (370169, 1327), (370169, 1328), (370169, 1329), (370169, 1330), (370169, 1331), (370169, 1332), (370169, 1333), (370169, 1334), (370169, 1335), (370169, 1336), (370169, 1337), (370169, 1338), (370169, 1339), (370169, 1340), (370169, 1341), (370169, 1342), (370169, 1343), (370169, 1344), (370169, 1345), (370169, 1346), (370169, 1347), (370169, 1348), (370169, 1349), (370169, 1350), (370169, 1351), (370169, 1352), (370169, 1353), (370169, 1354), (370169, 1355), (370169, 1356), (370169, 1357), (370169, 1358), (370169, 1359), (370169, 1360), (370169, 1361), (370169, 1362), (370169, 1363), (370169, 1364), (370169, 1365), (370169, 1366), (370169, 1367), (370169, 1368), (370169, 1369), (370169, 1370), (370169, 1371), (370169, 1372), (370169, 1373), (370169, 1374), (370169, 1375), (370169, 1376), (370169, 1377), (370169, 1378), (370169, 1379), (370169, 1380), (370169, 1381), (370169, 1382), (370169, 1383), (370169, 1384), (370169, 1385), (370169, 1386), (370169, 1387), (370169, 1388), (370169, 1389), (370169, 1390), (370169, 1391), (370169, 1392), (370169, 1393), (370169, 1394), (370169, 1395), (370169, 1396), (370169, 1397), (370169, 1398), (370169, 1399), (370169, 1400), (370169, 1401), (370169, 1402), (370169, 1403), (370169, 1404), (370169, 1405), (370169, 1406), (370169, 1407), (370169, 1408), (370169, 1409), (370169, 1410), (370169, 1411), (370169, 1412), (370169, 1413), (370169, 1414), (370169, 1415), (370169, 1416), (370169, 1417), (370169, 1418), (370169, 1419), (370169, 1420), (370169, 1421), (370169, 1422), (370169, 1423), (370169, 1424), (370169, 1425), (370169, 1426), (370169, 1427), (370169, 1428), (370169, 1429), (370169, 1430), (370169, 1431), (370169, 1432), (370169, 1433), (370169, 1434), (370169, 1435), (370169, 1436), (370169, 1437), (370169, 1438), (370169, 1439), (370169, 1440), (370169, 1441), (370169, 1442), (370169, 1443), (370169, 1444), (370169, 1445), (370169, 1446), (370169, 1447), (370169, 1448), (370169, 1449), (370169, 1450), (370169, 1451), (370144, 1), (370144, 2), (370144, 3), (370144, 4), (370144, 5), (370144, 6), (370144, 7), (370144, 8), (370144, 9), (370144, 10), (370144, 11), (370144, 12), (370144, 13), (370144, 14), (370144, 15), (370144, 16), (370144, 17), (370144, 18), (370144, 19), (370144, 20), (370144, 21), (370144, 22), (370144, 23), (370144, 24), (370144, 25), (370144, 26), (370144, 27), (370144, 28), (370144, 29), (370144, 30), (370144, 31), (370144, 32), (370144, 33), (370144, 34), (370144, 35), (370144, 36), (370144, 37), (370144, 38), (370144, 39), (370144, 40), (370144, 41), (370144, 42), (370144, 43), (370144, 44), (370144, 45), (370144, 46), (370144, 47), (370144, 48), (370144, 49), (370144, 50), (370144, 51), (370144, 52), (370144, 53), (370144, 54), (370144, 55), (370144, 56), (370144, 57), (370144, 58), (370144, 59), (370144, 60), (370144, 61), (370144, 62), (370144, 63), (370144, 64), (370144, 65), (370144, 66), (370144, 67), (370144, 68), (370144, 69), (370144, 70), (370144, 71), (370144, 72), (370144, 73), (370144, 74), (370144, 75), (370144, 76), (370144, 77), (370144, 78), (370144, 79), (370144, 80), (370144, 81), (370144, 82), (370144, 83), (370144, 84), (370144, 85), (370144, 86), (370144, 87), (370144, 88), (370144, 89), (370144, 90), (370144, 91), (370144, 92), (370144, 93), (370144, 94), (370144, 95), (370144, 96), (370144, 97), (370144, 98), (370144, 99), (370144, 100), (370144, 101), (370144, 102), (370144, 103), (370144, 104), (370144, 105), (370144, 106), (370144, 107), (370144, 108), (370144, 109), (370144, 110), (370144, 111), (370144, 112), (370144, 113), (370144, 114), (370144, 115), (370144, 116), (370144, 117), (370144, 118), (370144, 119), (370144, 120), (370144, 121), (370144, 122), (370144, 123), (370144, 124), (370144, 125), (370144, 126), (370144, 127), (370144, 128), (370144, 129), (370144, 130), (370144, 131), (370144, 132), (370144, 133), (370144, 134), (370144, 135), (370144, 136), (370144, 137), (370144, 138), (370144, 139), (370144, 140), (370144, 141), (370144, 142), (370144, 143), (370144, 144), (370144, 145), (370144, 146), (370144, 147), (370144, 148), (370144, 149), (370144, 150), (370144, 151), (370144, 152), (370144, 153), (370144, 154), (370144, 155), (370144, 156), (370144, 157), (370144, 158), (370144, 159), (370144, 160), (370144, 161), (370144, 162), (370144, 163), (370144, 164), (370144, 165), (370144, 166), (370144, 167), (370144, 168), (370144, 169), (370144, 170), (370144, 171), (370144, 172), (370144, 173), (370144, 174), (370144, 175), (370144, 176), (370144, 177), (370144, 178), (370144, 179), (370144, 180), (370144, 181), (370144, 182), (370144, 183), (370144, 184), (370144, 185), (370144, 186), (370144, 187), (370144, 188), (370144, 189), (370144, 190), (370144, 191), (370144, 192), (370144, 193), (370144, 194), (370144, 195), (370144, 196), (370144, 197), (370144, 198), (370144, 199), (370144, 200), (370144, 201), (370144, 202), (370144, 203), (370144, 204), (370144, 205), (370144, 206), (370144, 207), (370144, 208), (370144, 209), (370144, 210), (370144, 211), (370144, 212), (370144, 213), (370144, 214), (370144, 215), (370144, 216), (370144, 217), (370144, 218), (370144, 219), (370144, 220), (370144, 221), (370144, 222), (370144, 223), (370144, 224), (370144, 225), (370144, 226), (370144, 227), (370144, 228), (370144, 229), (370144, 230), (370144, 231), (370144, 232), (370144, 233), (370144, 234), (370144, 235), (370144, 236), (370144, 237), (370144, 238), (370144, 239), (370144, 240), (370144, 241), (370144, 242), (370144, 243), (370144, 244), (370144, 245), (370144, 246), (370144, 247), (370144, 248), (370144, 249), (370144, 250), (370144, 251), (370144, 252), (370144, 253), (370144, 254), (370144, 255), (370144, 256), (370144, 257), (370144, 258), (370144, 259), (370144, 260), (370144, 261), (370144, 262), (370144, 263), (370144, 264), (370144, 265), (370144, 266), (370144, 267), (370144, 268), (370144, 269), (370144, 270), (370144, 271), (370144, 272), (370144, 273), (370144, 274), (370144, 275), (370144, 276), (370144, 277), (370144, 278), (370144, 279), (370144, 280), (370144, 281), (370144, 282), (370144, 283), (370144, 284), (370144, 285), (370144, 286), (370144, 287), (370144, 288), (370144, 289), (370144, 290), (370144, 291), (370144, 292), (370144, 293), (370144, 294), (370144, 295), (370144, 296), (370144, 297), (370144, 298), (370144, 299), (370144, 300), (370144, 301), (370144, 302), (370144, 303), (370144, 304), (370144, 305), (370144, 306), (370144, 307), (370144, 308), (370144, 309), (370144, 310), (370144, 311), (370144, 312), (370144, 313), (370144, 314), (370144, 315), (370144, 316), (370144, 317), (370144, 318), (370144, 319), (370144, 320), (370144, 321), (370144, 322), (370144, 323), (370144, 324), (370144, 325), (370144, 326), (370144, 327), (370144, 328), (370144, 329), (370144, 330), (370144, 331), (370144, 332), (370144, 333), (370144, 334), (370144, 335), (370144, 336), (370144, 337), (370144, 338), (370144, 339), (370144, 340), (370144, 341), (370144, 342), (370144, 343), (370144, 344), (370144, 345), (370144, 346), (370144, 347), (370144, 348), (370144, 349), (370144, 350), (370144, 351), (370144, 352), (370144, 353), (370144, 354), (370144, 355), (370144, 356), (370144, 357), (370144, 358), (370144, 359), (370144, 360), (370144, 361), (370144, 362), (370144, 363), (370144, 364), (370144, 365), (370144, 366), (370144, 367), (370144, 368), (370144, 369), (370144, 370), (370144, 371), (370144, 372), (370144, 373), (370144, 374), (370144, 375), (370144, 376), (370144, 377), (370144, 378), (370144, 379), (370144, 380), (370144, 381), (370144, 382), (370144, 383), (370144, 384), (370144, 385), (370144, 386), (370144, 387), (370144, 388), (370144, 389), (370144, 390), (370144, 391), (370144, 392), (370144, 393), (370144, 394), (370144, 395), (370144, 396), (370144, 397), (370144, 398), (370144, 399), (370144, 400), (370144, 401), (370144, 402), (370144, 403), (370144, 404), (370144, 405), (370144, 406), (370144, 407), (370144, 408), (370144, 409), (370144, 410), (370144, 411), (370144, 412), (370144, 413), (370144, 414), (370144, 415), (370144, 416), (370144, 417), (370144, 418), (370144, 419), (370144, 420), (370144, 421), (370144, 422), (370144, 423), (370144, 424), (370144, 425), (370144, 426), (370144, 427), (370144, 428), (370144, 429), (370144, 430), (370144, 431), (370144, 432), (370144, 433), (370144, 434), (370144, 435), (370144, 436), (370144, 437), (370144, 438), (370144, 439), (370144, 440), (370144, 441), (370144, 442), (370144, 443), (370144, 444), (370144, 445), (370144, 446), (370144, 447), (370144, 448), (370144, 449), (370144, 450), (370144, 451), (370144, 452), (370144, 453), (370144, 454), (370144, 455), (370144, 456), (370144, 457), (370144, 458), (370144, 459), (370144, 460), (370144, 461), (370144, 462), (370144, 463), (370144, 464), (370144, 465), (370144, 466), (370144, 467), (370144, 468), (370144, 469), (370144, 470), (370144, 471), (370144, 472), (370144, 473), (370144, 474), (370144, 475), (370144, 476), (370144, 477), (370144, 478), (370144, 479), (370144, 480), (370144, 481), (370144, 482), (370144, 483), (370144, 484), (370144, 485), (370144, 486), (370144, 487), (370144, 488), (370144, 489), (370144, 490), (370144, 491), (370144, 492), (370144, 493), (370144, 494), (370144, 495), (370144, 496), (370144, 497), (370144, 498), (370144, 499), (370144, 500), (370144, 501), (370144, 502), (370144, 503), (370144, 504), (370144, 505), (370144, 506), (370144, 507), (370144, 508), (370144, 509), (370144, 510), (370144, 511), (370144, 512), (370144, 513), (370144, 514), (370144, 515), (370144, 516), (370144, 517), (370144, 518), (370144, 519), (370144, 520), (370144, 521), (370144, 522), (370144, 523), (370144, 524), (370144, 525), (370144, 526), (370144, 527), (370144, 528), (370144, 529), (370144, 530), (370144, 531), (370144, 532), (370144, 533), (370144, 534), (370144, 535), (370144, 536), (370144, 537), (370144, 538), (370144, 539), (370144, 540), (370144, 541), (370144, 542), (370144, 543), (370144, 544), (370144, 545), (370144, 546), (370144, 547), (370144, 548), (370144, 549), (370144, 550), (370144, 551), (370144, 552), (370144, 553), (370144, 554), (370144, 555), (370144, 556), (370144, 557), (370144, 558), (370144, 559), (370144, 560), (370144, 561), (370144, 562), (370144, 563), (370144, 564), (370144, 565), (370144, 566), (370144, 567), (370144, 568), (370144, 569), (370144, 570), (370144, 571), (370144, 572), (370144, 573), (370144, 574), (370144, 575), (370144, 576), (370144, 577), (370144, 578), (370144, 579), (370144, 580), (370144, 581), (370144, 582), (370144, 583), (370144, 584), (370144, 585), (370144, 586), (370144, 587), (370144, 588), (370144, 589), (370144, 590), (370144, 591), (370144, 592), (370144, 593), (370144, 594), (370144, 595), (370144, 596), (370144, 597), (370144, 598), (370144, 599), (370144, 600), (370144, 601), (370144, 602), (370144, 603), (370144, 604), (370144, 605), (370144, 606), (370144, 607), (370144, 608), (370144, 609), (370144, 610), (370144, 611), (370144, 612), (370144, 613), (370144, 614), (370144, 615), (370144, 616), (370144, 617), (370144, 618), (370144, 619), (370144, 620), (370144, 621), (370144, 622), (370144, 623), (370144, 624), (370144, 625), (370144, 626), (370144, 627), (370144, 628), (370144, 629), (370144, 630), (370144, 631), (370144, 632), (370144, 633), (370144, 634), (370144, 635), (370144, 636), (370144, 637), (370144, 638), (370144, 639), (370144, 640), (370144, 641), (370144, 642), (370144, 643), (370144, 644), (370144, 645), (370144, 646), (370144, 647), (370144, 648), (370144, 649), (370144, 650), (370144, 651), (370144, 652), (370144, 653), (370144, 654), (370144, 655), (370144, 656), (370144, 657), (370144, 658), (370144, 659), (370144, 660), (370144, 661), (370144, 662), (370144, 663), (370144, 664), (370144, 665), (370144, 666), (370144, 667), (370144, 668), (370144, 669), (370144, 670), (370144, 671), (370144, 672), (370144, 673), (370144, 674), (370144, 675), (370144, 676), (370144, 677), (370144, 678), (370144, 679), (370144, 680), (370144, 681), (370144, 682), (370144, 683), (370144, 684), (370144, 685), (370144, 686), (370144, 687), (370144, 688), (370144, 689), (370144, 690), (370144, 691), (370144, 692), (370144, 693), (370144, 694), (370144, 695), (370144, 696), (370144, 697), (370144, 698), (370144, 699), (370144, 700), (370144, 701), (370144, 702), (370144, 703), (370144, 704), (370144, 705), (370144, 706), (370144, 707), (370144, 708), (370144, 709), (370144, 710), (370144, 711), (370144, 712), (370144, 713), (370144, 714), (370144, 715), (370144, 717), (370144, 718), (370144, 719), (370144, 720), (370144, 721), (370144, 722), (370144, 723), (370144, 724), (370144, 725), (370144, 726), (370144, 727), (370144, 728), (370144, 729), (370144, 730), (370144, 731), (370144, 732), (370144, 733), (370144, 734), (370144, 735), (370144, 736), (370144, 737), (370144, 738), (370144, 739), (370144, 740), (370144, 741), (370144, 742), (370144, 743), (370144, 744), (370144, 745), (370144, 746), (370144, 747), (370144, 748), (370144, 749), (370144, 750), (370144, 751), (370144, 752), (370144, 753), (370144, 754), (370144, 755), (370144, 756), (370144, 757), (370144, 758), (370144, 759), (370144, 760), (370144, 761), (370144, 762), (370144, 763), (370144, 764), (370144, 765), (370144, 766), (370144, 767), (370144, 768), (370144, 769), (370144, 770), (370144, 771), (370144, 772), (370144, 773), (370144, 774), (370144, 775), (370144, 776), (370144, 777), (370144, 778), (370144, 779), (370144, 780), (370144, 781), (370144, 782), (370144, 783), (370144, 784), (370144, 785), (370144, 786), (370144, 787), (370144, 788), (370144, 789), (370144, 790), (370144, 791), (370144, 792), (370144, 793), (370144, 794), (370144, 795), (370144, 796), (370144, 797), (370144, 798), (370144, 799), (370144, 800), (370144, 801), (370144, 802), (370144, 803), (370144, 804), (370144, 805), (370144, 806), (370144, 807), (370144, 808), (370144, 809), (370144, 810), (370144, 811), (370144, 812), (370144, 813), (370144, 814), (370144, 815), (370144, 816), (370144, 817), (370144, 818), (370144, 819), (370144, 820), (370144, 821), (370144, 822), (370144, 823), (370144, 824), (370144, 825), (370144, 826), (370144, 827), (370144, 828), (370144, 829), (370144, 830), (370144, 831), (370144, 832), (370144, 833), (370144, 834), (370144, 835), (370144, 836), (370144, 837), (370144, 838), (370144, 839), (370144, 840), (370144, 841), (370144, 842), (370144, 843), (370144, 844), (370144, 845), (370144, 846), (370144, 847), (370144, 848), (370144, 849), (370144, 850), (370144, 851), (370144, 852), (370144, 853), (370144, 854), (370144, 855), (370144, 856), (370144, 857), (370144, 858), (370144, 859), (370144, 860), (370144, 861), (370144, 862), (370144, 863), (370144, 864), (370144, 865), (370144, 866), (370144, 867), (370144, 868), (370144, 869), (370144, 870), (370144, 871), (370144, 872), (370144, 873), (370144, 874), (370144, 875), (370144, 876), (370144, 877), (370144, 878), (370144, 879), (370144, 880), (370144, 881), (370144, 882), (370144, 883), (370144, 884), (370144, 885), (370144, 886), (370144, 887), (370144, 888), (370144, 889), (370144, 890), (370144, 891), (370144, 892), (370144, 893), (370144, 894), (370144, 895), (370144, 896), (370144, 897), (370144, 898), (370144, 899), (370144, 900), (370144, 901), (370144, 902), (370144, 903), (370144, 904), (370144, 905), (370144, 906), (370144, 907), (370144, 908), (370144, 909), (370144, 910), (370144, 911), (370144, 912), (370144, 913), (370144, 914), (370144, 915), (370144, 916), (370144, 917), (370144, 918), (370144, 919), (370144, 920), (370144, 921), (370144, 922), (370144, 923), (370144, 924), (370144, 925), (370144, 926), (370144, 927), (370144, 928), (370144, 929), (370144, 930), (370144, 931), (370144, 932), (370144, 933), (370144, 934), (370144, 935), (370144, 936), (370144, 937), (370144, 938), (370144, 939), (370144, 940), (370144, 941), (370144, 942), (370144, 943), (370144, 944), (370144, 945), (370144, 946), (370144, 947), (370144, 948), (370144, 949), (370144, 950), (370144, 951), (370144, 952), (370144, 953), (370144, 954), (370144, 955), (370144, 956), (370144, 957), (370144, 958), (370144, 959), (370144, 960), (370144, 961), (370144, 962), (370144, 963), (370144, 964), (370144, 965), (370144, 966), (370144, 967), (370144, 968), (370144, 969), (370144, 970), (370144, 971), (370144, 972), (370144, 973), (370144, 974), (370144, 975), (370144, 976), (370144, 977), (370144, 978), (370144, 979), (370144, 980), (370144, 981), (370144, 982), (370144, 983), (370144, 984), (370144, 985), (370144, 986), (370144, 987), (370144, 988), (370144, 989), (370144, 990), (370144, 991), (370144, 992), (370144, 993), (370144, 994), (370144, 995), (370144, 996), (370144, 997), (370144, 998), (370144, 999), (370144, 1000), (370144, 1001), (370144, 1002), (370144, 1003), (370144, 1004), (370144, 1005), (370144, 1006), (370144, 1007), (370144, 1008), (370144, 1009), (370144, 1010), (370144, 1011), (370144, 1012), (370144, 1013), (370144, 1014), (370144, 1015), (370144, 1016), (370144, 1017), (370144, 1018), (370144, 1019), (370144, 1020), (370144, 1021), (370144, 1022), (370144, 1023), (370144, 1024), (370144, 1025), (370144, 1026), (370144, 1027), (370144, 1028), (370144, 1029), (370144, 1030), (370144, 1031), (370144, 1032), (370144, 1033), (370144, 1034), (370144, 1035), (370144, 1036), (370144, 1037), (370144, 1038), (370144, 1039), (370144, 1040), (370144, 1041), (370144, 1042), (370144, 1043), (370144, 1044), (370144, 1045), (370144, 1046), (370144, 1047), (370144, 1048), (370144, 1049), (370144, 1050), (370144, 1051), (370144, 1052), (370144, 1053), (370144, 1054), (370144, 1055), (370144, 1056), (370144, 1057), (370144, 1058), (370144, 1059), (370144, 1060), (370144, 1061), (370144, 1062), (370144, 1063), (370144, 1064), (370144, 1065), (370144, 1066), (370144, 1067), (370144, 1068), (370144, 1069), (370144, 1070), (370144, 1071), (370144, 1072), (370144, 1073), (370144, 1074), (370144, 1075), (370144, 1076), (370144, 1077), (370144, 1078), (370144, 1079), (370144, 1080), (370144, 1081), (370144, 1082), (370144, 1083), (370144, 1084), (370144, 1085), (370144, 1086), (370144, 1087), (370144, 1088), (370144, 1089), (370144, 1090), (370144, 1091), (370144, 1092), (370144, 1093), (370144, 1094), (370144, 1095), (370144, 1096), (370144, 1097), (370144, 1098), (370144, 1099), (370144, 1100), (370144, 1101), (370144, 1102), (370144, 1103), (370144, 1104), (370144, 1105), (370144, 1106), (370144, 1107), (370144, 1108), (370144, 1109), (370144, 1110), (370144, 1111), (370144, 1112), (370144, 1113), (370144, 1114), (370144, 1115), (370144, 1116), (370144, 1117), (370144, 1118), (370144, 1119), (370144, 1120), (370144, 1121), (370144, 1122), (370144, 1123), (370144, 1124), (370144, 1125), (370144, 1126), (370144, 1127), (370144, 1128), (370144, 1129), (370144, 1130), (370144, 1131), (370144, 1132), (370144, 1133), (370144, 1134), (370144, 1135), (370144, 1136), (370144, 1137), (370144, 1138), (370144, 1139), (370144, 1140), (370144, 1141), (370144, 1142), (370144, 1143), (370144, 1144), (370144, 1145), (370144, 1146), (370144, 1147), (370144, 1148), (370144, 1149), (370144, 1150), (370144, 1151), (370144, 1152), (370144, 1153), (370144, 1154), (370144, 1155), (370144, 1156), (370144, 1157), (370144, 1158), (370144, 1159), (370144, 1160), (370144, 1161), (370144, 1162), (370144, 1163), (370144, 1164), (370144, 1165), (370144, 1166), (370144, 1167), (370144, 1168), (370144, 1169), (370144, 1170), (370144, 1171), (370144, 1172), (370144, 1173), (370144, 1174), (370144, 1175), (370144, 1176), (370144, 1177), (370144, 1178), (370144, 1179), (370144, 1180), (370144, 1181), (370144, 1182), (370144, 1183), (370144, 1184), (370144, 1185), (370144, 1186), (370144, 1187), (370144, 1188), (370144, 1189), (370144, 1190), (370144, 1191), (370144, 1192), (370144, 1193), (370144, 1194), (370144, 1195), (370144, 1196), (370144, 1197), (370144, 1198), (370144, 1199), (370144, 1200), (370144, 1201), (370144, 1202), (370144, 1203), (370144, 1204), (370144, 1205), (370144, 1206), (370144, 1207), (370144, 1208), (370144, 1209), (370144, 1210), (370144, 1211), (370144, 1212), (370144, 1213), (370144, 1214), (370144, 1215), (370144, 1216), (370144, 1217), (370144, 1218), (370144, 1219), (370144, 1220), (370144, 1221), (370144, 1222), (370144, 1223), (370144, 1224), (370144, 1225), (370144, 1226), (370144, 1227), (370144, 1228), (370144, 1229), (370144, 1230), (370144, 1231), (370144, 1232), (370144, 1233), (370144, 1234), (370144, 1235), (370144, 1236), (370144, 1237), (370144, 1238), (370144, 1239), (370144, 1240), (370144, 1241), (370144, 1242), (370144, 1243), (370144, 1244), (370144, 1245), (370144, 1246), (370144, 1247), (370144, 1248), (370144, 1249), (370144, 1250), (370144, 1251), (370144, 1252), (370144, 1253), (370144, 1254), (370144, 1255), (370144, 1256), (370144, 1257), (370144, 1258), (370144, 1259), (370144, 1260), (370144, 1261), (370144, 1262), (370144, 1263), (370144, 1264), (370144, 1265), (370144, 1266), (370144, 1267), (370144, 1268), (370144, 1269), (370144, 1270), (370144, 1271), (370144, 1272), (370144, 1273), (370144, 1274), (370144, 1275), (370144, 1276), (370144, 1277), (370144, 1278), (370144, 1279), (370144, 1280), (370144, 1281), (370144, 1282), (370144, 1283), (370144, 1284), (370144, 1285), (370144, 1286), (370144, 1287), (370144, 1288), (370144, 1289), (370144, 1290), (370144, 1291), (370144, 1292), (370144, 1293), (370144, 1294), (370144, 1295), (370144, 1296), (370144, 1297), (370144, 1298), (370144, 1299), (370144, 1300), (370144, 1301), (370144, 1302), (370144, 1303), (370144, 1304), (370144, 1305), (370144, 1306), (370144, 1307), (370144, 1308), (370144, 1309), (370144, 1310), (370144, 1311), (370144, 1312), (370144, 1313), (370144, 1314), (370144, 1315), (370144, 1316), (370144, 1317), (370144, 1318), (370144, 1319), (370144, 1320), (370144, 1321), (370144, 1322), (370144, 1323), (370144, 1324), (370144, 1325), (370144, 1326), (370144, 1327), (370144, 1328), (370144, 1329), (370129, 42), (370129, 43), (370129, 44), (370129, 45), (370129, 46), (370129, 47), (370129, 48), (370129, 49), (370129, 50), (370129, 51), (370129, 52), (370129, 53), (370129, 54), (370129, 55), (370129, 56), (370129, 57), (370129, 58), (370129, 59), (370129, 60), (370129, 61), (370129, 62), (370129, 63), (370129, 64), (370129, 65), (370129, 66), (370129, 67), (370129, 68), (370129, 69), (370129, 70), (370129, 71), (370129, 72), (370129, 73), (370129, 74), (370129, 75), (370129, 76), (370129, 77), (370129, 78), (370129, 79), (370129, 80), (370129, 81), (370129, 82), (370129, 83), (370129, 84), (370129, 85), (370129, 86), (370129, 87), (370129, 88), (370129, 89), (370129, 90), (370129, 91), (370129, 92), (370129, 93), (370129, 94), (370129, 95), (370129, 96), (370129, 97), (370129, 98), (370129, 99), (370129, 100), (370129, 101), (370129, 102), (370129, 103), (370129, 104), (370129, 105), (370129, 106), (370129, 107), (370129, 108), (370129, 109), (370129, 110), (370129, 111), (370129, 112), (370129, 113), (370129, 114), (370129, 115), (370129, 116), (370129, 117), (370129, 118), (370129, 119), (370129, 120), (370129, 121), (370129, 122), (370129, 123), (370129, 125), (370129, 126), (370129, 127), (370129, 128), (370129, 129), (370129, 130), (370129, 131), (370129, 132), (370129, 133), (370129, 134), (370129, 135), (370129, 136), (370129, 137), (370129, 138), (370129, 139), (370129, 140), (370129, 141), (370129, 142), (370129, 143), (370129, 144), (370129, 145), (370129, 146), (370129, 147), (370129, 148), (370129, 149), (370129, 150), (370129, 151), (370129, 152), (370129, 153), (370129, 154), (370129, 155), (370129, 156), (370129, 157), (370129, 158), (370129, 159), (370129, 160), (370129, 161), (370129, 162), (370129, 163), (370129, 164), (370129, 165), (370129, 166), (370129, 167), (370129, 168), (370129, 169), (370129, 170), (370129, 171), (370129, 172), (370129, 173), (370129, 174), (370129, 175), (370129, 176), (370129, 177), (370129, 178), (370129, 179), (370129, 180), (370129, 181), (370129, 182), (370129, 183), (370129, 184), (370129, 185), (370129, 186), (370129, 187), (370129, 188), (370129, 189), (370129, 190), (370129, 191), (370129, 192), (370129, 193), (370129, 194), (370129, 195), (370129, 196), (370129, 197), (370129, 198), (370129, 199), (370129, 200), (370129, 201), (370129, 202), (370129, 203), (370129, 204), (370129, 205), (370129, 206), (370129, 207), (370129, 208), (370129, 209), (370129, 210), (370129, 211), (370129, 212), (370129, 213), (370129, 214), (370129, 215), (370129, 216), (370129, 217), (370129, 218), (370129, 219), (370129, 220), (370129, 221), (370129, 222), (370129, 223), (370129, 224), (370129, 225), (370129, 226), (370129, 227), (370129, 228), (370129, 229), (370129, 230), (370129, 231), (370129, 232), (370129, 233), (370129, 234), (370129, 235), (370129, 236), (370129, 237), (370129, 238), (370129, 239), (370129, 240), (370129, 241), (370129, 242), (370129, 243), (370129, 244), (370129, 245), (370129, 246), (370129, 247), (370129, 248), (370129, 249), (370129, 250), (370129, 251), (370129, 252), (370129, 253), (370129, 254), (370129, 255), (370129, 256), (370129, 257), (370129, 258), (370129, 259), (370129, 260), (370129, 261), (370129, 262), (370129, 263), (370129, 264), (370129, 265), (370129, 266), (370129, 267), (370129, 268), (370129, 269), (370129, 270), (370129, 271), (370129, 272), (370129, 273), (370129, 274), (370129, 275), (370129, 276), (370129, 277), (370129, 278), (370129, 279), (370129, 280), (370129, 281), (370129, 282), (370129, 283), (370129, 284), (370129, 285), (370129, 286), (370129, 287), (370129, 288), (370129, 289), (370129, 290), (370129, 291), (370129, 292), (370129, 293), (370129, 294), (370129, 295), (370129, 296), (370129, 297), (370129, 298), (370129, 299), (370129, 300), (370129, 301), (370129, 302), (370129, 303), (370129, 304), (370129, 305), (370129, 306), (370129, 307), (370129, 308), (370129, 309), (370129, 310), (370129, 311), (370129, 312), (370129, 313), (370129, 314), (370129, 315), (370129, 316), (370129, 317), (370129, 318), (370129, 319), (370129, 320), (370129, 321), (370129, 322), (370129, 323), (370129, 324), (370129, 325), (370129, 326), (370129, 327), (370129, 328), (370129, 329), (370129, 330), (370129, 331), (370129, 332), (370129, 333), (370129, 334), (370129, 335), (370129, 336), (370129, 337), (370129, 338), (370129, 339), (370129, 340), (370129, 341), (370129, 342), (370129, 343), (370129, 344), (370129, 345), (370129, 346), (370129, 347), (370129, 348), (370129, 349), (370129, 350), (370129, 351), (370129, 352), (370129, 353), (370129, 354), (370129, 355), (370129, 356), (370129, 357), (370129, 358), (370129, 359), (370129, 360), (370129, 361), (370129, 362), (370129, 363), (370129, 364), (370129, 365), (370129, 366), (370129, 367), (370129, 368), (370129, 369), (370129, 370), (370129, 371), (370129, 372), (370129, 373), (370129, 374), (370129, 375), (370129, 376), (370129, 377), (370129, 378), (370129, 379), (370129, 380), (370129, 381), (370129, 382), (370129, 383), (370129, 384), (370129, 385), (370129, 386), (370129, 387), (370129, 388), (370129, 389), (370129, 390), (370129, 391), (370129, 392), (370129, 393), (370129, 394), (370129, 395), (370129, 396), (370129, 397), (370129, 398), (370129, 399), (370129, 400), (370129, 401), (370129, 402), (370129, 403), (370129, 404), (370129, 405), (370129, 406), (370129, 407), (370129, 408), (370129, 409), (370129, 410), (370129, 411), (370129, 412), (370129, 413), (370129, 414), (370129, 415), (370129, 416), (370129, 417), (370129, 418), (370129, 419), (370129, 420), (370129, 421), (370129, 422), (370129, 423), (370129, 424), (370129, 425), (370129, 426), (370129, 427), (370129, 428), (370129, 429), (370129, 430), (370129, 431), (370129, 432), (370129, 433), (370129, 434), (370129, 435), (370129, 436), (370129, 437), (370129, 438), (370129, 439), (370129, 440), (370129, 441), (370129, 442), (370129, 443), (370129, 444), (370129, 445), (370129, 446), (370129, 447), (370129, 448), (370129, 449), (370129, 450), (370129, 451), (370129, 452), (370129, 453), (370129, 454), (370129, 455), (370129, 456), (370129, 457), (370129, 458), (370129, 459), (370129, 460), (370129, 461), (370129, 462), (370129, 463), (370129, 464), (370129, 465), (370129, 466), (370129, 467), (370129, 468), (370129, 469), (370129, 470), (370129, 471), (370129, 472), (370129, 473), (370129, 474), (370129, 475), (370129, 476), (370129, 477), (370129, 478), (370129, 479), (370129, 480), (370129, 481), (370129, 482), (370129, 483), (370129, 484), (370129, 485), (370129, 486), (370129, 487), (370129, 488), (370129, 489), (370129, 490), (370129, 491), (370129, 492), (370129, 493), (370129, 494), (370129, 495), (370129, 496), (370129, 497), (370129, 498), (370129, 499), (370129, 500), (370129, 501), (370129, 502), (370129, 503), (370129, 504), (370129, 505), (370129, 506), (370129, 507), (370129, 508), (370129, 509), (370129, 510), (370129, 511), (370129, 512), (370129, 513), (370129, 514), (370129, 515), (370129, 516), (370129, 517), (370129, 518), (370129, 519), (370129, 520), (370129, 521), (370129, 522), (370129, 523), (370129, 524), (370129, 525), (370129, 526), (370129, 527), (370129, 528), (370129, 529), (370129, 530), (370129, 531), (370129, 532), (370129, 533), (370129, 534), (370129, 535), (370129, 536), (370129, 537), (370129, 538), (370129, 539), (370129, 540), (370129, 541), (370129, 542), (370129, 543), (370129, 544), (370129, 545), (370129, 546), (370129, 547), (370129, 548), (370129, 549), (370129, 550), (370129, 551), (370129, 552), (370102, 1), (370102, 2), (370102, 3), (370102, 4), (370102, 5), (370102, 6), (370102, 7), (370102, 8), (370102, 9), (370102, 10), (370102, 11), (370102, 12), (370102, 13), (370102, 14), (370102, 15), (370102, 16), (370102, 17), (370102, 18), (370102, 19), (370102, 20), (370102, 21), (370102, 22), (370102, 23), (370102, 24), (370102, 25), (370102, 26), (370102, 27), (370102, 28), (370102, 29), (370102, 30), (370102, 31), (370102, 32), (370102, 33), (370102, 34), (370102, 35), (370102, 36), (370102, 37), (370102, 38), (370102, 39), (370102, 40), (370102, 41), (370102, 42), (370102, 43), (370102, 44), (370102, 45), (370102, 46), (370102, 47), (370102, 48), (370102, 49), (370102, 50), (370102, 51), (370102, 52), (370102, 53), (370102, 54), (370102, 55), (370102, 56), (370102, 57), (370102, 58), (370102, 59), (370102, 60), (370102, 61), (370102, 62), (370102, 63), (370102, 64), (370102, 65), (370102, 66), (370102, 67), (370102, 68), (370102, 69), (370102, 70), (370102, 71), (370102, 72), (370102, 73), (370102, 74), (370102, 75), (370102, 76), (370102, 77), (370102, 78), (370102, 79), (370102, 80), (370102, 81), (370102, 82), (370102, 83), (370102, 84), (370102, 85), (370102, 86), (370102, 87), (370102, 88), (370102, 89), (370102, 90), (370102, 91), (370102, 92), (370102, 93), (370102, 94), (370102, 95), (370102, 96), (370102, 97), (370102, 98), (370102, 99), (370102, 100), (370102, 101), (370102, 102), (370102, 103), (370102, 104), (370102, 105), (370102, 106), (370102, 107), (370102, 108), (370102, 109), (370102, 110), (370102, 111), (370102, 112), (370102, 113), (370102, 114), (370102, 115), (370102, 116), (370102, 117), (370102, 118), (370102, 119), (370102, 120), (370102, 121), (370102, 122), (370102, 123), (370102, 124), (370102, 125), (370102, 126), (370102, 127), (370102, 128), (370102, 129), (370102, 130), (370102, 131), (370102, 132), (370102, 133), (370102, 134), (370102, 135), (370102, 136), (370102, 137), (370102, 138), (370102, 139), (370102, 140), (370102, 141), (370102, 142), (370102, 143), (370102, 144), (370102, 145), (370102, 146), (370102, 147), (370102, 148), (370102, 149), (370102, 150), (370102, 151), (370102, 152), (370102, 153), (370102, 154), (370102, 155), (370102, 156), (370102, 157), (370102, 158), (370102, 159), (370102, 160), (370102, 161), (370102, 162), (370102, 163), (370102, 164), (370102, 165), (370102, 166), (370102, 167), (370102, 168), (370102, 169), (370102, 170), (370102, 171), (370102, 172), (370102, 173), (370102, 174), (370102, 175), (370102, 176), (370102, 177), (370102, 178), (370102, 179), (370102, 180), (370102, 181), (370102, 182), (370102, 183), (370102, 184), (370102, 185), (370102, 186), (370102, 187), (370102, 188), (370102, 189), (370102, 190), (370102, 191), (370102, 192), (370102, 193), (370102, 194), (370102, 195), (370102, 196), (370102, 197), (370102, 198), (370102, 199), (370102, 200), (370102, 201), (370102, 202), (370102, 203), (370102, 204), (370102, 205), (370102, 206), (370102, 207), (370102, 208), (370102, 209), (370102, 210), (370102, 211), (370102, 212), (370102, 213), (370102, 214), (370102, 215), (370102, 216), (370102, 217), (370102, 218), (370102, 219), (370102, 220), (370102, 221), (370102, 222), (370102, 223), (370102, 224), (370102, 225), (370102, 226), (370102, 227), (370102, 228), (370102, 229), (370102, 230), (370102, 231), (370102, 232), (370102, 233), (370102, 234), (370102, 235), (370102, 236), (370102, 237), (370102, 238), (370102, 239), (370102, 240), (370102, 241), (370102, 242), (370102, 243), (370102, 244), (370102, 245), (370102, 246), (370102, 247), (370102, 248), (370102, 249), (370102, 250), (370102, 251), (370102, 252), (370102, 253), (370102, 254), (370102, 255), (370102, 256), (370102, 257), (370102, 258), (370102, 259), (370102, 260), (370102, 261), (370102, 262), (370102, 263), (370102, 264), (370102, 265), (370102, 266), (370102, 267), (370102, 268), (370102, 269), (370102, 270), (370102, 271), (370102, 272), (370102, 273), (370102, 274), (370102, 275), (370102, 276), (370102, 277), (370102, 278), (370102, 279), (370102, 280), (370102, 281), (370102, 282), (370102, 283), (370102, 284), (370102, 285), (370102, 286), (370102, 287), (370102, 288), (370102, 289), (370102, 290), (370102, 291), (370102, 292), (370102, 293), (370102, 294), (370102, 295), (370102, 296), (370102, 297), (370102, 298), (370102, 299), (370102, 300), (370102, 301), (370102, 302), (370102, 303), (370102, 304), (370102, 305), (370102, 306), (370102, 307), (370102, 308), (370102, 309), (370102, 310), (370102, 311), (370102, 312), (370102, 313), (370102, 314), (370102, 315), (370102, 316), (370102, 317), (370102, 318), (370102, 319), (370102, 320), (370102, 321), (370102, 322), (370102, 323), (370102, 324), (370102, 325), (370102, 326), (370102, 327), (370102, 328), (370102, 329), (370102, 330), (370102, 331), (370102, 332), (370102, 333), (370102, 334), (370102, 335), (370102, 336), (370102, 337), (370102, 338), (370102, 339), (370102, 340), (370102, 341), (370102, 342), (370102, 343), (370102, 344), (370102, 345), (370102, 346), (370102, 347), (370102, 348), (370102, 349), (370102, 350), (370102, 351), (370102, 352), (370102, 353), (370102, 354), (370102, 355), (370102, 356), (370102, 357), (370102, 358), (370102, 359), (370102, 360), (370102, 361), (370102, 362), (370102, 363), (370102, 364), (370102, 365), (370102, 366), (370102, 367), (370102, 368), (370102, 369), (370102, 370), (370102, 371), (370102, 372), (370102, 373), (370102, 374), (370102, 375), (370102, 376), (370102, 377), (370102, 378), (370102, 379), (370102, 380), (370102, 381), (370102, 382), (370102, 383), (370102, 384), (370102, 385), (370102, 386), (370102, 387), (370102, 388), (370102, 389), (370102, 390), (370102, 391), (370102, 392), (370102, 393), (370102, 394), (370102, 395), (370102, 396), (370102, 397), (370102, 398), (370102, 399), (370102, 400), (370102, 401), (370102, 402), (370102, 403), (370102, 404), (370102, 405), (370102, 406), (370102, 407), (370102, 408), (370102, 409), (370102, 410), (370102, 411), (370102, 412), (370102, 413), (370102, 414), (370102, 415), (370102, 416), (370102, 417), (370102, 418), (370102, 419), (370102, 420), (370102, 421), (370102, 422), (370102, 423), (370102, 424), (370102, 425), (370102, 426), (370102, 427), (370102, 428), (370102, 429), (370102, 430), (370102, 431), (370102, 432), (370102, 433), (370102, 434), (370102, 435), (370102, 436), (370102, 437), (370102, 438), (370102, 439), (370102, 440), (370102, 441), (370102, 442), (370102, 443), (370102, 444), (370102, 445), (370102, 446), (370102, 447), (370102, 448), (370102, 449), (370102, 450), (370102, 451), (370102, 452), (370102, 453), (370102, 454), (370102, 455), (370102, 456), (370102, 457), (370102, 458), (370102, 459), (370102, 460), (370102, 461), (370102, 462), (370102, 463), (370102, 464), (370102, 465), (370102, 466), (370102, 467), (370102, 468), (370102, 469), (370102, 470), (370102, 471), (370102, 472), (370102, 473), (370102, 474), (370102, 475), (370102, 476), (370102, 477), (370102, 478), (370102, 479), (370102, 480), (370102, 481), (370102, 482), (370102, 483), (370102, 484), (370102, 485), (370102, 486), (370102, 487), (370102, 488), (370102, 489), (370102, 490), (370102, 491), (370102, 492), (370102, 493), (370102, 494), (370102, 495), (370102, 496), (370102, 497), (370102, 498), (370102, 499), (370102, 500), (370102, 501), (370102, 502), (370102, 503), (370102, 504), (370102, 505), (370102, 506), (370102, 507), (370102, 508), (370102, 509), (370102, 510), (370102, 511), (370102, 512), (370102, 513), (370102, 514), (370102, 515), (370102, 516), (370102, 517), (370102, 518), (370102, 519), (370102, 520), (370102, 521), (370102, 522), (370102, 523), (370102, 524), (370102, 525), (370102, 526), (370102, 527), (370102, 528), (370102, 529), (370102, 530), (370102, 531), (370102, 532), (370102, 533), (370102, 534), (370102, 535), (370102, 536), (370102, 537), (370102, 538), (370102, 539), (370102, 540), (370102, 541), (370102, 542), (370102, 543), (370102, 544), (370102, 545), (370102, 546), (370102, 547), (370102, 548), (370102, 549), (370102, 550), (370102, 551), (370102, 552), (370102, 553), (370102, 554), (370102, 555), (370102, 556), (370102, 557), (370102, 558), (370102, 559), (370102, 560), (370102, 561), (370102, 562), (370102, 563), (370102, 564), (370102, 565), (370102, 566), (370102, 567), (370102, 568), (370102, 569), (370102, 570), (370102, 571), (370102, 572), (370102, 573), (370102, 574), (370102, 575), (370102, 576), (370102, 577), (370102, 578), (370102, 579), (370102, 580), (370102, 581), (370102, 582), (370102, 583), (370102, 584), (370102, 585), (370102, 586), (370102, 587), (370102, 588), (370102, 589), (370102, 590), (370102, 591), (370102, 592), (370102, 593), (370102, 594), (370102, 595), (370102, 596), (370102, 597), (370102, 598), (370102, 599), (370102, 600), (370102, 601), (370102, 602), (370102, 603), (370102, 604), (370102, 605), (370102, 606), (370102, 607), (370102, 608), (370102, 609), (370102, 610), (370102, 611), (370102, 612), (370102, 613), (370102, 614), (370102, 615), (370102, 616), (370102, 617), (370102, 618), (370102, 619), (370102, 620), (370102, 621), (370102, 622), (370102, 623), (370102, 624), (370102, 625), (370102, 626), (370102, 627), (370102, 628), (370102, 629), (370102, 630), (370102, 631), (370102, 632), (370102, 633), (370102, 634), (370102, 635), (370102, 636), (370102, 637), (370102, 638), (370102, 639), (370102, 640), (370102, 641), (370102, 642), (370102, 643), (370102, 644), (370102, 645), (370102, 646), (370102, 647), (370102, 648), (370102, 649), (370102, 650), (370102, 651), (370102, 652), (370102, 653), (370102, 654), (370102, 655), (370102, 656), (370102, 657), (370102, 658), (370102, 659), (370102, 660), (370102, 661), (370102, 662), (370102, 663), (370102, 664), (370102, 665), (370102, 666), (370102, 667), (370102, 668), (370102, 669), (370102, 670), (370102, 671), (370102, 672), (370102, 673), (370102, 674), (370102, 675), (370102, 676), (370102, 677), (370102, 678), (370102, 679), (370102, 680), (370102, 681), (370102, 682), (370102, 683), (370102, 684), (370102, 685), (370102, 686), (370102, 687), (370102, 688), (370102, 689), (370102, 690), (370102, 691), (370102, 692), (370102, 693), (370102, 694), (370102, 695), (370102, 696), (370102, 697), (370102, 698), (370102, 699), (370102, 700), (370102, 701), (370102, 702), (370102, 703), (370102, 704), (370102, 705), (370102, 706), (370102, 707), (370102, 708), (370102, 709), (370102, 710), (370102, 711), (370102, 712), (370102, 713), (370102, 714), (370102, 715), (370102, 716), (370102, 717), (370102, 718), (370102, 719), (370102, 720), (370102, 721), (370102, 722), (370102, 723), (370102, 724), (370102, 725), (370102, 726), (370102, 727), (370102, 728), (370102, 729), (370102, 730), (370102, 731), (370102, 732), (370102, 733), (370102, 734), (370102, 735), (370102, 736), (370102, 737), (370102, 738), (370102, 739), (370102, 740), (370102, 741), (370102, 742), (370102, 743), (370102, 744), (370102, 745), (370102, 746), (370102, 747), (370102, 748), (370102, 749), (370102, 750), (370102, 751), (370102, 752), (370102, 753), (370102, 754), (370102, 755), (370102, 756), (370102, 757), (370102, 758), (370102, 759), (370102, 760), (370102, 761), (370102, 762), (370097, 1), (370097, 2), (370097, 3), (370097, 4), (370097, 5), (370097, 6), (370097, 7), (370097, 8), (370097, 9), (370097, 10), (370097, 11), (370097, 12), (370097, 13), (370097, 14), (370097, 15), (370097, 16), (370097, 17), (370097, 18), (370097, 19), (370097, 20), (370097, 21), (370097, 22), (370097, 23), (370097, 24), (370097, 25), (370097, 26), (370097, 27), (370097, 28), (370097, 29), (370097, 30), (370097, 31), (370097, 32), (370097, 33), (370097, 34), (370097, 35), (370097, 36), (370097, 37), (370097, 38), (370097, 39), (370097, 40), (370097, 41), (370097, 42), (370097, 43), (370097, 44), (370097, 45), (370097, 46), (370097, 47), (370097, 48), (370097, 49), (370097, 50), (370097, 51), (370097, 52), (370097, 53), (370097, 54), (370097, 55), (370097, 56), (370097, 57), (370097, 58), (370097, 59), (370097, 60), (370097, 61), (370097, 62), (370097, 63), (370097, 64), (370097, 65), (370097, 66), (370097, 67), (370097, 68), (370097, 69), (370097, 70), (370097, 71), (370097, 72), (370097, 73), (370097, 74), (370097, 75), (370097, 76), (370097, 77), (370097, 78), (370097, 79), (370097, 80), (370097, 81), (370097, 82), (370097, 83), (370097, 84), (370097, 85), (370097, 86), (370097, 87), (370097, 88), (370097, 89), (370097, 90), (370097, 91), (370097, 92), (370097, 93), (370097, 94), (370097, 95), (370097, 96), (370097, 97), (370097, 98), (370097, 99), (370097, 100), (370097, 101), (370097, 102), (370097, 103), (370097, 104), (370097, 105), (370097, 106), (370097, 107), (370097, 108), (370097, 109), (370097, 110), (370097, 111), (370097, 112), (370097, 113), (370097, 114), (370097, 115), (370097, 116), (370097, 117), (370097, 118), (370097, 119), (370097, 120), (370097, 121), (370097, 122), (370097, 123), (370097, 124), (370097, 125), (370097, 126), (370097, 127), (370097, 128), (370097, 129), (370097, 130), (370097, 131), (370097, 132), (370097, 133), (370097, 134), (370097, 135), (370097, 136), (370097, 137), (370097, 138), (370097, 139), (370097, 140), (370097, 141), (370097, 142), (370097, 143), (370097, 144), (370097, 145), (370097, 146), (370097, 147), (370097, 148), (370097, 149), (370097, 150), (370097, 151), (370097, 152), (370097, 153), (370097, 154), (370097, 155), (370097, 156), (370097, 157), (370097, 158), (370097, 159), (370097, 160), (370097, 161), (370097, 162), (370097, 163), (370097, 164), (370097, 165), (370097, 166), (370097, 167), (370097, 168), (370097, 169), (370097, 170), (370097, 171), (370097, 172), (370097, 173), (370097, 174), (370097, 175), (370097, 176), (370097, 177), (370097, 178), (370097, 179), (370097, 180), (370097, 181), (370097, 182), (370097, 183), (370097, 184), (370097, 185), (370097, 186), (370097, 187), (370097, 188), (370097, 189), (370097, 190), (370097, 191), (370097, 192), (370097, 193), (370097, 194), (370097, 195), (370097, 196), (370097, 197), (370097, 198), (370097, 199), (370097, 200), (370097, 201), (370097, 202), (370097, 203), (370097, 204), (370097, 205), (370097, 206), (370097, 207), (370097, 208), (370097, 209), (370097, 210), (370097, 211), (370097, 212), (370097, 213), (370097, 214), (370097, 215), (370097, 216), (370097, 217), (370097, 218), (370097, 219), (370097, 220), (370097, 221), (370097, 222), (370097, 223), (370097, 224), (370097, 225), (370097, 226), (370097, 227), (370097, 228), (370097, 229), (370097, 230), (370097, 231), (370097, 232), (370097, 233), (370097, 234), (370097, 235), (370097, 236), (370097, 237), (370097, 238), (370097, 239), (370097, 240), (370097, 241), (370097, 242), (370097, 243), (370097, 244), (370097, 245), (370097, 246), (370097, 247), (370097, 248), (370097, 249), (370097, 250), (370097, 251), (370097, 252), (370097, 253), (370097, 254), (370097, 255), (370097, 256), (370097, 257), (370097, 258), (370097, 259), (370097, 260), (370097, 261), (370097, 262), (370097, 263), (370097, 264), (370097, 265), (370097, 266), (370097, 267), (370097, 268), (370097, 269), (370097, 270), (370097, 271), (370097, 272), (370097, 273), (370097, 274), (370097, 275), (370097, 276), (370097, 277), (370097, 278), (370097, 279), (370097, 280), (370097, 281), (370097, 282), (370097, 283), (370097, 284), (370097, 285), (370097, 286), (370097, 287), (370097, 288), (370097, 289), (370097, 290), (370097, 291), (370097, 292), (370097, 293), (370097, 294), (370097, 295), (370097, 296), (370097, 297), (370097, 298), (370097, 299), (370097, 300), (370097, 301), (370097, 302), (370097, 303), (370097, 304), (370097, 305), (370097, 306), (370097, 307), (370097, 308), (370097, 309), (370097, 310), (370097, 311), (370097, 312), (370097, 313), (370097, 314), (370097, 315), (370097, 316), (370097, 317), (370097, 318), (370097, 319), (370097, 320), (370097, 321), (370097, 322), (370097, 323), (370097, 324), (370097, 325), (370097, 326), (370097, 327), (370097, 328), (370097, 329), (370097, 330), (370097, 331), (370097, 332), (370097, 333), (370097, 334), (370097, 335), (370097, 336), (370097, 337), (370097, 338), (370097, 339), (370097, 340), (370097, 341), (370097, 342), (370097, 343), (370097, 344), (370097, 345), (370097, 346), (370097, 347), (370097, 348), (370097, 349), (370097, 350), (370097, 351), (370097, 352), (370097, 353), (370097, 354), (370097, 355), (370097, 356), (370093, 1), (370093, 2), (370093, 3), (370093, 4), (370093, 5), (370093, 6), (370093, 7), (370093, 8), (370093, 9), (370093, 10), (370093, 11), (370093, 12), (370093, 13), (370093, 14), (370093, 15), (370093, 16), (370093, 17), (370093, 18), (370093, 19), (370093, 20), (370093, 21), (370093, 22), (370093, 23), (370093, 24), (370093, 25), (370093, 26), (370093, 27), (370093, 28), (370093, 29), (370093, 30), (370093, 31), (370093, 32), (370093, 33), (370093, 34), (370093, 35), (370093, 36), (370093, 37), (370093, 38), (370093, 39), (370093, 40), (370093, 41), (370093, 42), (370093, 43), (370093, 44), (370093, 45), (370093, 46), (370093, 47), (370093, 48), (370093, 49), (370093, 50), (370093, 51), (370093, 52), (370093, 53), (370093, 54), (370093, 55), (370093, 56), (370093, 57), (370093, 58), (370093, 59), (370093, 60), (370093, 61), (370093, 62), (370093, 63), (370093, 64), (370093, 65), (370093, 66), (370093, 67), (370093, 68), (370093, 69), (370093, 70), (370093, 71), (370093, 72), (370093, 73), (370093, 74), (370093, 75), (370093, 76), (370093, 77), (370093, 78), (370093, 79), (370093, 80), (370093, 81), (370093, 82), (370093, 83), (370093, 84), (370093, 85), (370093, 86), (370093, 87), (370093, 88), (370093, 89), (370093, 90), (370093, 91), (370093, 92), (370093, 93), (370093, 94), (370093, 95), (370093, 96), (370093, 97), (370093, 98), (370093, 99), (370093, 100), (370093, 101), (370093, 102), (370093, 103), (370093, 104), (370093, 105), (370093, 106), (370093, 107), (370093, 108), (370093, 109), (370093, 110), (370093, 111), (370093, 112), (370093, 113), (370093, 114), (370093, 115), (370093, 116), (370093, 117), (370093, 118), (370093, 119), (370093, 120), (370093, 121), (370093, 122), (370093, 123), (370093, 124), (370093, 125), (370093, 126), (370093, 127), (370093, 128), (370093, 129), (370093, 130), (370093, 131), (370093, 132), (370093, 133), (370093, 134), (370093, 135), (370093, 136), (370093, 137), (370093, 138), (370093, 139), (370093, 140), (370093, 141), (370093, 142), (370093, 143), (370093, 144), (370093, 145), (370093, 146), (370093, 147), (370093, 148), (370093, 149), (370093, 150), (370093, 151), (370093, 152), (370093, 153), (370093, 154), (370093, 155), (370093, 156), (370093, 157), (370093, 158), (370093, 159), (370093, 160), (370093, 161), (370093, 162), (370093, 163), (370093, 164), (370093, 165), (370093, 166), (370093, 167), (370093, 168), (370093, 169), (370093, 170), (370093, 171), (370093, 172), (370093, 173), (370093, 174), (370093, 175), (370093, 176), (370093, 177), (370093, 178), (370093, 179), (370093, 180), (370093, 181), (370093, 182), (370093, 183), (370093, 184), (370093, 185), (370093, 186), (370093, 187), (370093, 188), (370093, 189), (370093, 190), (370093, 191), (370093, 192), (370093, 193), (370093, 194), (370093, 195), (370093, 196), (370093, 197), (370093, 198), (370093, 199), (370093, 200), (370093, 201), (370093, 202), (370093, 203), (370093, 204), (370093, 205), (370093, 206), (370093, 207), (370093, 208), (370093, 209), (370093, 210), (370093, 211), (370093, 212), (370093, 213), (370093, 214), (370093, 215), (370093, 216), (370093, 217), (370093, 218), (370093, 219), (370093, 220), (370093, 221), (370093, 222), (370093, 223), (370093, 224), (370093, 225), (370093, 226), (370093, 227), (370093, 228), (370093, 229), (370093, 230), (370093, 231), (370093, 232), (370093, 233), (370093, 234), (370093, 235), (370093, 236), (370093, 237), (370093, 238), (370093, 239), (370093, 240), (370093, 241), (370093, 242), (370093, 243), (370093, 244), (370093, 245), (370093, 246), (370093, 247), (370093, 248), (370093, 249), (370093, 250), (370093, 251), (370093, 252), (370093, 253), (370093, 254), (370093, 255), (370093, 256), (370093, 257), (370093, 258), (370093, 259), (370093, 260), (370093, 261), (370093, 262), (370093, 263), (370093, 264), (370093, 265), (370093, 266), (370093, 267), (370093, 268), (370093, 269), (370093, 270), (370093, 271), (370093, 272), (370093, 273), (370093, 274), (370093, 275), (370093, 276), (370093, 277), (370093, 278), (370093, 279), (370093, 280), (370093, 281), (370093, 282), (370093, 283), (370093, 284), (370093, 285), (370093, 286), (370093, 287), (370093, 288), (370093, 289), (370093, 290), (370093, 291), (370093, 292), (370093, 293), (370093, 294), (370093, 295), (370093, 296), (370093, 297), (370093, 298), (370093, 299), (370093, 300), (370093, 301), (370093, 302), (370093, 303), (370093, 304), (370093, 305), (370093, 306), (370093, 307), (370093, 308), (370093, 309), (370093, 310), (370093, 311), (370093, 312), (370093, 313), (370093, 314), (370093, 315), (370093, 316), (370093, 317), (370093, 318), (370093, 319), (370093, 320), (370093, 321), (370093, 322), (370093, 323), (370093, 324), (370093, 325), (370093, 326), (370093, 327), (370093, 328), (370093, 329), (370093, 330), (370093, 331), (370093, 332), (370093, 333), (370093, 334), (370093, 335), (370093, 336), (370093, 337), (370093, 338), (370093, 339), (370093, 340), (370093, 341), (370093, 342), (370093, 343), (370093, 344), (370093, 345), (370093, 346), (370093, 347), (370093, 348), (370093, 349), (370093, 350), (370093, 351), (370093, 352), (370093, 353), (370093, 354), (370093, 355), (370093, 356), (370093, 357), (370093, 358), (370093, 359), (370093, 360), (370093, 361), (370093, 362), (370093, 363), (370093, 364), (370093, 365), (370093, 366), (370093, 367), (370093, 368), (370093, 369), (370093, 370), (370093, 371), (370093, 372), (370093, 373), (370093, 374), (370093, 375), (370093, 376), (370093, 377), (370093, 378), (370093, 379), (370093, 380), (370093, 381), (370093, 382), (370093, 383), (370093, 384), (370093, 385), (370093, 386), (370093, 387), (370093, 388), (370093, 389), (370093, 390), (370093, 391), (370093, 392), (370093, 393), (370093, 394), (370093, 395), (370093, 396), (370093, 397), (370093, 398), (370093, 399), (370093, 400), (370093, 401), (370093, 402), (370093, 403), (370093, 404), (370093, 405), (370093, 406), (370093, 407), (370093, 408), (370093, 409), (370093, 410), (370093, 411), (370093, 412), (370093, 413), (370093, 414), (370093, 415), (370093, 416), (370093, 417), (370093, 418), (370093, 419), (370093, 420), (370093, 421), (370093, 422), (370093, 423), (370093, 424), (370093, 425), (370093, 426), (370093, 427), (370093, 428), (370093, 429), (370093, 430), (370093, 431), (370093, 432), (370093, 433), (370093, 434), (370093, 435), (370093, 436), (370093, 437), (370093, 438), (370093, 439), (370093, 440), (370093, 441), (370093, 442), (370093, 443), (370093, 444), (370093, 445), (370093, 446), (370093, 447), (370093, 448), (370093, 449), (370093, 450), (369999, 1), (369999, 2), (369999, 3), (369999, 4), (369999, 5), (369999, 6), (369999, 7), (369999, 8), (369999, 9), (369999, 10), (369999, 11), (369999, 12), (369999, 13), (369999, 14), (369999, 15), (369999, 16), (369999, 17), (369999, 18), (369999, 19), (369999, 20), (369999, 21), (369999, 22), (369999, 23), (369999, 24), (369999, 25), (369999, 26), (369999, 27), (369999, 28), (369999, 29), (369999, 30), (369999, 31), (369999, 32), (369999, 33), (369999, 34), (369999, 35), (369999, 36), (369999, 37), (369999, 38), (369999, 39), (369999, 40), (369999, 41), (369998, 1), (369998, 2), (369998, 3), (369998, 4), (369998, 5), (369998, 6), (369998, 7), (369998, 8), (369998, 9), (369998, 10), (369998, 11), (369998, 12), (369998, 13), (369998, 14), (369998, 15), (369998, 16), (369998, 17), (369998, 18), (369998, 19), (369998, 20), (369998, 21), (369998, 22), (369998, 23), (369998, 24), (369998, 25), (369998, 26), (369998, 27), (369998, 28), (369998, 29), (369998, 30), (369998, 31), (369998, 32), (369998, 33), (369998, 34), (369998, 35), (369998, 36), (369998, 37), (369998, 38), (369998, 39), (369998, 40), (369998, 41), (369998, 42), (369998, 43), (369998, 44), (369998, 45), (369998, 46), (369998, 47), (369998, 48), (369998, 49), (369998, 50), (369998, 51), (369998, 52), (369998, 53), (369998, 54), (369998, 55), (369998, 56), (369998, 57), (369998, 58), (369998, 59), (369998, 60), (369998, 61), (369998, 62), (369998, 63), (369998, 64), (369998, 65), (369998, 66), (369998, 67), (369998, 68), (369998, 69), (369998, 70), (369998, 71), (369998, 72), (369998, 73), (369998, 74), (369998, 75), (369998, 76), (369998, 77), (369998, 78), (369998, 79), (369998, 80), (369998, 81), (369998, 82), (369998, 83), (369998, 84), (369998, 85), (369998, 86), (369998, 87), (369998, 88), (369998, 89), (369998, 90), (369998, 91), (369998, 92), (369998, 93), (369998, 94), (369998, 95), (369998, 96), (369998, 97), (369998, 98), (369998, 99), (369998, 100), (369998, 101), (369998, 102), (369998, 103), (369998, 104), (369998, 105), (369998, 106), (369998, 107), (369998, 108), (369998, 109), (369998, 110), (369998, 111), (369998, 112), (369998, 113), (369998, 114), (369998, 115), (369998, 116), (369998, 117), (369998, 118), (369998, 119), (369998, 120), (369998, 121), (369998, 122), (369998, 123), (369998, 124), (369998, 125), (369998, 126), (369998, 127), (369998, 128), (369998, 129), (369998, 130), (369998, 131), (369998, 132), (369998, 133), (369998, 134), (369998, 135), (369998, 136), (369998, 137), (369998, 138), (369998, 139), (369998, 140), (369998, 141), (369998, 142), (369998, 143), (369998, 144), (369998, 145), (369998, 146), (369998, 147), (369998, 148), (369998, 149), (369998, 150), (369998, 151), (369998, 152), (369998, 153), (369998, 154), (369998, 155), (369998, 156), (369998, 157), (369998, 158), (369998, 159), (369998, 160), (369998, 161), (369998, 162), (369998, 163), (369998, 164), (369998, 165), (369998, 166), (369998, 167), (369998, 168), (369998, 169), (369998, 170), (369998, 171), (369998, 172), (369998, 173), (369998, 174), (369998, 175), (369998, 176), (369998, 177), (369998, 178), (369998, 179), (369978, 31), (369978, 32), (369978, 33), (369978, 34), (369978, 35), (369978, 36), (369978, 37), (369978, 38), (369978, 39), (369978, 40), (369978, 41), (369978, 42), (369978, 43), (369978, 44), (369978, 45), (369978, 46), (369978, 47), (369978, 48), (369978, 49), (369978, 50), (369978, 51), (369978, 52), (369978, 53), (369978, 54), (369978, 55), (369978, 56), (369978, 57), (369978, 58), (369978, 59), (369978, 60), (369978, 61), (369978, 62), (369978, 63), (369978, 64), (369978, 65), (369978, 66), (369978, 67), (369978, 68), (369978, 69), (369978, 70), (369978, 71), (369978, 72), (369978, 73), (369978, 74), (369978, 75), (369978, 76), (369978, 77), (369978, 78), (369978, 79), (369978, 80), (369978, 81), (369978, 82), (369978, 83), (369978, 84), (369978, 85), (369978, 86), (369978, 87), (369978, 88), (369978, 89), (369978, 90), (369978, 91), (369978, 92), (369978, 93), (369978, 94), (369978, 95), (369978, 96), (369978, 97), (369978, 98), (369978, 99), (369978, 100), (369978, 101), (369978, 102), (369978, 103), (369978, 104), (369978, 105), (369978, 106), (369978, 107), (369978, 108), (369978, 109), (369978, 110), (369978, 111), (369978, 112), (369978, 113), (369978, 114), (369978, 115), (369978, 116), (369978, 117), (369978, 118), (369978, 119), (369978, 120), (369978, 121), (369978, 122), (369978, 123), (369978, 124), (369978, 125), (369978, 126), (369978, 127), (369978, 128), (369978, 129), (369978, 130), (369978, 131), (369978, 132), (369978, 133), (369978, 134), (369978, 135), (369978, 136), (369978, 137), (369978, 138), (369978, 139), (369978, 140), (369978, 141), (369978, 142), (369978, 143), (369978, 144), (369978, 145), (369978, 146), (369978, 147), (369978, 148), (369978, 149), (369978, 150), (369978, 151), (369978, 152), (369978, 153), (369978, 154), (369978, 155), (369978, 156), (369978, 157), (369978, 158), (369978, 159), (369978, 160), (369978, 161), (369978, 162), (369978, 163), (369978, 164), (369978, 165), (369978, 166), (369978, 167), (369978, 168), (369978, 169), (369978, 170), (369978, 171), (369978, 172), (369978, 173), (369978, 174), (369978, 175), (369978, 176), (369978, 177), (369978, 178), (369978, 179), (369978, 180), (369978, 181), (369978, 182), (369978, 183), (369978, 184), (369978, 185), (369978, 186), (369978, 187), (369978, 188), (369978, 189), (369978, 190), (369978, 191), (369978, 192), (369978, 193), (369978, 194), (369978, 195), (369978, 196), (369978, 197), (369978, 198), (369978, 199), (369978, 200), (369978, 201), (369978, 202), (369978, 203), (369978, 204), (369978, 205), (369978, 206), (369978, 207), (369978, 208), (369978, 209), (369978, 210), (369978, 211), (369978, 212), (369978, 213), (369978, 214), (369978, 215), (369978, 216), (369978, 217), (369978, 218), (369978, 219), (369978, 220), (369978, 221), (369978, 222), (369978, 223), (369978, 224), (369978, 225), (369978, 226), (369978, 227), (369978, 228), (369978, 229), (369978, 230), (369978, 231), (369978, 232), (369978, 233), (369978, 234), (369978, 235), (369978, 236), (369978, 237), (369978, 238), (369978, 239), (369978, 240), (369978, 241), (369978, 242), (369978, 243), (369978, 244), (369978, 245), (369978, 246), (369978, 247), (369978, 248), (369978, 249), (369978, 250), (369978, 251), (369978, 252), (369978, 253), (369978, 254), (369978, 255), (369978, 256), (369978, 257), (369978, 258), (369978, 259), (369978, 260), (369978, 261), (369978, 262), (369978, 263), (369978, 264), (369978, 265), (369978, 266), (369978, 267), (369978, 268), (369978, 269), (369978, 270), (369978, 271), (369978, 272), (369978, 273), (369978, 274), (369978, 275), (369978, 276), (369978, 277), (369978, 278), (369978, 279), (369978, 280), (369978, 281), (369978, 282), (369978, 283), (369978, 284), (369978, 285), (369978, 286), (369978, 287), (369978, 288), (369978, 289), (369978, 290), (369978, 291), (369978, 292), (369978, 293), (369978, 294), (369978, 295), (369978, 296), (369978, 297), (369978, 298), (369978, 299), (369978, 300), (369978, 301), (369978, 302), (369978, 303), (369978, 304), (369978, 305), (369978, 306), (369978, 307), (369978, 308), (369978, 309), (369978, 310), (369978, 311), (369978, 312), (369978, 313), (369978, 314), (369978, 315), (369978, 316), (369978, 317), (369978, 318), (369978, 319), (369978, 320), (369978, 321), (369978, 322), (369978, 323), (369978, 324), (369978, 325), (369978, 326), (369978, 327), (369978, 328), (369978, 329), (369978, 330), (369978, 331), (369978, 332), (369978, 333), (369978, 334), (369978, 335), (369978, 336), (369978, 337), (369978, 338), (369978, 339), (369978, 340), (369978, 341), (369978, 342), (369978, 343), (369978, 344), (369978, 345), (369978, 346), (369978, 347), (369978, 348), (369978, 349), (369978, 350), (369978, 351), (369978, 352), (369978, 353), (369978, 354), (369978, 355), (369978, 356), (369978, 357), (369978, 358), (369978, 359), (369978, 360), (369978, 361), (369978, 362), (369978, 363), (369978, 364), (369978, 365), (369978, 366), (369978, 367), (369978, 368), (369978, 369), (369978, 370), (369978, 371), (369978, 372), (369978, 373), (369978, 374), (369978, 375), (369978, 376), (369978, 377), (369978, 378), (369978, 379), (369978, 380), (369978, 381), (369978, 382), (369978, 383), (369978, 384), (369978, 385), (369978, 386), (369978, 387), (369978, 388), (369978, 389), (369978, 390), (369978, 391), (369978, 392), (369978, 393), (369978, 394), (369978, 395), (369978, 396), (369978, 397), (369978, 398), (369978, 399), (369978, 400), (369978, 401), (369978, 402), (369978, 403), (369978, 404), (369978, 405), (369978, 406), (369978, 407), (369978, 408), (369978, 409), (369978, 410), (369978, 411), (369978, 412), (369978, 413), (369978, 414), (369978, 415), (369978, 416), (369978, 417), (369978, 418), (369978, 419), (369978, 420), (369978, 421), (369978, 422), (369978, 423), (369978, 424), (369978, 425), (369978, 426), (369978, 427), (369978, 428), (369978, 429), (369978, 430), (369978, 431), (369978, 432), (369978, 433), (369978, 434), (369978, 435), (369978, 436), (369978, 437), (369978, 438), (369978, 439), (369978, 440), (369978, 441), (369978, 442), (369978, 443), (369978, 444), (369978, 445), (369978, 446), (369978, 447), (369978, 448), (369978, 449), (369978, 450), (369978, 451), (369978, 452), (369978, 453), (369978, 454), (369978, 455), (369978, 456), (369978, 457), (369978, 458), (369978, 459), (369978, 460), (369978, 461), (369978, 462), (369978, 463), (369978, 464), (369978, 465), (369978, 466), (369978, 467), (369978, 468), (369978, 469), (369978, 470), (369978, 471), (369978, 472), (369978, 473), (369978, 474), (369978, 475), (369978, 476), (369978, 477), (369978, 478), (369978, 479), (369978, 480), (369978, 481), (369978, 482), (369978, 483), (369978, 484), (369978, 485), (369978, 486), (369978, 487), (369978, 488), (369978, 489), (369978, 490), (369978, 491), (369978, 492), (369978, 493), (369978, 494), (369978, 495), (369978, 496), (369978, 497), (369978, 498), (369978, 499), (369978, 500), (369978, 501), (369978, 502), (369978, 503), (369978, 504), (369978, 505), (369978, 506), (369978, 507), (369978, 508), (369978, 509), (369978, 510), (369978, 511), (369978, 512), (369978, 513), (369978, 514), (369978, 515), (369978, 516), (369978, 517), (369978, 518), (369978, 519), (369978, 520), (369978, 521), (369978, 522), (369978, 523), (369978, 524), (369978, 525), (369978, 526), (369978, 527), (369978, 528), (369978, 529), (369978, 530), (369978, 531), (369978, 532), (369978, 533), (369978, 534), (369978, 535), (369978, 536), (369978, 537), (369978, 538), (369978, 539), (369978, 540), (369978, 541), (369978, 542), (369978, 543), (369978, 544), (369978, 545), (369978, 546), (369978, 547), (369978, 548), (369978, 549), (369978, 550), (369978, 551), (369978, 552), (369978, 553), (369978, 554), (369978, 555), (369978, 556), (369978, 557), (369978, 558), (369978, 559), (369978, 560), (369978, 561), (369978, 562), (369978, 563), (369978, 564), (369978, 565), (369978, 566), (369978, 567), (369978, 568), (369978, 569), (369978, 570), (369978, 571), (369978, 572), (369978, 573), (369978, 574), (369978, 575), (369978, 576), (369978, 577), (369978, 578), (369978, 579), (369978, 580), (369978, 581), (369978, 582), (369978, 583), (369978, 584), (369978, 585), (369978, 586), (369978, 587), (369978, 588), (369978, 589), (369978, 590), (369978, 591), (369978, 592), (369978, 593), (369978, 594), (369978, 595), (369978, 596), (369978, 597), (369978, 598), (369978, 599), (369978, 600), (369978, 601), (369978, 602), (369978, 603), (369978, 604), (369978, 605), (369978, 606), (369978, 607), (369978, 608), (369978, 609), (369978, 610), (369978, 611), (369978, 612), (369978, 613), (369978, 614), (369978, 615), (369978, 616), (369978, 617), (369978, 618), (369978, 619), (369978, 620), (369978, 621), (369978, 622), (369978, 623), (369978, 624), (369978, 625), (369978, 626), (369978, 627), (369978, 628), (369978, 629), (369978, 630), (369978, 631), (369978, 632), (369978, 633), (369978, 634), (369978, 635), (369978, 636), (369978, 637), (369978, 638), (369978, 639), (369978, 640), (369978, 641), (369978, 642), (369978, 643), (369978, 644), (369978, 645), (369978, 646), (369978, 647), (369978, 648), (369978, 649), (369978, 650), (369978, 651), (369978, 652), (369978, 653), (369978, 654), (369978, 655), (369978, 656), (369978, 657), (369978, 658), (369978, 659), (369978, 660), (369978, 661), (369978, 662), (369978, 663), (369978, 664), (369978, 665), (369978, 666), (369978, 667), (369978, 668), (369978, 669), (369978, 670), (369978, 671), (369978, 672), (369978, 673), (369978, 674), (369978, 675), (369978, 676), (369978, 677), (369978, 678), (369978, 679), (369978, 680), (369978, 681), (369978, 682), (369978, 683), (369978, 684), (369978, 685), (369978, 686), (369978, 687), (369978, 688), (369978, 689), (369978, 690), (369978, 691), (369978, 692), (369978, 693), (369978, 694), (369978, 695), (369978, 696), (369978, 697), (369978, 698), (369978, 699), (369978, 700), (369978, 701), (369978, 702), (369978, 703), (369978, 704), (369978, 705), (369978, 706), (369978, 707), (369978, 708), (369978, 709), (369978, 710), (369978, 711), (369978, 712), (369978, 713), (369978, 714), (369978, 715), (369978, 716), (369978, 717), (369978, 718), (369978, 719), (369978, 720), (369978, 721), (369978, 722), (369978, 723), (369978, 724), (369978, 725), (369978, 726), (369978, 727), (369978, 728), (369978, 729), (369978, 730), (369978, 731), (369978, 732), (369978, 733), (369978, 734), (369978, 735), (369978, 736), (369978, 737), (369978, 738), (369978, 739), (369978, 740), (369978, 741), (369978, 742), (369978, 743), (369978, 744), (369978, 745), (369978, 746), (369978, 747), (369978, 748), (369978, 749), (369978, 750), (369978, 751), (369978, 752), (369978, 753), (369978, 754), (369978, 755), (369978, 756), (369978, 757), (369978, 758), (369978, 759), (369978, 760), (369978, 761), (369978, 762), (369978, 763), (369978, 764), (369978, 765), (369978, 766), (369978, 767), (369978, 768), (369978, 769), (369978, 770), (369978, 771), (369978, 772), (369978, 773), (369978, 774), (369978, 775), (369978, 776), (369978, 777), (369978, 778), (369978, 779), (369978, 780), (369978, 781), (369978, 782), (369978, 783), (369978, 784), (369978, 785), (369978, 786), (369978, 787), (369978, 788), (369978, 789), (369978, 790), (369978, 791), (369978, 792), (369978, 793), (369978, 794), (369978, 795), (369978, 796), (369978, 797), (369978, 798), (369978, 799), (369978, 800), (369978, 801), (369978, 802), (369978, 803), (369978, 804), (369978, 805), (369978, 806), (369978, 807), (369978, 808), (369978, 809), (369978, 810), (369978, 811), (369978, 812), (369956, 37), (369956, 38), (369956, 39), (369956, 40), (369956, 41), (369956, 42), (369956, 43), (369956, 44), (369956, 45), (369956, 46), (369956, 47), (369956, 48), (369956, 49), (369956, 50), (369956, 51), (369956, 52), (369956, 53), (369956, 54), (369956, 55), (369956, 56), (369956, 57), (369956, 58), (369956, 59), (369956, 60), (369956, 61), (369956, 62), (369956, 63), (369956, 64), (369956, 65), (369956, 66), (369956, 67), (369956, 68), (369956, 69), (369956, 70), (369956, 71), (369956, 72), (369956, 73), (369956, 74), (369956, 75), (369956, 76), (369956, 77), (369956, 78), (369956, 79), (369956, 80), (369956, 81), (369956, 82), (369956, 83), (369956, 84), (369956, 85), (369956, 86), (369956, 87), (369956, 88), (369956, 89), (369956, 90), (369956, 91), (369956, 92), (369956, 93), (369956, 94), (369956, 95), (369956, 96), (369956, 97), (369956, 98), (369956, 99), (369956, 100), (369956, 101), (369956, 102), (369956, 103), (369956, 104), (369956, 105), (369956, 106), (369956, 107), (369956, 108), (369956, 109), (369956, 110), (369956, 111), (369956, 112), (369956, 113), (369956, 114), (369956, 115), (369956, 116), (369956, 117), (369956, 118), (369956, 119), (369956, 120), (369956, 121), (369956, 122), (369956, 123), (369956, 124), (369956, 125), (369956, 126), (369956, 127), (369956, 128), (369956, 129), (369956, 130), (369956, 131), (369956, 132), (369956, 133), (369956, 134), (369956, 135), (369956, 136), (369956, 137), (369956, 138), (369956, 139), (369956, 140), (369956, 141), (369956, 142), (369956, 143), (369956, 144), (369956, 145), (369956, 146), (369956, 147), (369956, 148), (369956, 149), (369956, 150), (369956, 151), (369956, 152), (369956, 153), (369956, 154), (369956, 155), (369956, 156), (369956, 157), (369956, 158), (369956, 159), (369956, 160), (369956, 161), (369956, 162), (369956, 163), (369956, 164), (369956, 165), (369956, 166), (369956, 167), (369956, 168), (369956, 169), (369956, 170), (369956, 171), (369956, 172), (369956, 173), (369956, 174), (369956, 175), (369956, 176), (369956, 177), (369956, 178), (369956, 179), (369956, 180), (369956, 181), (369956, 182), (369956, 183), (369956, 184), (369956, 185), (369956, 186), (369956, 187), (369956, 188), (369956, 189), (369956, 190), (369956, 191), (369956, 192), (369956, 193), (369956, 194), (369956, 195), (369956, 196), (369956, 197), (369956, 198), (369956, 199), (369956, 200), (369956, 201), (369956, 202), (369956, 203), (369956, 204), (369956, 205), (369956, 206), (369956, 207), (369956, 208), (369956, 209), (369956, 210), (369956, 211), (369956, 212), (369956, 213), (369956, 214), (369956, 215), (369956, 216), (369956, 217), (369956, 218), (369956, 219), (369956, 220), (369956, 221), (369956, 222), (369956, 223), (369956, 224), (369956, 225), (369956, 226), (369956, 227), (369956, 228), (369956, 229), (369956, 230), (369956, 231), (369956, 232), (369956, 233), (369956, 234), (369956, 235), (369956, 236), (369956, 237), (369956, 238), (369956, 239), (369956, 240), (369956, 241), (369956, 242), (369956, 243), (369956, 244), (369956, 245), (369956, 246), (369956, 247), (369956, 248), (369956, 249), (369956, 250), (369956, 251), (369956, 252), (369956, 253), (369956, 254), (369956, 255), (369956, 256), (369956, 257), (369956, 258), (369956, 259), (369956, 260), (369956, 261), (369956, 262), (369956, 263), (369956, 264), (369956, 265), (369956, 266), (369956, 267), (369956, 268), (369956, 269), (369956, 270), (369956, 271), (369956, 272), (369956, 273), (369956, 274), (369956, 275), (369956, 276), (369956, 277), (369956, 278), (369956, 279), (369956, 280), (369956, 281), (369956, 282), (369956, 283), (369956, 284), (369956, 285), (369956, 286), (369956, 287), (369956, 288), (369956, 289), (369956, 290), (369956, 291), (369956, 292), (369956, 293), (369956, 294), (369956, 295), (369956, 296), (369956, 297), (369956, 298), (369956, 299), (369956, 300), (369956, 301), (369956, 302), (369956, 303), (369956, 304), (369956, 305), (369956, 306), (369956, 307), (369956, 308), (369956, 309), (369956, 310), (369956, 311), (369956, 312), (369956, 313), (369956, 314), (369956, 315), (369956, 316), (369956, 317), (369956, 318), (369956, 319), (369956, 320), (369956, 321), (369956, 322), (369956, 323), (369956, 324), (369956, 325), (369956, 326), (369956, 327), (369956, 328), (369956, 329), (369956, 330), (369956, 331), (369956, 332), (369956, 333), (369956, 334), (369956, 335), (369956, 336), (369956, 337), (369956, 338), (369956, 339), (369956, 340), (369956, 341), (369956, 342), (369956, 343), (369956, 344), (369956, 345), (369956, 346), (369956, 347), (369956, 348), (369956, 349), (369956, 350), (369956, 351), (369956, 352), (369956, 353), (369956, 354), (369956, 355), (369956, 356), (369956, 357), (369956, 358), (369956, 359), (369956, 360), (369956, 361), (369956, 362), (369956, 363), (369956, 364), (369956, 365), (369956, 366), (369956, 367), (369956, 368), (369956, 369), (369956, 370), (369956, 371), (369956, 372), (369956, 373), (369956, 374), (369956, 375), (369956, 376), (369956, 377), (369956, 378), (369956, 379), (369956, 380), (369956, 381), (369956, 382), (369956, 383), (369956, 384), (369956, 385), (369956, 386), (369956, 387), (369956, 388), (369956, 389), (369956, 390), (369956, 391), (369956, 392), (369956, 393), (369956, 394), (369956, 395), (369956, 396), (369956, 397), (369956, 398), (369956, 399), (369956, 400), (369956, 401), (369956, 402), (369956, 403), (369956, 404), (369956, 405), (369956, 406), (369956, 407), (369956, 408), (369956, 409), (369956, 410), (369956, 411), (369956, 412), (369956, 413), (369956, 414), (369956, 415), (369956, 416), (369956, 417), (369956, 418), (369956, 419), (369956, 420), (369956, 421), (369956, 422), (369956, 423), (369956, 424), (369956, 425), (369956, 426), (369956, 427), (369956, 428), (369956, 429), (369956, 430), (369956, 431), (369956, 432), (369956, 433), (369956, 434), (369956, 435), (369956, 436), (369956, 437), (369956, 438), (369956, 439), (369956, 440), (369956, 441), (369956, 442), (369956, 443), (369956, 444), (369956, 445), (369956, 446), (369956, 447), (369956, 448), (369956, 449), (369956, 450), (369956, 451), (369956, 452), (369956, 453), (369956, 454), (369956, 455), (369956, 456), (369956, 457), (369956, 458), (369956, 459), (369956, 460), (369956, 461), (369956, 462), (369956, 463), (369956, 464), (369956, 465), (369956, 466), (369956, 467), (369956, 468), (369956, 469), (369956, 470), (369956, 471), (369956, 472), (369956, 473), (369956, 474), (369956, 475), (369956, 476), (369956, 477), (369956, 478), (369956, 479), (369956, 480), (369956, 481), (369956, 482), (369956, 483), (369956, 484), (369956, 485), (369956, 486), (369956, 487), (369956, 488), (369956, 489), (369956, 490), (369956, 491), (369956, 492), (369956, 493), (369956, 494), (369956, 495), (369956, 496), (369956, 497), (369956, 498), (369956, 499), (369956, 500), (369956, 501), (369956, 502), (369956, 503), (369956, 504), (369956, 505), (369956, 506), (369956, 507), (369956, 508), (369956, 509), (369956, 510), (369956, 511), (369956, 512), (369956, 513), (369956, 514), (369956, 515), (369956, 516), (369956, 517), (369956, 518), (369956, 519), (369956, 520), (369956, 521), (369956, 522), (369956, 523), (369956, 524), (369956, 525), (369956, 526), (369956, 527), (369956, 528), (369956, 529), (369956, 530), (369956, 531), (369956, 532), (369956, 533), (369956, 534), (369956, 535), (369956, 536), (369956, 537), (369956, 538), (369956, 539), (369956, 540), (369956, 541), (369956, 542), (369956, 543), (369956, 544), (369956, 545), (369956, 546), (369956, 547), (369956, 548), (369956, 549), (369956, 550), (369956, 551), (369956, 552), (369956, 553), (369956, 554), (369956, 555), (369956, 556), (369956, 557), (369956, 558), (369956, 559), (369956, 560), (369956, 561), (369956, 562), (369956, 563), (369956, 564), (369956, 565), (369956, 566), (369956, 567), (369956, 568), (369956, 569), (369956, 570), (369956, 571), (369956, 572), (369956, 573), (369956, 574), (369956, 575), (369956, 576), (369956, 577), (369956, 578), (369956, 579), (369956, 580), (369956, 581), (369956, 582), (369956, 583), (369956, 584), (369956, 585), (369956, 586), (369956, 587), (369956, 588), (369956, 589), (369956, 590), (369956, 591), (369956, 592), (369956, 593), (369956, 594), (369956, 595), (369956, 596), (369956, 597), (369956, 598), (369956, 599), (369956, 600), (369956, 601), (369956, 602), (369956, 603), (369956, 604), (369956, 605), (369956, 606), (369956, 607), (369956, 608), (369956, 609), (369956, 610), (369956, 611), (369956, 612), (369956, 613), (369956, 614), (369956, 615), (369956, 616), (369956, 617), (369956, 618), (369956, 619), (369956, 620), (369956, 621), (369956, 622), (369956, 623), (369956, 624), (369956, 625), (369956, 626), (369956, 627), (369956, 628), (369956, 629), (369956, 630), (369956, 631), (369956, 632), (369956, 633), (369956, 634), (369956, 635), (369956, 636), (369956, 637), (369956, 638), (369956, 639), (369956, 640), (369956, 641), (369956, 642), (369956, 643), (369956, 644), (369956, 645), (369956, 646), (369956, 647), (369956, 648), (369956, 649), (369956, 650), (369956, 651), (369956, 652), (369956, 653), (369956, 654), (369956, 655), (369956, 656), (369956, 657), (369956, 658), (369956, 659), (369956, 660), (369956, 661), (369956, 662), (369956, 663), (369956, 664), (369956, 665), (369956, 666), (369956, 667), (369956, 668), (369956, 669), (369956, 670), (369956, 671), (369956, 672), (369956, 673), (369956, 674), (369956, 675), (369956, 676), (369956, 677), (369956, 678), (369956, 679), (369956, 680), (369956, 681), (369956, 682), (369956, 683), (369956, 684), (369956, 685), (369956, 686), (369956, 687), (369956, 688), (369956, 689), (369956, 690), (369956, 691), (369956, 692), (369956, 693), (369956, 694), (369956, 695), (369956, 696), (369956, 697), (369956, 698), (369956, 699), (369956, 700), (369956, 701), (369956, 702), (369956, 703), (369956, 704), (369956, 705), (369956, 706), (369956, 707), (369956, 708), (369956, 709), (369956, 710), (369956, 711), (369956, 712), (369956, 713), (369956, 714), (369956, 715), (369956, 716), (369956, 717), (369956, 718), (369956, 719), (369956, 720), (369956, 721), (369956, 722), (369956, 723), (369956, 724), (369956, 725), (369956, 726), (369956, 727), (369956, 728), (369956, 729), (369956, 730), (369956, 731), (369956, 732), (369956, 733), (369956, 734), (369956, 735), (369956, 736), (369956, 737), (369956, 738), (369956, 739), (369956, 740), (369956, 741), (369956, 742), (369956, 743), (369956, 744), (369956, 745), (369956, 746), (369956, 747), (369956, 748), (369956, 749), (369956, 750), (369956, 751), (369956, 752), (369956, 753), (369956, 754), (369956, 755), (369956, 756), (369956, 757), (369956, 758), (369956, 759), (369956, 760), (369956, 761), (369956, 762), (369956, 763), (369956, 764), (369956, 765), (369956, 766), (369956, 767), (369956, 768), (369956, 769), (369956, 770), (369956, 771), (369956, 772), (369956, 773), (369956, 774), (369956, 775), (369956, 776), (369956, 777), (369956, 778), (369956, 779), (369956, 780), (369956, 781), (369956, 782), (369956, 783), (369956, 784), (369956, 785), (369956, 786), (369956, 787), (369956, 788), (369956, 789), (369956, 790), (369956, 791), (369956, 792), (369956, 793), (369956, 794), (369956, 795), (369956, 796), (369956, 797), (369956, 798), (369956, 799), (369956, 800), (369956, 801), (369956, 802), (369956, 803), (369956, 804), (369956, 805), (369956, 806), (369956, 807), (369956, 808), (369956, 809), (369956, 810), (369956, 811), (369956, 812), (369956, 813), (369956, 814), (369956, 815), (369956, 816), (369956, 817), (369956, 818), (369956, 819), (369956, 820), (369956, 821), (369956, 822), (369956, 823), (369956, 824), (369956, 825), (369956, 826), (369956, 827), (369956, 828), (369956, 829), (369956, 830), (369956, 831), (369956, 832), (369956, 833), (369956, 834), (369956, 835), (369956, 836), (369956, 837), (369956, 838), (369956, 839), (369956, 840), (369956, 841), (369956, 842), (369956, 843), (369956, 844), (369956, 845), (369956, 846), (369956, 847), (369956, 848), (369956, 849), (369956, 850), (369956, 851), (369956, 852), (369956, 853), (369956, 854), (369956, 855), (369956, 856), (369956, 857), (369956, 858), (369956, 859), (369956, 860), (369956, 861), (369956, 862), (369956, 863), (369956, 864), (369956, 865), (369956, 866), (369956, 867), (369956, 868), (369956, 869), (369956, 870), (369956, 871), (369956, 872), (369956, 873), (369956, 874), (369956, 875), (369956, 876), (369956, 877), (369956, 878), (369956, 879), (369956, 880), (369956, 881), (369956, 882), (369956, 883), (369956, 884), (369956, 885), (369956, 886), (369956, 887), (369956, 888), (369956, 889), (369956, 890), (369956, 891), (369956, 892), (369956, 893), (369956, 894), (369956, 895), (369956, 896), (369956, 897), (369956, 898), (369956, 899), (369956, 900), (369956, 901), (369956, 902), (369956, 903), (369956, 904), (369956, 905), (369956, 906), (369956, 907), (369956, 908), (369956, 909), (369956, 910), (369956, 911), (369956, 912), (369956, 913), (369956, 914), (369956, 915), (369956, 916), (369956, 917), (369956, 918), (369956, 919), (369956, 920), (369956, 921), (369956, 922), (369956, 923), (369956, 924), (369956, 925), (369956, 926), (369956, 927), (369956, 928), (369956, 929), (369956, 930), (369956, 931), (369956, 932), (369956, 933), (369956, 934), (369956, 935), (369956, 936), (369956, 937), (369956, 938), (369956, 939), (369956, 940), (369956, 941), (369956, 942), (369956, 943), (369956, 944), (369956, 945), (369956, 946), (369956, 947), (369956, 948), (369956, 949), (369956, 950), (369956, 951), (369956, 952), (369956, 953), (369956, 954), (369956, 955), (369956, 956), (369956, 957), (369956, 958), (369956, 959), (369956, 960), (369956, 961), (369956, 962), (369956, 963), (369956, 964), (369956, 965), (369956, 966), (369956, 967), (369956, 968), (369956, 969), (369956, 970), (369956, 971), (369956, 972), (369956, 973), (369956, 974), (369956, 975), (369956, 976), (369956, 977), (369956, 978), (369956, 979), (369956, 980), (369956, 981), (369956, 982), (369956, 983), (369956, 984), (369956, 985), (369956, 986), (369956, 987), (369956, 988), (369956, 989), (369956, 990), (369956, 991), (369956, 992), (369956, 993), (369956, 994), (369956, 995), (369956, 996), (369956, 997), (369956, 998), (369956, 999), (369956, 1000), (369956, 1001), (369956, 1002), (369956, 1003), (369956, 1004), (369956, 1005), (369956, 1006), (369956, 1007), (369956, 1008), (369956, 1009), (369956, 1010), (369956, 1011), (369956, 1012), (369956, 1013), (369956, 1014), (369956, 1015), (369956, 1016), (369956, 1017), (369956, 1018), (369956, 1019), (369956, 1020), (369956, 1021), (369956, 1022), (369956, 1023), (369956, 1024), (369956, 1025), (369956, 1026), (369956, 1027), (369956, 1028), (369956, 1029), (369956, 1030), (369956, 1031), (369956, 1032), (369956, 1033), (369956, 1034), (369956, 1035), (369956, 1036), (369956, 1037), (369956, 1038), (369956, 1039), (369956, 1040), (369956, 1041), (369956, 1042), (369956, 1043), (369956, 1044), (369956, 1045), (369956, 1046), (369956, 1047), (369956, 1048), (369956, 1049), (369956, 1050), (369956, 1051), (369956, 1052), (369956, 1053), (369956, 1054), (369956, 1055), (369956, 1056), (369956, 1057), (369956, 1058), (369956, 1059), (369956, 1060), (369956, 1061), (369956, 1062), (369956, 1063), (369956, 1064), (369956, 1065), (369956, 1066), (369956, 1067), (369956, 1068), (369956, 1069), (369956, 1070), (369956, 1071), (369956, 1072), (369956, 1073), (369956, 1074), (369956, 1075), (369956, 1076), (369943, 1), (369943, 2), (369943, 3), (369943, 4), (369943, 5), (369943, 6), (369943, 7), (369943, 8), (369943, 9), (369943, 10), (369943, 11), (369943, 12), (369943, 13), (369943, 14), (369943, 15), (369943, 16), (369943, 17), (369943, 18), (369943, 19), (369943, 20), (369943, 21), (369943, 22), (369943, 23), (369943, 24), (369943, 25), (369943, 26), (369943, 27), (369943, 28), (369943, 29), (369943, 30), (369943, 31), (369943, 32), (369943, 33), (369943, 34), (369943, 35), (369943, 36), (369943, 37), (369943, 38), (369943, 39), (369943, 40), (369943, 41), (369943, 42), (369943, 43), (369943, 44), (369943, 45), (369943, 46), (369943, 47), (369943, 48), (369943, 49), (369943, 50), (369943, 51), (369943, 52), (369943, 53), (369943, 54), (369943, 55), (369943, 56), (369943, 57), (369943, 58), (369943, 59), (369943, 60), (369943, 61), (369943, 62), (369943, 63), (369943, 64), (369943, 65), (369943, 66), (369943, 67), (369943, 68), (369943, 69), (369943, 70), (369943, 71), (369943, 72), (369943, 73), (369943, 74), (369943, 75), (369943, 76), (369943, 77), (369943, 78), (369943, 79), (369943, 80), (369943, 81), (369943, 82), (369943, 83), (369943, 84), (369943, 85), (369943, 86), (369943, 87), (369943, 88), (369943, 89), (369943, 90), (369943, 91), (369943, 92), (369943, 93), (369943, 94), (369943, 95), (369943, 96), (369943, 97), (369943, 98), (369943, 99), (369943, 100), (369943, 101), (369943, 102), (369943, 103), (369943, 104), (369943, 105), (369943, 106), (369943, 107), (369943, 108), (369943, 109), (369943, 110), (369943, 111), (369943, 112), (369943, 113), (369943, 114), (369943, 115), (369943, 116), (369943, 117), (369943, 118), (369943, 119), (369943, 120), (369943, 121), (369943, 122), (369943, 123), (369943, 124), (369943, 125), (369943, 126), (369943, 127), (369943, 128), (369943, 129), (369943, 130), (369943, 131), (369943, 132), (369943, 133), (369943, 134), (369943, 135), (369943, 136), (369943, 137), (369943, 138), (369943, 139), (369943, 140), (369943, 141), (369943, 142), (369943, 143), (369943, 144), (369943, 145), (369943, 146), (369943, 147), (369943, 148), (369943, 149), (369943, 150), (369943, 151), (369943, 152), (369943, 153), (369943, 154), (369943, 155), (369943, 156), (369943, 157), (369943, 158), (369943, 159), (369943, 160), (369943, 161), (369943, 162), (369943, 163), (369943, 164), (369943, 165), (369943, 166), (369943, 167), (369943, 168), (369943, 169), (369943, 170), (369943, 171), (369943, 172), (369943, 173), (369943, 174), (369943, 175), (369943, 176), (369943, 177), (369943, 178), (369943, 179), (369943, 180), (369943, 181), (369943, 182), (369943, 183), (369943, 184), (369943, 185), (369943, 186), (369943, 187), (369943, 188), (369943, 189), (369943, 190), (369943, 191), (369943, 192), (369943, 193), (369943, 194), (369943, 195), (369943, 196), (369943, 197), (369943, 198), (369943, 199), (369943, 200), (369943, 201), (369943, 202), (369943, 203), (369943, 204), (369943, 205), (369943, 206), (369943, 207), (369943, 208), (369943, 209), (369943, 210), (369943, 211), (369943, 212), (369943, 213), (369943, 214), (369943, 215), (369943, 216), (369943, 217), (369943, 218), (369943, 219), (369943, 220), (369943, 221), (369943, 222), (369943, 223), (369943, 224), (369943, 225), (369943, 226), (369943, 227), (369943, 228), (369943, 229), (369943, 230), (369943, 231), (369943, 232), (369943, 233), (369943, 234), (369943, 235), (369943, 236), (369943, 237), (369943, 238), (369943, 239), (369943, 240), (369943, 241), (369943, 242), (369943, 243), (369943, 244), (369943, 245), (369943, 246), (369943, 247), (369943, 248), (369943, 249), (369943, 250), (369943, 251), (369943, 252), (369943, 253), (369943, 254), (369943, 255), (369943, 256), (369943, 257), (369943, 258), (369943, 259), (369943, 260), (369943, 261), (369943, 262), (369943, 263), (369943, 264), (369943, 265), (369943, 266), (369943, 267), (369943, 268), (369943, 269), (369943, 270), (369943, 271), (369943, 272), (369943, 273), (369943, 274), (369943, 275), (369943, 276), (369943, 277), (369943, 278), (369943, 279), (369943, 280), (369943, 281), (369943, 282), (369943, 283), (369943, 284), (369943, 285), (369943, 286), (369943, 287), (369943, 288), (369943, 289), (369943, 290), (369943, 291), (369943, 292), (369943, 293), (369943, 294), (369943, 295), (369943, 296), (369943, 297), (369943, 298), (369943, 299), (369943, 300), (369943, 301), (369943, 302), (369943, 303), (369943, 304), (369943, 305), (369943, 306), (369943, 307), (369943, 308), (369943, 309), (369943, 310), (369943, 311), (369943, 312), (369943, 313), (369943, 314), (369943, 315), (369943, 316), (369943, 317), (369943, 318), (369943, 319), (369943, 320), (369943, 321), (369943, 322), (369943, 323), (369943, 324), (369943, 325), (369943, 326), (369943, 327), (369943, 328), (369943, 329), (369943, 330), (369943, 331), (369943, 332), (369943, 333), (369943, 334), (369943, 335), (369943, 336), (369943, 337), (369943, 338), (369943, 339), (369943, 340), (369943, 341), (369943, 342), (369943, 343), (369943, 344), (369943, 345), (369943, 346), (369943, 347), (369943, 348), (369943, 349), (369943, 350), (369943, 351), (369943, 352), (369943, 353), (369943, 354), (369943, 355), (369943, 356), (369943, 357), (369943, 358), (369943, 359), (369943, 360), (369943, 361), (369943, 362), (369943, 363), (369943, 364), (369943, 365), (369943, 366), (369943, 367), (369943, 368), (369943, 369), (369943, 370), (369943, 371), (369943, 372), (369943, 373), (369943, 374), (369943, 375), (369943, 376), (369943, 377), (369943, 378), (369943, 379), (369943, 380), (369943, 381), (369943, 382), (369943, 383), (369943, 384), (369927, 37), (369927, 38), (369927, 39), (369927, 40), (369927, 41), (369927, 42), (369927, 43), (369927, 44), (369927, 45), (369927, 46), (369927, 47), (369927, 48), (369927, 49), (369927, 50), (369927, 51), (369927, 52), (369927, 53), (369927, 54), (369927, 55), (369927, 56), (369927, 57), (369927, 58), (369927, 59), (369927, 60), (369927, 61), (369927, 62), (369927, 63), (369927, 64), (369927, 65), (369927, 66), (369927, 67), (369927, 68), (369927, 69), (369927, 70), (369927, 71), (369927, 72), (369927, 73), (369927, 74), (369927, 75), (369927, 76), (369927, 77), (369927, 78), (369927, 79), (369927, 80), (369927, 81), (369927, 82), (369927, 83), (369927, 84), (369927, 85), (369927, 86), (369927, 87), (369927, 88), (369927, 89), (369927, 90), (369927, 91), (369927, 92), (369927, 93), (369927, 94), (369927, 95), (369927, 96), (369927, 97), (369927, 98), (369927, 99), (369927, 100), (369927, 101), (369927, 102), (369927, 103), (369927, 104), (369927, 105), (369927, 106), (369927, 107), (369927, 108), (369927, 109), (369927, 110), (369927, 111), (369927, 112), (369927, 113), (369927, 114), (369927, 115), (369927, 116), (369927, 117), (369927, 118), (369927, 119), (369927, 120), (369927, 121), (369927, 122), (369927, 123), (369927, 124), (369927, 125), (369927, 126), (369927, 127), (369927, 128), (369927, 129), (369927, 130), (369927, 131), (369927, 132), (369927, 133), (369927, 134), (369927, 135), (369927, 136), (369927, 137), (369927, 138), (369927, 139), (369927, 140), (369927, 141), (369927, 142), (369927, 143), (369927, 144), (369927, 145), (369927, 146), (369927, 147), (369927, 148), (369927, 149), (369927, 150), (369927, 151), (369927, 152), (369927, 153), (369927, 154), (369927, 155), (369927, 156), (369927, 157), (369927, 158), (369927, 159), (369927, 160), (369927, 161), (369927, 162), (369927, 163), (369927, 164), (369927, 165), (369927, 166), (369927, 167), (369927, 168), (369927, 169), (369927, 170), (369927, 171), (369927, 172), (369927, 173), (369927, 174), (369927, 175), (369927, 176), (369927, 177), (369927, 178), (369927, 179), (369927, 180), (369927, 181), (369927, 182), (369927, 183), (369927, 184), (369927, 185), (369927, 186), (369927, 187), (369927, 188), (369927, 189), (369927, 190), (369927, 191), (369927, 192), (369927, 193), (369927, 194), (369927, 195), (369927, 196), (369927, 197), (369927, 198), (369927, 199), (369927, 200), (369927, 201), (369927, 202), (369927, 203), (369927, 204), (369927, 205), (369927, 206), (369927, 207), (369927, 208), (369927, 209), (369927, 210), (369927, 211), (369927, 212), (369927, 213), (369927, 214), (369927, 215), (369927, 216), (369927, 217), (369927, 218), (369927, 219), (369927, 220), (369927, 221), (369927, 222), (369927, 223), (369927, 224), (369927, 225), (369927, 226), (369927, 227), (369927, 228), (369927, 229), (369927, 230), (369927, 231), (369927, 232), (369927, 233), (369927, 234), (369927, 235), (369927, 236), (369927, 237), (369927, 238), (369927, 239), (369927, 240), (369927, 241), (369927, 242), (369927, 243), (369927, 244), (369927, 245), (369927, 246), (369927, 247), (369927, 248), (369927, 249), (369927, 250), (369927, 251), (369927, 252), (369927, 253), (369927, 254), (369927, 255), (369927, 256), (369927, 257), (369927, 258), (369927, 259), (369927, 260), (369927, 261), (369927, 262), (369927, 263), (369927, 264), (369927, 265), (369927, 266), (369927, 267), (369927, 268), (369927, 269), (369927, 270), (369927, 271), (369927, 272), (369927, 273), (369927, 274), (369927, 275), (369927, 276), (369927, 277), (369927, 278), (369927, 279), (369927, 280), (369927, 281), (369927, 282), (369927, 283), (369927, 284), (369927, 285), (369927, 286), (369927, 287), (369927, 288), (369927, 289), (369927, 290), (369927, 291), (369927, 292), (369927, 293), (369927, 294), (369927, 295), (369927, 296), (369927, 297), (369927, 298), (369927, 299), (369927, 300), (369927, 301), (369927, 302), (369927, 303), (369927, 304), (369927, 305), (369927, 306), (369927, 307), (369927, 308), (369927, 309), (369927, 310), (369927, 311), (369927, 312), (369927, 313), (369927, 314), (369927, 315), (369927, 316), (369927, 317), (369927, 318), (369927, 319), (369927, 320), (369927, 321), (369927, 322), (369927, 323), (369927, 324), (369927, 325), (369927, 326), (369927, 327), (369927, 328), (369927, 329), (369927, 330), (369927, 331), (369927, 332), (369927, 333), (369927, 334), (369927, 335), (369927, 336), (369927, 337), (369927, 338), (369927, 339), (369927, 340), (369927, 341), (369927, 342), (369927, 343), (369927, 344), (369927, 345), (369927, 346), (369927, 347), (369927, 348), (369927, 349), (369927, 350), (369927, 351), (369927, 352), (369927, 353), (369927, 354), (369927, 355), (369927, 356), (369927, 357), (369927, 358), (369927, 359), (369927, 360), (369927, 361), (369927, 362), (369927, 363), (369927, 364), (369927, 365), (369927, 366), (369927, 367), (369927, 368), (369927, 369), (369927, 370), (369927, 371), (369927, 372), (369927, 373), (369927, 374), (369927, 375), (369927, 376), (367070, 54), (367070, 55), (367070, 57), (367070, 58), (367070, 59), (367070, 60), (367070, 61), (367070, 62), (367070, 63), (367070, 64), (367070, 65), (367070, 66), (367070, 67), (367070, 68), (367070, 69), (367070, 70), (367070, 71), (367070, 72), (367070, 73), (367070, 74), (367070, 75), (367070, 76), (367070, 77), (367070, 78), (367070, 79), (367070, 80), (367070, 82), (367070, 83), (367070, 84), (367070, 85), (367070, 86), (367070, 87), (367070, 88), (367070, 89), (367070, 90), (367070, 91), (367070, 92), (367070, 93), (367070, 94), (367070, 95), (367070, 96), (367070, 97), (367070, 98), (367070, 99), (367070, 100), (367070, 101), (367070, 102), (367070, 103), (367070, 104), (367070, 105), (367070, 106), (367070, 107), (367070, 108), (367070, 109), (367070, 110), (367070, 111), (367070, 112), (367070, 113), (367070, 114), (367070, 115), (367070, 116), (367070, 118), (367070, 119), (367070, 120), (367070, 121), (367070, 122), (367070, 124), (367070, 125), (367070, 209), (367070, 210), (367070, 211), (367070, 212), (367070, 213), (367070, 214), (367070, 215), (367070, 216), (367070, 357), (367070, 358), (367070, 359), (367070, 360), (367070, 361), (367070, 362), (367070, 363), (367065, 1), (367065, 2), (367065, 3), (367065, 4), (367065, 5), (367065, 6), (367065, 7), (367065, 8), (367065, 9), (367065, 10), (367065, 11), (367065, 12), (367065, 13), (367065, 14), (367065, 15), (367065, 16), (367065, 17), (367065, 18), (367065, 19), (367065, 20), (367065, 21), (367065, 22), (367065, 23), (367065, 24), (367065, 25), (367065, 26), (367065, 27), (367065, 28), (367065, 29), (367065, 30), (367065, 31), (367065, 32), (367065, 33), (367065, 34), (367065, 35), (367065, 36), (367065, 37), (367065, 38), (367065, 39), (367065, 40), (367065, 41), (367065, 42), (367065, 43), (367065, 44), (367065, 45), (367065, 46), (367065, 47), (367065, 48), (367065, 49), (367065, 50), (367065, 51), (367065, 52), (367065, 53), (367065, 54), (367065, 55), (367065, 56), (367065, 57), (367065, 58), (367065, 59), (367065, 60), (367065, 61), (367065, 62), (367065, 63), (367065, 64), (367065, 65), (367065, 66), (367065, 67), (367065, 68), (367065, 69), (367065, 70), (367065, 71), (367065, 72), (367065, 73), (367065, 74), (367065, 75), (367065, 76), (367065, 77), (367065, 78), (367065, 79), (367065, 80), (367065, 81), (367065, 82), (367065, 83), (367065, 84), (367065, 85), (367065, 86), (367065, 87), (367065, 88), (367065, 89), (367065, 90), (367065, 91), (367065, 92), (367065, 93), (367065, 94), (367065, 95), (367065, 96), (367065, 97), (367065, 98), (367065, 99), (367065, 100), (367065, 101), (367065, 102), (367065, 103), (367065, 104), (367065, 105), (367065, 106), (367065, 107), (367065, 108), (367065, 109), (367065, 110), (367065, 111), (367065, 112), (367065, 113), (367065, 114), (367065, 115), (367065, 116), (367065, 117), (367065, 118), (367065, 119), (367065, 120), (367065, 121), (367065, 122), (367065, 123), (367065, 124), (367065, 125), (367065, 126), (367065, 127), (367065, 128), (367065, 129), (367065, 130), (367065, 131), (367065, 132), (367065, 133), (367065, 134), (367065, 135), (367065, 136), (367065, 137), (367065, 138), (367065, 139), (367065, 140), (367065, 141), (367065, 142), (367065, 143), (367065, 144), (367065, 145), (367065, 146), (367065, 147), (367065, 148), (367065, 149), (367065, 150), (367065, 151), (367065, 152), (367065, 153), (367065, 154), (367065, 155), (367065, 156), (367065, 157), (367065, 158), (367065, 159), (367065, 160), (367065, 161), (367065, 162), (367065, 163), (367065, 164), (367065, 165), (367065, 166), (367065, 167), (367065, 168), (367065, 169), (367065, 170), (367065, 171), (367065, 172), (367065, 173), (367065, 174), (367065, 175), (367065, 176), (367065, 177), (367065, 178), (367065, 179), (367065, 180), (367065, 181), (367065, 182), (367065, 183), (367065, 184), (367065, 185), (367065, 186), (367065, 187), (367065, 188), (367065, 189), (367065, 190), (367065, 191), (367065, 192), (367065, 193), (367065, 194), (367065, 195), (367065, 196), (367065, 197), (367065, 198), (367065, 199), (367065, 200), (367065, 201), (367065, 202), (367065, 203), (367065, 204), (367065, 205), (367065, 206), (367065, 207), (367065, 208), (367065, 209), (367065, 210), (367065, 211), (367065, 212), (367065, 213), (367065, 214), (367065, 215), (367065, 216), (367065, 217), (367065, 218), (367065, 219), (367065, 220), (367065, 221), (367065, 222), (367065, 223), (367065, 224), (367065, 225), (367065, 226), (367065, 227), (367065, 228), (367065, 229), (367065, 230), (367065, 231), (367065, 232), (367065, 233), (367065, 234), (367065, 235), (367065, 236), (367065, 237), (367065, 238), (367065, 239), (367065, 240), (367065, 241), (367065, 242), (367065, 243), (367065, 244), (367065, 245), (367065, 246), (367065, 247), (367065, 248), (367065, 249), (367065, 250), (367065, 251), (367065, 252), (367065, 253), (367065, 254), (367065, 255), (367065, 256), (367065, 257), (367065, 258), (367065, 259), (367065, 260), (367065, 261), (367065, 262), (367064, 1), (367064, 2), (367064, 3), (367064, 4), (367064, 5), (367064, 6), (367064, 7), (367064, 8), (367064, 9), (367064, 32), (367064, 33), (367064, 34), (367064, 35), (367064, 36), (367064, 37), (367064, 38), (367064, 39), (367064, 40), (367064, 42), (367064, 43), (367064, 44), (367064, 45), (367064, 46), (367064, 47), (367064, 48), (367064, 49), (367064, 50), (367064, 51), (367064, 52), (367064, 53), (367064, 54), (367064, 55), (367064, 63), (367064, 64), (367064, 65), (367064, 66), (367064, 70), (367064, 71), (367064, 72), (367064, 73), (367064, 74), (367064, 76), (367064, 77), (367064, 78), (367064, 79), (367064, 80), (367064, 81), (367064, 82), (367064, 83), (367064, 84), (367064, 85), (367064, 86), (367064, 87), (367064, 88), (367064, 89), (367064, 90), (367064, 91), (367064, 92), (367064, 93), (367064, 94), (367064, 95), (367064, 97), (367064, 98), (367064, 100), (367064, 101), (367064, 102), (367064, 103), (367064, 104), (367064, 105), (367064, 106), (367064, 107), (367064, 108), (367064, 109), (367064, 110), (367064, 111), (367064, 112), (367064, 113), (367064, 114), (367064, 115), (367064, 116), (367064, 117), (367064, 118), (367064, 119), (367064, 120), (367064, 121), (367064, 122), (367064, 123), (367064, 124), (367064, 125), (367064, 126), (367064, 127), (367064, 128), (367064, 129), (367064, 130), (367064, 141), (367064, 142), (367064, 143), (367064, 144), (367064, 145), (367064, 146), (367064, 147), (367064, 148), (367064, 149), (367064, 150), (367064, 151), (367064, 152), (367064, 153), (367064, 154), (367064, 155), (367064, 156), (367064, 157), (367064, 158), (367064, 159), (367064, 160), (367064, 161), (367064, 162), (367064, 163), (367064, 164), (367064, 165), (367064, 166), (367064, 168), (367064, 169), (367064, 170), (367064, 171), (367064, 172), (367064, 173), (367064, 174), (367064, 175), (367064, 176), (367064, 177), (367064, 178), (367064, 179), (367064, 180), (367064, 181), (367064, 184), (367064, 185), (367064, 186), (367064, 187), (367064, 188), (367064, 189), (367064, 190), (367064, 191), (367064, 192), (367064, 212), (367064, 213), (367064, 214), (367064, 215), (367064, 216), (367064, 217), (367064, 218), (367064, 219), (367064, 220), (367064, 221), (367064, 222), (367064, 223), (367064, 224), (367064, 225), (367064, 226), (367064, 227), (367064, 228), (367064, 229), (367064, 230), (367064, 231), (367064, 232), (367064, 233), (367064, 234), (367064, 235), (367064, 236), (367064, 237), (367064, 238), (367064, 239), (367064, 240), (367064, 257), (367064, 258), (367064, 259), (367064, 260), (367064, 261), (367064, 262), (367064, 263), (367064, 301), (367064, 302), (367064, 303), (367064, 304), (367064, 305), (367064, 306), (367064, 307), (367064, 308), (367064, 309), (367064, 310), (367064, 311), (367064, 312), (367064, 313), (367064, 314), (367064, 315), (367064, 316), (367064, 317), (367064, 318), (367064, 319), (367064, 320), (367064, 321), (367064, 322), (367064, 323), (367064, 324), (367064, 325), (367064, 326), (367064, 327), (367064, 328), (367064, 329), (367064, 330), (367064, 331), (367064, 332), (367064, 333), (367064, 334), (367064, 335), (367064, 336), (367064, 337), (367064, 338), (367064, 339), (367064, 340), (367064, 341), (367064, 342), (367064, 343), (367064, 344), (367064, 345), (367064, 346), (367064, 347), (367064, 348), (367064, 349), (367064, 350), (367064, 351), (367064, 352), (367064, 353), (367064, 354), (367064, 355), (367064, 356), (367064, 357), (367064, 358), (367064, 360), (367064, 361), (367064, 362), (367064, 364), (367064, 365), (367064, 366), (367064, 367), (367064, 368), (367064, 370), (367064, 371), (367064, 372), (367064, 373), (367064, 374), (367064, 375), (367064, 376), (367064, 377), (367064, 378), (367064, 379), (367064, 380), (367064, 394), (367064, 395), (367064, 396), (367064, 397), (367064, 398), (367064, 399), (367064, 400), (367064, 401), (367064, 402), (367064, 403), (367064, 405), (367064, 406), (367064, 407), (367064, 408), (367064, 409), (367064, 410), (367064, 411), (367064, 412), (367064, 413), (367064, 414), (367064, 415), (367064, 416), (367064, 417), (367064, 418), (367064, 419), (367064, 420), (367064, 421), (367064, 422), (367064, 423), (367064, 424), (367064, 425), (367064, 426), (367064, 427), (367064, 428), (367064, 429), (367064, 430), (367064, 431), (367064, 432), (367064, 433), (367064, 434), (367064, 435), (367064, 436), (367064, 437), (367064, 438), (367064, 439), (367064, 440), (367064, 441), (367064, 442), (367064, 443), (367064, 444), (367064, 445), (367064, 446), (367064, 447), (367064, 448), (367064, 449), (367064, 450), (367064, 451), (367064, 452), (367064, 453), (367064, 454), (367064, 455), (367064, 456), (367064, 457), (367064, 458), (367064, 461), (367064, 462), (367064, 463), (367064, 464), (367064, 465), (367064, 466), (367064, 467), (367063, 1), (367063, 2), (367063, 3), (367063, 4), (367063, 5), (367063, 6), (367063, 7), (367063, 8), (367063, 9), (367063, 10), (367063, 11), (367063, 12), (367063, 13), (367063, 14), (367063, 15), (366933, 55), (366933, 56), (366933, 57), (366933, 58), (366933, 59), (366933, 60), (366933, 61), (366933, 62), (366933, 63), (366933, 64), (366933, 65), (366933, 66), (366933, 67), (366933, 68), (366933, 69), (366933, 70), (366933, 71), (366933, 72), (366933, 73), (366933, 74), (366933, 75), (366933, 76), (366933, 77), (366933, 78), (366933, 79), (366933, 80), (366933, 81), (366933, 82), (366933, 83), (366933, 84), (366933, 85), (366933, 86), (366933, 87), (366933, 88), (366933, 89), (366933, 90), (366933, 91), (366933, 92), (366933, 93), (366933, 94), (366933, 95), (366933, 96), (366933, 97), (366933, 98), (366933, 99), (366933, 100), (366933, 101), (366933, 102), (366933, 103), (366933, 104), (366933, 105), (366933, 106), (366933, 107), (366933, 108), (366933, 109), (366933, 110), (366933, 111), (366933, 112), (366933, 113), (366933, 114), (366933, 115), (366933, 116), (366933, 117), (366933, 118), (366933, 119), (366933, 120), (366933, 121), (366933, 122), (366933, 123), (366933, 124), (366933, 125), (366933, 126), (366933, 127), (366933, 128), (366933, 129), (366933, 130), (366933, 131), (366933, 132), (366933, 133), (366933, 134), (366933, 135), (366933, 136), (366933, 137), (366933, 138), (366933, 139), (366933, 140), (366933, 141), (366933, 142), (366933, 143), (366933, 144), (366933, 145), (366933, 146), (366933, 147), (366933, 148), (366933, 149), (366933, 150), (366933, 151), (366933, 152), (366933, 153), (366933, 154), (366933, 155), (366933, 156), (366933, 157), (366933, 158), (366933, 159), (366933, 160), (366933, 161), (366933, 162), (366933, 163), (366933, 164), (366933, 165), (366933, 166), (366933, 167), (366933, 168), (366933, 169), (366933, 170), (366933, 171), (366933, 172), (366933, 173), (366933, 174), (366933, 175), (366933, 176), (366933, 177), (366933, 178), (366933, 179), (366933, 180), (366933, 181), (366933, 182), (366933, 183), (366933, 184), (366933, 185), (366933, 186), (366933, 187), (366933, 188), (366933, 189), (366933, 190), (366933, 191), (366933, 192), (366933, 193), (366933, 194), (366933, 195), (366933, 196), (366933, 197), (366933, 198), (366933, 199), (366933, 200), (366933, 201), (366933, 202), (366933, 203), (366933, 204), (366933, 205), (366933, 206), (366933, 207), (366933, 208), (366933, 209), (366933, 210), (366933, 211), (366933, 212), (366933, 213), (366933, 214), (366933, 215), (366933, 216), (366933, 217), (366933, 218), (366933, 219), (366933, 220), (366933, 221), (366933, 222), (366933, 223), (366933, 224), (366933, 225), (366933, 226), (366933, 227), (366933, 228), (366933, 229), (366933, 230), (366933, 231), (366933, 232), (366933, 233), (366933, 234), (366933, 235), (366933, 236), (366933, 237), (366933, 238), (366933, 239), (366933, 240), (366933, 241), (366933, 242), (366933, 243), (366933, 244), (366933, 245), (366933, 246), (366933, 247), (366933, 248), (366933, 249), (366933, 250), (366933, 251), (366933, 252), (366933, 253), (366933, 254), (366933, 255), (366933, 256), (366933, 257), (366933, 258), (366933, 259), (366933, 260), (366933, 261), (366933, 262), (366933, 263), (366933, 264), (366933, 265), (366933, 266), (366933, 267), (366933, 268), (366933, 269), (366933, 270), (366933, 271), (366933, 272), (366933, 273), (366933, 274), (366933, 275), (366933, 276), (366933, 277), (366933, 278), (366933, 279), (366933, 280), (366933, 281), (366933, 282), (366933, 283), (366933, 284), (366933, 285), (366933, 286), (366933, 287), (366933, 288), (366933, 289), (366933, 290), (366933, 291), (366933, 292), (366933, 293), (366933, 294), (366933, 295), (366933, 296), (366933, 297), (366933, 298), (366933, 299), (366933, 300), (366933, 301), (366933, 302), (366933, 303), (366933, 304), (366933, 305), (366933, 306), (366933, 307), (366933, 308), (366933, 309), (366933, 310), (366933, 311), (366933, 312), (366933, 313), (366933, 314), (366933, 315), (366933, 316), (366933, 317), (366933, 318), (366933, 319), (366933, 320), (366933, 321), (366933, 322), (366933, 323), (366933, 324), (366933, 325), (366933, 326), (366933, 327), (366933, 328), (366933, 329), (366933, 330), (366933, 331), (366933, 332), (366933, 333), (366933, 334), (366933, 335), (366933, 336), (366933, 337), (366933, 338), (366933, 339), (366933, 340), (366933, 341), (366933, 342), (366933, 343), (366933, 344), (366933, 345), (366933, 346), (366933, 347), (366933, 348), (366933, 349), (366933, 350), (366933, 351), (366933, 352), (366933, 353), (366933, 354), (366933, 355), (366933, 356), (366933, 357), (366933, 358), (366933, 359), (366933, 360), (366933, 361), (366933, 362), (366933, 363), (366933, 364), (366933, 365), (366933, 366), (366933, 367), (366933, 368), (366933, 369), (366933, 370), (366933, 371), (366933, 372), (366933, 373), (366933, 374), (366933, 375), (366933, 376), (366933, 377), (366933, 378), (366933, 379), (366933, 380), (366933, 381), (366933, 382), (366933, 383), (366933, 384), (366933, 385), (366933, 386), (366933, 387), (366933, 388), (366933, 389), (366933, 390), (366933, 391), (366933, 392), (366933, 393), (366933, 394), (366933, 395), (366933, 396), (366933, 397), (366933, 398), (366933, 399), (366933, 400), (366933, 401), (366933, 402), (366933, 403), (366933, 404), (366933, 405), (366933, 406), (366933, 407), (366933, 408), (366933, 409), (366933, 410), (366933, 411), (366933, 412), (366933, 413), (366933, 414), (366933, 415), (366933, 416), (366933, 417), (366933, 418), (366933, 419), (366933, 420), (366933, 421), (366933, 422), (366933, 423), (366933, 424), (366933, 425), (366933, 426), (366933, 427), (366933, 428), (366933, 429), (366933, 430), (366933, 431), (366933, 432), (366933, 433), (366933, 434), (366933, 435), (366933, 436), (366933, 437), (366933, 438), (366933, 439), (366933, 440), (366933, 441), (366933, 442), (366933, 443), (366933, 444), (366933, 445), (366933, 446), (366933, 447), (366933, 448), (366933, 449), (366933, 450), (366933, 451), (366933, 452), (366933, 453), (366933, 454), (366933, 455), (366933, 456), (366933, 457), (366933, 458), (366933, 459), (366933, 460), (366933, 461), (366933, 462), (366933, 463), (366933, 464), (366933, 465), (366933, 466), (366933, 467), (366933, 468), (366933, 469), (366933, 470), (366933, 471), (366933, 472), (366933, 473), (366933, 474), (366933, 475), (366933, 476), (366933, 477), (366933, 478), (366933, 479), (366933, 480), (366933, 481), (366933, 482), (366933, 483), (366933, 484), (366933, 485), (366933, 486), (366933, 487), (366933, 488), (366933, 489), (366933, 490), (366933, 491), (366933, 492), (366933, 493), (366933, 494), (366933, 495), (366933, 496), (366933, 497), (366933, 498), (366933, 499), (366933, 500), (366933, 501), (366933, 502), (366933, 503), (366933, 504), (366933, 505), (366933, 506), (366933, 507), (366933, 508), (366933, 509), (366933, 510), (366933, 511), (366933, 512), (366933, 513), (366933, 514), (366933, 515), (366933, 516), (366933, 517), (366933, 518), (366933, 519), (366933, 520), (366933, 521), (366933, 522), (366933, 523), (366933, 524), (366933, 525), (366933, 526), (366933, 527), (366933, 528), (366933, 529), (366933, 530), (366933, 531), (366933, 532), (366933, 533), (366933, 534), (366933, 535), (366933, 536), (366933, 537), (366933, 538), (366933, 539), (366933, 540), (366933, 541), (366933, 542), (366933, 543), (366933, 544), (366933, 545), (366933, 546), (366933, 547), (366933, 548), (366933, 549), (366933, 550), (366933, 551), (366933, 552), (366933, 553), (366933, 554), (366933, 555), (366933, 556), (366933, 557), (366933, 558), (366933, 559), (366933, 560), (366933, 561), (366933, 562), (366933, 563), (366933, 564), (366933, 565), (366933, 566), (366933, 567), (366933, 568), (366933, 569), (366933, 570), (366933, 571), (366933, 572), (366933, 573), (366933, 574), (366933, 575), (366933, 576), (366933, 577), (366933, 578), (366933, 579), (366933, 580), (366933, 581), (366933, 582), (366933, 583), (366933, 584), (366933, 585), (366933, 586), (366933, 587), (366933, 588), (366933, 589), (366933, 590), (366933, 591), (366933, 592), (366933, 593), (366933, 594), (366933, 595), (366933, 596), (366933, 597), (366933, 598), (366933, 599), (366933, 600), (366933, 601), (366933, 602), (366933, 603), (366933, 604), (366933, 605), (366933, 606), (366933, 607), (366933, 608), (366933, 609), (366933, 610), (366933, 611), (366933, 612), (366933, 613), (366933, 614), (366933, 615), (366933, 616), (366933, 617), (366933, 618), (366933, 619), (366933, 620), (366933, 621), (366933, 622), (366933, 623), (366933, 624), (366933, 625), (366933, 626), (366933, 627), (366933, 628), (366933, 629), (366933, 630), (366933, 631), (366933, 632), (366933, 633), (366933, 634), (366933, 635), (366933, 636), (366933, 637), (366933, 638), (366933, 639), (366933, 640), (366933, 641), (366933, 642), (366933, 643), (366933, 644), (366933, 645), (366933, 646), (366933, 647), (366933, 648), (366933, 649), (366933, 650), (366933, 651), (366933, 652), (366933, 653), (366933, 654), (366933, 655), (366933, 656), (366933, 657), (366933, 658), (366933, 659), (366933, 660), (366933, 661), (366933, 662), (366933, 663), (366933, 664), (366933, 665), (366933, 666), (366933, 667), (366933, 668), (366933, 669), (366933, 670), (366933, 671), (366933, 672), (366933, 673), (366933, 674), (366933, 675), (366933, 676), (366933, 677), (366933, 678), (366933, 679), (366933, 680), (366933, 681), (366933, 682), (366933, 683), (366933, 684), (366933, 685), (366933, 686), (366933, 687), (366933, 688), (366933, 689), (366933, 690), (366933, 691), (366933, 692), (366933, 693), (366933, 694), (366933, 695), (366933, 696), (366933, 697), (366933, 698), (366933, 699), (366933, 700), (366933, 701), (366933, 702), (366933, 703), (366933, 704), (366933, 705), (366933, 706), (366933, 707), (366933, 708), (366933, 709), (366933, 710), (366933, 711), (366933, 712), (366933, 713), (366933, 714), (366933, 715), (366933, 716), (366933, 717), (366933, 718), (366933, 719), (366933, 720), (366933, 721), (366933, 722), (366933, 723), (366933, 724), (366933, 725), (366933, 726), (366933, 727), (366933, 728), (366933, 729), (366933, 730), (366933, 731), (366933, 732), (366933, 733), (366933, 734), (366933, 735), (366933, 736), (366933, 737), (366933, 738), (366933, 739), (366933, 740), (366933, 741), (366933, 742), (366933, 743), (366933, 744), (366933, 745), (366933, 746), (366933, 747), (366933, 748), (366933, 749), (366933, 750), (366933, 751), (366933, 752), (366933, 753), (366933, 754), (366933, 755), (366933, 756), (366933, 757), (366933, 758), (366933, 759), (366933, 760), (366933, 761), (366933, 762), (366933, 763), (366933, 764), (366933, 765), (366933, 766), (366933, 767), (366933, 768), (366933, 769), (366933, 770), (366933, 771), (366933, 772), (366933, 773), (366933, 774), (366933, 775), (366933, 776), (366933, 777), (366933, 778), (366933, 779), (366933, 780), (366933, 781), (366933, 782), (366933, 783), (366933, 784), (366933, 785), (366933, 786), (366933, 787), (366933, 788), (366933, 789), (366933, 790), (366933, 791), (366933, 792), (366933, 793), (366933, 794), (366933, 795), (366933, 796), (366933, 797), (366933, 798), (366933, 799), (366933, 800), (366933, 801), (366933, 802), (366933, 803), (366933, 804), (366933, 805), (366933, 806), (366933, 807), (366933, 808), (366933, 809), (366933, 810), (366933, 811), (366933, 812), (366933, 813), (366933, 814), (366933, 815), (366933, 816), (366933, 817), (366933, 818), (366933, 819), (366933, 820), (366933, 821), (366933, 822), (366933, 823), (366933, 824), (366933, 825), (366933, 826), (366933, 827), (366933, 828), (366933, 829), (366933, 830), (366933, 831), (366933, 832), (366933, 833), (366933, 834), (366933, 835), (366933, 836), (366933, 837), (366933, 838), (366933, 839), (366933, 840), (366933, 841), (366933, 842), (366933, 843), (366933, 844), (366933, 845), (366933, 846), (366933, 847), (366933, 848), (366933, 849), (366933, 850), (366933, 851), (366933, 852), (366933, 853), (366933, 854), (366933, 855), (366933, 856), (366933, 857), (366933, 858), (366933, 859), (366933, 860), (366933, 861), (366933, 862), (366933, 863), (366933, 864), (366933, 865), (366933, 866), (366933, 867), (366933, 868), (366933, 869), (366933, 870), (366933, 871), (366933, 872), (366933, 873), (366933, 874), (366933, 875), (366933, 876), (366933, 877), (366933, 878), (366933, 879), (366933, 880), (366933, 881), (366933, 882), (366933, 883), (366933, 884), (366933, 885), (366933, 886), (366933, 887), (366933, 888), (366933, 889), (366933, 890), (366933, 891), (366933, 892), (366933, 893), (366933, 894), (366933, 895), (366933, 896), (366933, 897), (366933, 898), (366933, 899), (366933, 900), (366933, 901), (366933, 902), (366933, 903), (366933, 904), (366933, 905), (366933, 906), (366933, 907), (366933, 908), (366933, 909), (366933, 910), (366933, 911), (366933, 912), (366933, 913), (366933, 914), (366933, 915), (366933, 916), (366933, 917), (366933, 918), (366933, 919), (366933, 920), (366933, 921), (366933, 922), (366933, 923), (366933, 924), (366933, 925), (366933, 926), (366933, 927), (366933, 928), (366933, 929), (366933, 930), (366933, 931), (366933, 932), (366933, 933), (366933, 934), (366933, 935), (366933, 936), (366933, 937), (366933, 938), (366933, 939), (366933, 940), (366933, 941), (366933, 942), (366933, 943), (366933, 944), (366933, 945), (366933, 946), (366933, 947), (366933, 948), (366933, 949), (366933, 950), (366933, 951), (366933, 952), (366933, 953), (366933, 954), (366933, 955), (366933, 956), (366933, 957), (366933, 958), (366933, 959), (366933, 960), (366933, 961), (366933, 962), (366933, 963), (366933, 964), (366933, 965), (366933, 966), (366933, 967), (366933, 968), (366933, 969), (366933, 970), (366933, 971), (366933, 972), (366933, 973), (366933, 974), (366933, 975), (366933, 976), (366933, 977), (366933, 978), (366933, 979), (366933, 980), (366933, 981), (366933, 982), (366933, 983), (366933, 984), (366933, 985), (366933, 986), (366933, 987), (366933, 988), (366933, 989), (366933, 990), (366933, 991), (366933, 992), (366933, 993), (366933, 994), (366933, 995), (366933, 996), (366933, 997), (366933, 998), (366933, 999), (366933, 1000), (366933, 1001), (366933, 1002), (366933, 1003), (366933, 1004), (366933, 1005), (366933, 1006), (366933, 1007), (366933, 1008), (366933, 1009), (366933, 1010), (366933, 1011), (366933, 1012), (366933, 1013), (366933, 1014), (366933, 1015), (366933, 1016), (366933, 1017), (366933, 1018), (366933, 1019), (366933, 1020), (366933, 1021), (366933, 1022), (366933, 1023), (366933, 1024), (366933, 1025), (366933, 1026), (366933, 1027), (366933, 1028), (366933, 1029), (366933, 1030), (366933, 1031), (366933, 1032), (366933, 1033), (366933, 1034), (366933, 1035), (366933, 1036), (366933, 1037), (366933, 1038), (366933, 1039), (366933, 1040), (366933, 1041), (366933, 1042), (366933, 1043), (366933, 1044), (366933, 1045), (366933, 1046), (366933, 1047), (366933, 1048), (366933, 1049), (366933, 1050), (366933, 1051), (366933, 1052), (366933, 1053), (366933, 1054), (366933, 1055), (366933, 1056), (366933, 1057), (366933, 1058), (366933, 1059), (366933, 1060), (366933, 1061), (366933, 1062), (366933, 1063), (366933, 1064), (366933, 1065), (366933, 1066), (366933, 1067), (366933, 1068), (366933, 1069), (366933, 1070), (366933, 1071), (366933, 1072), (366933, 1073), (366933, 1074), (366933, 1075), (366933, 1076), (366933, 1077), (366933, 1078), (366933, 1079), (366933, 1080), (366933, 1081), (366933, 1082), (366933, 1083), (366933, 1084), (366933, 1085), (366933, 1086), (366933, 1087), (366933, 1088), (366933, 1089), (366933, 1090), (366933, 1091), (366933, 1092), (366933, 1093), (366933, 1094), (366933, 1095), (366933, 1096), (366933, 1097), (366933, 1098), (366933, 1099), (366933, 1100), (366933, 1101), (366933, 1102), (366933, 1103), (366933, 1104), (366933, 1105), (366933, 1106), (366933, 1107), (366933, 1108), (366933, 1109), (366933, 1110), (366933, 1111), (366933, 1112), (366933, 1113), (366933, 1114), (366933, 1115), (366933, 1116), (366933, 1117), (366933, 1118), (366933, 1119), (366933, 1120), (366933, 1121), (366933, 1122), (366933, 1123), (366933, 1124), (366933, 1125), (366933, 1126), (366933, 1127), (366933, 1128), (366933, 1129), (366933, 1130), (366933, 1131), (366933, 1132), (366933, 1133), (366933, 1134), (366933, 1135), (366933, 1136), (366933, 1137), (366933, 1138), (366933, 1139), (366933, 1140), (366933, 1141), (366933, 1142), (366933, 1143), (366933, 1144), (366933, 1145), (366933, 1146), (366933, 1147), (366933, 1148), (366933, 1149), (366933, 1150), (366933, 1151), (366933, 1152), (366933, 1153), (366933, 1154), (366933, 1155), (366933, 1156), (366933, 1157), (366933, 1158), (366933, 1159), (366933, 1160), (366933, 1161), (366933, 1162), (366933, 1163), (366933, 1164), (366933, 1165), (366933, 1166), (366933, 1167), (366933, 1168), (366933, 1169), (366933, 1170), (366933, 1171), (366933, 1172), (366933, 1173), (366933, 1174), (366933, 1175), (366933, 1176), (366933, 1177), (366933, 1178), (366933, 1179), (366933, 1180), (366933, 1181), (366933, 1182), (366933, 1183), (366933, 1184), (366933, 1185), (366933, 1186), (366933, 1187), (366933, 1188), (366933, 1189), (366933, 1190), (366933, 1191), (366933, 1192), (366933, 1193), (366933, 1194), (366933, 1195), (366933, 1196), (366933, 1197), (366933, 1198), (366933, 1199), (366933, 1200), (366933, 1201), (366933, 1202), (366933, 1203), (366933, 1204), (366933, 1205), (366933, 1206), (366933, 1207), (366933, 1208), (366933, 1209), (366933, 1210), (366933, 1211), (366933, 1212), (366933, 1213), (366933, 1214), (366933, 1215), (366933, 1216), (366933, 1217), (366933, 1218), (366933, 1219), (366933, 1220), (366933, 1221), (366933, 1222), (366933, 1223), (366933, 1224), (366841, 1), (366841, 2), (366841, 3), (366841, 4), (366841, 5), (366841, 6), (366841, 7), (366841, 8), (366841, 9), (366841, 10), (366841, 11), (366841, 12), (366841, 13), (366841, 14), (366841, 15), (366841, 16), (366841, 17), (366841, 18), (366841, 19), (366841, 20), (366841, 21), (366841, 22), (366841, 23), (366841, 24), (366841, 25), (366841, 26), (366841, 27), (366841, 28), (366841, 29), (366841, 30), (366841, 31), (366841, 32), (366841, 33), (366841, 34), (366841, 35), (366841, 36), (366841, 37), (366841, 38), (366841, 39), (366841, 40), (366841, 41), (366841, 42), (366841, 43), (366841, 44), (366841, 45), (366841, 46), (366841, 47), (366841, 48), (366841, 49), (366841, 50), (366841, 51), (366841, 52), (366841, 53), (366841, 54), (366841, 55), (366841, 56), (366841, 57), (366841, 58), (366841, 59), (366841, 60), (366841, 61), (366841, 62), (366841, 63), (366841, 64), (366841, 65), (366841, 66), (366841, 67), (366841, 68), (366841, 69), (366841, 70), (366841, 71), (366841, 72), (366841, 73), (366841, 74), (366841, 75), (366841, 76), (366841, 77), (366841, 78), (366841, 79), (366841, 80), (366841, 81), (366841, 82), (366841, 83), (366841, 84), (366841, 85), (366841, 86), (366841, 87), (366841, 88), (366841, 89), (366841, 90), (366841, 91), (366841, 92), (366841, 93), (366841, 94), (366841, 95), (366841, 96), (366841, 97), (366841, 98), (366841, 99), (366841, 100), (366841, 101), (366841, 102), (366841, 103), (366841, 104), (366841, 105), (366841, 106), (366841, 107), (366841, 108), (366841, 109), (366841, 110), (366841, 111), (366841, 112), (366841, 113), (366841, 114), (366841, 115), (366841, 116), (366841, 117), (366841, 118), (366841, 119), (366841, 120), (366841, 121), (366841, 122), (366841, 123), (366841, 124), (366841, 125), (366841, 126), (366841, 127), (366841, 128), (366841, 129), (366841, 130), (366841, 131), (366841, 132), (366841, 133), (366841, 134), (366841, 135), (366841, 136), (366841, 137), (366841, 138), (366841, 139), (366841, 140), (366841, 141), (366841, 142), (366841, 143), (366841, 144), (366841, 145), (366841, 146), (366841, 147), (366841, 148), (366841, 149), (366841, 150), (366841, 151), (366841, 152), (366841, 153), (366841, 154), (366841, 155), (366841, 156), (366841, 157), (366841, 158), (366841, 159), (366841, 160), (366841, 161), (366841, 162), (366841, 163), (366841, 164), (366841, 165), (366841, 166), (366841, 167), (366841, 168), (366841, 169), (366841, 170), (366841, 171), (366841, 172), (366841, 173), (366841, 174), (366841, 175), (366841, 176), (366841, 177), (366841, 178), (366841, 179), (366841, 180), (366841, 181), (366841, 182), (366841, 183), (366841, 184), (366841, 185), (366841, 186), (366841, 187), (366841, 188), (366841, 189), (366841, 190), (366841, 191), (366841, 192), (366841, 193), (366841, 194), (366841, 195), (366841, 196), (366841, 197), (366841, 198), (366841, 199), (366841, 200), (366841, 201), (366841, 202), (366841, 203), (366841, 204), (366841, 205), (366841, 206), (366841, 207), (366841, 208), (366841, 209), (366841, 210), (366841, 211), (366841, 212), (366841, 213), (366841, 214), (366841, 215), (366841, 216), (366841, 217), (366841, 218), (366841, 219), (366841, 220), (366841, 221), (366841, 222), (366841, 223), (366841, 224), (366841, 225), (366841, 226), (366841, 227), (366841, 228), (366841, 229), (366841, 230), (366841, 231), (366841, 232), (366841, 233), (366841, 234), (366841, 235), (366841, 236), (366841, 237), (366841, 238), (366841, 239), (366841, 240), (366841, 241), (366841, 242), (366841, 243), (366841, 244), (366841, 245), (366841, 246), (366841, 247), (366841, 248), (366841, 249), (366841, 250), (366841, 251), (366841, 252), (366841, 253), (366841, 254), (366841, 255), (366841, 256), (366841, 257), (366841, 258), (366840, 1), (366840, 2), (366840, 3), (366840, 4), (366840, 5), (366840, 6), (366840, 7), (366840, 8), (366840, 9), (366840, 10), (366840, 11), (366840, 12), (366840, 13), (366840, 14), (366840, 15), (366840, 16), (366840, 17), (366840, 18), (366840, 19), (366840, 20), (366840, 21), (366840, 22), (366840, 23), (366840, 24), (366840, 25), (366840, 26), (366840, 27), (366840, 28), (366840, 29), (366840, 30), (366840, 31), (366840, 32), (366840, 33), (366840, 34), (366840, 35), (366840, 36), (366840, 37), (366840, 38), (366840, 39), (366840, 40), (366840, 41), (366840, 42), (366840, 43), (366840, 44), (366840, 45), (366840, 46), (366840, 47), (366840, 48), (366840, 49), (366840, 50), (366840, 51), (366840, 52), (366840, 53), (366840, 54), (366840, 55), (366840, 56), (366840, 57), (366840, 58), (366840, 59), (366840, 60), (366840, 61), (366840, 62), (366840, 63), (366840, 64), (366840, 65), (366840, 66), (366840, 67), (366840, 68), (366840, 69), (366840, 70), (366840, 71), (366840, 72), (366840, 73), (366840, 74), (366840, 75), (366840, 76), (366840, 77), (366840, 78), (366840, 79), (366840, 80), (366840, 81), (366840, 82), (366840, 83), (366840, 84), (366840, 85), (366840, 86), (366840, 87), (366840, 88), (366840, 89), (366840, 90), (366840, 91), (366840, 92), (366840, 93), (366840, 94), (366840, 95), (366840, 96), (366840, 97), (366840, 98), (366840, 99), (366840, 100), (366840, 101), (366840, 102), (366840, 103), (366840, 104), (366840, 105), (366840, 106), (366840, 107), (366840, 108), (366840, 109), (366840, 110), (366840, 111), (366840, 112), (366840, 113), (366840, 114), (366840, 115), (366840, 116), (366840, 117), (366840, 118), (366840, 119), (366840, 120), (366840, 121), (366840, 122), (366840, 123), (366840, 124), (366840, 125), (366840, 126), (366840, 127), (366840, 128), (366840, 129), (366840, 130), (366840, 131), (366840, 132), (366840, 133), (366840, 134), (366840, 135), (366840, 136), (366840, 137), (366840, 138), (366840, 139), (366840, 140), (366840, 141), (366840, 142), (366840, 143), (366840, 144), (366840, 145), (366840, 146), (366840, 147), (366840, 148), (366840, 149), (366840, 150), (366840, 151), (366840, 152), (366840, 153), (366840, 154), (366840, 155), (366840, 156), (366840, 157), (366840, 158), (366840, 159), (366840, 160), (366840, 161), (366840, 162), (366840, 163), (366840, 164), (366840, 165), (366840, 166), (366840, 167), (366840, 168), (366840, 169), (366840, 170), (366840, 171), (366840, 172), (366840, 173), (366840, 174), (366840, 175), (366840, 176), (366840, 177), (366840, 178), (366840, 179), (366840, 180), (366833, 1), (366833, 2), (366833, 3), (366833, 4), (366833, 5), (366833, 6), (366833, 7), (366833, 8), (366833, 9), (366833, 10), (366833, 11), (366833, 12), (366833, 13), (366833, 14), (366833, 15), (366833, 16), (366833, 17), (366833, 18), (366833, 19), (366833, 20), (366833, 21), (366833, 22), (366833, 23), (366833, 24), (366833, 25), (366833, 26), (366833, 27), (366833, 28), (366833, 29), (366833, 30), (366833, 31), (366833, 32), (366833, 33), (366833, 34), (366833, 35), (366833, 36), (366833, 37), (366833, 38), (366833, 39), (366833, 40), (366833, 41), (366833, 42), (366833, 43), (366833, 44), (366833, 45), (366833, 46), (366833, 47), (366833, 48), (366833, 49), (366833, 50), (366833, 51), (366833, 52), (366833, 53), (366833, 54), (366833, 55), (366833, 56), (366833, 57), (366833, 58), (366833, 59), (366833, 60), (366833, 61), (366833, 62), (366833, 63), (366833, 64), (366833, 65), (366833, 66), (366833, 67), (366833, 68), (366833, 69), (366833, 70), (366833, 71), (366833, 72), (366833, 73), (366833, 74), (366833, 75), (366833, 76), (366833, 77), (366833, 78), (366833, 79), (366833, 80), (366833, 81), (366833, 82), (366833, 83), (366833, 84), (366833, 85), (366833, 86), (366833, 87), (366833, 88), (366833, 89), (366833, 90), (366833, 91), (366833, 92), (366833, 93), (366833, 94), (366833, 95), (366833, 96), (366833, 97), (366833, 98), (366833, 99), (366833, 100), (366833, 101), (366833, 102), (366833, 103), (366833, 104), (366833, 105), (366833, 106), (366833, 107), (366833, 108), (366833, 109), (366833, 110), (366833, 111), (366833, 112), (366833, 113), (366833, 114), (366833, 115), (366833, 116), (366833, 117), (366833, 118), (366833, 119), (366833, 120), (366833, 121), (366833, 122), (366833, 123), (366833, 124), (366833, 125), (366833, 126), (366833, 127), (366833, 128), (366833, 129), (366833, 130), (366833, 131), (366833, 132), (366833, 133), (366833, 134), (366833, 135), (366833, 136), (366833, 137), (366833, 138), (366833, 139), (366833, 140), (366833, 141), (366833, 142), (366833, 143), (366833, 144), (366833, 145), (366833, 146), (366833, 147), (366833, 148), (366833, 149), (366833, 150), (366833, 151), (366833, 152), (366833, 153), (366833, 154), (366833, 155), (366833, 156), (366833, 157), (366833, 158), (366833, 159), (366833, 160), (366833, 161), (366833, 162), (366833, 163), (366833, 164), (366833, 165), (366833, 166), (366833, 167), (366833, 168), (366833, 169), (366833, 170), (366833, 171), (366833, 172), (366833, 173), (366833, 174), (366833, 175), (366833, 176), (366833, 177), (366833, 178), (366833, 179), (366833, 180), (366833, 181), (366833, 182), (366833, 183), (366833, 184), (366833, 185), (366833, 186), (366833, 187), (366833, 188), (366833, 189), (366833, 190), (366833, 191), (366833, 192), (366833, 193), (366833, 194), (366833, 195), (366833, 196), (366833, 197), (366833, 198), (366833, 199), (366833, 200), (366833, 201), (366833, 202), (366833, 203), (366833, 204), (366833, 205), (366833, 206), (366833, 207), (366833, 208), (366833, 209), (366833, 210), (366833, 211), (366833, 212), (366833, 213), (366833, 214), (366833, 215), (366833, 216), (366833, 217), (366833, 218), (366833, 219), (366833, 220), (366833, 221), (366833, 222), (366833, 223), (366833, 224), (366833, 225), (366833, 226), (366833, 227), (366833, 228), (366833, 229), (366833, 230), (366833, 231), (366833, 232), (366833, 233), (366833, 234), (366833, 235), (366833, 236), (366833, 237), (366833, 238), (366833, 239), (366833, 240), (366833, 241), (366833, 242), (366833, 243), (366833, 244), (366833, 245), (366833, 246), (366833, 247), (366833, 248), (366833, 249), (366833, 250), (366833, 251), (366833, 252), (366833, 253), (366833, 254), (366833, 255), (366833, 256), (366833, 257), (366833, 258), (366833, 259), (366833, 260), (366833, 261), (366833, 262), (366833, 263), (366833, 264), (366833, 265), (366833, 266), (366833, 267), (366833, 268), (366833, 269), (366833, 270), (366833, 271), (366833, 272), (366833, 273), (366833, 274), (366833, 275), (366833, 276), (366833, 277), (366833, 278), (366833, 279), (366833, 280), (366833, 281), (366833, 282), (366833, 283), (366833, 284), (366833, 285), (366833, 286), (366833, 287), (366833, 288), (366833, 289), (366833, 290), (366833, 291), (366833, 292), (366833, 293), (366833, 294), (366833, 295), (366833, 296), (366833, 297), (366833, 298), (366833, 299), (366833, 300), (366833, 301), (366833, 302), (366833, 303), (366833, 304), (366833, 305), (366833, 306), (366833, 307), (366833, 308), (366833, 309), (366833, 310), (366833, 311), (366833, 312), (366833, 313), (366833, 314), (366833, 315), (366833, 316), (366833, 317), (366833, 318), (366833, 319), (366833, 320), (366833, 321), (366833, 322), (366833, 323), (366833, 324), (366833, 325), (366833, 326), (366833, 327), (366833, 328), (366833, 329), (366833, 330), (366833, 331), (366833, 332), (366833, 333), (366833, 334), (366833, 335), (366833, 336), (366833, 337), (366833, 338), (366833, 339), (366833, 340), (366833, 341), (366833, 342), (366833, 343), (366833, 344), (366833, 345), (366833, 346), (366833, 347), (366833, 348), (366833, 349), (366833, 350), (366833, 351), (366833, 352), (366833, 353), (366833, 354), (366833, 355), (366833, 356), (366833, 357), (366833, 358), (366833, 359), (366833, 360), (366833, 361), (366833, 362), (366833, 363), (366833, 364), (366833, 365), (366833, 366), (366833, 367), (366833, 368), (366833, 369), (366833, 370), (366833, 371), (366833, 372), (366833, 373), (366833, 374), (366833, 375), (366833, 376), (366833, 377), (366833, 378), (366833, 379), (366833, 380), (366833, 381), (366833, 382), (366833, 383), (366833, 384), (366833, 385), (366833, 386), (366833, 387), (366833, 388), (366833, 389), (366833, 390), (366833, 391), (366833, 392), (366833, 393), (366833, 394), (366833, 395), (366833, 396), (366833, 397), (366833, 398), (366833, 399), (366833, 400), (366833, 401), (366833, 402), (366833, 403), (366833, 404), (366833, 405), (366833, 406), (366833, 407), (366833, 408), (366833, 409), (366833, 410), (366833, 411), (366833, 412), (366833, 413), (366833, 414), (366833, 415), (366833, 416), (366833, 417), (366833, 418), (366833, 419), (366833, 420), (366833, 421), (366833, 422), (366833, 423), (366833, 424), (366833, 425), (366833, 426), (366833, 427), (366833, 428), (366833, 429), (366833, 430), (366833, 431), (366833, 432), (366833, 433), (366833, 434), (366833, 435), (366833, 436), (366833, 437), (366833, 438), (366833, 439), (366833, 440), (366833, 441), (366833, 442), (366833, 443), (366833, 444), (366833, 445), (366833, 446), (366833, 447), (366833, 448), (366833, 449), (366833, 450), (366833, 451), (366833, 452), (366833, 453), (366833, 454), (366833, 455), (366833, 456), (366833, 457), (366833, 458), (366833, 459), (366833, 460), (366833, 461), (366833, 462), (366833, 463), (366833, 464), (366833, 465), (366833, 466), (366833, 467), (366833, 468), (366833, 469), (366833, 470), (366833, 471), (366833, 472), (366833, 473), (366833, 474), (366833, 475), (366833, 476), (366833, 477), (366833, 478), (366833, 479), (366833, 480), (366833, 481), (366833, 482), (366833, 483), (366833, 484), (366833, 485), (366833, 486), (366833, 487), (366833, 488), (366833, 489), (366833, 490), (366833, 491), (366833, 492), (366833, 493), (366833, 494), (366833, 495), (366833, 496), (366833, 497), (366833, 498), (366833, 499), (366833, 500), (366833, 501), (366833, 502), (366833, 503), (366833, 504), (366833, 505), (366833, 506), (366833, 507), (366833, 508), (366833, 509), (366833, 510), (366833, 511), (366833, 512), (366833, 513), (366833, 514), (366833, 515), (366833, 516), (366833, 517), (366833, 518), (366833, 519), (366833, 520), (366833, 521), (366833, 522), (366833, 523), (366833, 524), (366833, 525), (366833, 526), (366833, 527), (366833, 528), (366833, 529), (366833, 530), (366833, 531), (366833, 532), (366833, 533), (366833, 534), (366833, 535), (366833, 536), (366833, 537), (366833, 538), (366833, 539), (366833, 540), (366833, 541), (366833, 542), (366833, 543), (366833, 544), (366833, 545), (366833, 546), (366833, 547), (366833, 548), (366833, 549), (366833, 550), (366833, 551), (366833, 552), (366833, 553), (366833, 554), (366833, 555), (366833, 556), (366833, 557), (366833, 558), (366833, 559), (366833, 560), (366833, 561), (366833, 562), (366833, 563), (366833, 564), (366833, 565), (366833, 566), (366833, 567), (366833, 568), (366833, 569), (366833, 570), (366833, 571), (366833, 572), (366833, 573), (366833, 574), (366833, 575), (366833, 576), (366833, 577), (366833, 578), (366833, 579), (366833, 580), (366833, 581), (366833, 582), (366833, 583), (366833, 584), (366833, 585), (366833, 586), (366833, 587), (366833, 588), (366833, 589), (366833, 590), (366833, 591), (366833, 592), (366833, 593), (366833, 594), (366833, 595), (366833, 596), (366833, 597), (366833, 598), (366833, 599), (366833, 600), (366833, 601), (366833, 602), (366833, 603), (366833, 604), (366833, 605), (366833, 606), (366833, 607), (366833, 608), (366833, 609), (366833, 610), (366833, 611), (366833, 612), (366833, 613), (366833, 614), (366833, 615), (366833, 616), (366833, 617), (366833, 618), (366833, 619), (366833, 620), (366833, 621), (366833, 622), (366833, 623), (366832, 1), (366832, 2), (366832, 3), (366832, 4), (366832, 5), (366832, 6), (366832, 7), (366832, 8), (366832, 9), (366832, 10), (366832, 11), (366832, 12), (366832, 13), (366832, 14), (366832, 15), (366832, 16), (366832, 17), (366832, 18), (366832, 19), (366832, 20), (366832, 21), (366832, 22), (366832, 23), (366832, 24), (366832, 25), (366832, 26), (366832, 27), (366832, 28), (366832, 29), (366832, 30), (366832, 31), (366832, 32), (366832, 33), (366832, 34), (366832, 35), (366832, 36), (366832, 37), (366832, 38), (366832, 39), (366832, 40), (366832, 41), (366832, 42), (366832, 43), (366832, 44), (366832, 45), (366832, 46), (366832, 47), (366832, 48), (366832, 49), (366832, 50), (366832, 51), (366832, 52), (366832, 53), (366832, 54), (366832, 55), (366832, 56), (366832, 57), (366832, 58), (366832, 59), (366832, 60), (366832, 61), (366832, 62), (366832, 63), (366832, 64), (366832, 65), (366832, 66), (366832, 67), (366832, 68), (366832, 69), (366832, 70), (366832, 71), (366832, 72), (366832, 73), (366832, 74), (366832, 75), (366832, 76), (366832, 77), (366832, 78), (366832, 79), (366832, 80), (366832, 81), (366832, 82), (366832, 83), (366832, 84), (366832, 85), (366832, 86), (366832, 87), (366832, 88), (366832, 89), (366832, 90), (366832, 91), (366832, 92), (366832, 93), (366832, 94), (366832, 95), (366832, 96), (366832, 97), (366832, 98), (366832, 99), (366832, 100), (366832, 101), (366832, 102), (366832, 103), (366832, 104), (366832, 105), (366832, 106), (366832, 107), (366832, 108), (366832, 109), (366832, 110), (366832, 111), (366832, 112), (366832, 113), (366832, 114), (366832, 115), (366832, 116), (366832, 117), (366832, 118), (366832, 119), (366832, 120), (366832, 121), (366832, 122), (366832, 123), (366832, 124), (366832, 125), (366832, 126), (366832, 127), (366832, 128), (366832, 129), (366832, 130), (366832, 131), (366832, 132), (366832, 133), (366832, 134), (366832, 135), (366832, 136), (366832, 137), (366832, 138), (366832, 139), (366832, 140), (366832, 141), (366832, 142), (366832, 143), (366832, 144), (366832, 145), (366832, 146), (366832, 147), (366832, 148), (366832, 149), (366832, 150), (366832, 151), (366832, 152), (366832, 153), (366832, 154), (366832, 155), (366832, 156), (366832, 157), (366832, 158), (366832, 159), (366832, 160), (366832, 161), (366832, 162), (366832, 163), (366832, 164), (366832, 165), (366832, 166), (366832, 167), (366832, 168), (366832, 169), (366832, 170), (366832, 171), (366832, 172), (366832, 173), (366832, 174), (366832, 175), (366832, 176), (366832, 177), (366832, 178), (366832, 179), (366832, 180), (366832, 181), (366832, 182), (366832, 183), (366832, 184), (366832, 185), (366832, 186), (366832, 187), (366832, 188), (366832, 189), (366832, 190), (366832, 191), (366832, 192), (366832, 193), (366832, 194), (366832, 195), (366832, 196), (366832, 197), (366832, 198), (366832, 199), (366832, 200), (366832, 201), (366832, 202), (366832, 203), (366832, 204), (366832, 205), (366832, 206), (366832, 207), (366832, 208), (366832, 209), (366832, 210), (366832, 211), (366832, 212), (366832, 213), (366832, 214), (366832, 215), (366832, 216), (366832, 217), (366832, 218), (366832, 219), (366832, 220), (366832, 221), (366832, 222), (366832, 223), (366832, 224), (366832, 225), (366832, 226), (366832, 227), (366832, 228), (366832, 229), (366832, 230), (366832, 231), (366832, 232), (366832, 233), (366832, 234), (366832, 235), (366832, 236), (366832, 237), (366832, 238), (366832, 239), (366832, 240), (366832, 241), (366832, 242), (366832, 243), (366832, 244), (366832, 245), (366832, 246), (366832, 247), (366832, 248), (366832, 249), (366832, 250), (366832, 251), (366832, 252), (366832, 253), (366832, 254), (366832, 255), (366832, 256), (366832, 257), (366832, 258), (366829, 19), (366829, 20), (366829, 21), (366829, 22), (366829, 23), (366829, 24), (366829, 25), (366829, 26), (366829, 27), (366829, 28), (366829, 29), (366829, 30), (366829, 31), (366829, 32), (366829, 33), (366829, 34), (366829, 35), (366829, 36), (366829, 37), (366829, 38), (366829, 39), (366829, 40), (366829, 41), (366829, 42), (366829, 43), (366829, 44), (366829, 45), (366829, 46), (366829, 47), (366829, 48), (366829, 49), (366829, 50), (366829, 51), (366829, 52), (366829, 53), (366829, 54), (366829, 55), (366829, 56), (366829, 57), (366829, 58), (366829, 59), (366829, 60), (366829, 61), (366829, 62), (366829, 63), (366829, 64), (366829, 65), (366829, 66), (366829, 67), (366829, 68), (366829, 69), (366829, 70), (366829, 71), (366829, 72), (366829, 73), (366829, 74), (366829, 75), (366829, 76), (366829, 77), (366829, 78), (366829, 79), (366829, 80), (366829, 81), (366829, 82), (366829, 83), (366829, 84), (366829, 85), (366829, 86), (366829, 87), (366829, 88), (366829, 89), (366829, 90), (366829, 91), (366829, 92), (366829, 93), (366829, 94), (366829, 95), (366829, 96), (366829, 97), (366829, 98), (366829, 99), (366829, 100), (366829, 101), (366829, 102), (366829, 103), (366829, 104), (366829, 105), (366829, 106), (366829, 107), (366829, 108), (366829, 109), (366829, 110), (366829, 111), (366829, 112), (366829, 113), (366829, 114), (366829, 115), (366829, 116), (366829, 117), (366829, 118), (366829, 119), (366829, 120), (366829, 121), (366829, 122), (366829, 123), (366829, 124), (366829, 125), (366829, 126), (366829, 127), (366829, 128), (366829, 129), (366829, 130), (366829, 131), (366829, 132), (366829, 133), (366829, 134), (366829, 135), (366829, 136), (366829, 137), (366829, 138), (366829, 139), (366829, 140), (366829, 141), (366829, 142), (366829, 143), (366829, 144), (366829, 145), (366829, 146), (366829, 147), (366829, 148), (366829, 149), (366829, 150), (366829, 151), (366829, 152), (366829, 153), (366829, 154), (366829, 155), (366829, 156), (366829, 157), (366829, 158), (366829, 159), (366829, 160), (366829, 161), (366829, 162), (366829, 163), (366829, 164), (366829, 165), (366829, 166), (366829, 167), (366829, 168), (366829, 169), (366829, 170), (366829, 171), (366829, 172), (366829, 173), (366829, 174), (366829, 175), (366829, 176), (366829, 177), (366829, 178), (366829, 179), (366829, 180), (366829, 181), (366829, 182), (366829, 183), (366829, 184), (366829, 185), (366829, 186), (366829, 187), (366829, 188), (366829, 189), (366829, 190), (366829, 191), (366829, 192), (366829, 193), (366829, 194), (366829, 195), (366829, 196), (366829, 197), (366829, 198), (366829, 199), (366829, 200), (366829, 201), (366829, 202), (366829, 203), (366829, 204), (366829, 205), (366829, 206), (366829, 207), (366829, 208), (366829, 209), (366829, 210), (366829, 211), (366829, 212), (366829, 213), (366829, 214), (366829, 215), (366829, 216), (366829, 217), (366829, 218), (366829, 219), (366829, 220), (366829, 221), (366829, 222), (366829, 223), (366829, 224), (366829, 225), (366829, 226), (366829, 227), (366829, 228), (366829, 229), (366829, 230), (366829, 231), (366829, 232), (366829, 233), (366821, 1), (366821, 2), (366821, 3), (366821, 4), (366821, 5), (366821, 6), (366821, 7), (366821, 8), (366821, 9), (366821, 10), (366821, 11), (366821, 12), (366821, 13), (366821, 14), (366821, 15), (366821, 16), (366821, 17), (366821, 18), (366821, 19), (366821, 20), (366821, 21), (366821, 22), (366821, 23), (366821, 24), (366821, 25), (366821, 26), (366821, 27), (366821, 28), (366821, 29), (366821, 30), (366821, 31), (366821, 32), (366821, 33), (366821, 34), (366821, 35), (366821, 36), (366821, 37), (366821, 38), (366821, 39), (366821, 40), (366821, 41), (366821, 42), (366821, 43), (366821, 44), (366821, 45), (366821, 46), (366821, 47), (366821, 48), (366821, 49), (366821, 50), (366821, 51), (366821, 52), (366821, 53), (366821, 54), (366821, 55), (366821, 56), (366821, 57), (366821, 58), (366821, 59), (366821, 60), (366821, 61), (366821, 62), (366821, 63), (366821, 64), (366821, 65), (366821, 66), (366821, 67), (366821, 68), (366821, 69), (366821, 70), (366821, 71), (366821, 72), (366821, 73), (366821, 74), (366821, 75), (366821, 76), (366821, 77), (366821, 78), (366821, 79), (366821, 80), (366821, 81), (366821, 82), (366821, 83), (366821, 84), (366821, 85), (366821, 86), (366821, 87), (366821, 88), (366821, 89), (366821, 90), (366821, 91), (366821, 92), (366821, 93), (366821, 94), (366821, 95), (366821, 96), (366821, 97), (366821, 98), (366821, 99), (366821, 100), (366821, 101), (366821, 102), (366821, 103), (366821, 104), (366821, 105), (366821, 106), (366821, 107), (366821, 108), (366821, 109), (366821, 110), (366821, 111), (366821, 112), (366821, 113), (366821, 114), (366821, 115), (366821, 116), (366821, 117), (366821, 118), (366821, 119), (366821, 120), (366821, 121), (366821, 122), (366821, 123), (366821, 124), (366821, 125), (366821, 126), (366821, 127), (366821, 128), (366821, 129), (366821, 130), (366821, 131), (366821, 132), (366821, 133), (366821, 134), (366821, 135), (366821, 136), (366821, 137), (366821, 138), (366821, 139), (366821, 140), (366821, 141), (366821, 142), (366821, 143), (366821, 144), (366821, 145), (366821, 146), (366821, 147), (366821, 148), (366821, 149), (366821, 150), (366821, 151), (366821, 152), (366821, 153), (366821, 154), (366821, 155), (366821, 156), (366821, 157), (366821, 158), (366821, 159), (366821, 160), (366821, 161), (366821, 162), (366821, 163), (366821, 164), (366821, 165), (366821, 166), (366821, 167), (366821, 168), (366821, 169), (366821, 170), (366821, 171), (366821, 172), (366821, 173), (366821, 174), (366821, 175), (366821, 176), (366821, 177), (366821, 178), (366821, 179), (366821, 180), (366821, 181), (366821, 182), (366821, 183), (366821, 184), (366821, 185), (366821, 186), (366821, 187), (366821, 188), (366821, 189), (366821, 190), (366821, 191), (366821, 192), (366821, 193), (366821, 194), (366821, 195), (366821, 196), (366821, 197), (366821, 198), (366821, 199), (366821, 200), (366821, 201), (366821, 202), (366821, 203), (366821, 204), (366821, 205), (366821, 206), (366821, 207), (366821, 208), (366821, 209), (366821, 210), (366821, 211), (366821, 212), (366821, 213), (366821, 214), (366821, 215), (366821, 216), (366821, 217), (366821, 218), (366821, 219), (366821, 220), (366821, 221), (366821, 222), (366821, 223), (366821, 224), (366821, 225), (366821, 226), (366821, 227), (366821, 228), (366821, 229), (366821, 230), (366821, 231), (366821, 232), (366821, 233), (366821, 234), (366821, 235), (366821, 236), (366821, 237), (366821, 238), (366821, 239), (366821, 240), (366821, 241), (366821, 242), (366821, 243), (366821, 244), (366821, 245), (366821, 246), (366821, 247), (366821, 248), (366821, 249), (366821, 250), (366821, 251), (366821, 252), (366821, 253), (366821, 254), (366821, 255), (366821, 256), (366821, 257), (366821, 258), (366821, 259), (366821, 260), (366821, 261), (366821, 262), (366821, 263), (366821, 264), (366821, 265), (366821, 266), (366821, 267), (366821, 268), (366821, 269), (366821, 270), (366821, 271), (366821, 272), (366821, 273), (366821, 274), (366821, 275), (366821, 276), (366821, 277), (366821, 278), (366821, 279), (366821, 280), (366821, 281), (366821, 282), (366821, 283), (366821, 284), (366821, 285), (366821, 286), (366821, 287), (366821, 288), (366821, 289), (366821, 290), (366821, 291), (366821, 292), (366821, 293), (366821, 294), (366821, 295), (366821, 296), (366821, 297), (366821, 298), (366821, 299), (366821, 300), (366821, 301), (366821, 302), (366821, 303), (366821, 304), (366821, 305), (366821, 306), (366821, 307), (366821, 308), (366821, 309), (366821, 310), (366821, 311), (366821, 312), (366821, 313), (366821, 314), (366821, 315), (366821, 316), (366821, 317), (366821, 318), (366821, 319), (366821, 320), (366821, 321), (366821, 322), (366821, 323), (366821, 324), (366821, 325), (366821, 326), (366821, 327), (366821, 328), (366821, 329), (366821, 330), (366821, 331), (366821, 332), (366821, 333), (366821, 334), (366821, 335), (366821, 336), (366821, 337), (366821, 338), (366821, 339), (366821, 340), (366821, 341), (366821, 342), (366821, 343), (366821, 344), (366821, 345), (366821, 346), (366821, 347), (366821, 348), (366821, 349), (366821, 350), (366821, 351), (366821, 352), (366821, 353), (366821, 354), (366821, 355), (366821, 356), (366821, 357), (366821, 358), (366821, 359), (366821, 360), (366821, 361), (366821, 362), (366821, 363), (366821, 364), (366821, 365), (366821, 366), (366821, 367), (366821, 368), (366821, 369), (366821, 370), (366821, 371), (366821, 372), (366821, 373), (366821, 374), (366821, 375), (366821, 376), (366821, 377), (366821, 378), (366821, 379), (366821, 380), (366821, 381), (366821, 382), (366821, 383), (366821, 384), (366821, 385), (366821, 386), (366821, 387), (366821, 388), (366821, 389), (366821, 390), (366821, 391), (366821, 392), (366821, 393), (366821, 394), (366821, 395), (366821, 396), (366821, 397), (366821, 398), (366821, 399), (366821, 400), (366821, 401), (366821, 402), (366821, 403), (366821, 404), (366821, 405), (366821, 406), (366821, 407), (366821, 408), (366821, 409), (366821, 410), (366821, 411), (366821, 412), (366821, 413), (366821, 414), (366821, 415), (366821, 416), (366821, 417), (366821, 418), (366821, 419), (366821, 420), (366821, 421), (366821, 422), (366821, 423), (366821, 424), (366821, 425), (366821, 426), (366821, 427), (366821, 428), (366821, 429), (366821, 430), (366821, 431), (366821, 432), (366821, 433), (366821, 434), (366821, 435), (366821, 436), (366821, 437), (366821, 438), (366821, 439), (366821, 440), (366821, 441), (366821, 442), (366821, 443), (366821, 444), (366821, 445), (366821, 446), (366821, 447), (366821, 448), (366821, 449), (366821, 450), (366821, 451), (366821, 452), (366821, 453), (366821, 454), (366821, 455), (366821, 456), (366821, 457), (366821, 458), (366821, 459), (366821, 460), (366821, 461), (366821, 462), (366821, 463), (366821, 464), (366821, 465), (366821, 466), (366821, 467), (366821, 468), (366821, 469), (366821, 470), (366821, 471), (366821, 472), (366821, 473), (366821, 474), (366821, 475), (366821, 476), (366821, 477), (366821, 478), (366821, 479), (366821, 480), (366821, 481), (366821, 482), (366821, 483), (366821, 484), (366821, 485), (366821, 486), (366821, 487), (366821, 488), (366821, 489), (366821, 490), (366821, 491), (366821, 492), (366821, 493), (366821, 494), (366821, 495), (366821, 496), (366821, 497), (366821, 498), (366821, 499), (366821, 500), (366821, 501), (366821, 502), (366821, 503), (366821, 504), (366821, 505), (366821, 506), (366821, 507), (366821, 508), (366821, 509), (366821, 510), (366821, 511), (366821, 512), (366821, 513), (366821, 514), (366821, 515), (366821, 516), (366821, 517), (366821, 518), (366821, 519), (366821, 520), (366821, 521), (366821, 522), (366821, 523), (366821, 524), (366821, 525), (366821, 526), (366821, 527), (366821, 528), (366821, 529), (366821, 530), (366821, 531), (366821, 532), (366821, 533), (366821, 534), (366821, 535), (366821, 536), (366821, 537), (366821, 538), (366821, 539), (366821, 540), (366821, 541), (366821, 542), (366821, 543), (366821, 544), (366821, 545), (366821, 546), (366821, 547), (366821, 548), (366821, 549), (366821, 550), (366821, 551), (366821, 552), (366821, 553), (366821, 554), (366821, 555), (366821, 556), (366821, 557), (366821, 558), (366821, 559), (366821, 560), (366821, 561), (366821, 562), (366821, 563), (366821, 564), (366821, 565), (366821, 566), (366821, 567), (366821, 568), (366821, 569), (366821, 570), (366821, 571), (366821, 572), (366821, 573), (366821, 574), (366821, 575), (366821, 576), (366821, 577), (366821, 578), (366821, 579), (366821, 580), (366821, 581), (366821, 582), (366821, 583), (366821, 584), (366821, 585), (366821, 586), (366821, 587), (366821, 588), (366821, 589), (366821, 590), (366821, 591), (366821, 592), (366821, 593), (366821, 594), (366821, 595), (366821, 596), (366821, 597), (366821, 598), (366821, 599), (366821, 600), (366821, 601), (366821, 602), (366821, 603), (366821, 604), (366821, 605), (366821, 606), (366821, 607), (366821, 608), (366821, 609), (366821, 610), (366821, 611), (366821, 612), (366821, 613), (366821, 614), (366821, 615), (366821, 616), (366821, 617), (366821, 618), (366821, 619), (366821, 620), (366821, 621), (366821, 622), (366821, 623), (366821, 624), (366821, 625), (366821, 626), (366821, 627), (366821, 628), (366821, 629), (366821, 630), (366821, 631), (366821, 632), (366821, 633), (366821, 634), (366821, 635), (366821, 636), (366821, 637), (366821, 638), (366821, 639), (366821, 640), (366821, 641), (366821, 642), (366821, 643), (366821, 644), (366821, 645), (366821, 646), (366821, 647), (366821, 648), (366821, 649), (366821, 650), (366821, 651), (366821, 652), (366821, 653), (366821, 654), (366821, 655), (366821, 656), (366821, 657), (366821, 658), (366821, 659), (366821, 660), (366821, 661), (366821, 662), (366821, 663), (366821, 664), (366821, 665), (366821, 666), (366821, 667), (366821, 668), (366821, 669), (366821, 670), (366821, 671), (366821, 672), (366821, 673), (366821, 674), (366821, 675), (366821, 676), (366821, 677), (366821, 678), (366821, 679), (366821, 680), (366821, 681), (366821, 682), (366821, 683), (366821, 684), (366821, 685), (366821, 686), (366821, 687), (366821, 688), (366821, 689), (366821, 690), (366821, 691), (366821, 692), (366821, 693), (366821, 694), (366821, 695), (366821, 696), (366821, 697), (366821, 698), (366821, 699), (366821, 700), (366821, 701), (366821, 702), (366821, 703), (366821, 704), (366821, 705), (366821, 706), (366821, 707), (366821, 708), (366821, 709), (366821, 710), (366821, 711), (366821, 712), (366821, 713), (366821, 714), (366821, 715), (366821, 716), (366821, 717), (366821, 718), (366821, 719), (366821, 720), (366821, 721), (366821, 722), (366821, 723), (366821, 724), (366821, 725), (366821, 726), (366821, 727), (366821, 728), (366821, 729), (366821, 730), (366821, 731), (366821, 732), (366821, 733), (366821, 734), (366821, 735), (366821, 736), (366821, 737), (366821, 738), (366821, 739), (366821, 740), (366821, 741), (366821, 742), (366821, 743), (366821, 744), (366821, 745), (366821, 746), (366821, 747), (366821, 748), (366821, 749), (366821, 750), (366821, 751), (366821, 752), (366821, 753), (366821, 754), (366821, 755), (366821, 756), (366821, 757), (366821, 758), (366821, 759), (366821, 760), (366821, 761), (366821, 762), (366821, 763), (366821, 764), (366821, 765), (366821, 766), (366821, 767), (366821, 768), (366821, 769), (366821, 770), (366821, 771), (366821, 772), (366821, 773), (366821, 774), (366821, 775), (366821, 776), (366821, 777), (366821, 778), (366821, 779), (366821, 780), (366821, 781), (366821, 782), (366821, 783), (366821, 784), (366821, 785), (366821, 786), (366821, 787), (366821, 788), (366821, 789), (366821, 790), (366821, 791), (366821, 792), (366821, 793), (366821, 794), (366821, 795), (366821, 796), (366821, 797), (366821, 798), (366821, 799), (366821, 800), (366821, 801), (366821, 802), (366821, 803), (366821, 804), (366821, 805), (366821, 806), (366821, 807), (366821, 808), (366821, 809), (366821, 810), (366821, 811), (366821, 812), (366821, 813), (366821, 814), (366821, 815), (366821, 816), (366821, 817), (366821, 818), (366821, 819), (366821, 820), (366821, 821), (366821, 822), (366821, 823), (366821, 824), (366821, 825), (366821, 826), (366821, 827), (366821, 828), (366821, 829), (366821, 830), (366821, 831), (366821, 832), (366821, 833), (366821, 834), (366821, 835), (366821, 836), (366821, 837), (366821, 838), (366821, 839), (366821, 840), (366821, 841), (366821, 842), (366821, 843), (366821, 844), (366821, 845), (366821, 846), (366821, 847), (366821, 848), (366821, 849), (366821, 850), (366821, 851), (366821, 852), (366821, 853), (366821, 854), (366821, 855), (366821, 856), (366821, 857), (366821, 858), (366821, 859), (366821, 860), (366821, 861), (366821, 862), (366821, 863), (366821, 864), (366821, 865), (366821, 866), (366821, 867), (366821, 868), (366821, 869), (366821, 870), (366821, 871), (366821, 872), (366821, 873), (366821, 874), (366821, 875), (366821, 876), (366821, 877), (366821, 878), (366821, 879), (366821, 880), (366821, 881), (366821, 882), (366821, 883), (366821, 884), (366821, 885), (366821, 886), (366821, 887), (366821, 888), (366821, 889), (366821, 890), (366821, 891), (366821, 892), (366821, 893), (366821, 894), (366821, 895), (366821, 896), (366821, 897), (366821, 898), (366821, 899), (366821, 900), (366821, 901), (366821, 902), (366821, 903), (366821, 904), (366821, 905), (366821, 906), (366821, 907), (366821, 908), (366821, 909), (366821, 910), (366821, 911), (366821, 912), (366821, 913), (366821, 914), (366821, 915), (366821, 916), (366821, 917), (366821, 918), (366821, 919), (366821, 920), (366821, 921), (366821, 922), (366821, 923), (366821, 924), (366821, 925), (366821, 926), (366821, 927), (366821, 928), (366821, 929), (366821, 930), (366821, 931), (366821, 932), (366821, 933), (366821, 934), (366821, 935), (366821, 936), (366821, 937), (366821, 938), (366821, 939), (366821, 940), (366821, 941), (366821, 942), (366821, 943), (366821, 944), (366821, 945), (366821, 946), (366821, 947), (366821, 948), (366821, 949), (366821, 950), (366821, 951), (366821, 952), (366821, 953), (366821, 954), (366821, 955), (366821, 956), (366821, 957), (366821, 958), (366821, 959), (366821, 960), (366821, 961), (366821, 962), (366821, 963), (366821, 964), (366821, 965), (366821, 966), (366821, 967), (366820, 40), (366820, 41), (366820, 42), (366820, 43), (366820, 44), (366820, 45), (366820, 46), (366820, 47), (366820, 48), (366820, 49), (366820, 50), (366820, 51), (366820, 52), (366820, 53), (366820, 54), (366820, 55), (366820, 56), (366820, 57), (366820, 58), (366820, 59), (366820, 60), (366820, 61), (366820, 62), (366820, 63), (366820, 64), (366820, 65), (366820, 66), (366820, 67), (366820, 68), (366820, 69), (366820, 70), (366820, 71), (366820, 72), (366820, 73), (366820, 74), (366820, 75), (366820, 76), (366820, 77), (366820, 78), (366820, 79), (366820, 80), (366820, 81), (366820, 82), (366820, 83), (366820, 84), (366820, 85), (366820, 86), (366820, 87), (366820, 88), (366820, 89), (366820, 90), (366820, 91), (366820, 92), (366820, 93), (366820, 94), (366820, 95), (366820, 96), (366820, 97), (366820, 98), (366820, 99), (366820, 100), (366820, 101), (366820, 102), (366820, 103), (366820, 104), (366820, 105), (366820, 106), (366820, 107), (366820, 108), (366820, 109), (366820, 110), (366820, 111), (366820, 112), (366820, 113), (366820, 114), (366820, 115), (366820, 116), (366820, 117), (366820, 118), (366820, 119), (366820, 120), (366820, 121), (366820, 122), (366820, 123), (366820, 124), (366820, 125), (366820, 126), (366820, 127), (366820, 128), (366820, 129), (366820, 130), (366820, 131), (366820, 132), (366820, 133), (366820, 134), (366820, 135), (366820, 136), (366820, 137), (366820, 138), (366820, 139), (366820, 140), (366820, 141), (366820, 142), (366820, 143), (366820, 144), (366820, 145), (366820, 146), (366820, 147), (366820, 148), (366820, 149), (366820, 150), (366820, 151), (366820, 152), (366820, 153), (366820, 154), (366820, 155), (366820, 156), (366820, 157), (366820, 158), (366820, 159), (366820, 160), (366820, 161), (366820, 162), (366820, 163), (366820, 164), (366820, 165), (366820, 166), (366820, 167), (366820, 168), (366820, 169), (366820, 170), (366820, 171), (366820, 172), (366820, 173), (366820, 174), (366820, 175), (366820, 176), (366820, 177), (366820, 178), (366820, 179), (366820, 180), (366820, 181), (366820, 182), (366820, 183), (366820, 184), (366820, 185), (366820, 186), (366820, 187), (366820, 188), (366820, 189), (366820, 190), (366820, 191), (366820, 192), (366820, 193), (366820, 194), (366820, 195), (366820, 196), (366820, 197), (366820, 198), (366820, 199), (366820, 200), (366820, 201), (366820, 202), (366820, 203), (366820, 204), (366820, 205), (366820, 206), (366820, 207), (366820, 208), (366820, 209), (366820, 210), (366820, 211), (366820, 212), (366820, 213), (366820, 214), (366820, 215), (366820, 216), (366820, 217), (366820, 218), (366820, 219), (366820, 220), (366820, 221), (366820, 222), (366820, 223), (366820, 224), (366820, 225), (366820, 226), (366820, 227), (366820, 228), (366820, 229), (366820, 230), (366820, 231), (366820, 232), (366820, 233), (366820, 234), (366820, 235), (366820, 236), (366820, 237), (366820, 238), (366820, 239), (366820, 240), (366820, 241), (366820, 242), (366820, 243), (366820, 244), (366820, 245), (366820, 246), (366820, 247), (366820, 248), (366820, 249), (366820, 250), (366820, 251), (366820, 252), (366820, 253), (366820, 254), (366820, 255), (366820, 256), (366820, 257), (366820, 258), (366820, 259), (366820, 260), (366820, 261), (366820, 262), (366820, 263), (366820, 264), (366820, 265), (366820, 266), (366820, 267), (366820, 268), (366820, 269), (366820, 270), (366820, 271), (366820, 272), (366820, 273), (366820, 274), (366820, 275), (366820, 276), (366820, 277), (366820, 278), (366820, 279), (366820, 280), (366820, 281), (366820, 282), (366820, 283), (366820, 284), (366820, 285), (366820, 286), (366820, 287), (366820, 288), (366820, 289), (366820, 290), (366820, 291), (366820, 292), (366820, 293), (366820, 294), (366820, 295), (366820, 296), (366820, 297), (366820, 298), (366820, 299), (366820, 300), (366820, 301), (366820, 302), (366820, 303), (366820, 304), (366820, 305), (366820, 306), (366820, 307), (366820, 308), (366820, 309), (366820, 310), (366820, 311), (366820, 312), (366820, 313), (366820, 314), (366820, 315), (366820, 316), (366820, 317), (366820, 318), (366820, 319), (366820, 320), (366820, 321), (366820, 322), (366820, 323), (366820, 324), (366820, 325), (366820, 326), (366820, 327), (366820, 328), (366820, 329), (366820, 330), (366820, 331), (366820, 332), (366820, 333), (366820, 334), (366820, 335), (366820, 336), (366820, 337), (366820, 338), (366820, 339), (366820, 340), (366820, 341), (366820, 342), (366820, 343), (366820, 344), (366820, 345), (366820, 346), (366820, 347), (366820, 348), (366820, 349), (366820, 350), (366820, 351), (366820, 352), (366820, 353), (366820, 354), (366820, 355), (366820, 356), (366820, 357), (366820, 358), (366820, 359), (366820, 360), (366820, 361), (366820, 362), (366820, 363), (366820, 364), (366820, 365), (366820, 366), (366820, 367), (366820, 368), (366820, 369), (366820, 370), (366820, 371), (366820, 372), (366820, 373), (366820, 374), (366820, 375), (366820, 376), (366820, 377), (366820, 378), (366820, 379), (366820, 380), (366820, 381), (366820, 382), (366820, 383), (366820, 384), (366820, 385), (366820, 386), (366820, 387), (366820, 388), (366820, 389), (366820, 390), (366820, 391), (366820, 392), (366820, 393), (366820, 394), (366820, 395), (366820, 396), (366820, 397), (366820, 398), (366820, 399), (366820, 400), (366820, 401), (366820, 402), (366820, 403), (366820, 404), (366820, 405), (366820, 406), (366820, 407), (366820, 408), (366820, 409), (366820, 410), (366820, 411), (366804, 1), (366804, 2), (366804, 3), (366804, 4), (366804, 5), (366804, 6), (366804, 7), (366804, 8), (366804, 9), (366804, 10), (366804, 11), (366804, 12), (366804, 13), (366804, 14), (366804, 15), (366804, 16), (366804, 17), (366804, 18), (366804, 19), (366804, 20), (366804, 21), (366804, 22), (366804, 23), (366804, 24), (366804, 25), (366804, 26), (366804, 27), (366804, 28), (366804, 29), (366804, 30), (366804, 31), (366804, 32), (366804, 33), (366804, 34), (366804, 35), (366804, 36), (366804, 37), (366804, 38), (366804, 39), (366804, 40), (366804, 41), (366804, 42), (366804, 43), (366804, 44), (366804, 45), (366804, 46), (366804, 47), (366804, 48), (366804, 49), (366804, 50), (366804, 51), (366804, 52), (366804, 53), (366804, 54), (366804, 55), (366804, 56), (366804, 57), (366804, 58), (366804, 59), (366804, 60), (366804, 61), (366804, 62), (366804, 63), (366804, 64), (366804, 65), (366804, 66), (366804, 67), (366804, 68), (366804, 69), (366804, 70), (366804, 71), (366804, 72), (366804, 73), (366804, 74), (366804, 75), (366804, 76), (366804, 77), (366804, 78), (366804, 79), (366804, 80), (366804, 81), (366804, 82), (366804, 83), (366804, 84), (366804, 85), (366804, 86), (366804, 87), (366804, 88), (366804, 89), (366804, 90), (366804, 91), (366804, 92), (366804, 93), (366804, 94), (366804, 95), (366804, 96), (366804, 97), (366804, 98), (366804, 99), (366804, 100), (366804, 101), (366804, 102), (366804, 103), (366804, 104), (366804, 105), (366804, 106), (366804, 107), (366804, 108), (366804, 109), (366804, 110), (366804, 111), (366804, 112), (366804, 113), (366804, 114), (366804, 115), (366804, 116), (366804, 117), (366804, 118), (366804, 119), (366804, 120), (366804, 121), (366804, 122), (366804, 123), (366804, 124), (366804, 125), (366804, 126), (366804, 127), (366804, 128), (366804, 129), (366804, 130), (366804, 131), (366804, 132), (366804, 133), (366804, 134), (366804, 135), (366804, 136), (366804, 137), (366804, 138), (366804, 139), (366804, 140), (366804, 141), (366804, 142), (366804, 143), (366804, 144), (366804, 145), (366804, 146), (366804, 147), (366804, 148), (366804, 149), (366804, 150), (366802, 1), (366802, 2), (366802, 3), (366802, 4), (366802, 5), (366802, 6), (366802, 7), (366802, 8), (366802, 9), (366802, 10), (366802, 11), (366802, 12), (366802, 13), (366802, 14), (366802, 15), (366802, 16), (366802, 17), (366802, 18), (366802, 19), (366802, 20), (366802, 21), (366802, 22), (366801, 1), (366801, 2), (366801, 3), (366801, 4), (366801, 5), (366801, 6), (366801, 7), (366801, 8), (366801, 9), (366801, 10), (366801, 11), (366801, 12), (366801, 13), (366801, 14), (366801, 15), (366801, 16), (366801, 17), (366801, 18), (366801, 19), (366801, 20), (366801, 21), (366801, 22), (366801, 23), (366801, 24), (366801, 25), (366801, 26), (366801, 27), (366801, 28), (366801, 29), (366801, 30), (366801, 31), (366801, 32), (366801, 33), (366801, 34), (366801, 35), (366801, 36), (366801, 37), (366801, 38), (366801, 39), (366801, 40), (366801, 41), (366801, 42), (366801, 43), (366801, 44), (366801, 45), (366801, 46), (366801, 47), (366801, 48), (366801, 49), (366801, 50), (366801, 51), (366801, 52), (366801, 53), (366801, 54), (366801, 55), (366801, 56), (366801, 57), (366801, 58), (366801, 59), (366801, 60), (366801, 61), (366801, 62), (366801, 63), (366801, 64), (366801, 65), (366801, 66), (366801, 67), (366801, 68), (366801, 69), (366801, 70), (366801, 71), (366801, 72), (366801, 73), (366801, 74), (366801, 75), (366801, 76), (366801, 77), (366801, 78), (366801, 79), (366801, 80), (366801, 81), (366801, 82), (366801, 83), (366801, 84), (366801, 85), (366801, 86), (366801, 87), (366801, 88), (366801, 89), (366801, 90), (366801, 91), (366801, 92), (366801, 93), (366801, 94), (366801, 95), (366801, 96), (366801, 97), (366801, 98), (366801, 99), (366801, 100), (366801, 101), (366801, 102), (366801, 103), (366801, 104), (366801, 105), (366801, 106), (366801, 107), (366801, 108), (366801, 109), (366801, 110), (366801, 111), (366801, 112), (366801, 113), (366801, 114), (366801, 115), (366801, 116), (366801, 117), (366801, 118), (366801, 119), (366801, 120), (366801, 121), (366801, 122), (366801, 123), (366801, 124), (366801, 125), (366801, 126), (366801, 127), (366801, 128), (366801, 129), (366801, 130), (366801, 131), (366801, 132), (366801, 133), (366801, 134), (366801, 135), (366801, 136), (366801, 137), (366801, 138), (366801, 139), (366801, 140), (366801, 141), (366801, 142), (366801, 143), (366801, 144), (366801, 145), (366801, 146), (366801, 147), (366801, 148), (366801, 149), (366801, 150), (366801, 151), (366801, 152), (366801, 153), (366801, 154), (366801, 155), (366801, 156), (366801, 157), (366801, 158), (366801, 159), (366801, 160), (366801, 161), (366801, 162), (366801, 163), (366801, 164), (366801, 165), (366801, 166), (366801, 167), (366801, 168), (366801, 169), (366801, 170), (366801, 171), (366801, 172), (366801, 173), (366801, 174), (366801, 175), (366801, 176), (366801, 177), (366801, 178), (366801, 179), (366801, 180), (366801, 181), (366801, 182), (366801, 183), (366801, 184), (366801, 185), (366801, 186), (366801, 187), (366801, 188), (366801, 189), (366801, 190), (366801, 191), (366801, 192), (366801, 193), (366801, 194), (366801, 195), (366801, 196), (366801, 197), (366801, 198), (366801, 199), (366801, 200), (366801, 201), (366801, 202), (366801, 203), (366801, 204), (366801, 205), (366801, 206), (366801, 207), (366801, 208), (366801, 209), (366801, 210), (366801, 211), (366801, 212), (366801, 213), (366801, 214), (366801, 215), (366801, 216), (366801, 217), (366801, 218), (366801, 219), (366801, 220), (366801, 221), (366801, 222), (366801, 223), (366801, 224), (366801, 225), (366801, 226), (366801, 227), (366801, 228), (366801, 229), (366801, 230), (366801, 231), (366801, 232), (366801, 233), (366801, 234), (366801, 235), (366801, 236), (366801, 237), (366801, 238), (366801, 239), (366801, 240), (366801, 241), (366801, 242), (366801, 243), (366801, 244), (366801, 245), (366801, 246), (366801, 247), (366801, 248), (366801, 249), (366801, 250), (366801, 251), (366801, 252), (366801, 253), (366801, 254), (366801, 255), (366801, 256), (366801, 257), (366801, 258), (366801, 259), (366801, 260), (366801, 261), (366801, 262), (366801, 263), (366801, 264), (366801, 265), (366801, 266), (366801, 267), (366801, 268), (366801, 269), (366801, 270), (366801, 271), (366801, 272), (366801, 273), (366801, 274), (366801, 275), (366801, 276), (366801, 277), (366801, 278), (366801, 279), (366801, 280), (366801, 281), (366801, 282), (366801, 283), (366801, 284), (366801, 285), (366801, 286), (366801, 287), (366801, 288), (366801, 289), (366801, 290), (366801, 291), (366801, 292), (366801, 293), (366801, 294), (366801, 295), (366801, 296), (366801, 297), (366801, 298), (366801, 299), (366801, 300), (366801, 301), (366801, 302), (366801, 303), (366801, 304), (366801, 305), (366801, 306), (366801, 307), (366801, 308), (366801, 309), (366801, 310), (366801, 311), (366801, 312), (366801, 313), (366801, 314), (366801, 315), (366801, 316), (366801, 317), (366801, 318), (366801, 319), (366801, 320), (366801, 321), (366801, 322), (366801, 323), (366801, 324), (366801, 325), (366801, 326), (366801, 327), (366801, 328), (366801, 329), (366801, 330), (366801, 331), (366801, 332), (366801, 333), (366801, 334), (366801, 335), (366801, 336), (366801, 337), (366801, 338), (366801, 339), (366801, 340), (366801, 341), (366801, 342), (366801, 343), (366801, 344), (366801, 345), (366801, 346), (366801, 347), (366801, 348), (366801, 349), (366801, 350), (366801, 351), (366801, 352), (366801, 353), (366801, 354), (366801, 355), (366801, 356), (366801, 357), (366801, 358), (366801, 359), (366801, 360), (366801, 361), (366801, 362), (366801, 363), (366801, 364), (366801, 365), (366801, 366), (366801, 367), (366801, 368), (366801, 369), (366801, 370), (366801, 371), (366801, 372), (366801, 373), (366801, 374), (366801, 375), (366801, 376), (366801, 377), (366801, 378), (366801, 379), (366801, 380), (366801, 381), (366801, 382), (366801, 383), (366801, 384), (366801, 385), (366801, 386), (366801, 387), (366801, 388), (366801, 389), (366801, 390), (366801, 391), (366801, 392), (366801, 393), (366801, 394), (366801, 395), (366801, 396), (366801, 397), (366801, 398), (366801, 399), (366801, 400), (366801, 401), (366801, 402), (366801, 403), (366801, 404), (366801, 405), (366801, 406), (366801, 407), (366801, 408), (366801, 409), (366801, 410), (366801, 411), (366801, 412), (366801, 413), (366801, 414), (366801, 415), (366801, 416), (366801, 417), (366801, 418), (366801, 419), (366801, 420), (366801, 421), (366801, 422), (366801, 423), (366801, 424), (366801, 425), (366801, 426), (366801, 427), (366801, 428), (366801, 429), (366729, 1), (366729, 2), (366729, 3), (366729, 4), (366729, 5), (366729, 6), (366729, 7), (366729, 8), (366729, 9), (366729, 10), (366729, 11), (366729, 12), (366729, 13), (366729, 14), (366729, 15), (366729, 16), (366729, 17), (366729, 18), (366729, 19), (366729, 20), (366729, 21), (366729, 22), (366729, 23), (366729, 24), (366729, 25), (366729, 26), (366729, 27), (366729, 28), (366729, 29), (366729, 30), (366729, 31), (366729, 32), (366729, 33), (366729, 34), (366729, 35), (366729, 36), (366729, 37), (366729, 38), (366729, 39), (366729, 40), (366729, 41), (366729, 42), (366729, 43), (366729, 44), (366729, 45), (366729, 46), (366729, 47), (366729, 48), (366729, 49), (366729, 50), (366729, 51), (366729, 52), (366729, 53), (366729, 54), (366729, 55), (366729, 56), (366729, 57), (366729, 58), (366729, 59), (366729, 60), (366729, 61), (366729, 62), (366729, 63), (366729, 64), (366729, 65), (366729, 66), (366729, 67), (366729, 68), (366729, 69), (366729, 70), (366729, 71), (366729, 72), (366729, 73), (366729, 74), (366729, 75), (366729, 76), (366729, 77), (366729, 78), (366729, 79), (366729, 80), (366729, 81), (366729, 82), (366729, 83), (366729, 84), (366729, 85), (366729, 86), (366729, 87), (366729, 88), (366729, 89), (366729, 90), (366729, 91), (366729, 92), (366729, 93), (366729, 94), (366729, 95), (366729, 96), (366729, 97), (366729, 98), (366729, 99), (366729, 100), (366729, 101), (366729, 102), (366729, 103), (366729, 104), (366729, 105), (366729, 106), (366729, 107), (366729, 108), (366729, 109), (366729, 110), (366729, 111), (366729, 112), (366729, 113), (366729, 114), (366729, 115), (366729, 116), (366729, 117), (366729, 118), (366729, 119), (366729, 120), (366729, 121), (366729, 122), (366729, 123), (366729, 124), (366729, 125), (366729, 126), (366729, 127), (366729, 128), (366729, 129), (366729, 130), (366729, 131), (366729, 132), (366729, 133), (366729, 134), (366729, 135), (366729, 136), (366729, 137), (366729, 138), (366729, 139), (366729, 140), (366729, 141), (366729, 142), (366729, 143), (366729, 144), (366729, 145), (366729, 146), (366729, 147), (366729, 148), (366729, 149), (366729, 150), (366729, 151), (366729, 152), (366729, 153), (366729, 154), (366729, 155), (366729, 156), (366729, 157), (366729, 158), (366729, 159), (366729, 160), (366729, 161), (366729, 162), (366729, 163), (366729, 164), (366729, 165), (366729, 166), (366729, 167), (366729, 168), (366729, 169), (366729, 170), (366729, 171), (366729, 172), (366729, 173), (366729, 174), (366729, 175), (366729, 176), (366729, 177), (366729, 178), (366729, 179), (366729, 180), (366729, 181), (366729, 182), (366729, 183), (366729, 184), (366729, 185), (366729, 186), (366729, 187), (366729, 188), (366729, 189), (366729, 190), (366729, 191), (366729, 192), (366729, 193), (366729, 194), (366729, 195), (366729, 196), (366729, 197), (366729, 198), (366729, 199), (366729, 200), (366729, 201), (366729, 202), (366729, 203), (366729, 204), (366729, 205), (366729, 206), (366729, 207), (366729, 208), (366729, 209), (366729, 210), (366729, 211), (366729, 212), (366729, 213), (366729, 214), (366729, 215), (366729, 216), (366729, 217), (366729, 218), (366729, 219), (366729, 220), (366729, 221), (366729, 222), (366729, 223), (366729, 224), (366729, 225), (366729, 226), (366729, 227), (366729, 228), (366729, 229), (366729, 230), (366729, 231), (366729, 232), (366729, 233), (366729, 234), (366729, 235), (366729, 236), (366729, 237), (366729, 238), (366729, 239), (366729, 240), (366729, 241), (366729, 242), (366729, 243), (366729, 244), (366729, 245), (366729, 246), (366729, 247), (366729, 248), (366729, 249), (366729, 250), (366729, 251), (366729, 252), (366729, 253), (366729, 254), (366729, 255), (366729, 256), (366729, 257), (366729, 258), (366729, 259), (366729, 260), (366729, 261), (366729, 262), (366729, 263), (366729, 264), (366729, 265), (366729, 266), (366729, 267), (366729, 268), (366729, 269), (366729, 270), (366729, 271), (366729, 272), (366729, 273), (366729, 274), (366729, 275), (366729, 276), (366729, 277), (366729, 278), (366729, 279), (366729, 280), (366729, 281), (366729, 282), (366729, 283), (366729, 284), (366729, 285), (366729, 286), (366729, 287), (366729, 288), (366729, 289), (366729, 290), (366729, 291), (366729, 292), (366729, 293), (366729, 294), (366729, 295), (366729, 296), (366729, 297), (366729, 298), (366729, 299), (366729, 300), (366729, 301), (366729, 302), (366729, 303), (366729, 304), (366729, 305), (366729, 306), (366729, 307), (366729, 308), (366729, 309), (366729, 310), (366729, 311), (366729, 312), (366729, 313), (366729, 314), (366729, 315), (366729, 316), (366729, 317), (366729, 318), (366729, 319), (366729, 320), (366729, 321), (366729, 322), (366729, 323), (366729, 324), (366729, 325), (366729, 326), (366729, 327), (366729, 328), (366729, 329), (366729, 330), (366729, 331), (366729, 332), (366729, 333), (366729, 334), (366729, 335), (366729, 336), (366729, 337), (366729, 338), (366729, 339), (366729, 340), (366729, 341), (366729, 342), (366729, 343), (366729, 344), (366729, 345), (366729, 346), (366729, 347), (366729, 348), (366729, 349), (366729, 350), (366729, 351), (366729, 352), (366729, 353), (366729, 354), (366729, 355), (366729, 356), (366729, 357), (366729, 358), (366729, 359), (366729, 360), (366729, 361), (366729, 362), (366729, 363), (366729, 364), (366729, 365), (366729, 366), (366729, 367), (366729, 368), (366729, 369), (366729, 370), (366729, 371), (366729, 372), (366729, 373), (366729, 374), (366729, 375), (366729, 376), (366729, 377), (366729, 378), (366729, 379), (366729, 380), (366729, 381), (366729, 382), (366729, 383), (366729, 384), (366729, 385), (366729, 386), (366729, 387), (366729, 388), (366729, 389), (366729, 390), (366729, 391), (366729, 392), (366729, 393), (366729, 394), (366729, 395), (366729, 396), (366729, 397), (366729, 398), (366729, 399), (366729, 400), (366729, 401), (366729, 402), (366729, 403), (366729, 404), (366729, 405), (366729, 406), (366729, 407), (366729, 408), (366729, 409), (366729, 410), (366729, 411), (366729, 412), (366729, 413), (366729, 414), (366727, 1), (366727, 2), (366727, 3), (366727, 4), (366727, 5), (366727, 6), (366727, 7), (366727, 8), (366727, 9), (366727, 10), (366727, 11), (366727, 12), (366727, 13), (366727, 14), (366727, 15), (366727, 16), (366727, 17), (366727, 18), (366727, 19), (366727, 20), (366727, 21), (366727, 22), (366727, 23), (366727, 24), (366727, 25), (366727, 26), (366727, 27), (366727, 28), (366727, 29), (366727, 30), (366727, 31), (366727, 32), (366727, 33), (366727, 34), (366727, 35), (366727, 36), (366727, 37), (366727, 38), (366727, 39), (366727, 40), (366727, 41), (366727, 42), (366727, 43), (366727, 44), (366727, 45), (366727, 46), (366727, 47), (366727, 48), (366727, 49), (366727, 50), (366727, 51), (366727, 52), (366727, 53), (366727, 54), (366727, 55), (366727, 56), (366727, 57), (366727, 58), (366727, 59), (366727, 60), (366727, 61), (366727, 62), (366727, 63), (366727, 64), (366727, 65), (366727, 66), (366727, 67), (366727, 68), (366727, 69), (366727, 70), (366727, 71), (366727, 72), (366727, 73), (366727, 74), (366727, 75), (366727, 76), (366727, 77), (366727, 78), (366727, 79), (366727, 80), (366727, 81), (366727, 82), (366727, 83), (366727, 84), (366727, 85), (366727, 86), (366727, 87), (366727, 88), (366727, 89), (366727, 90), (366727, 91), (366727, 92), (366727, 93), (366727, 94), (366727, 95), (366727, 96), (366727, 97), (366727, 98), (366727, 99), (366727, 100), (366727, 101), (366727, 102), (366727, 103), (366727, 104), (366727, 105), (366727, 106), (366727, 107), (366727, 108), (366727, 109), (366727, 110), (366727, 111), (366727, 112), (366727, 113), (366727, 114), (366727, 115), (366727, 116), (366727, 117), (366727, 118), (366727, 119), (366727, 120), (366727, 121), (366727, 122), (366727, 123), (366727, 124), (366727, 125), (366727, 126), (366727, 127), (366727, 128), (366727, 129), (366727, 130), (366727, 131), (366727, 132), (366727, 133), (366727, 134), (366727, 135), (366727, 136), (366727, 137), (366727, 138), (366727, 139), (366727, 140), (366727, 141), (366727, 142), (366727, 143), (366727, 144), (366727, 145), (366727, 146), (366727, 147), (366727, 148), (366727, 149), (366727, 150), (366727, 151), (366727, 152), (366727, 153), (366727, 154), (366727, 155), (366727, 156), (366727, 157), (366727, 158), (366727, 159), (366727, 160), (366727, 161), (366727, 162), (366727, 163), (366727, 164), (366727, 165), (366727, 166), (366727, 167), (366727, 168), (366727, 169), (366727, 170), (366727, 171), (366727, 172), (366727, 173), (366727, 174), (366727, 175), (366727, 176), (366727, 177), (366727, 178), (366727, 179), (366727, 180), (366727, 181), (366727, 182), (366727, 183), (366727, 184), (366727, 185), (366727, 186), (366727, 187), (366727, 188), (366727, 189), (366727, 190), (366727, 191), (366727, 192), (366727, 193), (366727, 194), (366727, 195), (366727, 196), (366727, 197), (366727, 198), (366727, 199), (366727, 200), (366727, 201), (366727, 202), (366727, 203), (366727, 204), (366727, 205), (366727, 206), (366727, 207), (366727, 208), (366727, 209), (366727, 210), (366727, 211), (366727, 212), (366727, 213), (366727, 214), (366727, 215), (366727, 216), (366727, 217), (366727, 218), (366727, 219), (366727, 220), (366727, 221), (366727, 222), (366727, 223), (366727, 224), (366727, 225), (366727, 226), (366727, 227), (366727, 228), (366727, 229), (366727, 230), (366727, 231), (366727, 232), (366727, 233), (366727, 234), (366727, 235), (366727, 236), (366727, 237), (366727, 238), (366727, 239), (366727, 240), (366727, 241), (366727, 242), (366727, 243), (366838, 46), (366838, 47), (366838, 48), (366838, 49), (366838, 50), (366838, 51), (366838, 52), (366838, 53), (366838, 54), (366838, 55), (366838, 56), (366838, 57), (366838, 58), (366838, 59), (366838, 60), (366838, 61), (366838, 62), (366838, 63), (366838, 64), (366838, 65), (366838, 66), (366838, 67), (366838, 68), (366838, 69), (366838, 70), (366838, 71), (366838, 72), (366838, 73), (366838, 74), (366838, 75), (366838, 76), (366838, 77), (366838, 78), (366838, 79), (366838, 80), (366838, 81), (366838, 82), (366838, 83), (366838, 84), (366838, 85), (366838, 86), (366838, 87), (366838, 88), (366838, 89), (366838, 90), (366838, 91), (366838, 92), (366838, 93), (366838, 94), (366838, 95), (366838, 96), (366838, 97), (366838, 98), (366838, 99), (366838, 100), (366838, 101), (366838, 102), (366838, 103), (366838, 104), (366838, 105), (366838, 106), (366838, 107), (366838, 108), (366838, 109), (366838, 110), (366838, 111), (366838, 112), (366838, 113), (366838, 114), (366838, 115), (366838, 116), (366838, 117), (366838, 118), (366838, 119), (366838, 120), (366838, 121), (366838, 122), (366838, 123), (366838, 124), (366838, 125), (366838, 126), (366838, 127), (366838, 128), (366838, 129), (366838, 130), (366838, 131), (366838, 132), (366838, 133), (366838, 134), (366838, 135), (366838, 136), (366838, 137), (366838, 138), (366838, 139), (366838, 140), (366838, 141), (366838, 142), (366838, 143), (366838, 144), (366838, 145), (366838, 146), (366838, 147), (366838, 148), (366838, 149), (366838, 150), (366838, 151), (366838, 152), (366838, 153), (366838, 154), (366838, 155), (366838, 156), (366838, 157), (366850, 40), (366850, 41), (366850, 42), (366850, 43), (366850, 44), (366850, 45), (366850, 46), (366850, 47), (366850, 48), (366850, 49), (366850, 50), (366850, 51), (366850, 52), (366850, 53), (366850, 54), (366850, 55), (366850, 56), (366850, 57), (366850, 58), (366850, 59), (366850, 60), (366850, 61), (366850, 62), (366850, 63), (366850, 64), (366850, 65), (366850, 66), (366850, 67), (366850, 68), (366850, 69), (366850, 70), (366850, 71), (366850, 72), (366850, 73), (366850, 74), (366850, 75), (366850, 76), (366850, 77), (366850, 78), (366850, 79), (366850, 80), (366850, 81), (366850, 82), (366850, 83), (366850, 84), (366850, 85), (366850, 86), (366850, 87), (366850, 88), (366850, 89), (366850, 90), (366850, 91), (366850, 92), (366850, 93), (366850, 94), (366850, 95), (366850, 96), (366850, 97), (366850, 98), (366850, 99), (366850, 100), (366850, 101), (366850, 102), (366850, 103), (366850, 104), (366850, 105), (366850, 106), (366850, 107), (366850, 108), (366850, 109), (366850, 110), (366850, 111), (366850, 112), (366850, 113), (366850, 114), (366850, 115), (366850, 116), (366850, 117), (366850, 118), (366850, 119), (366850, 120), (366850, 121), (366850, 122), (366850, 123), (366850, 124), (366850, 125), (366850, 126), (366850, 127), (366850, 128), (366850, 129), (366850, 130), (366850, 131), (366850, 132), (366850, 133), (366850, 134), (366850, 135), (366850, 136), (366850, 137), (366850, 138), (366850, 139), (366850, 140), (366850, 141), (366850, 142), (366850, 143), (366850, 144), (366850, 145), (366850, 146), (366850, 147), (366850, 148), (366850, 149), (366850, 150), (366850, 151), (366850, 152), (366850, 153), (366850, 154), (366850, 155), (366850, 156), (366850, 157), (366850, 158), (366850, 159), (366850, 160), (366850, 161), (366850, 162), (366850, 163), (366850, 164), (366850, 165), (366850, 166), (366850, 167), (366850, 168), (366850, 169), (366850, 170), (366850, 171), (366850, 172), (366850, 173), (366850, 174), (366850, 175), (366850, 176), (366850, 177), (366850, 178), (366850, 179), (366850, 180), (367062, 65), (367062, 66), (367062, 67), (367062, 68), (367062, 69), (367062, 70), (367062, 71), (367062, 72), (367062, 73), (367062, 74), (367062, 75), (367062, 76), (367062, 77), (367079, 36), (367079, 37), (367079, 38), (367079, 39), (367079, 40), (367079, 41), (367079, 42), (367079, 43), (367079, 44), (367079, 45), (367079, 46), (367079, 47), (367079, 48), (367079, 49), (367079, 50), (367079, 51), (367079, 52), (367079, 53), (367079, 54), (367079, 55), (367079, 56), (367079, 57), (367079, 58), (367079, 59), (367079, 60), (367079, 61), (367079, 62), (367079, 63), (367079, 64), (367079, 65), (367079, 66), (367079, 67), (367079, 68), (367079, 69), (367079, 70), (367079, 71), (367079, 72), (367079, 73), (367079, 74), (367079, 75), (367079, 76), (367079, 77), (367079, 78), (367079, 79), (367079, 80), (367079, 81), (367079, 82), (367079, 83), (367079, 84), (367079, 85), (367079, 86), (367079, 87), (367079, 88), (367079, 89), (367079, 90), (367079, 91), (367079, 92), (367079, 93), (367079, 94), (367079, 95), (367079, 96), (367079, 97), (367079, 98), (367079, 99), (367079, 100), (367079, 101), (367079, 102), (367079, 103), (367079, 104), (367079, 105), (367079, 106), (367079, 107), (367079, 108), (367079, 109), (367079, 110), (367079, 111), (367079, 112), (367079, 113), (367079, 114), (367079, 115), (367079, 116), (367079, 117), (367079, 118), (367079, 119), (367079, 120), (367079, 121), (367079, 122), (367079, 123), (367079, 124), (367079, 125), (367079, 126), (367079, 127), (367079, 128), (367079, 129), (367079, 130), (367079, 131), (367079, 132), (367079, 133), (367079, 134), (367079, 135), (367079, 136), (367079, 137), (367079, 138), (367079, 139), (367079, 140), (367079, 141), (367079, 142), (367079, 143), (367079, 144), (367079, 145), (367079, 146), (367079, 147), (367079, 148), (367079, 149), (367079, 150), (367079, 151), (367079, 152), (367079, 153), (367079, 154), (367079, 155), (367079, 156), (367079, 157), (367079, 158), (367079, 159), (367079, 160), (367079, 161), (367079, 162), (367079, 163), (367079, 164), (367079, 165), (367079, 166), (367079, 167), (367079, 168), (367079, 169), (367079, 170), (367079, 171), (367079, 172), (367079, 173), (367079, 174), (367079, 175), (367079, 176), (367079, 177), (367079, 178), (367079, 179), (367079, 180), (367079, 181), (367079, 182), (367079, 183), (367079, 184), (367079, 185), (367079, 186), (367079, 187), (367079, 188), (367079, 189), (367079, 190), (367079, 191), (367079, 192), (367079, 193), (367079, 194), (367079, 195), (367079, 196), (367079, 197), (367079, 198), (367079, 199), (367079, 200), (367079, 201), (367079, 202), (367079, 203), (367079, 204), (367079, 205), (367079, 206), (367079, 207), (367079, 208), (367079, 209), (367079, 210), (367079, 211), (367079, 212), (367079, 213), (367079, 214), (367079, 215), (367079, 216), (367079, 217), (367079, 218), (367079, 219), (367079, 220), (367079, 221), (367079, 222), (367079, 223), (367079, 224), (367079, 225), (367079, 226), (367079, 227), (367079, 228), (367079, 229), (367079, 230), (367079, 231), (367079, 232), (367079, 233), (367079, 234), (367079, 235), (367079, 236), (367079, 237), (367079, 238), (367079, 239), (367079, 240), (367079, 241), (367079, 242), (367079, 243), (367079, 244), (367079, 245), (367079, 246), (367079, 247), (367079, 248), (367079, 249), (367079, 250), (367079, 251), (367079, 252), (367079, 253), (367079, 254), (367079, 255), (367079, 256), (367079, 257), (367079, 258), (367079, 259), (367079, 260), (367079, 261), (367079, 262), (367079, 263), (367079, 264), (367079, 265), (367079, 266), (367079, 267), (367079, 268), (367079, 269), (367079, 270), (367079, 271), (367079, 272), (367079, 273), (367079, 274), (367079, 275), (367079, 276), (367079, 277), (367079, 278), (367079, 279), (367079, 280), (367079, 281), (367079, 282), (367079, 283), (367079, 284), (367079, 285), (367079, 286), (367079, 287), (367079, 288), (367079, 289), (367079, 290), (367079, 291), (367079, 292), (367079, 293), (367079, 294), (367079, 295), (367079, 296), (367079, 297), (367079, 298), (367079, 299), (367079, 300), (367079, 301), (367079, 302), (367079, 303), (367079, 304), (367079, 305), (367079, 306), (367079, 307), (367079, 308), (367079, 309), (367079, 310), (367079, 311), (367079, 312), (367079, 313), (367079, 314), (367079, 315), (367079, 316), (367079, 317), (367079, 318), (367079, 319), (367079, 320), (367079, 321), (367079, 322), (367079, 323), (367079, 324), (367079, 325), (367079, 326), (367079, 327), (367079, 328), (367079, 329), (367079, 330), (367079, 331), (367079, 332), (367079, 333), (367079, 334), (367079, 335), (367079, 336), (367079, 337), (367079, 338), (367079, 339), (367079, 340), (367079, 341), (367079, 342), (367079, 343), (367079, 344), (367079, 345), (367079, 346), (367079, 347), (367079, 348), (367079, 349), (367079, 350), (367079, 351), (367079, 352), (367079, 353), (367079, 354), (367079, 355), (367079, 356), (367079, 357), (367079, 358), (367079, 359), (367079, 360), (367079, 361), (367079, 362), (367079, 363), (367079, 364), (367079, 365), (367079, 366), (367079, 367), (367079, 368), (367079, 369), (367079, 370), (367079, 371), (367079, 372), (367079, 373), (367079, 374), (367079, 375), (367079, 376), (367079, 377), (367079, 378), (367079, 379), (367079, 380), (367079, 381), (367079, 382), (367079, 383), (367079, 384), (367079, 385), (367079, 386), (367079, 387), (367079, 388), (367079, 389), (367079, 390), (367079, 391), (367079, 392), (367079, 393), (367079, 394), (367079, 395), (367079, 396), (367079, 397), (367079, 398), (367079, 399), (367079, 400), (367079, 401), (367079, 402), (367079, 403), (367079, 404), (367079, 405), (367079, 406), (367079, 407), (367079, 408), (367079, 409), (367079, 410), (367079, 411), (367079, 412), (367079, 413), (367079, 414), (367079, 415), (367079, 416), (367079, 417), (367079, 418), (367079, 419), (367079, 420), (367079, 421), (367079, 422), (367079, 423), (367079, 424), (367079, 425), (367079, 426), (367079, 427), (367079, 428), (367079, 429), (367079, 430), (367079, 431), (367079, 432), (367079, 433), (367079, 434), (367079, 435), (367079, 436), (367079, 437), (367079, 438), (367079, 439), (367079, 440), (367079, 441), (367079, 442), (367079, 443), (367079, 444), (367079, 445), (367079, 446), (367079, 447), (367079, 448), (367079, 449), (367079, 450), (367079, 451), (367079, 452), (367079, 453), (367079, 454), (367079, 455), (367079, 456), (367079, 457), (367079, 458), (367079, 459), (367079, 460), (367079, 461), (367079, 462), (367079, 463), (367079, 464), (367079, 465), (367079, 466), (367079, 467), (367079, 468), (367079, 469), (367079, 470), (367079, 471), (367079, 472), (367079, 473), (367079, 474), (367079, 475), (367079, 476), (367079, 477), (367079, 478), (367079, 479), (367079, 480), (367079, 481), (367079, 482), (367079, 483), (367079, 484), (367079, 485), (367079, 486), (367079, 487), (367079, 488), (367079, 489), (367079, 490), (367079, 491), (367079, 492), (367079, 493), (367079, 494), (367079, 495), (367079, 496), (367079, 497), (367079, 498), (367079, 499), (367079, 500), (367079, 501), (367079, 502), (367079, 503), (367079, 504), (367079, 505), (367079, 506), (367079, 507), (367079, 508), (367079, 509), (367079, 510), (367079, 511), (367079, 512), (367079, 513), (367079, 514), (367079, 515), (367079, 516), (367079, 517), (367079, 518), (367079, 519), (367079, 520), (367079, 521), (367079, 522), (367079, 523), (367079, 524), (367079, 525), (367079, 526), (367079, 527), (367079, 528), (367079, 529), (367079, 530), (367079, 531), (367079, 532), (367079, 533), (367079, 534), (367079, 535), (367079, 536), (367079, 537), (367079, 538), (367079, 539), (367079, 540), (367079, 541), (367079, 542), (367079, 543), (367079, 544), (367079, 545), (367079, 546), (367079, 547), (367079, 548), (367079, 549), (367079, 550), (367079, 551), (367079, 552), (367079, 553), (367079, 554), (367079, 555), (367079, 556), (367079, 557), (367079, 558), (367079, 559), (367079, 560), (367079, 561), (367079, 562), (367079, 563), (367079, 564), (367079, 565), (367079, 566), (367079, 567), (367079, 574), (367079, 575), (367079, 576), (367079, 577), (367079, 578), (367079, 579), (367079, 580), (367079, 581), (367079, 582), (367079, 583), (367079, 584), (367079, 585), (367079, 586), (367079, 587), (367079, 588), (367079, 589), (367079, 590), (367079, 591), (367079, 592), (367079, 593), (367079, 594), (367079, 595), (367079, 596), (367079, 597), (367079, 598), (367079, 599), (367079, 600), (367079, 601), (367079, 602), (367079, 603), (367079, 604), (367079, 605), (367079, 606), (367079, 607), (367079, 608), (367079, 609), (367079, 610), (367079, 611), (367079, 612), (367079, 613), (367079, 614), (367079, 615), (367079, 616), (367079, 617), (367079, 618), (367079, 619), (367079, 620), (367079, 621), (367079, 622), (367079, 623), (367079, 624), (367079, 625), (367079, 626), (367079, 627), (367079, 628), (367079, 629), (367079, 630), (367079, 631), (367079, 632), (367079, 633), (367079, 634), (367079, 635), (367079, 636), (367079, 637), (367079, 638), (367079, 639), (367079, 640), (367079, 641), (367079, 642), (367079, 643), (367079, 644), (367079, 645), (367079, 646), (367079, 647), (367079, 648), (367079, 649), (367079, 650), (367079, 651), (367079, 652), (367079, 653), (367079, 654), (367079, 655), (367079, 656), (367079, 657), (367079, 658), (367079, 659), (367079, 660), (367079, 661), (367079, 662), (367079, 663), (367079, 664), (367079, 665), (367079, 666), (367079, 667), (367079, 668), (367079, 669), (367079, 670), (367079, 671), (367079, 672), (367079, 673), (367079, 674), (367079, 675), (367079, 676), (367079, 677), (367079, 678), (367079, 679), (367079, 680), (367079, 681), (367079, 682), (367079, 683), (367079, 684), (367079, 685), (367079, 686), (367079, 687), (367079, 688), (367079, 689), (367079, 690), (367079, 691), (367079, 692), (367079, 693), (367079, 694), (367079, 695), (367079, 696), (367079, 697), (367079, 698), (367079, 699), (367079, 700), (367079, 701), (367079, 702), (367079, 703), (367079, 704), (367079, 705), (367079, 706), (367079, 707), (367079, 708), (367079, 709), (367079, 710), (367079, 711), (367079, 712), (367079, 713), (367079, 714), (367079, 715), (367079, 716), (367079, 717), (367079, 718), (367079, 719), (367079, 720), (367079, 721), (367079, 722), (367079, 723), (367079, 724), (367079, 725), (367079, 726), (367079, 727), (367079, 728), (367079, 729), (367079, 730), (367079, 731), (367079, 732), (367079, 733), (367079, 734), (367079, 735), (367079, 736), (367079, 737), (367079, 738), (367079, 739), (367079, 740), (367079, 741), (367079, 742), (367079, 743), (367079, 744), (367079, 745), (367079, 746), (367079, 747), (367079, 748), (370340, 24), (370340, 25), (370340, 26), (370340, 27), (370340, 28), (370340, 29), (370340, 30), (370340, 31), (370340, 32), (370340, 33), (370340, 34), (370340, 35), (370340, 36), (370340, 37), (370340, 38), (370340, 39), (370340, 40), (370340, 41), (370340, 42), (370340, 43), (370340, 44), (370340, 45), (370340, 46), (370340, 47), (370340, 48), (370340, 49), (370340, 50), (370340, 51), (370340, 52), (370340, 53), (370340, 54), (370340, 55), (370340, 56), (370340, 57), (370340, 58), (370340, 59), (370340, 60), (370340, 61), (370340, 62), (370340, 63), (370340, 64), (370340, 65), (370340, 66), (370340, 67), (370340, 68), (370340, 69), (370340, 70), (370340, 71), (370340, 72), (370340, 73), (370340, 74), (370340, 75), (370340, 76), (370340, 77), (370340, 78), (370340, 79), (370340, 80), (370340, 81), (370340, 82), (370340, 83), (370340, 84), (370340, 85), (370340, 86), (370340, 87), (370340, 88), (370340, 89), (370340, 90), (370340, 91), (370340, 92), (370340, 93), (370340, 94), (370340, 95), (370340, 96), (370340, 97), (370340, 98), (370340, 99), (370340, 100), (370340, 101), (370340, 102), (370340, 103), (370340, 104), (370340, 105), (370340, 106), (370340, 107), (370340, 108), (370340, 109), (370340, 110), (370340, 111), (370340, 112), (370340, 113), (370340, 114), (370340, 115), (370340, 116), (370340, 117), (370340, 118), (370340, 119), (370340, 120), (370340, 121), (370340, 122), (370340, 123), (370340, 124), (370340, 125), (370340, 126), (370340, 127), (370340, 128), (370340, 129), (370340, 130), (370340, 131), (370340, 132), (370340, 133), (370340, 134), (370340, 135), (370340, 136), (370340, 137), (370340, 138), (370340, 139), (370340, 140), (370340, 141), (370340, 142), (370340, 143), (370340, 144), (370340, 145), (370340, 146), (370340, 147), (370340, 148), (370340, 149), (370340, 150), (370340, 151), (370340, 152), (370340, 153), (370340, 154), (370340, 155), (370340, 156), (370340, 157), (370340, 158), (370340, 159), (370340, 160), (370340, 161), (370340, 162), (370340, 163), (370340, 164), (370340, 165), (370340, 166), (370340, 167), (370340, 168), (370340, 169), (370340, 170), (370340, 171), (370340, 172), (370340, 173), (370340, 174), (370340, 175), (370340, 176), (370340, 177), (370340, 178), (370340, 179), (370340, 180), (370340, 181), (370340, 182), (370340, 183), (370340, 184), (370340, 185), (370340, 186), (370340, 187), (370340, 188), (370340, 189), (370340, 190), (370340, 191), (370340, 192), (370340, 193), (370340, 194), (370340, 195), (370340, 196), (370340, 197), (370340, 198), (370340, 199), (370340, 200), (370340, 201), (370340, 202), (370340, 203), (370340, 204), (370340, 205), (370340, 206), (370340, 207), (370340, 208), (370340, 209), (370340, 210), (370340, 211), (370340, 212), (370340, 213), (370340, 214), (370340, 215), (370340, 216), (370340, 217), (370340, 218), (370340, 219), (370340, 220), (370340, 221), (370340, 222), (370340, 223), (370340, 224), (370340, 225), (370340, 226), (370340, 227), (370340, 228), (370340, 229), (370340, 230), (370340, 231), (370340, 232), (370340, 233), (370340, 234), (370340, 235), (370340, 236), (370340, 237), (370340, 238), (370340, 239), (370340, 240), (370340, 241), (370340, 242), (370340, 243), (370340, 244), (370340, 245), (370340, 246), (370340, 247), (370340, 248), (370340, 249), (370340, 250), (370340, 251), (370340, 252), (370340, 253), (370340, 254), (370340, 255), (370340, 256), (370340, 257), (370340, 258), (370340, 259), (370340, 260), (370340, 261), (370340, 262), (370340, 263), (370340, 264), (370340, 265), (370340, 266), (370340, 267), (370340, 268), (370340, 269), (370340, 270), (370340, 271), (370340, 272), (370340, 273), (370340, 274), (370340, 275), (370340, 276), (370340, 277), (370340, 278), (370340, 279), (370340, 280), (370340, 281), (370340, 282), (370340, 283), (370340, 284), (370340, 285), (370340, 286), (370340, 287), (370340, 288), (370340, 289), (370340, 290), (370340, 291), (370340, 292), (370340, 293), (370340, 294), (370340, 295), (370340, 296), (370340, 297), (370340, 298), (370340, 299), (370340, 300), (370340, 301), (370340, 302), (370340, 303), (370340, 304), (370340, 305), (370340, 306), (370340, 307), (370340, 308), (370340, 309), (370340, 310), (370340, 311), (370340, 312), (370340, 313), (370340, 314), (370340, 315), (370340, 316), (370340, 317), (370340, 318), (370340, 319), (370340, 320), (370340, 321), (370340, 322), (370340, 323), (370340, 324), (370340, 325), (370340, 326), (370340, 327), (370340, 328), (370340, 329), (370340, 330), (370340, 331), (370340, 332), (370340, 333), (370340, 334), (370340, 335), (370340, 336), (370340, 337), (370340, 338), (370340, 339), (370340, 340), (370340, 341), (370340, 342), (370340, 343), (370340, 344), (370340, 345), (370340, 346), (370340, 347), (370340, 348), (370340, 349), (370340, 350), (370340, 351), (370340, 352), (370340, 353), (370340, 354), (370340, 355), (370340, 356), (370340, 357), (370340, 358), (370340, 359), (370340, 360), (370340, 361), (370340, 362), (370340, 363), (370340, 364), (370340, 365), (370340, 366), (370340, 367), (370340, 368), (370340, 369), (370340, 370), (370340, 371), (370340, 372), (370340, 373), (370340, 374), (370340, 375), (370340, 376), (370340, 377), (370340, 378), (370340, 379), (370340, 380), (370340, 381), (370340, 382), (370340, 383), (370340, 384), (370340, 385), (370340, 386), (370340, 387), (370340, 388), (370340, 389), (370340, 390), (370340, 391), (370340, 392), (370340, 393), (370340, 394), (370340, 395), (370340, 396), (370340, 397), (370340, 398), (370340, 399), (370340, 400), (370340, 401), (370340, 402), (370340, 403), (370340, 404), (370340, 405), (370340, 406), (370340, 407), (370340, 408), (370340, 409), (370340, 410), (370340, 411), (370340, 412), (370340, 413), (370340, 414), (370340, 415), (370340, 416), (370340, 417), (370340, 418), (370340, 419), (370340, 420), (370340, 421), (370340, 422), (370340, 423), (370340, 424), (370340, 425), (370340, 426), (370340, 427), (370340, 428), (370340, 429), (370340, 430), (370340, 431), (370340, 432), (370340, 433), (370340, 434), (370340, 435), (370340, 436), (370340, 437), (370340, 438), (370340, 439), (370340, 440), (370340, 441), (370340, 442), (370340, 443), (370340, 444), (370340, 445), (370340, 446), (370340, 447), (370340, 448), (370340, 449), (370340, 450), (370340, 451), (370340, 452), (370340, 453), (370340, 454), (370340, 455), (370340, 456), (370340, 457), (370340, 458), (370340, 459), (370340, 460), (370340, 461), (370340, 462), (370340, 463), (370340, 464), (370340, 465), (370340, 466), (370340, 467), (370340, 468), (370340, 469), (370340, 470), (370340, 471), (370340, 472), (370340, 473), (370340, 474), (370340, 475), (370340, 476), (370340, 477), (370340, 478), (370340, 479), (370340, 480), (370340, 481), (370340, 482), (370340, 483), (370340, 484), (370340, 485), (370340, 486), (370340, 487), (370340, 488), (370340, 489), (370340, 490), (370340, 491), (370340, 492), (370340, 493), (370340, 494), (370340, 495), (370340, 496), (370340, 497), (370340, 498), (370340, 499), (370340, 500), (370340, 501), (370340, 502), (370340, 503), (370340, 504), (370340, 505), (370340, 506), (370340, 507), (370340, 508), (370340, 509), (370340, 510), (370340, 511), (370340, 512), (370340, 513), (370340, 514), (370340, 515), (370340, 516), (370340, 517), (370340, 518), (370340, 519), (370340, 520), (370340, 521), (370340, 522), (370340, 523), (370340, 524), (370340, 525), (370340, 526), (370340, 527), (370340, 528), (370340, 529), (370340, 530), (370340, 531), (370340, 532), (370340, 533), (370340, 534), (370340, 535), (370340, 536), (370340, 537), (370340, 538), (370340, 539), (370340, 540), (370340, 541), (370340, 542), (370340, 543), (370340, 544), (370340, 545), (370340, 546), (370340, 547), (370340, 548), (370340, 549), (370340, 550), (370340, 551), (370340, 552), (370340, 553), (370340, 554), (370340, 555), (370340, 556), (370340, 557), (370340, 558), (370340, 559), (370340, 560), (370340, 561), (370340, 562), (370340, 563), (370340, 564), (370340, 565), (370340, 566), (370340, 567), (370340, 568), (370340, 569), (370340, 570), (370340, 571), (370340, 572), (370340, 573), (370340, 574), (370340, 575), (370340, 576), (370340, 577), (370340, 578), (370340, 579), (370340, 580), (370340, 581), (370340, 582), (370340, 583), (370340, 584), (370340, 585), (370340, 586), (370340, 587), (370340, 588), (370340, 589), (370340, 590), (370340, 591), (370340, 592), (370340, 593), (370340, 594), (370340, 595), (370340, 596), (370340, 597), (370340, 598), (370340, 599), (370340, 600), (370340, 601), (370340, 602), (370340, 603), (370340, 604), (370340, 605), (370340, 606), (370340, 607), (370340, 608), (370340, 609), (370340, 610), (370340, 611), (370340, 612), (370340, 613), (370340, 614), (370340, 615), (370340, 616), (370340, 617), (370340, 618), (370340, 619), (370340, 620), (370340, 621), (370340, 622), (370340, 623), (370340, 624), (370340, 625), (370340, 626), (370340, 627), (370340, 628), (370340, 629), (370340, 630), (370340, 631), (370340, 632), (370340, 633), (370340, 634), (370340, 635), (370340, 636), (370340, 637), (370340, 638), (370340, 639), (370340, 640), (370340, 641), (370340, 642), (370340, 643), (370340, 644), (370340, 645), (370340, 646), (370340, 647), (370340, 648), (370340, 649), (370340, 650), (370340, 651), (370340, 652), (370340, 653), (370340, 654), (370340, 655), (370340, 656), (370340, 657), (370340, 658), (370340, 659), (370340, 660), (370340, 661), (370340, 662), (370340, 663), (370340, 664), (370340, 665), (370340, 666), (370340, 667), (370340, 668), (370340, 669), (370340, 670), (370340, 671), (370340, 672), (370340, 673), (370340, 674), (370340, 675), (370340, 676), (370340, 677), (370340, 678), (370340, 679), (370340, 680), (370340, 681), (370340, 682), (370340, 683), (370340, 684), (370340, 685), (370340, 686), (370340, 687), (370340, 688), (370340, 689), (370340, 690), (370340, 691), (370340, 692), (370340, 693), (370340, 694), (370340, 695), (370340, 696), (370340, 697), (370340, 698), (370340, 699), (370340, 700), (370340, 701), (370340, 702), (370340, 703), (370340, 704), (370340, 705), (370340, 706), (370340, 707), (370340, 708), (370340, 709), (370340, 710), (370340, 711), (370340, 712), (370340, 713), (370340, 714), (370340, 715), (370340, 716), (370340, 717), (370340, 718), (370340, 719), (370340, 720), (370340, 721), (370340, 722), (370340, 723), (370340, 724), (370340, 725), (370340, 726), (370340, 727), (370340, 728), (370340, 729), (370340, 730), (370340, 731), (370340, 732), (370340, 733), (370340, 734), (370340, 735), (370340, 736), (370340, 737), (370340, 738), (370340, 739), (370340, 740), (370340, 741), (370340, 742), (370340, 743), (370340, 744), (370340, 745), (370340, 746), (370340, 747), (370340, 748), (370340, 749), (370340, 750), (370340, 751), (370340, 752), (370340, 753), (370340, 754), (370340, 755), (370340, 756), (370340, 757), (370340, 758), (370340, 759), (370340, 760), (370340, 761), (370340, 762), (370340, 763), (370340, 764), (370340, 765), (370340, 766), (370340, 767), (370340, 768), (370340, 769), (370340, 770), (370340, 771), (370340, 772), (370340, 773), (370340, 774), (370340, 775), (370340, 776), (370340, 777), (370340, 778), (370340, 779), (370354, 34), (370354, 35), (370354, 36), (370354, 37), (370354, 38), (370354, 39), (370354, 40), (370354, 41), (370354, 42), (370354, 43), (370354, 44), (370354, 45), (370354, 46), (370354, 47), (370354, 48), (370354, 49), (370354, 50), (370354, 51), (370354, 52), (370354, 53), (370354, 54), (370354, 55), (370354, 56), (370354, 57), (370354, 58), (370354, 59), (370354, 60), (370354, 61), (370354, 62), (370354, 63), (370354, 64), (370354, 65), (370354, 66), (370354, 67), (370354, 68), (370354, 69), (370354, 70), (370354, 71), (370354, 72), (370354, 73), (370354, 74), (370354, 75), (370354, 76), (370354, 77), (370354, 78), (370354, 79), (370354, 80), (370354, 81), (370354, 82), (370354, 83), (370354, 84), (370354, 85), (370354, 86), (370354, 87), (370354, 88), (370354, 89), (370354, 90), (370354, 91), (370354, 92), (370354, 93), (370354, 94), (370354, 95), (370354, 96), (370354, 97), (370354, 98), (370354, 99), (370354, 100), (370354, 101), (370354, 102), (370354, 103), (370354, 104), (370354, 105), (370354, 106), (370354, 107), (370354, 108), (370354, 109), (370354, 110), (370354, 111), (370354, 112), (370354, 113), (370354, 114), (370354, 115), (370354, 116), (370354, 117), (370354, 118), (370354, 119), (370354, 120), (370354, 121), (370354, 122), (370354, 123), (370354, 124), (370354, 125), (370354, 126), (370354, 127), (370354, 128), (370354, 129), (370354, 130), (370354, 131), (370354, 132), (370354, 133), (370354, 134), (370354, 135), (370354, 136), (370354, 137), (370354, 138), (370354, 139), (370354, 140), (370354, 141), (370354, 142), (370354, 143), (370354, 144), (370354, 145), (370354, 146), (370354, 147), (370354, 148), (370354, 149), (370354, 150), (370354, 151), (370354, 152), (370354, 153), (370354, 154), (370354, 155), (370354, 156), (370354, 157), (370354, 158), (370354, 159), (370354, 160), (370354, 161), (370354, 162), (370354, 163), (370354, 164), (370354, 165), (370354, 166), (370354, 167), (370354, 168), (370354, 169), (370354, 170), (370354, 171), (370354, 172), (370354, 173), (370354, 174), (370354, 175), (370354, 176), (370354, 177), (370354, 178), (370354, 179), (370354, 180), (370354, 181), (370354, 182), (370354, 183), (370354, 184), (370354, 185), (370354, 186), (370354, 187), (370354, 188), (370354, 189), (370354, 190), (370354, 191), (370354, 192), (370354, 193), (370354, 194), (370354, 195), (370354, 196), (370354, 197), (370354, 198), (370354, 199), (370354, 200), (370354, 201), (370354, 202), (370354, 203), (370354, 204), (370354, 205), (370354, 206), (370354, 207), (370354, 208), (370354, 209), (370354, 210), (370354, 211), (370354, 212), (370354, 213), (370354, 214), (370354, 215), (370354, 216), (370354, 217), (370354, 218), (370354, 219), (370354, 220), (370354, 221), (370354, 222), (370354, 223), (370354, 224), (370354, 225), (370354, 226), (370354, 227), (370354, 228), (370354, 229), (370354, 230), (370354, 231), (370354, 232), (370354, 233), (370354, 234), (370354, 235), (370354, 236), (370354, 237), (370354, 238), (370354, 239), (370354, 240), (370354, 241), (370354, 242), (370354, 243), (370354, 244), (370354, 245), (370354, 246), (370354, 247), (370354, 248), (370354, 249), (370354, 250), (370354, 251), (370354, 252), (370354, 253), (370354, 254), (370354, 255), (370354, 256), (370354, 257), (370354, 258), (370354, 259), (370354, 260), (370354, 261), (370354, 262), (370354, 263), (370354, 264), (370354, 265), (370354, 266), (370354, 267), (370354, 268), (370354, 269), (370354, 270), (370354, 271), (370354, 272), (370354, 273), (370354, 274), (370354, 275), (370354, 276), (370354, 277), (370354, 278), (370354, 279), (370354, 280), (370354, 281), (370354, 282), (370354, 283), (370354, 284), (370354, 285), (370354, 286), (370354, 287), (370354, 288), (370354, 289), (370354, 290), (370354, 291), (370354, 292), (370354, 293), (370354, 294), (370354, 295), (370354, 296), (370354, 297), (370354, 298), (370354, 299), (370354, 300), (370354, 301), (370354, 302), (370354, 303), (370354, 304), (370354, 305), (370354, 306), (370354, 307), (370354, 308), (370354, 309), (370354, 310), (370354, 311), (370460, 8), (370460, 9), (370460, 10), (370460, 11), (370460, 12), (370460, 13), (370460, 14), (370460, 15), (370460, 16), (370460, 17), (370460, 18), (370460, 19), (370460, 20), (370460, 21), (370460, 22), (370460, 23), (370460, 24), (370460, 25), (370460, 26), (370460, 27), (370460, 28), (370460, 29), (370460, 30), (370460, 31), (370460, 32), (370460, 33), (370460, 34), (370460, 35), (370460, 36), (370460, 37), (370460, 38), (370460, 39), (370460, 40), (370460, 41), (370460, 42), (370460, 43), (370460, 44), (370460, 45), (370460, 46), (370460, 47), (370460, 48), (370460, 49), (370460, 50), (370460, 51), (370460, 52), (370460, 53), (370460, 54), (370460, 55), (370460, 56), (370460, 57), (370460, 58), (370460, 59), (370460, 60), (370460, 61), (370460, 62), (370460, 63), (370460, 64), (370460, 65), (370460, 66), (370460, 67), (370460, 68), (370460, 69), (370460, 70), (370460, 71), (370460, 72), (370460, 73), (370460, 74), (370460, 75), (370460, 76), (370460, 77), (370460, 78), (370460, 79), (370460, 80), (370460, 81), (370460, 82), (370460, 83), (370460, 84), (370460, 85), (370460, 86), (370460, 87), (370460, 88), (370460, 89), (370460, 90), (370460, 91), (370460, 92), (370460, 93), (370460, 94), (370460, 95), (370460, 96), (370460, 97), (370460, 98), (370460, 99), (370460, 100), (370460, 101), (370460, 102), (370460, 103), (370460, 104), (370460, 105), (370460, 106), (370460, 107), (370460, 108), (370460, 109), (370460, 110), (370460, 111), (370460, 112), (370460, 113), (370460, 114), (370460, 115), (370460, 116), (370460, 117), (370460, 118), (370460, 119), (370460, 120), (370460, 121), (370460, 122), (370460, 123), (370522, 48), (370522, 49), (370522, 50), (370522, 51), (370522, 52), (370522, 53), (370522, 54), (370522, 55), (370522, 56), (370522, 57), (370522, 58), (370522, 59), (370522, 60), (370522, 61), (370522, 62), (370522, 63), (370522, 64), (370522, 65), (370522, 66), (370522, 67), (370522, 68), (370522, 69), (370522, 70), (370522, 71), (370522, 72), (370522, 73), (370522, 74), (370522, 75), (370522, 76), (370522, 77), (370522, 78), (370522, 79), (370522, 80), (370522, 81), (370522, 82), (370522, 83), (370522, 84), (370522, 85), (370522, 86), (370522, 87), (370522, 88), (370522, 89), (370522, 90), (370522, 91), (370522, 92), (370522, 93), (370522, 94), (370522, 95), (370522, 96), (370522, 97), (370522, 98), (370522, 99), (370522, 100), (370522, 101), (370522, 102), (370522, 103), (370522, 104), (370522, 105), (370522, 106), (370522, 107), (370522, 108), (370522, 109), (370522, 110), (370522, 111), (370522, 112), (370522, 113), (370522, 114), (370522, 115), (370522, 116), (370522, 117), (370522, 118), (370522, 119), (370522, 120), (370522, 121), (370522, 122), (370522, 123), (370522, 124), (370522, 125), (370522, 126), (370522, 127), (370522, 128), (370522, 129), (370522, 130), (370522, 131), (370522, 132), (370522, 133), (370522, 134), (370522, 135), (370522, 136), (370522, 137), (370522, 138), (370522, 139), (370522, 140), (370522, 141), (370522, 142), (370522, 143), (370522, 144), (370522, 145), (370522, 146), (370522, 147), (370522, 148), (370522, 149), (370522, 150), (370522, 151), (370522, 152), (370522, 153), (370522, 154), (370522, 155), (370522, 156), (370522, 157), (370522, 158), (370522, 159), (370522, 160), (370522, 161), (370522, 162), (370522, 163), (370522, 164), (370522, 165), (370522, 166), (370522, 167), (370522, 168), (370522, 169), (370522, 170), (370522, 171), (370522, 172), (370522, 173), (370522, 174), (370522, 175), (370522, 176), (370522, 177), (370522, 178), (370522, 179), (370522, 180), (370522, 181), (370522, 182), (370522, 183), (370522, 184), (370522, 185), (370522, 186), (370522, 187), (370522, 188), (370522, 189), (370522, 190), (370522, 191), (370522, 192), (370522, 193), (370522, 194), (370522, 195), (370522, 196), (370522, 197), (370522, 198), (370522, 199), (370522, 200), (370522, 201), (370522, 202), (370522, 203), (370522, 204), (370522, 205), (370522, 206), (370522, 207), (370522, 208), (370522, 209), (370522, 210), (370522, 211), (370522, 212), (370522, 213), (370522, 214), (370522, 215), (370522, 216), (370522, 217), (370522, 218), (370522, 219), (370522, 220), (370522, 221), (370522, 222), (370522, 223), (370522, 224), (370522, 225), (370522, 226), (370522, 227), (370522, 228), (370522, 229), (370522, 230), (370522, 231), (370522, 232), (370522, 233), (370522, 234), (370522, 235), (370522, 236), (370522, 237), (370522, 238), (370522, 239), (370522, 240), (370522, 241), (370522, 242), (370522, 243), (370522, 244), (370522, 245), (370522, 246), (370522, 247), (370522, 248), (370522, 249), (370522, 250), (370522, 251), (370522, 252), (370522, 253), (370522, 254), (370522, 255), (370522, 256), (370522, 257), (370522, 258), (370522, 259), (370522, 260), (370522, 261), (370522, 262), (370522, 263), (370522, 264), (370522, 265), (370522, 266), (370522, 267), (370522, 268), (370522, 269), (370522, 270), (370522, 271), (370522, 272), (370522, 273), (370522, 274), (370522, 275), (370522, 276), (370522, 277), (370522, 278), (370522, 279), (370522, 280), (370522, 281), (370522, 282), (370522, 283), (370522, 284), (370522, 285), (370522, 286), (370522, 287), (370522, 288), (370522, 289), (370522, 290), (370522, 291), (370522, 292), (370522, 293), (370522, 294), (370522, 295), (370522, 296), (370522, 297), (370522, 298), (370522, 299), (370522, 300), (370522, 301), (370522, 302), (370522, 303), (370522, 304), (370522, 305), (370522, 306), (370522, 307), (370522, 308), (370522, 309), (370522, 310), (370522, 311), (370522, 312), (370522, 313), (370522, 314), (370522, 315), (370522, 316), (370522, 317), (370522, 318), (370522, 319), (370522, 320), (370522, 321), (370522, 322), (370522, 323), (370522, 324), (370522, 325), (370522, 326), (370522, 327), (370522, 328), (370522, 329), (370522, 330), (370522, 331), (370522, 332), (370522, 333), (370522, 334), (370522, 335), (370522, 336), (370522, 337), (370522, 338), (370522, 339), (370522, 340), (370522, 341), (370522, 342), (370522, 343), (370522, 344), (370522, 345), (370522, 346), (370522, 347), (370522, 348), (370522, 349), (370522, 350), (370522, 351), (370522, 352), (370522, 353), (370522, 354), (370522, 355), (370522, 356), (370522, 357), (370522, 358), (370522, 359), (370522, 360), (370522, 361), (370522, 362), (370522, 363), (370522, 364), (370522, 365), (370522, 366), (370522, 367), (370522, 368), (370522, 369), (370717, 39), (370717, 40), (370717, 41), (370717, 42), (370717, 43), (370717, 44), (370717, 45), (370717, 46), (370717, 47), (370717, 48), (370717, 49), (370717, 50), (370717, 51), (370717, 52), (370717, 53), (370717, 54), (370717, 55), (370717, 56), (370717, 57), (370717, 58), (370717, 59), (370717, 60), (370717, 61), (370717, 62), (370717, 63), (370717, 64), (370717, 65), (370717, 66), (370717, 67), (370717, 68), (370717, 69), (370717, 70), (370717, 71), (370717, 72), (370717, 73), (370717, 74), (370717, 75), (370717, 76), (370717, 77), (370717, 78), (370717, 79), (370717, 80), (370717, 81), (370717, 82), (370717, 83), (370717, 84), (370717, 85), (370717, 86), (370717, 87), (370717, 88), (370717, 89), (370717, 90), (370717, 91), (370717, 92), (370717, 93), (370717, 94), (370717, 95), (370717, 96), (370717, 97), (370717, 98), (370717, 99), (370717, 100), (370717, 101), (370717, 102), (370717, 103), (370717, 104), (370717, 105), (370717, 106), (370717, 107), (370717, 108), (370717, 109), (370717, 110), (370717, 111), (370717, 112), (370717, 113), (370717, 114), (370717, 115), (370717, 116), (370717, 117), (370717, 118), (370717, 119), (370717, 120), (370717, 121), (370717, 122), (370717, 123), (370717, 124), (370717, 125), (370717, 126), (370717, 127), (370717, 128), (370717, 129), (370717, 130), (370717, 131), (370717, 132), (370717, 133), (370717, 134), (370717, 135), (370717, 136), (370717, 137), (370717, 138), (370717, 139), (370717, 140), (370717, 141), (370717, 142), (370717, 143), (370717, 144), (370717, 145), (370717, 146), (370717, 147), (370717, 148), (370717, 149), (370717, 150), (370717, 151), (370717, 152), (370717, 153), (370717, 154), (370717, 155), (370717, 156), (370717, 157), (370772, 29), (370772, 30), (370772, 31), (370772, 32), (370772, 33), (370772, 34), (370772, 35), (370772, 36), (370772, 37), (370772, 38), (370772, 39), (370772, 40), (370772, 41), (370772, 42), (370772, 43), (370772, 44), (370772, 45), (370772, 46), (370772, 47), (370772, 48), (370772, 49), (370772, 50), (370772, 51), (370772, 52), (370772, 53), (370772, 54), (370772, 55), (370772, 56), (370772, 57), (370772, 58), (370772, 59), (370772, 60), (370772, 61), (370772, 62), (370772, 63), (370772, 64), (370772, 65), (370772, 66), (370772, 67), (370772, 68), (370772, 69), (370772, 70), (370772, 71), (370772, 72), (370772, 73), (370772, 74), (370772, 75), (370772, 76), (370772, 77), (370772, 78), (370772, 79), (370772, 80), (370772, 81), (370772, 82), (370772, 83), (370772, 84), (370772, 85), (370772, 86), (370772, 87), (370772, 88), (370772, 89), (370772, 90), (370772, 91), (370772, 92), (370772, 93), (370772, 94), (370772, 95), (370772, 96), (370772, 97), (370772, 98), (370772, 99), (370772, 100), (370772, 101), (370772, 102), (370772, 103), (370772, 104), (370772, 105), (370772, 106), (370772, 107), (370772, 108), (370772, 109), (370772, 110), (370772, 111), (370772, 112), (370772, 113), (370772, 114), (370772, 115), (370772, 116), (370772, 117), (370772, 118), (370772, 119), (370772, 120), (370772, 121), (370772, 122), (370772, 123), (370772, 124), (370772, 125), (370772, 126), (370772, 127), (370772, 128), (370772, 129), (370772, 130), (370772, 131), (370772, 132), (370772, 133), (370772, 134), (370772, 135), (370772, 136), (370772, 137), (370772, 138), (370772, 139), (370772, 140), (370772, 141), (370772, 142), (370772, 143), (370772, 144), (370772, 145), (370772, 146), (370772, 147), (370772, 148), (370772, 149), (370772, 150), (370772, 151), (370772, 152), (370772, 153), (370772, 154), (370772, 155), (370772, 156), (370772, 157), (370772, 158), (370772, 159), (370772, 160), (370772, 161), (370772, 162), (370772, 163), (370772, 164), (370772, 165), (370772, 166), (370772, 167), (370772, 168), (370772, 169), (370772, 170), (370772, 171), (370772, 172), (370772, 173), (370772, 174), (370772, 175), (370772, 176), (370772, 177), (370772, 178), (370772, 179), (370772, 180), (370772, 181), (370772, 182), (370772, 183), (370772, 184), (370772, 185), (370772, 186), (370772, 187), (370772, 188), (370772, 189), (370772, 190), (370772, 191), (370772, 192), (370772, 193), (370772, 194), (370772, 195), (370772, 196), (370772, 197), (370772, 198), (370772, 199), (370772, 200), (370772, 201), (370772, 202), (370772, 203), (370772, 204), (370772, 205), (370772, 206), (370772, 207), (370772, 208), (370772, 209), (370772, 210), (370772, 211), (370772, 212), (370772, 213), (370772, 214), (370772, 215), (370772, 216), (370772, 217), (370772, 218), (370772, 219), (370772, 220), (370772, 221), (370772, 222), (370772, 223), (370772, 224), (370772, 225), (370772, 226), (370772, 227), (370772, 228), (370772, 229), (370772, 230), (370772, 231), (370772, 232), (370772, 233), (370772, 234), (370772, 235), (370772, 236), (370772, 237), (370772, 238), (370772, 239), (370772, 240), (370772, 241), (370772, 242), (370772, 243), (370772, 244), (370772, 245), (370772, 246), (370772, 247), (370772, 248), (370772, 249), (370772, 250), (370772, 251), (370772, 252), (370772, 253), (370772, 254), (370772, 255), (370772, 256), (370772, 257), (370772, 258), (370772, 259), (370772, 260), (370772, 261), (370772, 262), (370772, 263), (370772, 264), (370772, 265), (370772, 266), (370772, 267), (370772, 268), (370772, 269), (370772, 270), (370772, 271), (370772, 272), (370772, 273), (370772, 274), (370772, 275), (370772, 276), (370772, 277), (370772, 278), (370772, 279), (370772, 280), (370772, 281), (370772, 282), (370772, 283), (370772, 284), (370772, 285), (370772, 286), (370772, 287), (370772, 288), (370772, 289), (370772, 290), (370772, 291), (370772, 292), (370772, 293), (370772, 294), (370772, 295), (370772, 296), (370772, 297), (370772, 298), (370772, 299), (370772, 300), (370772, 301), (370772, 302), (370772, 303), (370772, 304), (370772, 305), (370772, 306), (370772, 307), (370772, 308), (370772, 309), (370772, 310), (370772, 311), (370772, 312), (370772, 313), (370772, 314), (370772, 315), (370772, 316), (370772, 317), (370772, 318), (370772, 319), (370772, 320), (370772, 321), (370772, 322), (370772, 323), (370772, 324), (370772, 325), (370772, 326), (370772, 327), (370772, 328), (370772, 329), (370772, 330), (370772, 331), (370772, 332), (370772, 333), (370772, 334), (370772, 335), (370772, 336), (370772, 337), (370772, 338), (370772, 339), (370772, 340), (370772, 341), (370772, 342), (370772, 343), (370772, 344), (370772, 345), (370772, 346), (370772, 347), (370772, 348), (370772, 349), (370772, 350), (370772, 351), (370772, 352), (370772, 353), (370772, 354), (370772, 355), (370772, 356), (370772, 357), (370772, 358), (370772, 359), (370772, 360), (370772, 361), (370772, 362), (370772, 363), (370772, 364), (370772, 365), (370772, 366), (370772, 367), (370772, 368), (370772, 369), (370772, 370), (370772, 371), (370772, 372), (370772, 373), (370772, 374), (370772, 375), (370772, 376), (370772, 377), (370772, 378), (370772, 379), (370772, 380), (370772, 381), (370772, 382), (370772, 383), (370772, 384), (370772, 385), (370772, 386), (370772, 387), (370772, 388), (370772, 389), (370772, 390), (370772, 391), (370772, 392), (370772, 393), (370772, 394), (370772, 395), (370772, 396), (370772, 397), (370772, 398), (370772, 399), (370772, 400), (370772, 401), (370772, 402), (370772, 403), (370772, 404), (370772, 405), (370772, 406), (370772, 407), (370772, 408), (370772, 409), (370772, 410), (370772, 411), (370772, 412), (370772, 413), (370772, 414), (370772, 415), (370772, 416), (370772, 417), (370772, 418), (370772, 419), (370772, 420), (370772, 421), (370772, 422), (370772, 423), (370772, 424), (370772, 425), (370772, 426), (370772, 427), (370772, 428), (370772, 429), (370772, 430), (370772, 431), (370772, 432), (370772, 433), (370772, 434), (370772, 435), (370772, 436), (370772, 437), (370772, 438), (370772, 439), (370772, 440), (370772, 441), (370772, 442), (370772, 443), (370772, 444), (370772, 445), (370772, 446), (370772, 447), (370772, 448), (370772, 449), (370772, 450), (370772, 451), (370772, 452), (370772, 453), (370772, 454), (370772, 455), (370772, 456), (370772, 457), (370772, 458), (370772, 459), (370772, 460), (370772, 461), (370772, 462), (370772, 463), (370772, 464), (370772, 465), (370772, 466), (370772, 467), (370772, 468), (370772, 469), (370772, 470), (370772, 471), (370772, 472), (370772, 473), (370772, 474), (370772, 475), (370772, 476), (370772, 477), (370772, 478), (370772, 479), (370772, 480), (370772, 481), (370772, 482), (370772, 483), (370772, 484), (370772, 485), (370772, 486), (370772, 487), (370772, 488), (370772, 489), (370772, 490), (370772, 491), (370772, 492), (370772, 493), (370772, 494), (370772, 495), (370772, 496), (370772, 497), (370772, 498), (370772, 499), (370772, 500), (370772, 501), (370772, 502), (370772, 503), (370772, 504), (370772, 505), (370772, 506), (370772, 507), (370772, 508), (370772, 509), (370772, 510), (370772, 511), (370772, 512), (370772, 513), (370772, 514), (370772, 515), (370772, 516), (370772, 517), (370772, 518), (370772, 519), (370772, 520), (370772, 521), (370772, 522), (370772, 523), (370772, 524), (370772, 525), (370772, 526), (370772, 527), (370772, 528), (370772, 529), (370772, 530), (370772, 531), (370772, 532), (370772, 533), (370772, 534), (370772, 535), (370772, 536), (370772, 537), (370772, 538), (370772, 539), (370772, 540), (370772, 541), (370772, 542), (370772, 543), (370772, 544), (370772, 545), (370772, 546), (370772, 547), (370772, 548), (370772, 549), (370772, 550), (370772, 551), (370772, 552), (370772, 553), (370772, 554), (370772, 555), (370772, 556), (370772, 557), (370772, 558), (370772, 559), (370772, 560), (370772, 561), (370772, 562), (370772, 563), (370772, 564), (370772, 565), (370772, 566), (370772, 567), (370772, 568), (370772, 569), (370772, 570), (370772, 571), (370772, 572), (370772, 573), (370772, 574), (370772, 575), (370772, 576), (370772, 577), (370772, 578), (370772, 579), (370772, 580), (370772, 581), (370772, 582), (370772, 583), (370772, 584), (370772, 585), (370772, 586), (370772, 587), (370772, 588), (370772, 589), (370772, 590), (370772, 591), (370772, 592), (370772, 593), (370772, 594), (370772, 595), (370772, 596), (370772, 597), (370772, 598), (370772, 599), (370772, 600), (370772, 601), (370772, 602), (370772, 603), (370772, 604), (370772, 605), (370772, 606), (370772, 607), (370772, 608), (370772, 609), (370772, 610), (370772, 611), (370772, 612), (370772, 613), (370772, 614), (370772, 615), (370772, 616), (370772, 617), (370772, 618), (370772, 619), (370772, 620), (370772, 621), (370772, 622), (370772, 623), (370772, 624), (370772, 625), (370772, 626), (370772, 627), (370772, 628), (370772, 629), (370772, 630), (370772, 631), (370772, 632), (370772, 633), (370772, 634), (370772, 635), (370772, 636), (370772, 637), (370772, 638), (370772, 639), (370772, 640), (370772, 641), (370772, 642), (370772, 643), (370772, 644), (370772, 645), (370772, 646), (370772, 647), (370772, 648), (370772, 649), (370772, 650), (370772, 651), (370772, 652), (370772, 653), (370772, 654), (370772, 655), (370772, 656), (370772, 657), (370772, 658), (370772, 659), (370772, 660), (370772, 661), (370772, 662), (370772, 663), (370772, 664), (370772, 665), (370772, 666), (370772, 667), (370772, 668), (370772, 669), (370772, 670), (370772, 671), (370772, 672), (370772, 673), (370772, 674), (370772, 675), (370772, 676), (370772, 677), (370772, 678), (370772, 679), (370772, 680), (370772, 681), (370772, 682), (370772, 683), (370772, 684), (370772, 685), (370772, 686), (370772, 687), (370772, 688), (370772, 689), (370772, 690), (370772, 691), (370772, 692), (370772, 693), (370772, 694), (370772, 695), (370772, 696), (370772, 697), (370772, 698), (370772, 699), (370772, 700), (370772, 701), (370772, 702), (370772, 703), (370772, 704), (370772, 705), (370772, 706), (370772, 707), (370772, 708), (370772, 709), (370772, 710), (370772, 711), (370772, 712), (370772, 713), (370772, 714), (370772, 715), (370772, 716), (370772, 717), (370772, 718), (370772, 719), (370772, 720), (370772, 721), (370772, 722), (370772, 723), (370772, 724), (370772, 725), (370772, 726), (370772, 727), (370772, 728), (370772, 729), (370772, 730), (370772, 731), (370772, 732), (370772, 733), (370772, 734), (370772, 735), (370772, 736), (370772, 737), (370772, 738), (370772, 739), (370772, 740), (370772, 741), (370772, 742), (370772, 743), (370772, 744), (370772, 745), (370772, 746), (370772, 747), (370772, 748), (370772, 749), (370772, 750), (370772, 751), (370772, 752), (370772, 753), (370772, 754), (370772, 755), (370772, 756), (370772, 757), (370772, 758), (370772, 759), (370772, 760), (370772, 761), (370772, 762), (370772, 763), (370772, 764), (370772, 765), (370772, 766), (370772, 767), (370772, 768), (370772, 769), (370772, 770), (370772, 771), (370772, 772), (370772, 773), (370772, 774), (370772, 775), (370772, 776), (370772, 777), (370772, 778), (370772, 779), (370772, 780), (370772, 781), (370772, 782), (370772, 783), (370772, 784), (370772, 785), (370772, 786), (370772, 787), (370772, 788), (370772, 789), (370772, 790), (370772, 791), (370772, 792), (370772, 793), (370772, 794), (370772, 795), (370772, 796), (370772, 797), (370772, 798), (370772, 799), (370772, 800), (370772, 801), (370772, 802), (370772, 803), (370772, 804), (370772, 805), (370772, 806), (370772, 807), (370772, 808), (370772, 809), (370772, 810), (370772, 811), (370772, 812), (370772, 813), (370772, 814), (370772, 815), (370772, 816), (370772, 817), (370772, 818), (370772, 819), (370772, 820), (370772, 821), (370772, 822), (370772, 823), (370772, 824), (370772, 825), (370772, 826), (370772, 827), (370772, 828), (370772, 829), (370772, 830), (370772, 831), (370772, 832), (370772, 833), (370772, 834), (370772, 835), (370772, 836), (370772, 837), (370772, 838), (370772, 839), (370772, 840), (370772, 841), (370772, 842), (370772, 843), (370772, 844), (370772, 845), (370772, 846), (370772, 847), (370772, 848), (370772, 849), (370772, 850), (370772, 851), (370772, 852), (370772, 853), (370772, 854), (370772, 855), (370772, 856), (370772, 857), (370772, 858), (370772, 859), (370772, 860), (370772, 861), (370772, 862), (370772, 863), (370772, 864), (370772, 865), (370772, 866), (370772, 867), (370772, 868), (370772, 869), (370772, 870), (370772, 871), (370772, 872), (370772, 873), (370772, 874), (370772, 875), (370772, 876), (370772, 877), (370772, 878), (370772, 879), (370772, 880), (370772, 881), (370772, 882), (370772, 883), (370772, 884), (370772, 885), (370772, 886), (370772, 887), (370772, 888), (370772, 889), (370772, 890), (370772, 891), (370772, 892), (370772, 893), (370772, 894), (370772, 895), (370772, 896), (370772, 897), (370772, 898), (370772, 899), (370772, 900), (370772, 901), (370772, 902), (370772, 903), (370772, 904), (370772, 905), (370772, 906), (370772, 907), (370772, 908), (370772, 909), (370772, 910), (370772, 911), (370772, 912), (370772, 913), (370772, 914), (370772, 915), (370772, 916), (370772, 917), (370772, 918), (370772, 919), (370772, 920), (370772, 921), (370772, 922), (370772, 923), (370772, 924), (370772, 925), (370772, 926), (370772, 927), (370772, 928), (370772, 929), (370772, 930), (370772, 931), (370772, 932), (370772, 933), (370772, 934), (370772, 935), (370772, 936), (370772, 937), (370772, 938), (370772, 939), (370772, 940), (370772, 941), (370772, 942), (370772, 943), (370772, 944), (370772, 945), (370772, 946), (370772, 947), (370772, 948), (370772, 949), (370772, 950), (370772, 951), (370772, 952), (370772, 953), (370772, 954), (370772, 955), (370772, 956), (370772, 957), (370772, 958), (370772, 959), (370772, 960), (370772, 961), (370772, 962), (370772, 963), (370772, 964), (370772, 965), (370772, 966), (370772, 967), (370772, 968), (370772, 969), (370772, 970), (370772, 971), (370772, 972), (370772, 973), (370772, 974), (370772, 975), (370772, 976), (370772, 977), (370772, 978), (370772, 979), (370772, 980), (370772, 981), (370772, 982), (370772, 983), (370772, 984), (370772, 985), (370772, 986), (370772, 987), (370772, 988), (370772, 989), (370772, 990), (370772, 991), (370772, 992), (370772, 993), (370772, 994), (370772, 995), (370772, 996), (370772, 997), (370772, 998), (370772, 999), (370772, 1000), (370772, 1001), (370772, 1002), (370772, 1003), (370772, 1004), (370772, 1005), (370772, 1006), (370772, 1007), (370772, 1008), (370772, 1009), (370772, 1010), (370772, 1011), (370772, 1012), (370772, 1013), (370772, 1014), (370772, 1015), (370772, 1016), (370772, 1017), (370772, 1018), (370772, 1019), (370772, 1020), (370772, 1021), (370772, 1022), (370772, 1023), (370772, 1024), (370772, 1025), (370772, 1026), (370772, 1027), (370772, 1028), (370772, 1029), (370772, 1030), (370772, 1031), (370772, 1032), (370772, 1033), (370772, 1034), (370772, 1035), (370772, 1036), (370772, 1037), (370772, 1038), (370772, 1039), (370772, 1040), (370772, 1041), (370772, 1042), (370772, 1043), (370772, 1044), (370772, 1045), (370772, 1046), (370772, 1047), (370772, 1048), (370772, 1049), (370772, 1050), (370772, 1051), (370772, 1052), (370772, 1053), (370772, 1054), (370772, 1055), (370772, 1056), (370772, 1057), (370772, 1058), (370772, 1059), (370772, 1060), (370772, 1061), (370772, 1062), (370772, 1063), (370772, 1064), (370772, 1065), (370772, 1066), (370772, 1067), (370772, 1068), (370772, 1069), (370772, 1070), (370772, 1071), (370772, 1072), (370772, 1073), (370772, 1074), (370772, 1075), (370772, 1076), (370772, 1077), (370772, 1078), (370772, 1079), (370772, 1080), (370772, 1081), (370772, 1082), (370772, 1083), (370772, 1084), (370772, 1085), (370772, 1086), (370772, 1087), (370772, 1088), (370772, 1089), (370772, 1090), (370772, 1091), (370772, 1092), (370772, 1093), (370772, 1094), (370772, 1095), (370772, 1096), (370772, 1097), (370772, 1098), (370772, 1099), (370772, 1100), (370772, 1101), (370772, 1102), (370772, 1103), (370772, 1104), (370772, 1105), (370772, 1106), (370772, 1107), (370772, 1108), (370772, 1109), (370772, 1110), (370772, 1111), (370772, 1112), (370772, 1113), (370772, 1114), (370772, 1115), (370772, 1116), (370772, 1117), (370772, 1118), (370772, 1119), (370772, 1120), (370772, 1121), (370772, 1122), (370772, 1123), (370772, 1124), (370772, 1125), (370772, 1126), (370772, 1127), (370772, 1128), (370772, 1129), (370772, 1130), (370772, 1131), (370772, 1132), (370772, 1133), (370772, 1134), (370772, 1135), (370772, 1136), (370772, 1137), (370772, 1138), (370772, 1139), (370772, 1140), (370772, 1141), (370772, 1142), (370772, 1143), (370772, 1144), (370772, 1145), (370772, 1146), (370772, 1147), (370772, 1148), (370772, 1149), (370772, 1150), (370772, 1151), (370772, 1152), (370772, 1153), (370772, 1154), (370772, 1155), (370772, 1156), (370772, 1157), (370772, 1158), (370772, 1159), (370772, 1160), (370772, 1161), (370772, 1162), (370772, 1163), (370772, 1164), (370772, 1165), (370772, 1166), (370772, 1167), (370772, 1168), (370772, 1169), (370772, 1170), (370772, 1171), (370772, 1172), (370772, 1173), (370772, 1174), (370772, 1175), (370772, 1176), (370772, 1177), (370772, 1178), (370772, 1179), (370772, 1180), (370772, 1181), (370772, 1182), (370772, 1183), (370772, 1184), (370772, 1185), (370772, 1186), (370772, 1187), (370772, 1188), (370772, 1189), (370772, 1190), (370772, 1191), (370772, 1192), (370772, 1193), (370772, 1194), (370772, 1195), (370772, 1196), (370772, 1197), (370772, 1198), (370772, 1199), (370772, 1200), (370772, 1201), (370772, 1202), (370772, 1203), (370772, 1204), (370772, 1205), (370772, 1206), (370772, 1207), (370772, 1208), (370772, 1209), (370772, 1210), (370772, 1211), (370772, 1212), (370772, 1213), (370772, 1214), (370772, 1215), (370772, 1216), (370772, 1217), (370772, 1218), (370772, 1219), (370772, 1220), (370772, 1221), (370772, 1222), (370772, 1223), (370772, 1224), (370772, 1225), (370772, 1226), (370772, 1227), (370772, 1228), (370772, 1229), (370772, 1230), (370772, 1231), (370772, 1232), (370772, 1233), (370772, 1234), (370772, 1235), (370772, 1236), (370772, 1237), (370772, 1238), (370772, 1239), (370772, 1240), (370772, 1241), (370772, 1242), (370772, 1243), (370772, 1244), (370772, 1245), (370772, 1246), (370772, 1247)]
